mtllib apple_03_v2.mtl
usemtl apple_mat
v 0.000000 0.000000 -0.920000
v 0.000000 0.000000 -0.920000
v 0.000000 0.000000 -0.920000
v 0.000000 0.000000 -0.920000
v 0.000000 0.000000 -0.920000
v 0.000000 0.000000 -0.920000
v 0.000000 0.000000 -0.920000
v 0.000000 0.000000 -0.920000
v 0.000000 0.000000 -0.920000
v 0.000000 0.000000 -0.920000
v 0.000000 0.000000 -0.920000
v 0.000000 0.000000 -0.920000
v 0.000000 0.000000 -0.920000
v -0.000000 0.000000 -0.920000
v -0.000000 0.000000 -0.920000
v -0.000000 0.000000 -0.920000
v -0.000000 0.000000 -0.920000
v -0.000000 0.000000 -0.920000
v -0.000000 0.000000 -0.920000
v -0.000000 0.000000 -0.920000
v -0.000000 0.000000 -0.920000
v -0.000000 0.000000 -0.920000
v -0.000000 0.000000 -0.920000
v -0.000000 0.000000 -0.920000
v -0.000000 0.000000 -0.920000
v -0.000000 -0.000000 -0.920000
v -0.000000 -0.000000 -0.920000
v -0.000000 -0.000000 -0.920000
v -0.000000 -0.000000 -0.920000
v -0.000000 -0.000000 -0.920000
v -0.000000 -0.000000 -0.920000
v -0.000000 -0.000000 -0.920000
v -0.000000 -0.000000 -0.920000
v -0.000000 -0.000000 -0.920000
v -0.000000 -0.000000 -0.920000
v -0.000000 -0.000000 -0.920000
v -0.000000 -0.000000 -0.920000
v 0.000000 -0.000000 -0.920000
v 0.000000 -0.000000 -0.920000
v 0.000000 -0.000000 -0.920000
v 0.000000 -0.000000 -0.920000
v 0.000000 -0.000000 -0.920000
v 0.000000 -0.000000 -0.920000
v 0.000000 -0.000000 -0.920000
v 0.000000 -0.000000 -0.920000
v 0.000000 -0.000000 -0.920000
v 0.000000 -0.000000 -0.920000
v 0.000000 -0.000000 -0.920000
v 0.158373 0.000000 -0.874000
v 0.157018 0.020672 -0.874000
v 0.152977 0.040990 -0.874000
v 0.146318 0.060607 -0.874000
v 0.137155 0.079187 -0.874000
v 0.125646 0.096411 -0.874000
v 0.111987 0.111987 -0.874000
v 0.096411 0.125646 -0.874000
v 0.079187 0.137155 -0.874000
v 0.060607 0.146318 -0.874000
v 0.040990 0.152977 -0.874000
v 0.020672 0.157018 -0.874000
v 0.000000 0.158373 -0.874000
v -0.020672 0.157018 -0.874000
v -0.040990 0.152977 -0.874000
v -0.060607 0.146318 -0.874000
v -0.079187 0.137155 -0.874000
v -0.096411 0.125646 -0.874000
v -0.111987 0.111987 -0.874000
v -0.125646 0.096411 -0.874000
v -0.137155 0.079187 -0.874000
v -0.146318 0.060607 -0.874000
v -0.152977 0.040990 -0.874000
v -0.157018 0.020672 -0.874000
v -0.158373 0.000000 -0.874000
v -0.157018 -0.020672 -0.874000
v -0.152977 -0.040990 -0.874000
v -0.146318 -0.060607 -0.874000
v -0.137155 -0.079187 -0.874000
v -0.125646 -0.096411 -0.874000
v -0.111987 -0.111987 -0.874000
v -0.096411 -0.125646 -0.874000
v -0.079187 -0.137155 -0.874000
v -0.060607 -0.146318 -0.874000
v -0.040990 -0.152977 -0.874000
v -0.020672 -0.157018 -0.874000
v -0.000000 -0.158373 -0.874000
v 0.020672 -0.157018 -0.874000
v 0.040990 -0.152977 -0.874000
v 0.060607 -0.146318 -0.874000
v 0.079187 -0.137155 -0.874000
v 0.096411 -0.125646 -0.874000
v 0.111987 -0.111987 -0.874000
v 0.125646 -0.096411 -0.874000
v 0.137155 -0.079187 -0.874000
v 0.146318 -0.060607 -0.874000
v 0.152977 -0.040990 -0.874000
v 0.157018 -0.020672 -0.874000
v 0.280539 0.000000 -0.828000
v 0.278139 0.036618 -0.828000
v 0.270980 0.072609 -0.828000
v 0.259184 0.107358 -0.828000
v 0.242954 0.140269 -0.828000
v 0.222566 0.170781 -0.828000
v 0.198371 0.198371 -0.828000
v 0.170781 0.222566 -0.828000
v 0.140269 0.242954 -0.828000
v 0.107358 0.259184 -0.828000
v 0.072609 0.270980 -0.828000
v 0.036618 0.278139 -0.828000
v 0.000000 0.280539 -0.828000
v -0.036618 0.278139 -0.828000
v -0.072609 0.270980 -0.828000
v -0.107358 0.259184 -0.828000
v -0.140269 0.242954 -0.828000
v -0.170781 0.222566 -0.828000
v -0.198371 0.198371 -0.828000
v -0.222566 0.170781 -0.828000
v -0.242954 0.140269 -0.828000
v -0.259184 0.107358 -0.828000
v -0.270980 0.072609 -0.828000
v -0.278139 0.036618 -0.828000
v -0.280539 0.000000 -0.828000
v -0.278139 -0.036618 -0.828000
v -0.270980 -0.072609 -0.828000
v -0.259184 -0.107358 -0.828000
v -0.242954 -0.140269 -0.828000
v -0.222566 -0.170781 -0.828000
v -0.198371 -0.198371 -0.828000
v -0.170781 -0.222566 -0.828000
v -0.140269 -0.242954 -0.828000
v -0.107358 -0.259184 -0.828000
v -0.072609 -0.270980 -0.828000
v -0.036618 -0.278139 -0.828000
v -0.000000 -0.280539 -0.828000
v 0.036618 -0.278139 -0.828000
v 0.072609 -0.270980 -0.828000
v 0.107358 -0.259184 -0.828000
v 0.140269 -0.242954 -0.828000
v 0.170781 -0.222566 -0.828000
v 0.198371 -0.198371 -0.828000
v 0.222566 -0.170781 -0.828000
v 0.242954 -0.140269 -0.828000
v 0.259184 -0.107358 -0.828000
v 0.270980 -0.072609 -0.828000
v 0.278139 -0.036618 -0.828000
v 0.424798 0.000000 -0.782000
v 0.421163 0.055447 -0.782000
v 0.410323 0.109946 -0.782000
v 0.392462 0.162563 -0.782000
v 0.367885 0.212399 -0.782000
v 0.337015 0.258600 -0.782000
v 0.300377 0.300377 -0.782000
v 0.258600 0.337015 -0.782000
v 0.212399 0.367885 -0.782000
v 0.162563 0.392462 -0.782000
v 0.109946 0.410323 -0.782000
v 0.055447 0.421163 -0.782000
v 0.000000 0.424798 -0.782000
v -0.055447 0.421163 -0.782000
v -0.109946 0.410323 -0.782000
v -0.162563 0.392462 -0.782000
v -0.212399 0.367885 -0.782000
v -0.258600 0.337015 -0.782000
v -0.300377 0.300377 -0.782000
v -0.337015 0.258600 -0.782000
v -0.367885 0.212399 -0.782000
v -0.392462 0.162563 -0.782000
v -0.410323 0.109946 -0.782000
v -0.421163 0.055447 -0.782000
v -0.424798 0.000000 -0.782000
v -0.421163 -0.055447 -0.782000
v -0.410323 -0.109946 -0.782000
v -0.392462 -0.162563 -0.782000
v -0.367885 -0.212399 -0.782000
v -0.337015 -0.258600 -0.782000
v -0.300377 -0.300377 -0.782000
v -0.258600 -0.337015 -0.782000
v -0.212399 -0.367885 -0.782000
v -0.162563 -0.392462 -0.782000
v -0.109946 -0.410323 -0.782000
v -0.055447 -0.421163 -0.782000
v -0.000000 -0.424798 -0.782000
v 0.055447 -0.421163 -0.782000
v 0.109946 -0.410323 -0.782000
v 0.162563 -0.392462 -0.782000
v 0.212399 -0.367885 -0.782000
v 0.258600 -0.337015 -0.782000
v 0.300377 -0.300377 -0.782000
v 0.337015 -0.258600 -0.782000
v 0.367885 -0.212399 -0.782000
v 0.392462 -0.162563 -0.782000
v 0.410323 -0.109946 -0.782000
v 0.421163 -0.055447 -0.782000
v 0.565680 0.000000 -0.736000
v 0.560841 0.073836 -0.736000
v 0.546405 0.146409 -0.736000
v 0.522620 0.216476 -0.736000
v 0.489893 0.282840 -0.736000
v 0.448784 0.344364 -0.736000
v 0.399996 0.399996 -0.736000
v 0.344364 0.448784 -0.736000
v 0.282840 0.489893 -0.736000
v 0.216476 0.522620 -0.736000
v 0.146409 0.546405 -0.736000
v 0.073836 0.560841 -0.736000
v 0.000000 0.565680 -0.736000
v -0.073836 0.560841 -0.736000
v -0.146409 0.546405 -0.736000
v -0.216476 0.522620 -0.736000
v -0.282840 0.489893 -0.736000
v -0.344364 0.448784 -0.736000
v -0.399996 0.399996 -0.736000
v -0.448784 0.344364 -0.736000
v -0.489893 0.282840 -0.736000
v -0.522620 0.216476 -0.736000
v -0.546405 0.146409 -0.736000
v -0.560841 0.073836 -0.736000
v -0.565680 0.000000 -0.736000
v -0.560841 -0.073836 -0.736000
v -0.546405 -0.146409 -0.736000
v -0.522620 -0.216476 -0.736000
v -0.489893 -0.282840 -0.736000
v -0.448784 -0.344364 -0.736000
v -0.399996 -0.399996 -0.736000
v -0.344364 -0.448784 -0.736000
v -0.282840 -0.489893 -0.736000
v -0.216476 -0.522620 -0.736000
v -0.146409 -0.546405 -0.736000
v -0.073836 -0.560841 -0.736000
v -0.000000 -0.565680 -0.736000
v 0.073836 -0.560841 -0.736000
v 0.146409 -0.546405 -0.736000
v 0.216476 -0.522620 -0.736000
v 0.282840 -0.489893 -0.736000
v 0.344364 -0.448784 -0.736000
v 0.399996 -0.399996 -0.736000
v 0.448784 -0.344364 -0.736000
v 0.489893 -0.282840 -0.736000
v 0.522620 -0.216476 -0.736000
v 0.546405 -0.146409 -0.736000
v 0.560841 -0.073836 -0.736000
v 0.661438 0.000000 -0.690000
v 0.655779 0.086335 -0.690000
v 0.638900 0.171193 -0.690000
v 0.611089 0.253121 -0.690000
v 0.572822 0.330719 -0.690000
v 0.524754 0.402658 -0.690000
v 0.467707 0.467707 -0.690000
v 0.402658 0.524754 -0.690000
v 0.330719 0.572822 -0.690000
v 0.253121 0.611089 -0.690000
v 0.171193 0.638900 -0.690000
v 0.086335 0.655779 -0.690000
v 0.000000 0.661438 -0.690000
v -0.086335 0.655779 -0.690000
v -0.171193 0.638900 -0.690000
v -0.253121 0.611089 -0.690000
v -0.330719 0.572822 -0.690000
v -0.402658 0.524754 -0.690000
v -0.467707 0.467707 -0.690000
v -0.524754 0.402658 -0.690000
v -0.572822 0.330719 -0.690000
v -0.611089 0.253121 -0.690000
v -0.638900 0.171193 -0.690000
v -0.655779 0.086335 -0.690000
v -0.661438 0.000000 -0.690000
v -0.655779 -0.086335 -0.690000
v -0.638900 -0.171193 -0.690000
v -0.611089 -0.253121 -0.690000
v -0.572822 -0.330719 -0.690000
v -0.524754 -0.402658 -0.690000
v -0.467707 -0.467707 -0.690000
v -0.402658 -0.524754 -0.690000
v -0.330719 -0.572822 -0.690000
v -0.253121 -0.611089 -0.690000
v -0.171193 -0.638900 -0.690000
v -0.086335 -0.655779 -0.690000
v -0.000000 -0.661438 -0.690000
v 0.086335 -0.655779 -0.690000
v 0.171193 -0.638900 -0.690000
v 0.253121 -0.611089 -0.690000
v 0.330719 -0.572822 -0.690000
v 0.402658 -0.524754 -0.690000
v 0.467707 -0.467707 -0.690000
v 0.524754 -0.402658 -0.690000
v 0.572822 -0.330719 -0.690000
v 0.611089 -0.253121 -0.690000
v 0.638900 -0.171193 -0.690000
v 0.655779 -0.086335 -0.690000
v 0.714143 0.000000 -0.644000
v 0.708033 0.093214 -0.644000
v 0.689809 0.184834 -0.644000
v 0.659782 0.273291 -0.644000
v 0.618466 0.357071 -0.644000
v 0.566568 0.434743 -0.644000
v 0.504975 0.504975 -0.644000
v 0.434743 0.566568 -0.644000
v 0.357071 0.618466 -0.644000
v 0.273291 0.659782 -0.644000
v 0.184834 0.689809 -0.644000
v 0.093214 0.708033 -0.644000
v 0.000000 0.714143 -0.644000
v -0.093214 0.708033 -0.644000
v -0.184834 0.689809 -0.644000
v -0.273291 0.659782 -0.644000
v -0.357071 0.618466 -0.644000
v -0.434743 0.566568 -0.644000
v -0.504975 0.504975 -0.644000
v -0.566568 0.434743 -0.644000
v -0.618466 0.357071 -0.644000
v -0.659782 0.273291 -0.644000
v -0.689809 0.184834 -0.644000
v -0.708033 0.093214 -0.644000
v -0.714143 0.000000 -0.644000
v -0.708033 -0.093214 -0.644000
v -0.689809 -0.184834 -0.644000
v -0.659782 -0.273291 -0.644000
v -0.618466 -0.357071 -0.644000
v -0.566568 -0.434743 -0.644000
v -0.504975 -0.504975 -0.644000
v -0.434743 -0.566568 -0.644000
v -0.357071 -0.618466 -0.644000
v -0.273291 -0.659782 -0.644000
v -0.184834 -0.689809 -0.644000
v -0.093214 -0.708033 -0.644000
v -0.000000 -0.714143 -0.644000
v 0.093214 -0.708033 -0.644000
v 0.184834 -0.689809 -0.644000
v 0.273291 -0.659782 -0.644000
v 0.357071 -0.618466 -0.644000
v 0.434743 -0.566568 -0.644000
v 0.504975 -0.504975 -0.644000
v 0.566568 -0.434743 -0.644000
v 0.618466 -0.357071 -0.644000
v 0.659782 -0.273291 -0.644000
v 0.689809 -0.184834 -0.644000
v 0.708033 -0.093214 -0.644000
v 0.759934 0.000000 -0.598000
v 0.753433 0.099191 -0.598000
v 0.734040 0.196685 -0.598000
v 0.702088 0.290814 -0.598000
v 0.658122 0.379967 -0.598000
v 0.602896 0.462619 -0.598000
v 0.537355 0.537355 -0.598000
v 0.462619 0.602896 -0.598000
v 0.379967 0.658122 -0.598000
v 0.290814 0.702088 -0.598000
v 0.196685 0.734040 -0.598000
v 0.099191 0.753433 -0.598000
v 0.000000 0.759934 -0.598000
v -0.099191 0.753433 -0.598000
v -0.196685 0.734040 -0.598000
v -0.290814 0.702088 -0.598000
v -0.379967 0.658122 -0.598000
v -0.462619 0.602896 -0.598000
v -0.537355 0.537355 -0.598000
v -0.602896 0.462619 -0.598000
v -0.658122 0.379967 -0.598000
v -0.702088 0.290814 -0.598000
v -0.734040 0.196685 -0.598000
v -0.753433 0.099191 -0.598000
v -0.759934 0.000000 -0.598000
v -0.753433 -0.099191 -0.598000
v -0.734040 -0.196685 -0.598000
v -0.702088 -0.290814 -0.598000
v -0.658122 -0.379967 -0.598000
v -0.602896 -0.462619 -0.598000
v -0.537355 -0.537355 -0.598000
v -0.462619 -0.602896 -0.598000
v -0.379967 -0.658122 -0.598000
v -0.290814 -0.702088 -0.598000
v -0.196685 -0.734040 -0.598000
v -0.099191 -0.753433 -0.598000
v -0.000000 -0.759934 -0.598000
v 0.099191 -0.753433 -0.598000
v 0.196685 -0.734040 -0.598000
v 0.290814 -0.702088 -0.598000
v 0.379967 -0.658122 -0.598000
v 0.462619 -0.602896 -0.598000
v 0.537355 -0.537355 -0.598000
v 0.602896 -0.462619 -0.598000
v 0.658122 -0.379967 -0.598000
v 0.702088 -0.290814 -0.598000
v 0.734040 -0.196685 -0.598000
v 0.753433 -0.099191 -0.598000
v 0.800000 0.000000 -0.552000
v 0.793156 0.104421 -0.552000
v 0.772741 0.207055 -0.552000
v 0.739104 0.306147 -0.552000
v 0.692820 0.400000 -0.552000
v 0.634683 0.487009 -0.552000
v 0.565685 0.565685 -0.552000
v 0.487009 0.634683 -0.552000
v 0.400000 0.692820 -0.552000
v 0.306147 0.739104 -0.552000
v 0.207055 0.772741 -0.552000
v 0.104421 0.793156 -0.552000
v 0.000000 0.800000 -0.552000
v -0.104421 0.793156 -0.552000
v -0.207055 0.772741 -0.552000
v -0.306147 0.739104 -0.552000
v -0.400000 0.692820 -0.552000
v -0.487009 0.634683 -0.552000
v -0.565685 0.565685 -0.552000
v -0.634683 0.487009 -0.552000
v -0.692820 0.400000 -0.552000
v -0.739104 0.306147 -0.552000
v -0.772741 0.207055 -0.552000
v -0.793156 0.104421 -0.552000
v -0.800000 0.000000 -0.552000
v -0.793156 -0.104421 -0.552000
v -0.772741 -0.207055 -0.552000
v -0.739104 -0.306147 -0.552000
v -0.692820 -0.400000 -0.552000
v -0.634683 -0.487009 -0.552000
v -0.565685 -0.565685 -0.552000
v -0.487009 -0.634683 -0.552000
v -0.400000 -0.692820 -0.552000
v -0.306147 -0.739104 -0.552000
v -0.207055 -0.772741 -0.552000
v -0.104421 -0.793156 -0.552000
v -0.000000 -0.800000 -0.552000
v 0.104421 -0.793156 -0.552000
v 0.207055 -0.772741 -0.552000
v 0.306147 -0.739104 -0.552000
v 0.400000 -0.692820 -0.552000
v 0.487009 -0.634683 -0.552000
v 0.565685 -0.565685 -0.552000
v 0.634683 -0.487009 -0.552000
v 0.692820 -0.400000 -0.552000
v 0.739104 -0.306147 -0.552000
v 0.772741 -0.207055 -0.552000
v 0.793156 -0.104421 -0.552000
v 0.835165 0.000000 -0.506000
v 0.828020 0.109011 -0.506000
v 0.806707 0.216157 -0.506000
v 0.771592 0.319604 -0.506000
v 0.723274 0.417582 -0.506000
v 0.662581 0.508416 -0.506000
v 0.590551 0.590551 -0.506000
v 0.508416 0.662581 -0.506000
v 0.417582 0.723274 -0.506000
v 0.319604 0.771592 -0.506000
v 0.216157 0.806707 -0.506000
v 0.109011 0.828020 -0.506000
v 0.000000 0.835165 -0.506000
v -0.109011 0.828020 -0.506000
v -0.216157 0.806707 -0.506000
v -0.319604 0.771592 -0.506000
v -0.417582 0.723274 -0.506000
v -0.508416 0.662581 -0.506000
v -0.590551 0.590551 -0.506000
v -0.662581 0.508416 -0.506000
v -0.723274 0.417582 -0.506000
v -0.771592 0.319604 -0.506000
v -0.806707 0.216157 -0.506000
v -0.828020 0.109011 -0.506000
v -0.835165 0.000000 -0.506000
v -0.828020 -0.109011 -0.506000
v -0.806707 -0.216157 -0.506000
v -0.771592 -0.319604 -0.506000
v -0.723274 -0.417582 -0.506000
v -0.662581 -0.508416 -0.506000
v -0.590551 -0.590551 -0.506000
v -0.508416 -0.662581 -0.506000
v -0.417582 -0.723274 -0.506000
v -0.319604 -0.771592 -0.506000
v -0.216157 -0.806707 -0.506000
v -0.109011 -0.828020 -0.506000
v -0.000000 -0.835165 -0.506000
v 0.109011 -0.828020 -0.506000
v 0.216157 -0.806707 -0.506000
v 0.319604 -0.771592 -0.506000
v 0.417582 -0.723274 -0.506000
v 0.508416 -0.662581 -0.506000
v 0.590551 -0.590551 -0.506000
v 0.662581 -0.508416 -0.506000
v 0.723274 -0.417582 -0.506000
v 0.771592 -0.319604 -0.506000
v 0.806707 -0.216157 -0.506000
v 0.828020 -0.109011 -0.506000
v 0.866025 0.000000 -0.460000
v 0.858616 0.113039 -0.460000
v 0.836516 0.224144 -0.460000
v 0.800103 0.331414 -0.460000
v 0.750000 0.433013 -0.460000
v 0.687064 0.527203 -0.460000
v 0.612372 0.612372 -0.460000
v 0.527203 0.687064 -0.460000
v 0.433013 0.750000 -0.460000
v 0.331414 0.800103 -0.460000
v 0.224144 0.836516 -0.460000
v 0.113039 0.858616 -0.460000
v 0.000000 0.866025 -0.460000
v -0.113039 0.858616 -0.460000
v -0.224144 0.836516 -0.460000
v -0.331414 0.800103 -0.460000
v -0.433013 0.750000 -0.460000
v -0.527203 0.687064 -0.460000
v -0.612372 0.612372 -0.460000
v -0.687064 0.527203 -0.460000
v -0.750000 0.433013 -0.460000
v -0.800103 0.331414 -0.460000
v -0.836516 0.224144 -0.460000
v -0.858616 0.113039 -0.460000
v -0.866025 0.000000 -0.460000
v -0.858616 -0.113039 -0.460000
v -0.836516 -0.224144 -0.460000
v -0.800103 -0.331414 -0.460000
v -0.750000 -0.433013 -0.460000
v -0.687064 -0.527203 -0.460000
v -0.612372 -0.612372 -0.460000
v -0.527203 -0.687064 -0.460000
v -0.433013 -0.750000 -0.460000
v -0.331414 -0.800103 -0.460000
v -0.224144 -0.836516 -0.460000
v -0.113039 -0.858616 -0.460000
v -0.000000 -0.866025 -0.460000
v 0.113039 -0.858616 -0.460000
v 0.224144 -0.836516 -0.460000
v 0.331414 -0.800103 -0.460000
v 0.433013 -0.750000 -0.460000
v 0.527203 -0.687064 -0.460000
v 0.612372 -0.612372 -0.460000
v 0.687064 -0.527203 -0.460000
v 0.750000 -0.433013 -0.460000
v 0.800103 -0.331414 -0.460000
v 0.836516 -0.224144 -0.460000
v 0.858616 -0.113039 -0.460000
v 0.893029 0.000000 -0.414000
v 0.885389 0.116564 -0.414000
v 0.862599 0.231133 -0.414000
v 0.825051 0.341747 -0.414000
v 0.773385 0.446514 -0.414000
v 0.708487 0.543641 -0.414000
v 0.631467 0.631467 -0.414000
v 0.543641 0.708487 -0.414000
v 0.446514 0.773385 -0.414000
v 0.341747 0.825051 -0.414000
v 0.231133 0.862599 -0.414000
v 0.116564 0.885389 -0.414000
v 0.000000 0.893029 -0.414000
v -0.116564 0.885389 -0.414000
v -0.231133 0.862599 -0.414000
v -0.341747 0.825051 -0.414000
v -0.446514 0.773385 -0.414000
v -0.543641 0.708487 -0.414000
v -0.631467 0.631467 -0.414000
v -0.708487 0.543641 -0.414000
v -0.773385 0.446514 -0.414000
v -0.825051 0.341747 -0.414000
v -0.862599 0.231133 -0.414000
v -0.885389 0.116564 -0.414000
v -0.893029 0.000000 -0.414000
v -0.885389 -0.116564 -0.414000
v -0.862599 -0.231133 -0.414000
v -0.825051 -0.341747 -0.414000
v -0.773385 -0.446514 -0.414000
v -0.708487 -0.543641 -0.414000
v -0.631467 -0.631467 -0.414000
v -0.543641 -0.708487 -0.414000
v -0.446514 -0.773385 -0.414000
v -0.341747 -0.825051 -0.414000
v -0.231133 -0.862599 -0.414000
v -0.116564 -0.885389 -0.414000
v -0.000000 -0.893029 -0.414000
v 0.116564 -0.885389 -0.414000
v 0.231133 -0.862599 -0.414000
v 0.341747 -0.825051 -0.414000
v 0.446514 -0.773385 -0.414000
v 0.543641 -0.708487 -0.414000
v 0.631467 -0.631467 -0.414000
v 0.708487 -0.543641 -0.414000
v 0.773385 -0.446514 -0.414000
v 0.825051 -0.341747 -0.414000
v 0.862599 -0.231133 -0.414000
v 0.885389 -0.116564 -0.414000
v 0.916515 0.000000 -0.368000
v 0.908674 0.119629 -0.368000
v 0.885286 0.237212 -0.368000
v 0.846750 0.350735 -0.368000
v 0.793725 0.458258 -0.368000
v 0.727120 0.557939 -0.368000
v 0.648074 0.648074 -0.368000
v 0.557939 0.727120 -0.368000
v 0.458258 0.793725 -0.368000
v 0.350735 0.846750 -0.368000
v 0.237212 0.885286 -0.368000
v 0.119629 0.908674 -0.368000
v 0.000000 0.916515 -0.368000
v -0.119629 0.908674 -0.368000
v -0.237212 0.885286 -0.368000
v -0.350735 0.846750 -0.368000
v -0.458258 0.793725 -0.368000
v -0.557939 0.727120 -0.368000
v -0.648074 0.648074 -0.368000
v -0.727120 0.557939 -0.368000
v -0.793725 0.458258 -0.368000
v -0.846750 0.350735 -0.368000
v -0.885286 0.237212 -0.368000
v -0.908674 0.119629 -0.368000
v -0.916515 0.000000 -0.368000
v -0.908674 -0.119629 -0.368000
v -0.885286 -0.237212 -0.368000
v -0.846750 -0.350735 -0.368000
v -0.793725 -0.458258 -0.368000
v -0.727120 -0.557939 -0.368000
v -0.648074 -0.648074 -0.368000
v -0.557939 -0.727120 -0.368000
v -0.458258 -0.793725 -0.368000
v -0.350735 -0.846750 -0.368000
v -0.237212 -0.885286 -0.368000
v -0.119629 -0.908674 -0.368000
v -0.000000 -0.916515 -0.368000
v 0.119629 -0.908674 -0.368000
v 0.237212 -0.885286 -0.368000
v 0.350735 -0.846750 -0.368000
v 0.458258 -0.793725 -0.368000
v 0.557939 -0.727120 -0.368000
v 0.648074 -0.648074 -0.368000
v 0.727120 -0.557939 -0.368000
v 0.793725 -0.458258 -0.368000
v 0.846750 -0.350735 -0.368000
v 0.885286 -0.237212 -0.368000
v 0.908674 -0.119629 -0.368000
v 0.936750 0.000000 -0.322000
v 0.928736 0.122270 -0.322000
v 0.904831 0.242449 -0.322000
v 0.865444 0.358479 -0.322000
v 0.811249 0.468375 -0.322000
v 0.743174 0.570257 -0.322000
v 0.662382 0.662382 -0.322000
v 0.570257 0.743174 -0.322000
v 0.468375 0.811249 -0.322000
v 0.358479 0.865444 -0.322000
v 0.242449 0.904831 -0.322000
v 0.122270 0.928736 -0.322000
v 0.000000 0.936750 -0.322000
v -0.122270 0.928736 -0.322000
v -0.242449 0.904831 -0.322000
v -0.358479 0.865444 -0.322000
v -0.468375 0.811249 -0.322000
v -0.570257 0.743174 -0.322000
v -0.662382 0.662382 -0.322000
v -0.743174 0.570257 -0.322000
v -0.811249 0.468375 -0.322000
v -0.865444 0.358479 -0.322000
v -0.904831 0.242449 -0.322000
v -0.928736 0.122270 -0.322000
v -0.936750 0.000000 -0.322000
v -0.928736 -0.122270 -0.322000
v -0.904831 -0.242449 -0.322000
v -0.865444 -0.358479 -0.322000
v -0.811249 -0.468375 -0.322000
v -0.743174 -0.570257 -0.322000
v -0.662382 -0.662382 -0.322000
v -0.570257 -0.743174 -0.322000
v -0.468375 -0.811249 -0.322000
v -0.358479 -0.865444 -0.322000
v -0.242449 -0.904831 -0.322000
v -0.122270 -0.928736 -0.322000
v -0.000000 -0.936750 -0.322000
v 0.122270 -0.928736 -0.322000
v 0.242449 -0.904831 -0.322000
v 0.358479 -0.865444 -0.322000
v 0.468375 -0.811249 -0.322000
v 0.570257 -0.743174 -0.322000
v 0.662382 -0.662382 -0.322000
v 0.743174 -0.570257 -0.322000
v 0.811249 -0.468375 -0.322000
v 0.865444 -0.358479 -0.322000
v 0.904831 -0.242449 -0.322000
v 0.928736 -0.122270 -0.322000
v 0.953939 0.000000 -0.276000
v 0.945778 0.124514 -0.276000
v 0.921435 0.246898 -0.276000
v 0.881325 0.365057 -0.276000
v 0.826136 0.476970 -0.276000
v 0.756811 0.580721 -0.276000
v 0.674537 0.674537 -0.276000
v 0.580721 0.756811 -0.276000
v 0.476970 0.826136 -0.276000
v 0.365057 0.881325 -0.276000
v 0.246898 0.921435 -0.276000
v 0.124514 0.945778 -0.276000
v 0.000000 0.953939 -0.276000
v -0.124514 0.945778 -0.276000
v -0.246898 0.921435 -0.276000
v -0.365057 0.881325 -0.276000
v -0.476970 0.826136 -0.276000
v -0.580721 0.756811 -0.276000
v -0.674537 0.674537 -0.276000
v -0.756811 0.580721 -0.276000
v -0.826136 0.476970 -0.276000
v -0.881325 0.365057 -0.276000
v -0.921435 0.246898 -0.276000
v -0.945778 0.124514 -0.276000
v -0.953939 0.000000 -0.276000
v -0.945778 -0.124514 -0.276000
v -0.921435 -0.246898 -0.276000
v -0.881325 -0.365057 -0.276000
v -0.826136 -0.476970 -0.276000
v -0.756811 -0.580721 -0.276000
v -0.674537 -0.674537 -0.276000
v -0.580721 -0.756811 -0.276000
v -0.476970 -0.826136 -0.276000
v -0.365057 -0.881325 -0.276000
v -0.246898 -0.921435 -0.276000
v -0.124514 -0.945778 -0.276000
v -0.000000 -0.953939 -0.276000
v 0.124514 -0.945778 -0.276000
v 0.246898 -0.921435 -0.276000
v 0.365057 -0.881325 -0.276000
v 0.476970 -0.826136 -0.276000
v 0.580721 -0.756811 -0.276000
v 0.674537 -0.674537 -0.276000
v 0.756811 -0.580721 -0.276000
v 0.826136 -0.476970 -0.276000
v 0.881325 -0.365057 -0.276000
v 0.921435 -0.246898 -0.276000
v 0.945778 -0.124514 -0.276000
v 0.968246 0.000000 -0.230000
v 0.959962 0.126381 -0.230000
v 0.935254 0.250600 -0.230000
v 0.894543 0.370532 -0.230000
v 0.838525 0.484123 -0.230000
v 0.768161 0.589431 -0.230000
v 0.684653 0.684653 -0.230000
v 0.589431 0.768161 -0.230000
v 0.484123 0.838525 -0.230000
v 0.370532 0.894543 -0.230000
v 0.250600 0.935254 -0.230000
v 0.126381 0.959962 -0.230000
v 0.000000 0.968246 -0.230000
v -0.126381 0.959962 -0.230000
v -0.250600 0.935254 -0.230000
v -0.370532 0.894543 -0.230000
v -0.484123 0.838525 -0.230000
v -0.589431 0.768161 -0.230000
v -0.684653 0.684653 -0.230000
v -0.768161 0.589431 -0.230000
v -0.838525 0.484123 -0.230000
v -0.894543 0.370532 -0.230000
v -0.935254 0.250600 -0.230000
v -0.959962 0.126381 -0.230000
v -0.968246 0.000000 -0.230000
v -0.959962 -0.126381 -0.230000
v -0.935254 -0.250600 -0.230000
v -0.894543 -0.370532 -0.230000
v -0.838525 -0.484123 -0.230000
v -0.768161 -0.589431 -0.230000
v -0.684653 -0.684653 -0.230000
v -0.589431 -0.768161 -0.230000
v -0.484123 -0.838525 -0.230000
v -0.370532 -0.894543 -0.230000
v -0.250600 -0.935254 -0.230000
v -0.126381 -0.959962 -0.230000
v -0.000000 -0.968246 -0.230000
v 0.126381 -0.959962 -0.230000
v 0.250600 -0.935254 -0.230000
v 0.370532 -0.894543 -0.230000
v 0.484123 -0.838525 -0.230000
v 0.589431 -0.768161 -0.230000
v 0.684653 -0.684653 -0.230000
v 0.768161 -0.589431 -0.230000
v 0.838525 -0.484123 -0.230000
v 0.894543 -0.370532 -0.230000
v 0.935254 -0.250600 -0.230000
v 0.959962 -0.126381 -0.230000
v 0.979796 0.000000 -0.184000
v 0.971414 0.127889 -0.184000
v 0.946410 0.253590 -0.184000
v 0.905213 0.374952 -0.184000
v 0.848528 0.489898 -0.184000
v 0.777324 0.596462 -0.184000
v 0.692820 0.692820 -0.184000
v 0.596462 0.777324 -0.184000
v 0.489898 0.848528 -0.184000
v 0.374952 0.905213 -0.184000
v 0.253590 0.946410 -0.184000
v 0.127889 0.971414 -0.184000
v 0.000000 0.979796 -0.184000
v -0.127889 0.971414 -0.184000
v -0.253590 0.946410 -0.184000
v -0.374952 0.905213 -0.184000
v -0.489898 0.848528 -0.184000
v -0.596462 0.777324 -0.184000
v -0.692820 0.692820 -0.184000
v -0.777324 0.596462 -0.184000
v -0.848528 0.489898 -0.184000
v -0.905213 0.374952 -0.184000
v -0.946410 0.253590 -0.184000
v -0.971414 0.127889 -0.184000
v -0.979796 0.000000 -0.184000
v -0.971414 -0.127889 -0.184000
v -0.946410 -0.253590 -0.184000
v -0.905213 -0.374952 -0.184000
v -0.848528 -0.489898 -0.184000
v -0.777324 -0.596462 -0.184000
v -0.692820 -0.692820 -0.184000
v -0.596462 -0.777324 -0.184000
v -0.489898 -0.848528 -0.184000
v -0.374952 -0.905213 -0.184000
v -0.253590 -0.946410 -0.184000
v -0.127889 -0.971414 -0.184000
v -0.000000 -0.979796 -0.184000
v 0.127889 -0.971414 -0.184000
v 0.253590 -0.946410 -0.184000
v 0.374952 -0.905213 -0.184000
v 0.489898 -0.848528 -0.184000
v 0.596462 -0.777324 -0.184000
v 0.692820 -0.692820 -0.184000
v 0.777324 -0.596462 -0.184000
v 0.848528 -0.489898 -0.184000
v 0.905213 -0.374952 -0.184000
v 0.946410 -0.253590 -0.184000
v 0.971414 -0.127889 -0.184000
v 0.988686 0.000000 -0.138000
v 0.980228 0.129049 -0.138000
v 0.954997 0.255891 -0.138000
v 0.913427 0.378354 -0.138000
v 0.856227 0.494343 -0.138000
v 0.784377 0.601874 -0.138000
v 0.699107 0.699107 -0.138000
v 0.601874 0.784377 -0.138000
v 0.494343 0.856227 -0.138000
v 0.378354 0.913427 -0.138000
v 0.255891 0.954997 -0.138000
v 0.129049 0.980228 -0.138000
v 0.000000 0.988686 -0.138000
v -0.129049 0.980228 -0.138000
v -0.255891 0.954997 -0.138000
v -0.378354 0.913427 -0.138000
v -0.494343 0.856227 -0.138000
v -0.601874 0.784377 -0.138000
v -0.699107 0.699107 -0.138000
v -0.784377 0.601874 -0.138000
v -0.856227 0.494343 -0.138000
v -0.913427 0.378354 -0.138000
v -0.954997 0.255891 -0.138000
v -0.980228 0.129049 -0.138000
v -0.988686 0.000000 -0.138000
v -0.980228 -0.129049 -0.138000
v -0.954997 -0.255891 -0.138000
v -0.913427 -0.378354 -0.138000
v -0.856227 -0.494343 -0.138000
v -0.784377 -0.601874 -0.138000
v -0.699107 -0.699107 -0.138000
v -0.601874 -0.784377 -0.138000
v -0.494343 -0.856227 -0.138000
v -0.378354 -0.913427 -0.138000
v -0.255891 -0.954997 -0.138000
v -0.129049 -0.980228 -0.138000
v -0.000000 -0.988686 -0.138000
v 0.129049 -0.980228 -0.138000
v 0.255891 -0.954997 -0.138000
v 0.378354 -0.913427 -0.138000
v 0.494343 -0.856227 -0.138000
v 0.601874 -0.784377 -0.138000
v 0.699107 -0.699107 -0.138000
v 0.784377 -0.601874 -0.138000
v 0.856227 -0.494343 -0.138000
v 0.913427 -0.378354 -0.138000
v 0.954997 -0.255891 -0.138000
v 0.980228 -0.129049 -0.138000
v 0.994987 0.000000 -0.092000
v 0.986475 0.129872 -0.092000
v 0.961084 0.257522 -0.092000
v 0.919249 0.380765 -0.092000
v 0.861684 0.497494 -0.092000
v 0.789377 0.605710 -0.092000
v 0.703562 0.703562 -0.092000
v 0.605710 0.789377 -0.092000
v 0.497494 0.861684 -0.092000
v 0.380765 0.919249 -0.092000
v 0.257522 0.961084 -0.092000
v 0.129872 0.986475 -0.092000
v 0.000000 0.994987 -0.092000
v -0.129872 0.986475 -0.092000
v -0.257522 0.961084 -0.092000
v -0.380765 0.919249 -0.092000
v -0.497494 0.861684 -0.092000
v -0.605710 0.789377 -0.092000
v -0.703562 0.703562 -0.092000
v -0.789377 0.605710 -0.092000
v -0.861684 0.497494 -0.092000
v -0.919249 0.380765 -0.092000
v -0.961084 0.257522 -0.092000
v -0.986475 0.129872 -0.092000
v -0.994987 0.000000 -0.092000
v -0.986475 -0.129872 -0.092000
v -0.961084 -0.257522 -0.092000
v -0.919249 -0.380765 -0.092000
v -0.861684 -0.497494 -0.092000
v -0.789377 -0.605710 -0.092000
v -0.703562 -0.703562 -0.092000
v -0.605710 -0.789377 -0.092000
v -0.497494 -0.861684 -0.092000
v -0.380765 -0.919249 -0.092000
v -0.257522 -0.961084 -0.092000
v -0.129872 -0.986475 -0.092000
v -0.000000 -0.994987 -0.092000
v 0.129872 -0.986475 -0.092000
v 0.257522 -0.961084 -0.092000
v 0.380765 -0.919249 -0.092000
v 0.497494 -0.861684 -0.092000
v 0.605710 -0.789377 -0.092000
v 0.703562 -0.703562 -0.092000
v 0.789377 -0.605710 -0.092000
v 0.861684 -0.497494 -0.092000
v 0.919249 -0.380765 -0.092000
v 0.961084 -0.257522 -0.092000
v 0.986475 -0.129872 -0.092000
v 0.998749 0.000000 -0.046000
v 0.990205 0.130363 -0.046000
v 0.964718 0.258495 -0.046000
v 0.922724 0.382205 -0.046000
v 0.864942 0.499375 -0.046000
v 0.792361 0.608000 -0.046000
v 0.706222 0.706222 -0.046000
v 0.608000 0.792361 -0.046000
v 0.499375 0.864942 -0.046000
v 0.382205 0.922724 -0.046000
v 0.258495 0.964718 -0.046000
v 0.130363 0.990205 -0.046000
v 0.000000 0.998749 -0.046000
v -0.130363 0.990205 -0.046000
v -0.258495 0.964718 -0.046000
v -0.382205 0.922724 -0.046000
v -0.499375 0.864942 -0.046000
v -0.608000 0.792361 -0.046000
v -0.706222 0.706222 -0.046000
v -0.792361 0.608000 -0.046000
v -0.864942 0.499375 -0.046000
v -0.922724 0.382205 -0.046000
v -0.964718 0.258495 -0.046000
v -0.990205 0.130363 -0.046000
v -0.998749 0.000000 -0.046000
v -0.990205 -0.130363 -0.046000
v -0.964718 -0.258495 -0.046000
v -0.922724 -0.382205 -0.046000
v -0.864942 -0.499375 -0.046000
v -0.792361 -0.608000 -0.046000
v -0.706222 -0.706222 -0.046000
v -0.608000 -0.792361 -0.046000
v -0.499375 -0.864942 -0.046000
v -0.382205 -0.922724 -0.046000
v -0.258495 -0.964718 -0.046000
v -0.130363 -0.990205 -0.046000
v -0.000000 -0.998749 -0.046000
v 0.130363 -0.990205 -0.046000
v 0.258495 -0.964718 -0.046000
v 0.382205 -0.922724 -0.046000
v 0.499375 -0.864942 -0.046000
v 0.608000 -0.792361 -0.046000
v 0.706222 -0.706222 -0.046000
v 0.792361 -0.608000 -0.046000
v 0.864942 -0.499375 -0.046000
v 0.922724 -0.382205 -0.046000
v 0.964718 -0.258495 -0.046000
v 0.990205 -0.130363 -0.046000
v 1.000000 0.000000 0.000000
v 0.991445 0.130526 0.000000
v 0.965926 0.258819 0.000000
v 0.923880 0.382683 0.000000
v 0.866025 0.500000 0.000000
v 0.793353 0.608761 0.000000
v 0.707107 0.707107 0.000000
v 0.608761 0.793353 0.000000
v 0.500000 0.866025 0.000000
v 0.382683 0.923880 0.000000
v 0.258819 0.965926 0.000000
v 0.130526 0.991445 0.000000
v 0.000000 1.000000 0.000000
v -0.130526 0.991445 0.000000
v -0.258819 0.965926 0.000000
v -0.382683 0.923880 0.000000
v -0.500000 0.866025 0.000000
v -0.608761 0.793353 0.000000
v -0.707107 0.707107 0.000000
v -0.793353 0.608761 0.000000
v -0.866025 0.500000 0.000000
v -0.923880 0.382683 0.000000
v -0.965926 0.258819 0.000000
v -0.991445 0.130526 0.000000
v -1.000000 0.000000 0.000000
v -0.991445 -0.130526 0.000000
v -0.965926 -0.258819 0.000000
v -0.923880 -0.382683 0.000000
v -0.866025 -0.500000 0.000000
v -0.793353 -0.608761 0.000000
v -0.707107 -0.707107 0.000000
v -0.608761 -0.793353 0.000000
v -0.500000 -0.866025 0.000000
v -0.382683 -0.923880 0.000000
v -0.258819 -0.965926 0.000000
v -0.130526 -0.991445 0.000000
v -0.000000 -1.000000 0.000000
v 0.130526 -0.991445 0.000000
v 0.258819 -0.965926 0.000000
v 0.382683 -0.923880 0.000000
v 0.500000 -0.866025 0.000000
v 0.608761 -0.793353 0.000000
v 0.707107 -0.707107 0.000000
v 0.793353 -0.608761 0.000000
v 0.866025 -0.500000 0.000000
v 0.923880 -0.382683 0.000000
v 0.965926 -0.258819 0.000000
v 0.991445 -0.130526 0.000000
v 0.998749 0.000000 0.046000
v 0.990205 0.130363 0.046000
v 0.964718 0.258495 0.046000
v 0.922724 0.382205 0.046000
v 0.864942 0.499375 0.046000
v 0.792361 0.608000 0.046000
v 0.706222 0.706222 0.046000
v 0.608000 0.792361 0.046000
v 0.499375 0.864942 0.046000
v 0.382205 0.922724 0.046000
v 0.258495 0.964718 0.046000
v 0.130363 0.990205 0.046000
v 0.000000 0.998749 0.046000
v -0.130363 0.990205 0.046000
v -0.258495 0.964718 0.046000
v -0.382205 0.922724 0.046000
v -0.499375 0.864942 0.046000
v -0.608000 0.792361 0.046000
v -0.706222 0.706222 0.046000
v -0.792361 0.608000 0.046000
v -0.864942 0.499375 0.046000
v -0.922724 0.382205 0.046000
v -0.964718 0.258495 0.046000
v -0.990205 0.130363 0.046000
v -0.998749 0.000000 0.046000
v -0.990205 -0.130363 0.046000
v -0.964718 -0.258495 0.046000
v -0.922724 -0.382205 0.046000
v -0.864942 -0.499375 0.046000
v -0.792361 -0.608000 0.046000
v -0.706222 -0.706222 0.046000
v -0.608000 -0.792361 0.046000
v -0.499375 -0.864942 0.046000
v -0.382205 -0.922724 0.046000
v -0.258495 -0.964718 0.046000
v -0.130363 -0.990205 0.046000
v -0.000000 -0.998749 0.046000
v 0.130363 -0.990205 0.046000
v 0.258495 -0.964718 0.046000
v 0.382205 -0.922724 0.046000
v 0.499375 -0.864942 0.046000
v 0.608000 -0.792361 0.046000
v 0.706222 -0.706222 0.046000
v 0.792361 -0.608000 0.046000
v 0.864942 -0.499375 0.046000
v 0.922724 -0.382205 0.046000
v 0.964718 -0.258495 0.046000
v 0.990205 -0.130363 0.046000
v 0.994987 0.000000 0.092000
v 0.986475 0.129872 0.092000
v 0.961084 0.257522 0.092000
v 0.919249 0.380765 0.092000
v 0.861684 0.497494 0.092000
v 0.789377 0.605710 0.092000
v 0.703562 0.703562 0.092000
v 0.605710 0.789377 0.092000
v 0.497494 0.861684 0.092000
v 0.380765 0.919249 0.092000
v 0.257522 0.961084 0.092000
v 0.129872 0.986475 0.092000
v 0.000000 0.994987 0.092000
v -0.129872 0.986475 0.092000
v -0.257522 0.961084 0.092000
v -0.380765 0.919249 0.092000
v -0.497494 0.861684 0.092000
v -0.605710 0.789377 0.092000
v -0.703562 0.703562 0.092000
v -0.789377 0.605710 0.092000
v -0.861684 0.497494 0.092000
v -0.919249 0.380765 0.092000
v -0.961084 0.257522 0.092000
v -0.986475 0.129872 0.092000
v -0.994987 0.000000 0.092000
v -0.986475 -0.129872 0.092000
v -0.961084 -0.257522 0.092000
v -0.919249 -0.380765 0.092000
v -0.861684 -0.497494 0.092000
v -0.789377 -0.605710 0.092000
v -0.703562 -0.703562 0.092000
v -0.605710 -0.789377 0.092000
v -0.497494 -0.861684 0.092000
v -0.380765 -0.919249 0.092000
v -0.257522 -0.961084 0.092000
v -0.129872 -0.986475 0.092000
v -0.000000 -0.994987 0.092000
v 0.129872 -0.986475 0.092000
v 0.257522 -0.961084 0.092000
v 0.380765 -0.919249 0.092000
v 0.497494 -0.861684 0.092000
v 0.605710 -0.789377 0.092000
v 0.703562 -0.703562 0.092000
v 0.789377 -0.605710 0.092000
v 0.861684 -0.497494 0.092000
v 0.919249 -0.380765 0.092000
v 0.961084 -0.257522 0.092000
v 0.986475 -0.129872 0.092000
v 0.988686 0.000000 0.138000
v 0.980228 0.129049 0.138000
v 0.954997 0.255891 0.138000
v 0.913427 0.378354 0.138000
v 0.856227 0.494343 0.138000
v 0.784377 0.601874 0.138000
v 0.699107 0.699107 0.138000
v 0.601874 0.784377 0.138000
v 0.494343 0.856227 0.138000
v 0.378354 0.913427 0.138000
v 0.255891 0.954997 0.138000
v 0.129049 0.980228 0.138000
v 0.000000 0.988686 0.138000
v -0.129049 0.980228 0.138000
v -0.255891 0.954997 0.138000
v -0.378354 0.913427 0.138000
v -0.494343 0.856227 0.138000
v -0.601874 0.784377 0.138000
v -0.699107 0.699107 0.138000
v -0.784377 0.601874 0.138000
v -0.856227 0.494343 0.138000
v -0.913427 0.378354 0.138000
v -0.954997 0.255891 0.138000
v -0.980228 0.129049 0.138000
v -0.988686 0.000000 0.138000
v -0.980228 -0.129049 0.138000
v -0.954997 -0.255891 0.138000
v -0.913427 -0.378354 0.138000
v -0.856227 -0.494343 0.138000
v -0.784377 -0.601874 0.138000
v -0.699107 -0.699107 0.138000
v -0.601874 -0.784377 0.138000
v -0.494343 -0.856227 0.138000
v -0.378354 -0.913427 0.138000
v -0.255891 -0.954997 0.138000
v -0.129049 -0.980228 0.138000
v -0.000000 -0.988686 0.138000
v 0.129049 -0.980228 0.138000
v 0.255891 -0.954997 0.138000
v 0.378354 -0.913427 0.138000
v 0.494343 -0.856227 0.138000
v 0.601874 -0.784377 0.138000
v 0.699107 -0.699107 0.138000
v 0.784377 -0.601874 0.138000
v 0.856227 -0.494343 0.138000
v 0.913427 -0.378354 0.138000
v 0.954997 -0.255891 0.138000
v 0.980228 -0.129049 0.138000
v 0.979796 0.000000 0.184000
v 0.971414 0.127889 0.184000
v 0.946410 0.253590 0.184000
v 0.905213 0.374952 0.184000
v 0.848528 0.489898 0.184000
v 0.777324 0.596462 0.184000
v 0.692820 0.692820 0.184000
v 0.596462 0.777324 0.184000
v 0.489898 0.848528 0.184000
v 0.374952 0.905213 0.184000
v 0.253590 0.946410 0.184000
v 0.127889 0.971414 0.184000
v 0.000000 0.979796 0.184000
v -0.127889 0.971414 0.184000
v -0.253590 0.946410 0.184000
v -0.374952 0.905213 0.184000
v -0.489898 0.848528 0.184000
v -0.596462 0.777324 0.184000
v -0.692820 0.692820 0.184000
v -0.777324 0.596462 0.184000
v -0.848528 0.489898 0.184000
v -0.905213 0.374952 0.184000
v -0.946410 0.253590 0.184000
v -0.971414 0.127889 0.184000
v -0.979796 0.000000 0.184000
v -0.971414 -0.127889 0.184000
v -0.946410 -0.253590 0.184000
v -0.905213 -0.374952 0.184000
v -0.848528 -0.489898 0.184000
v -0.777324 -0.596462 0.184000
v -0.692820 -0.692820 0.184000
v -0.596462 -0.777324 0.184000
v -0.489898 -0.848528 0.184000
v -0.374952 -0.905213 0.184000
v -0.253590 -0.946410 0.184000
v -0.127889 -0.971414 0.184000
v -0.000000 -0.979796 0.184000
v 0.127889 -0.971414 0.184000
v 0.253590 -0.946410 0.184000
v 0.374952 -0.905213 0.184000
v 0.489898 -0.848528 0.184000
v 0.596462 -0.777324 0.184000
v 0.692820 -0.692820 0.184000
v 0.777324 -0.596462 0.184000
v 0.848528 -0.489898 0.184000
v 0.905213 -0.374952 0.184000
v 0.946410 -0.253590 0.184000
v 0.971414 -0.127889 0.184000
v 0.968246 0.000000 0.230000
v 0.959962 0.126381 0.230000
v 0.935254 0.250600 0.230000
v 0.894543 0.370532 0.230000
v 0.838525 0.484123 0.230000
v 0.768161 0.589431 0.230000
v 0.684653 0.684653 0.230000
v 0.589431 0.768161 0.230000
v 0.484123 0.838525 0.230000
v 0.370532 0.894543 0.230000
v 0.250600 0.935254 0.230000
v 0.126381 0.959962 0.230000
v 0.000000 0.968246 0.230000
v -0.126381 0.959962 0.230000
v -0.250600 0.935254 0.230000
v -0.370532 0.894543 0.230000
v -0.484123 0.838525 0.230000
v -0.589431 0.768161 0.230000
v -0.684653 0.684653 0.230000
v -0.768161 0.589431 0.230000
v -0.838525 0.484123 0.230000
v -0.894543 0.370532 0.230000
v -0.935254 0.250600 0.230000
v -0.959962 0.126381 0.230000
v -0.968246 0.000000 0.230000
v -0.959962 -0.126381 0.230000
v -0.935254 -0.250600 0.230000
v -0.894543 -0.370532 0.230000
v -0.838525 -0.484123 0.230000
v -0.768161 -0.589431 0.230000
v -0.684653 -0.684653 0.230000
v -0.589431 -0.768161 0.230000
v -0.484123 -0.838525 0.230000
v -0.370532 -0.894543 0.230000
v -0.250600 -0.935254 0.230000
v -0.126381 -0.959962 0.230000
v -0.000000 -0.968246 0.230000
v 0.126381 -0.959962 0.230000
v 0.250600 -0.935254 0.230000
v 0.370532 -0.894543 0.230000
v 0.484123 -0.838525 0.230000
v 0.589431 -0.768161 0.230000
v 0.684653 -0.684653 0.230000
v 0.768161 -0.589431 0.230000
v 0.838525 -0.484123 0.230000
v 0.894543 -0.370532 0.230000
v 0.935254 -0.250600 0.230000
v 0.959962 -0.126381 0.230000
v 0.953939 0.000000 0.276000
v 0.945778 0.124514 0.276000
v 0.921435 0.246898 0.276000
v 0.881325 0.365057 0.276000
v 0.826136 0.476970 0.276000
v 0.756811 0.580721 0.276000
v 0.674537 0.674537 0.276000
v 0.580721 0.756811 0.276000
v 0.476970 0.826136 0.276000
v 0.365057 0.881325 0.276000
v 0.246898 0.921435 0.276000
v 0.124514 0.945778 0.276000
v 0.000000 0.953939 0.276000
v -0.124514 0.945778 0.276000
v -0.246898 0.921435 0.276000
v -0.365057 0.881325 0.276000
v -0.476970 0.826136 0.276000
v -0.580721 0.756811 0.276000
v -0.674537 0.674537 0.276000
v -0.756811 0.580721 0.276000
v -0.826136 0.476970 0.276000
v -0.881325 0.365057 0.276000
v -0.921435 0.246898 0.276000
v -0.945778 0.124514 0.276000
v -0.953939 0.000000 0.276000
v -0.945778 -0.124514 0.276000
v -0.921435 -0.246898 0.276000
v -0.881325 -0.365057 0.276000
v -0.826136 -0.476970 0.276000
v -0.756811 -0.580721 0.276000
v -0.674537 -0.674537 0.276000
v -0.580721 -0.756811 0.276000
v -0.476970 -0.826136 0.276000
v -0.365057 -0.881325 0.276000
v -0.246898 -0.921435 0.276000
v -0.124514 -0.945778 0.276000
v -0.000000 -0.953939 0.276000
v 0.124514 -0.945778 0.276000
v 0.246898 -0.921435 0.276000
v 0.365057 -0.881325 0.276000
v 0.476970 -0.826136 0.276000
v 0.580721 -0.756811 0.276000
v 0.674537 -0.674537 0.276000
v 0.756811 -0.580721 0.276000
v 0.826136 -0.476970 0.276000
v 0.881325 -0.365057 0.276000
v 0.921435 -0.246898 0.276000
v 0.945778 -0.124514 0.276000
v 0.936750 0.000000 0.322000
v 0.928736 0.122270 0.322000
v 0.904831 0.242449 0.322000
v 0.865444 0.358479 0.322000
v 0.811249 0.468375 0.322000
v 0.743174 0.570257 0.322000
v 0.662382 0.662382 0.322000
v 0.570257 0.743174 0.322000
v 0.468375 0.811249 0.322000
v 0.358479 0.865444 0.322000
v 0.242449 0.904831 0.322000
v 0.122270 0.928736 0.322000
v 0.000000 0.936750 0.322000
v -0.122270 0.928736 0.322000
v -0.242449 0.904831 0.322000
v -0.358479 0.865444 0.322000
v -0.468375 0.811249 0.322000
v -0.570257 0.743174 0.322000
v -0.662382 0.662382 0.322000
v -0.743174 0.570257 0.322000
v -0.811249 0.468375 0.322000
v -0.865444 0.358479 0.322000
v -0.904831 0.242449 0.322000
v -0.928736 0.122270 0.322000
v -0.936750 0.000000 0.322000
v -0.928736 -0.122270 0.322000
v -0.904831 -0.242449 0.322000
v -0.865444 -0.358479 0.322000
v -0.811249 -0.468375 0.322000
v -0.743174 -0.570257 0.322000
v -0.662382 -0.662382 0.322000
v -0.570257 -0.743174 0.322000
v -0.468375 -0.811249 0.322000
v -0.358479 -0.865444 0.322000
v -0.242449 -0.904831 0.322000
v -0.122270 -0.928736 0.322000
v -0.000000 -0.936750 0.322000
v 0.122270 -0.928736 0.322000
v 0.242449 -0.904831 0.322000
v 0.358479 -0.865444 0.322000
v 0.468375 -0.811249 0.322000
v 0.570257 -0.743174 0.322000
v 0.662382 -0.662382 0.322000
v 0.743174 -0.570257 0.322000
v 0.811249 -0.468375 0.322000
v 0.865444 -0.358479 0.322000
v 0.904831 -0.242449 0.322000
v 0.928736 -0.122270 0.322000
v 0.916515 0.000000 0.368000
v 0.908674 0.119629 0.368000
v 0.885286 0.237212 0.368000
v 0.846750 0.350735 0.368000
v 0.793725 0.458258 0.368000
v 0.727120 0.557939 0.368000
v 0.648074 0.648074 0.368000
v 0.557939 0.727120 0.368000
v 0.458258 0.793725 0.368000
v 0.350735 0.846750 0.368000
v 0.237212 0.885286 0.368000
v 0.119629 0.908674 0.368000
v 0.000000 0.916515 0.368000
v -0.119629 0.908674 0.368000
v -0.237212 0.885286 0.368000
v -0.350735 0.846750 0.368000
v -0.458258 0.793725 0.368000
v -0.557939 0.727120 0.368000
v -0.648074 0.648074 0.368000
v -0.727120 0.557939 0.368000
v -0.793725 0.458258 0.368000
v -0.846750 0.350735 0.368000
v -0.885286 0.237212 0.368000
v -0.908674 0.119629 0.368000
v -0.916515 0.000000 0.368000
v -0.908674 -0.119629 0.368000
v -0.885286 -0.237212 0.368000
v -0.846750 -0.350735 0.368000
v -0.793725 -0.458258 0.368000
v -0.727120 -0.557939 0.368000
v -0.648074 -0.648074 0.368000
v -0.557939 -0.727120 0.368000
v -0.458258 -0.793725 0.368000
v -0.350735 -0.846750 0.368000
v -0.237212 -0.885286 0.368000
v -0.119629 -0.908674 0.368000
v -0.000000 -0.916515 0.368000
v 0.119629 -0.908674 0.368000
v 0.237212 -0.885286 0.368000
v 0.350735 -0.846750 0.368000
v 0.458258 -0.793725 0.368000
v 0.557939 -0.727120 0.368000
v 0.648074 -0.648074 0.368000
v 0.727120 -0.557939 0.368000
v 0.793725 -0.458258 0.368000
v 0.846750 -0.350735 0.368000
v 0.885286 -0.237212 0.368000
v 0.908674 -0.119629 0.368000
v 0.893029 0.000000 0.414000
v 0.885389 0.116564 0.414000
v 0.862599 0.231133 0.414000
v 0.825051 0.341747 0.414000
v 0.773385 0.446514 0.414000
v 0.708487 0.543641 0.414000
v 0.631467 0.631467 0.414000
v 0.543641 0.708487 0.414000
v 0.446514 0.773385 0.414000
v 0.341747 0.825051 0.414000
v 0.231133 0.862599 0.414000
v 0.116564 0.885389 0.414000
v 0.000000 0.893029 0.414000
v -0.116564 0.885389 0.414000
v -0.231133 0.862599 0.414000
v -0.341747 0.825051 0.414000
v -0.446514 0.773385 0.414000
v -0.543641 0.708487 0.414000
v -0.631467 0.631467 0.414000
v -0.708487 0.543641 0.414000
v -0.773385 0.446514 0.414000
v -0.825051 0.341747 0.414000
v -0.862599 0.231133 0.414000
v -0.885389 0.116564 0.414000
v -0.893029 0.000000 0.414000
v -0.885389 -0.116564 0.414000
v -0.862599 -0.231133 0.414000
v -0.825051 -0.341747 0.414000
v -0.773385 -0.446514 0.414000
v -0.708487 -0.543641 0.414000
v -0.631467 -0.631467 0.414000
v -0.543641 -0.708487 0.414000
v -0.446514 -0.773385 0.414000
v -0.341747 -0.825051 0.414000
v -0.231133 -0.862599 0.414000
v -0.116564 -0.885389 0.414000
v -0.000000 -0.893029 0.414000
v 0.116564 -0.885389 0.414000
v 0.231133 -0.862599 0.414000
v 0.341747 -0.825051 0.414000
v 0.446514 -0.773385 0.414000
v 0.543641 -0.708487 0.414000
v 0.631467 -0.631467 0.414000
v 0.708487 -0.543641 0.414000
v 0.773385 -0.446514 0.414000
v 0.825051 -0.341747 0.414000
v 0.862599 -0.231133 0.414000
v 0.885389 -0.116564 0.414000
v 0.866025 0.000000 0.460000
v 0.858616 0.113039 0.460000
v 0.836516 0.224144 0.460000
v 0.800103 0.331414 0.460000
v 0.750000 0.433013 0.460000
v 0.687064 0.527203 0.460000
v 0.612372 0.612372 0.460000
v 0.527203 0.687064 0.460000
v 0.433013 0.750000 0.460000
v 0.331414 0.800103 0.460000
v 0.224144 0.836516 0.460000
v 0.113039 0.858616 0.460000
v 0.000000 0.866025 0.460000
v -0.113039 0.858616 0.460000
v -0.224144 0.836516 0.460000
v -0.331414 0.800103 0.460000
v -0.433013 0.750000 0.460000
v -0.527203 0.687064 0.460000
v -0.612372 0.612372 0.460000
v -0.687064 0.527203 0.460000
v -0.750000 0.433013 0.460000
v -0.800103 0.331414 0.460000
v -0.836516 0.224144 0.460000
v -0.858616 0.113039 0.460000
v -0.866025 0.000000 0.460000
v -0.858616 -0.113039 0.460000
v -0.836516 -0.224144 0.460000
v -0.800103 -0.331414 0.460000
v -0.750000 -0.433013 0.460000
v -0.687064 -0.527203 0.460000
v -0.612372 -0.612372 0.460000
v -0.527203 -0.687064 0.460000
v -0.433013 -0.750000 0.460000
v -0.331414 -0.800103 0.460000
v -0.224144 -0.836516 0.460000
v -0.113039 -0.858616 0.460000
v -0.000000 -0.866025 0.460000
v 0.113039 -0.858616 0.460000
v 0.224144 -0.836516 0.460000
v 0.331414 -0.800103 0.460000
v 0.433013 -0.750000 0.460000
v 0.527203 -0.687064 0.460000
v 0.612372 -0.612372 0.460000
v 0.687064 -0.527203 0.460000
v 0.750000 -0.433013 0.460000
v 0.800103 -0.331414 0.460000
v 0.836516 -0.224144 0.460000
v 0.858616 -0.113039 0.460000
v 0.835165 0.000000 0.506000
v 0.828020 0.109011 0.506000
v 0.806707 0.216157 0.506000
v 0.771592 0.319604 0.506000
v 0.723274 0.417582 0.506000
v 0.662581 0.508416 0.506000
v 0.590551 0.590551 0.506000
v 0.508416 0.662581 0.506000
v 0.417582 0.723274 0.506000
v 0.319604 0.771592 0.506000
v 0.216157 0.806707 0.506000
v 0.109011 0.828020 0.506000
v 0.000000 0.835165 0.506000
v -0.109011 0.828020 0.506000
v -0.216157 0.806707 0.506000
v -0.319604 0.771592 0.506000
v -0.417582 0.723274 0.506000
v -0.508416 0.662581 0.506000
v -0.590551 0.590551 0.506000
v -0.662581 0.508416 0.506000
v -0.723274 0.417582 0.506000
v -0.771592 0.319604 0.506000
v -0.806707 0.216157 0.506000
v -0.828020 0.109011 0.506000
v -0.835165 0.000000 0.506000
v -0.828020 -0.109011 0.506000
v -0.806707 -0.216157 0.506000
v -0.771592 -0.319604 0.506000
v -0.723274 -0.417582 0.506000
v -0.662581 -0.508416 0.506000
v -0.590551 -0.590551 0.506000
v -0.508416 -0.662581 0.506000
v -0.417582 -0.723274 0.506000
v -0.319604 -0.771592 0.506000
v -0.216157 -0.806707 0.506000
v -0.109011 -0.828020 0.506000
v -0.000000 -0.835165 0.506000
v 0.109011 -0.828020 0.506000
v 0.216157 -0.806707 0.506000
v 0.319604 -0.771592 0.506000
v 0.417582 -0.723274 0.506000
v 0.508416 -0.662581 0.506000
v 0.590551 -0.590551 0.506000
v 0.662581 -0.508416 0.506000
v 0.723274 -0.417582 0.506000
v 0.771592 -0.319604 0.506000
v 0.806707 -0.216157 0.506000
v 0.828020 -0.109011 0.506000
v 0.800000 0.000000 0.552000
v 0.793156 0.104421 0.552000
v 0.772741 0.207055 0.552000
v 0.739104 0.306147 0.552000
v 0.692820 0.400000 0.552000
v 0.634683 0.487009 0.552000
v 0.565685 0.565685 0.552000
v 0.487009 0.634683 0.552000
v 0.400000 0.692820 0.552000
v 0.306147 0.739104 0.552000
v 0.207055 0.772741 0.552000
v 0.104421 0.793156 0.552000
v 0.000000 0.800000 0.552000
v -0.104421 0.793156 0.552000
v -0.207055 0.772741 0.552000
v -0.306147 0.739104 0.552000
v -0.400000 0.692820 0.552000
v -0.487009 0.634683 0.552000
v -0.565685 0.565685 0.552000
v -0.634683 0.487009 0.552000
v -0.692820 0.400000 0.552000
v -0.739104 0.306147 0.552000
v -0.772741 0.207055 0.552000
v -0.793156 0.104421 0.552000
v -0.800000 0.000000 0.552000
v -0.793156 -0.104421 0.552000
v -0.772741 -0.207055 0.552000
v -0.739104 -0.306147 0.552000
v -0.692820 -0.400000 0.552000
v -0.634683 -0.487009 0.552000
v -0.565685 -0.565685 0.552000
v -0.487009 -0.634683 0.552000
v -0.400000 -0.692820 0.552000
v -0.306147 -0.739104 0.552000
v -0.207055 -0.772741 0.552000
v -0.104421 -0.793156 0.552000
v -0.000000 -0.800000 0.552000
v 0.104421 -0.793156 0.552000
v 0.207055 -0.772741 0.552000
v 0.306147 -0.739104 0.552000
v 0.400000 -0.692820 0.552000
v 0.487009 -0.634683 0.552000
v 0.565685 -0.565685 0.552000
v 0.634683 -0.487009 0.552000
v 0.692820 -0.400000 0.552000
v 0.739104 -0.306147 0.552000
v 0.772741 -0.207055 0.552000
v 0.793156 -0.104421 0.552000
v 0.759934 0.000000 0.598000
v 0.753433 0.099191 0.598000
v 0.734040 0.196685 0.598000
v 0.702088 0.290814 0.598000
v 0.658122 0.379967 0.598000
v 0.602896 0.462619 0.598000
v 0.537355 0.537355 0.598000
v 0.462619 0.602896 0.598000
v 0.379967 0.658122 0.598000
v 0.290814 0.702088 0.598000
v 0.196685 0.734040 0.598000
v 0.099191 0.753433 0.598000
v 0.000000 0.759934 0.598000
v -0.099191 0.753433 0.598000
v -0.196685 0.734040 0.598000
v -0.290814 0.702088 0.598000
v -0.379967 0.658122 0.598000
v -0.462619 0.602896 0.598000
v -0.537355 0.537355 0.598000
v -0.602896 0.462619 0.598000
v -0.658122 0.379967 0.598000
v -0.702088 0.290814 0.598000
v -0.734040 0.196685 0.598000
v -0.753433 0.099191 0.598000
v -0.759934 0.000000 0.598000
v -0.753433 -0.099191 0.598000
v -0.734040 -0.196685 0.598000
v -0.702088 -0.290814 0.598000
v -0.658122 -0.379967 0.598000
v -0.602896 -0.462619 0.598000
v -0.537355 -0.537355 0.598000
v -0.462619 -0.602896 0.598000
v -0.379967 -0.658122 0.598000
v -0.290814 -0.702088 0.598000
v -0.196685 -0.734040 0.598000
v -0.099191 -0.753433 0.598000
v -0.000000 -0.759934 0.598000
v 0.099191 -0.753433 0.598000
v 0.196685 -0.734040 0.598000
v 0.290814 -0.702088 0.598000
v 0.379967 -0.658122 0.598000
v 0.462619 -0.602896 0.598000
v 0.537355 -0.537355 0.598000
v 0.602896 -0.462619 0.598000
v 0.658122 -0.379967 0.598000
v 0.702088 -0.290814 0.598000
v 0.734040 -0.196685 0.598000
v 0.753433 -0.099191 0.598000
v 0.714143 0.000000 0.644000
v 0.708033 0.093214 0.644000
v 0.689809 0.184834 0.644000
v 0.659782 0.273291 0.644000
v 0.618466 0.357071 0.644000
v 0.566568 0.434743 0.644000
v 0.504975 0.504975 0.644000
v 0.434743 0.566568 0.644000
v 0.357071 0.618466 0.644000
v 0.273291 0.659782 0.644000
v 0.184834 0.689809 0.644000
v 0.093214 0.708033 0.644000
v 0.000000 0.714143 0.644000
v -0.093214 0.708033 0.644000
v -0.184834 0.689809 0.644000
v -0.273291 0.659782 0.644000
v -0.357071 0.618466 0.644000
v -0.434743 0.566568 0.644000
v -0.504975 0.504975 0.644000
v -0.566568 0.434743 0.644000
v -0.618466 0.357071 0.644000
v -0.659782 0.273291 0.644000
v -0.689809 0.184834 0.644000
v -0.708033 0.093214 0.644000
v -0.714143 0.000000 0.644000
v -0.708033 -0.093214 0.644000
v -0.689809 -0.184834 0.644000
v -0.659782 -0.273291 0.644000
v -0.618466 -0.357071 0.644000
v -0.566568 -0.434743 0.644000
v -0.504975 -0.504975 0.644000
v -0.434743 -0.566568 0.644000
v -0.357071 -0.618466 0.644000
v -0.273291 -0.659782 0.644000
v -0.184834 -0.689809 0.644000
v -0.093214 -0.708033 0.644000
v -0.000000 -0.714143 0.644000
v 0.093214 -0.708033 0.644000
v 0.184834 -0.689809 0.644000
v 0.273291 -0.659782 0.644000
v 0.357071 -0.618466 0.644000
v 0.434743 -0.566568 0.644000
v 0.504975 -0.504975 0.644000
v 0.566568 -0.434743 0.644000
v 0.618466 -0.357071 0.644000
v 0.659782 -0.273291 0.644000
v 0.689809 -0.184834 0.644000
v 0.708033 -0.093214 0.644000
v 0.661438 0.000000 0.690000
v 0.655779 0.086335 0.690000
v 0.638900 0.171193 0.690000
v 0.611089 0.253121 0.690000
v 0.572822 0.330719 0.690000
v 0.524754 0.402658 0.690000
v 0.467707 0.467707 0.690000
v 0.402658 0.524754 0.690000
v 0.330719 0.572822 0.690000
v 0.253121 0.611089 0.690000
v 0.171193 0.638900 0.690000
v 0.086335 0.655779 0.690000
v 0.000000 0.661438 0.690000
v -0.086335 0.655779 0.690000
v -0.171193 0.638900 0.690000
v -0.253121 0.611089 0.690000
v -0.330719 0.572822 0.690000
v -0.402658 0.524754 0.690000
v -0.467707 0.467707 0.690000
v -0.524754 0.402658 0.690000
v -0.572822 0.330719 0.690000
v -0.611089 0.253121 0.690000
v -0.638900 0.171193 0.690000
v -0.655779 0.086335 0.690000
v -0.661438 0.000000 0.690000
v -0.655779 -0.086335 0.690000
v -0.638900 -0.171193 0.690000
v -0.611089 -0.253121 0.690000
v -0.572822 -0.330719 0.690000
v -0.524754 -0.402658 0.690000
v -0.467707 -0.467707 0.690000
v -0.402658 -0.524754 0.690000
v -0.330719 -0.572822 0.690000
v -0.253121 -0.611089 0.690000
v -0.171193 -0.638900 0.690000
v -0.086335 -0.655779 0.690000
v -0.000000 -0.661438 0.690000
v 0.086335 -0.655779 0.690000
v 0.171193 -0.638900 0.690000
v 0.253121 -0.611089 0.690000
v 0.330719 -0.572822 0.690000
v 0.402658 -0.524754 0.690000
v 0.467707 -0.467707 0.690000
v 0.524754 -0.402658 0.690000
v 0.572822 -0.330719 0.690000
v 0.611089 -0.253121 0.690000
v 0.638900 -0.171193 0.690000
v 0.655779 -0.086335 0.690000
v 0.600000 0.000000 0.736000
v 0.594867 0.078316 0.736000
v 0.579555 0.155291 0.736000
v 0.554328 0.229610 0.736000
v 0.519615 0.300000 0.736000
v 0.476012 0.365257 0.736000
v 0.424264 0.424264 0.736000
v 0.365257 0.476012 0.736000
v 0.300000 0.519615 0.736000
v 0.229610 0.554328 0.736000
v 0.155291 0.579555 0.736000
v 0.078316 0.594867 0.736000
v 0.000000 0.600000 0.736000
v -0.078316 0.594867 0.736000
v -0.155291 0.579555 0.736000
v -0.229610 0.554328 0.736000
v -0.300000 0.519615 0.736000
v -0.365257 0.476012 0.736000
v -0.424264 0.424264 0.736000
v -0.476012 0.365257 0.736000
v -0.519615 0.300000 0.736000
v -0.554328 0.229610 0.736000
v -0.579555 0.155291 0.736000
v -0.594867 0.078316 0.736000
v -0.600000 0.000000 0.736000
v -0.594867 -0.078316 0.736000
v -0.579555 -0.155291 0.736000
v -0.554328 -0.229610 0.736000
v -0.519615 -0.300000 0.736000
v -0.476012 -0.365257 0.736000
v -0.424264 -0.424264 0.736000
v -0.365257 -0.476012 0.736000
v -0.300000 -0.519615 0.736000
v -0.229610 -0.554328 0.736000
v -0.155291 -0.579555 0.736000
v -0.078316 -0.594867 0.736000
v -0.000000 -0.600000 0.736000
v 0.078316 -0.594867 0.736000
v 0.155291 -0.579555 0.736000
v 0.229610 -0.554328 0.736000
v 0.300000 -0.519615 0.736000
v 0.365257 -0.476012 0.736000
v 0.424264 -0.424264 0.736000
v 0.476012 -0.365257 0.736000
v 0.519615 -0.300000 0.736000
v 0.554328 -0.229610 0.736000
v 0.579555 -0.155291 0.736000
v 0.594867 -0.078316 0.736000
v 0.492213 0.000000 0.782000
v 0.488002 0.064247 0.782000
v 0.475441 0.127394 0.782000
v 0.454745 0.188362 0.782000
v 0.426269 0.246106 0.782000
v 0.390498 0.299640 0.782000
v 0.348047 0.348047 0.782000
v 0.299640 0.390498 0.782000
v 0.246106 0.426269 0.782000
v 0.188362 0.454745 0.782000
v 0.127394 0.475441 0.782000
v 0.064247 0.488002 0.782000
v 0.000000 0.492213 0.782000
v -0.064247 0.488002 0.782000
v -0.127394 0.475441 0.782000
v -0.188362 0.454745 0.782000
v -0.246106 0.426269 0.782000
v -0.299640 0.390498 0.782000
v -0.348047 0.348047 0.782000
v -0.390498 0.299640 0.782000
v -0.426269 0.246106 0.782000
v -0.454745 0.188362 0.782000
v -0.475441 0.127394 0.782000
v -0.488002 0.064247 0.782000
v -0.492213 0.000000 0.782000
v -0.488002 -0.064247 0.782000
v -0.475441 -0.127394 0.782000
v -0.454745 -0.188362 0.782000
v -0.426269 -0.246106 0.782000
v -0.390498 -0.299640 0.782000
v -0.348047 -0.348047 0.782000
v -0.299640 -0.390498 0.782000
v -0.246106 -0.426269 0.782000
v -0.188362 -0.454745 0.782000
v -0.127394 -0.475441 0.782000
v -0.064247 -0.488002 0.782000
v -0.000000 -0.492213 0.782000
v 0.064247 -0.488002 0.782000
v 0.127394 -0.475441 0.782000
v 0.188362 -0.454745 0.782000
v 0.246106 -0.426269 0.782000
v 0.299640 -0.390498 0.782000
v 0.348047 -0.348047 0.782000
v 0.390498 -0.299640 0.782000
v 0.426269 -0.246106 0.782000
v 0.454745 -0.188362 0.782000
v 0.475441 -0.127394 0.782000
v 0.488002 -0.064247 0.782000
v 0.344353 0.000000 0.828000
v 0.341407 0.044947 0.828000
v 0.332619 0.089125 0.828000
v 0.318141 0.131778 0.828000
v 0.298218 0.172177 0.828000
v 0.273194 0.209629 0.828000
v 0.243494 0.243494 0.828000
v 0.209629 0.273194 0.828000
v 0.172177 0.298218 0.828000
v 0.131778 0.318141 0.828000
v 0.089125 0.332619 0.828000
v 0.044947 0.341407 0.828000
v 0.000000 0.344353 0.828000
v -0.044947 0.341407 0.828000
v -0.089125 0.332619 0.828000
v -0.131778 0.318141 0.828000
v -0.172177 0.298218 0.828000
v -0.209629 0.273194 0.828000
v -0.243494 0.243494 0.828000
v -0.273194 0.209629 0.828000
v -0.298218 0.172177 0.828000
v -0.318141 0.131778 0.828000
v -0.332619 0.089125 0.828000
v -0.341407 0.044947 0.828000
v -0.344353 0.000000 0.828000
v -0.341407 -0.044947 0.828000
v -0.332619 -0.089125 0.828000
v -0.318141 -0.131778 0.828000
v -0.298218 -0.172177 0.828000
v -0.273194 -0.209629 0.828000
v -0.243494 -0.243494 0.828000
v -0.209629 -0.273194 0.828000
v -0.172177 -0.298218 0.828000
v -0.131778 -0.318141 0.828000
v -0.089125 -0.332619 0.828000
v -0.044947 -0.341407 0.828000
v -0.000000 -0.344353 0.828000
v 0.044947 -0.341407 0.828000
v 0.089125 -0.332619 0.828000
v 0.131778 -0.318141 0.828000
v 0.172177 -0.298218 0.828000
v 0.209629 -0.273194 0.828000
v 0.243494 -0.243494 0.828000
v 0.273194 -0.209629 0.828000
v 0.298218 -0.172177 0.828000
v 0.318141 -0.131778 0.828000
v 0.332619 -0.089125 0.828000
v 0.341407 -0.044947 0.828000
v 0.201596 0.000000 0.874000
v 0.199872 0.026314 0.874000
v 0.194727 0.052177 0.874000
v 0.186251 0.077148 0.874000
v 0.174588 0.100798 0.874000
v 0.159937 0.122724 0.874000
v 0.142550 0.142550 0.874000
v 0.122724 0.159937 0.874000
v 0.100798 0.174588 0.874000
v 0.077148 0.186251 0.874000
v 0.052177 0.194727 0.874000
v 0.026314 0.199872 0.874000
v 0.000000 0.201596 0.874000
v -0.026314 0.199872 0.874000
v -0.052177 0.194727 0.874000
v -0.077148 0.186251 0.874000
v -0.100798 0.174588 0.874000
v -0.122724 0.159937 0.874000
v -0.142550 0.142550 0.874000
v -0.159937 0.122724 0.874000
v -0.174588 0.100798 0.874000
v -0.186251 0.077148 0.874000
v -0.194727 0.052177 0.874000
v -0.199872 0.026314 0.874000
v -0.201596 0.000000 0.874000
v -0.199872 -0.026314 0.874000
v -0.194727 -0.052177 0.874000
v -0.186251 -0.077148 0.874000
v -0.174588 -0.100798 0.874000
v -0.159937 -0.122724 0.874000
v -0.142550 -0.142550 0.874000
v -0.122724 -0.159937 0.874000
v -0.100798 -0.174588 0.874000
v -0.077148 -0.186251 0.874000
v -0.052177 -0.194727 0.874000
v -0.026314 -0.199872 0.874000
v -0.000000 -0.201596 0.874000
v 0.026314 -0.199872 0.874000
v 0.052177 -0.194727 0.874000
v 0.077148 -0.186251 0.874000
v 0.100798 -0.174588 0.874000
v 0.122724 -0.159937 0.874000
v 0.142550 -0.142550 0.874000
v 0.159937 -0.122724 0.874000
v 0.174588 -0.100798 0.874000
v 0.186251 -0.077148 0.874000
v 0.194727 -0.052177 0.874000
v 0.199872 -0.026314 0.874000
v 0.000000 0.000000 0.920000
v 0.000000 0.000000 0.920000
v 0.000000 0.000000 0.920000
v 0.000000 0.000000 0.920000
v 0.000000 0.000000 0.920000
v 0.000000 0.000000 0.920000
v 0.000000 0.000000 0.920000
v 0.000000 0.000000 0.920000
v 0.000000 0.000000 0.920000
v 0.000000 0.000000 0.920000
v 0.000000 0.000000 0.920000
v 0.000000 0.000000 0.920000
v 0.000000 0.000000 0.920000
v -0.000000 0.000000 0.920000
v -0.000000 0.000000 0.920000
v -0.000000 0.000000 0.920000
v -0.000000 0.000000 0.920000
v -0.000000 0.000000 0.920000
v -0.000000 0.000000 0.920000
v -0.000000 0.000000 0.920000
v -0.000000 0.000000 0.920000
v -0.000000 0.000000 0.920000
v -0.000000 0.000000 0.920000
v -0.000000 0.000000 0.920000
v -0.000000 0.000000 0.920000
v -0.000000 -0.000000 0.920000
v -0.000000 -0.000000 0.920000
v -0.000000 -0.000000 0.920000
v -0.000000 -0.000000 0.920000
v -0.000000 -0.000000 0.920000
v -0.000000 -0.000000 0.920000
v -0.000000 -0.000000 0.920000
v -0.000000 -0.000000 0.920000
v -0.000000 -0.000000 0.920000
v -0.000000 -0.000000 0.920000
v -0.000000 -0.000000 0.920000
v -0.000000 -0.000000 0.920000
v 0.000000 -0.000000 0.920000
v 0.000000 -0.000000 0.920000
v 0.000000 -0.000000 0.920000
v 0.000000 -0.000000 0.920000
v 0.000000 -0.000000 0.920000
v 0.000000 -0.000000 0.920000
v 0.000000 -0.000000 0.920000
v 0.000000 -0.000000 0.920000
v 0.000000 -0.000000 0.920000
v 0.000000 -0.000000 0.920000
v 0.000000 -0.000000 0.920000
v 0.045000 0.000000 0.900000
v 0.031820 0.031820 0.900000
v 0.000000 0.045000 0.900000
v -0.031820 0.031820 0.900000
v -0.045000 0.000000 0.900000
v -0.031820 -0.031820 0.900000
v -0.000000 -0.045000 0.900000
v 0.031820 -0.031820 0.900000
v 0.022500 0.000000 1.120000
v 0.015910 0.015910 1.120000
v 0.000000 0.022500 1.120000
v -0.015910 0.015910 1.120000
v -0.022500 0.000000 1.120000
v -0.015910 -0.015910 1.120000
v -0.000000 -0.022500 1.120000
v 0.015910 -0.015910 1.120000
vt 0.000000 0.000000
vt 0.020833 0.000000
vt 0.041667 0.000000
vt 0.062500 0.000000
vt 0.083333 0.000000
vt 0.104167 0.000000
vt 0.125000 0.000000
vt 0.145833 0.000000
vt 0.166667 0.000000
vt 0.187500 0.000000
vt 0.208333 0.000000
vt 0.229167 0.000000
vt 0.250000 0.000000
vt 0.270833 0.000000
vt 0.291667 0.000000
vt 0.312500 0.000000
vt 0.333333 0.000000
vt 0.354167 0.000000
vt 0.375000 0.000000
vt 0.395833 0.000000
vt 0.416667 0.000000
vt 0.437500 0.000000
vt 0.458333 0.000000
vt 0.479167 0.000000
vt 0.500000 0.000000
vt 0.520833 0.000000
vt 0.541667 0.000000
vt 0.562500 0.000000
vt 0.583333 0.000000
vt 0.604167 0.000000
vt 0.625000 0.000000
vt 0.645833 0.000000
vt 0.666667 0.000000
vt 0.687500 0.000000
vt 0.708333 0.000000
vt 0.729167 0.000000
vt 0.750000 0.000000
vt 0.770833 0.000000
vt 0.791667 0.000000
vt 0.812500 0.000000
vt 0.833333 0.000000
vt 0.854167 0.000000
vt 0.875000 0.000000
vt 0.895833 0.000000
vt 0.916667 0.000000
vt 0.937500 0.000000
vt 0.958333 0.000000
vt 0.979167 0.000000
vt 0.000000 0.025000
vt 0.020833 0.025000
vt 0.041667 0.025000
vt 0.062500 0.025000
vt 0.083333 0.025000
vt 0.104167 0.025000
vt 0.125000 0.025000
vt 0.145833 0.025000
vt 0.166667 0.025000
vt 0.187500 0.025000
vt 0.208333 0.025000
vt 0.229167 0.025000
vt 0.250000 0.025000
vt 0.270833 0.025000
vt 0.291667 0.025000
vt 0.312500 0.025000
vt 0.333333 0.025000
vt 0.354167 0.025000
vt 0.375000 0.025000
vt 0.395833 0.025000
vt 0.416667 0.025000
vt 0.437500 0.025000
vt 0.458333 0.025000
vt 0.479167 0.025000
vt 0.500000 0.025000
vt 0.520833 0.025000
vt 0.541667 0.025000
vt 0.562500 0.025000
vt 0.583333 0.025000
vt 0.604167 0.025000
vt 0.625000 0.025000
vt 0.645833 0.025000
vt 0.666667 0.025000
vt 0.687500 0.025000
vt 0.708333 0.025000
vt 0.729167 0.025000
vt 0.750000 0.025000
vt 0.770833 0.025000
vt 0.791667 0.025000
vt 0.812500 0.025000
vt 0.833333 0.025000
vt 0.854167 0.025000
vt 0.875000 0.025000
vt 0.895833 0.025000
vt 0.916667 0.025000
vt 0.937500 0.025000
vt 0.958333 0.025000
vt 0.979167 0.025000
vt 0.000000 0.050000
vt 0.020833 0.050000
vt 0.041667 0.050000
vt 0.062500 0.050000
vt 0.083333 0.050000
vt 0.104167 0.050000
vt 0.125000 0.050000
vt 0.145833 0.050000
vt 0.166667 0.050000
vt 0.187500 0.050000
vt 0.208333 0.050000
vt 0.229167 0.050000
vt 0.250000 0.050000
vt 0.270833 0.050000
vt 0.291667 0.050000
vt 0.312500 0.050000
vt 0.333333 0.050000
vt 0.354167 0.050000
vt 0.375000 0.050000
vt 0.395833 0.050000
vt 0.416667 0.050000
vt 0.437500 0.050000
vt 0.458333 0.050000
vt 0.479167 0.050000
vt 0.500000 0.050000
vt 0.520833 0.050000
vt 0.541667 0.050000
vt 0.562500 0.050000
vt 0.583333 0.050000
vt 0.604167 0.050000
vt 0.625000 0.050000
vt 0.645833 0.050000
vt 0.666667 0.050000
vt 0.687500 0.050000
vt 0.708333 0.050000
vt 0.729167 0.050000
vt 0.750000 0.050000
vt 0.770833 0.050000
vt 0.791667 0.050000
vt 0.812500 0.050000
vt 0.833333 0.050000
vt 0.854167 0.050000
vt 0.875000 0.050000
vt 0.895833 0.050000
vt 0.916667 0.050000
vt 0.937500 0.050000
vt 0.958333 0.050000
vt 0.979167 0.050000
vt 0.000000 0.075000
vt 0.020833 0.075000
vt 0.041667 0.075000
vt 0.062500 0.075000
vt 0.083333 0.075000
vt 0.104167 0.075000
vt 0.125000 0.075000
vt 0.145833 0.075000
vt 0.166667 0.075000
vt 0.187500 0.075000
vt 0.208333 0.075000
vt 0.229167 0.075000
vt 0.250000 0.075000
vt 0.270833 0.075000
vt 0.291667 0.075000
vt 0.312500 0.075000
vt 0.333333 0.075000
vt 0.354167 0.075000
vt 0.375000 0.075000
vt 0.395833 0.075000
vt 0.416667 0.075000
vt 0.437500 0.075000
vt 0.458333 0.075000
vt 0.479167 0.075000
vt 0.500000 0.075000
vt 0.520833 0.075000
vt 0.541667 0.075000
vt 0.562500 0.075000
vt 0.583333 0.075000
vt 0.604167 0.075000
vt 0.625000 0.075000
vt 0.645833 0.075000
vt 0.666667 0.075000
vt 0.687500 0.075000
vt 0.708333 0.075000
vt 0.729167 0.075000
vt 0.750000 0.075000
vt 0.770833 0.075000
vt 0.791667 0.075000
vt 0.812500 0.075000
vt 0.833333 0.075000
vt 0.854167 0.075000
vt 0.875000 0.075000
vt 0.895833 0.075000
vt 0.916667 0.075000
vt 0.937500 0.075000
vt 0.958333 0.075000
vt 0.979167 0.075000
vt 0.000000 0.100000
vt 0.020833 0.100000
vt 0.041667 0.100000
vt 0.062500 0.100000
vt 0.083333 0.100000
vt 0.104167 0.100000
vt 0.125000 0.100000
vt 0.145833 0.100000
vt 0.166667 0.100000
vt 0.187500 0.100000
vt 0.208333 0.100000
vt 0.229167 0.100000
vt 0.250000 0.100000
vt 0.270833 0.100000
vt 0.291667 0.100000
vt 0.312500 0.100000
vt 0.333333 0.100000
vt 0.354167 0.100000
vt 0.375000 0.100000
vt 0.395833 0.100000
vt 0.416667 0.100000
vt 0.437500 0.100000
vt 0.458333 0.100000
vt 0.479167 0.100000
vt 0.500000 0.100000
vt 0.520833 0.100000
vt 0.541667 0.100000
vt 0.562500 0.100000
vt 0.583333 0.100000
vt 0.604167 0.100000
vt 0.625000 0.100000
vt 0.645833 0.100000
vt 0.666667 0.100000
vt 0.687500 0.100000
vt 0.708333 0.100000
vt 0.729167 0.100000
vt 0.750000 0.100000
vt 0.770833 0.100000
vt 0.791667 0.100000
vt 0.812500 0.100000
vt 0.833333 0.100000
vt 0.854167 0.100000
vt 0.875000 0.100000
vt 0.895833 0.100000
vt 0.916667 0.100000
vt 0.937500 0.100000
vt 0.958333 0.100000
vt 0.979167 0.100000
vt 0.000000 0.125000
vt 0.020833 0.125000
vt 0.041667 0.125000
vt 0.062500 0.125000
vt 0.083333 0.125000
vt 0.104167 0.125000
vt 0.125000 0.125000
vt 0.145833 0.125000
vt 0.166667 0.125000
vt 0.187500 0.125000
vt 0.208333 0.125000
vt 0.229167 0.125000
vt 0.250000 0.125000
vt 0.270833 0.125000
vt 0.291667 0.125000
vt 0.312500 0.125000
vt 0.333333 0.125000
vt 0.354167 0.125000
vt 0.375000 0.125000
vt 0.395833 0.125000
vt 0.416667 0.125000
vt 0.437500 0.125000
vt 0.458333 0.125000
vt 0.479167 0.125000
vt 0.500000 0.125000
vt 0.520833 0.125000
vt 0.541667 0.125000
vt 0.562500 0.125000
vt 0.583333 0.125000
vt 0.604167 0.125000
vt 0.625000 0.125000
vt 0.645833 0.125000
vt 0.666667 0.125000
vt 0.687500 0.125000
vt 0.708333 0.125000
vt 0.729167 0.125000
vt 0.750000 0.125000
vt 0.770833 0.125000
vt 0.791667 0.125000
vt 0.812500 0.125000
vt 0.833333 0.125000
vt 0.854167 0.125000
vt 0.875000 0.125000
vt 0.895833 0.125000
vt 0.916667 0.125000
vt 0.937500 0.125000
vt 0.958333 0.125000
vt 0.979167 0.125000
vt 0.000000 0.150000
vt 0.020833 0.150000
vt 0.041667 0.150000
vt 0.062500 0.150000
vt 0.083333 0.150000
vt 0.104167 0.150000
vt 0.125000 0.150000
vt 0.145833 0.150000
vt 0.166667 0.150000
vt 0.187500 0.150000
vt 0.208333 0.150000
vt 0.229167 0.150000
vt 0.250000 0.150000
vt 0.270833 0.150000
vt 0.291667 0.150000
vt 0.312500 0.150000
vt 0.333333 0.150000
vt 0.354167 0.150000
vt 0.375000 0.150000
vt 0.395833 0.150000
vt 0.416667 0.150000
vt 0.437500 0.150000
vt 0.458333 0.150000
vt 0.479167 0.150000
vt 0.500000 0.150000
vt 0.520833 0.150000
vt 0.541667 0.150000
vt 0.562500 0.150000
vt 0.583333 0.150000
vt 0.604167 0.150000
vt 0.625000 0.150000
vt 0.645833 0.150000
vt 0.666667 0.150000
vt 0.687500 0.150000
vt 0.708333 0.150000
vt 0.729167 0.150000
vt 0.750000 0.150000
vt 0.770833 0.150000
vt 0.791667 0.150000
vt 0.812500 0.150000
vt 0.833333 0.150000
vt 0.854167 0.150000
vt 0.875000 0.150000
vt 0.895833 0.150000
vt 0.916667 0.150000
vt 0.937500 0.150000
vt 0.958333 0.150000
vt 0.979167 0.150000
vt 0.000000 0.175000
vt 0.020833 0.175000
vt 0.041667 0.175000
vt 0.062500 0.175000
vt 0.083333 0.175000
vt 0.104167 0.175000
vt 0.125000 0.175000
vt 0.145833 0.175000
vt 0.166667 0.175000
vt 0.187500 0.175000
vt 0.208333 0.175000
vt 0.229167 0.175000
vt 0.250000 0.175000
vt 0.270833 0.175000
vt 0.291667 0.175000
vt 0.312500 0.175000
vt 0.333333 0.175000
vt 0.354167 0.175000
vt 0.375000 0.175000
vt 0.395833 0.175000
vt 0.416667 0.175000
vt 0.437500 0.175000
vt 0.458333 0.175000
vt 0.479167 0.175000
vt 0.500000 0.175000
vt 0.520833 0.175000
vt 0.541667 0.175000
vt 0.562500 0.175000
vt 0.583333 0.175000
vt 0.604167 0.175000
vt 0.625000 0.175000
vt 0.645833 0.175000
vt 0.666667 0.175000
vt 0.687500 0.175000
vt 0.708333 0.175000
vt 0.729167 0.175000
vt 0.750000 0.175000
vt 0.770833 0.175000
vt 0.791667 0.175000
vt 0.812500 0.175000
vt 0.833333 0.175000
vt 0.854167 0.175000
vt 0.875000 0.175000
vt 0.895833 0.175000
vt 0.916667 0.175000
vt 0.937500 0.175000
vt 0.958333 0.175000
vt 0.979167 0.175000
vt 0.000000 0.200000
vt 0.020833 0.200000
vt 0.041667 0.200000
vt 0.062500 0.200000
vt 0.083333 0.200000
vt 0.104167 0.200000
vt 0.125000 0.200000
vt 0.145833 0.200000
vt 0.166667 0.200000
vt 0.187500 0.200000
vt 0.208333 0.200000
vt 0.229167 0.200000
vt 0.250000 0.200000
vt 0.270833 0.200000
vt 0.291667 0.200000
vt 0.312500 0.200000
vt 0.333333 0.200000
vt 0.354167 0.200000
vt 0.375000 0.200000
vt 0.395833 0.200000
vt 0.416667 0.200000
vt 0.437500 0.200000
vt 0.458333 0.200000
vt 0.479167 0.200000
vt 0.500000 0.200000
vt 0.520833 0.200000
vt 0.541667 0.200000
vt 0.562500 0.200000
vt 0.583333 0.200000
vt 0.604167 0.200000
vt 0.625000 0.200000
vt 0.645833 0.200000
vt 0.666667 0.200000
vt 0.687500 0.200000
vt 0.708333 0.200000
vt 0.729167 0.200000
vt 0.750000 0.200000
vt 0.770833 0.200000
vt 0.791667 0.200000
vt 0.812500 0.200000
vt 0.833333 0.200000
vt 0.854167 0.200000
vt 0.875000 0.200000
vt 0.895833 0.200000
vt 0.916667 0.200000
vt 0.937500 0.200000
vt 0.958333 0.200000
vt 0.979167 0.200000
vt 0.000000 0.225000
vt 0.020833 0.225000
vt 0.041667 0.225000
vt 0.062500 0.225000
vt 0.083333 0.225000
vt 0.104167 0.225000
vt 0.125000 0.225000
vt 0.145833 0.225000
vt 0.166667 0.225000
vt 0.187500 0.225000
vt 0.208333 0.225000
vt 0.229167 0.225000
vt 0.250000 0.225000
vt 0.270833 0.225000
vt 0.291667 0.225000
vt 0.312500 0.225000
vt 0.333333 0.225000
vt 0.354167 0.225000
vt 0.375000 0.225000
vt 0.395833 0.225000
vt 0.416667 0.225000
vt 0.437500 0.225000
vt 0.458333 0.225000
vt 0.479167 0.225000
vt 0.500000 0.225000
vt 0.520833 0.225000
vt 0.541667 0.225000
vt 0.562500 0.225000
vt 0.583333 0.225000
vt 0.604167 0.225000
vt 0.625000 0.225000
vt 0.645833 0.225000
vt 0.666667 0.225000
vt 0.687500 0.225000
vt 0.708333 0.225000
vt 0.729167 0.225000
vt 0.750000 0.225000
vt 0.770833 0.225000
vt 0.791667 0.225000
vt 0.812500 0.225000
vt 0.833333 0.225000
vt 0.854167 0.225000
vt 0.875000 0.225000
vt 0.895833 0.225000
vt 0.916667 0.225000
vt 0.937500 0.225000
vt 0.958333 0.225000
vt 0.979167 0.225000
vt 0.000000 0.250000
vt 0.020833 0.250000
vt 0.041667 0.250000
vt 0.062500 0.250000
vt 0.083333 0.250000
vt 0.104167 0.250000
vt 0.125000 0.250000
vt 0.145833 0.250000
vt 0.166667 0.250000
vt 0.187500 0.250000
vt 0.208333 0.250000
vt 0.229167 0.250000
vt 0.250000 0.250000
vt 0.270833 0.250000
vt 0.291667 0.250000
vt 0.312500 0.250000
vt 0.333333 0.250000
vt 0.354167 0.250000
vt 0.375000 0.250000
vt 0.395833 0.250000
vt 0.416667 0.250000
vt 0.437500 0.250000
vt 0.458333 0.250000
vt 0.479167 0.250000
vt 0.500000 0.250000
vt 0.520833 0.250000
vt 0.541667 0.250000
vt 0.562500 0.250000
vt 0.583333 0.250000
vt 0.604167 0.250000
vt 0.625000 0.250000
vt 0.645833 0.250000
vt 0.666667 0.250000
vt 0.687500 0.250000
vt 0.708333 0.250000
vt 0.729167 0.250000
vt 0.750000 0.250000
vt 0.770833 0.250000
vt 0.791667 0.250000
vt 0.812500 0.250000
vt 0.833333 0.250000
vt 0.854167 0.250000
vt 0.875000 0.250000
vt 0.895833 0.250000
vt 0.916667 0.250000
vt 0.937500 0.250000
vt 0.958333 0.250000
vt 0.979167 0.250000
vt 0.000000 0.275000
vt 0.020833 0.275000
vt 0.041667 0.275000
vt 0.062500 0.275000
vt 0.083333 0.275000
vt 0.104167 0.275000
vt 0.125000 0.275000
vt 0.145833 0.275000
vt 0.166667 0.275000
vt 0.187500 0.275000
vt 0.208333 0.275000
vt 0.229167 0.275000
vt 0.250000 0.275000
vt 0.270833 0.275000
vt 0.291667 0.275000
vt 0.312500 0.275000
vt 0.333333 0.275000
vt 0.354167 0.275000
vt 0.375000 0.275000
vt 0.395833 0.275000
vt 0.416667 0.275000
vt 0.437500 0.275000
vt 0.458333 0.275000
vt 0.479167 0.275000
vt 0.500000 0.275000
vt 0.520833 0.275000
vt 0.541667 0.275000
vt 0.562500 0.275000
vt 0.583333 0.275000
vt 0.604167 0.275000
vt 0.625000 0.275000
vt 0.645833 0.275000
vt 0.666667 0.275000
vt 0.687500 0.275000
vt 0.708333 0.275000
vt 0.729167 0.275000
vt 0.750000 0.275000
vt 0.770833 0.275000
vt 0.791667 0.275000
vt 0.812500 0.275000
vt 0.833333 0.275000
vt 0.854167 0.275000
vt 0.875000 0.275000
vt 0.895833 0.275000
vt 0.916667 0.275000
vt 0.937500 0.275000
vt 0.958333 0.275000
vt 0.979167 0.275000
vt 0.000000 0.300000
vt 0.020833 0.300000
vt 0.041667 0.300000
vt 0.062500 0.300000
vt 0.083333 0.300000
vt 0.104167 0.300000
vt 0.125000 0.300000
vt 0.145833 0.300000
vt 0.166667 0.300000
vt 0.187500 0.300000
vt 0.208333 0.300000
vt 0.229167 0.300000
vt 0.250000 0.300000
vt 0.270833 0.300000
vt 0.291667 0.300000
vt 0.312500 0.300000
vt 0.333333 0.300000
vt 0.354167 0.300000
vt 0.375000 0.300000
vt 0.395833 0.300000
vt 0.416667 0.300000
vt 0.437500 0.300000
vt 0.458333 0.300000
vt 0.479167 0.300000
vt 0.500000 0.300000
vt 0.520833 0.300000
vt 0.541667 0.300000
vt 0.562500 0.300000
vt 0.583333 0.300000
vt 0.604167 0.300000
vt 0.625000 0.300000
vt 0.645833 0.300000
vt 0.666667 0.300000
vt 0.687500 0.300000
vt 0.708333 0.300000
vt 0.729167 0.300000
vt 0.750000 0.300000
vt 0.770833 0.300000
vt 0.791667 0.300000
vt 0.812500 0.300000
vt 0.833333 0.300000
vt 0.854167 0.300000
vt 0.875000 0.300000
vt 0.895833 0.300000
vt 0.916667 0.300000
vt 0.937500 0.300000
vt 0.958333 0.300000
vt 0.979167 0.300000
vt 0.000000 0.325000
vt 0.020833 0.325000
vt 0.041667 0.325000
vt 0.062500 0.325000
vt 0.083333 0.325000
vt 0.104167 0.325000
vt 0.125000 0.325000
vt 0.145833 0.325000
vt 0.166667 0.325000
vt 0.187500 0.325000
vt 0.208333 0.325000
vt 0.229167 0.325000
vt 0.250000 0.325000
vt 0.270833 0.325000
vt 0.291667 0.325000
vt 0.312500 0.325000
vt 0.333333 0.325000
vt 0.354167 0.325000
vt 0.375000 0.325000
vt 0.395833 0.325000
vt 0.416667 0.325000
vt 0.437500 0.325000
vt 0.458333 0.325000
vt 0.479167 0.325000
vt 0.500000 0.325000
vt 0.520833 0.325000
vt 0.541667 0.325000
vt 0.562500 0.325000
vt 0.583333 0.325000
vt 0.604167 0.325000
vt 0.625000 0.325000
vt 0.645833 0.325000
vt 0.666667 0.325000
vt 0.687500 0.325000
vt 0.708333 0.325000
vt 0.729167 0.325000
vt 0.750000 0.325000
vt 0.770833 0.325000
vt 0.791667 0.325000
vt 0.812500 0.325000
vt 0.833333 0.325000
vt 0.854167 0.325000
vt 0.875000 0.325000
vt 0.895833 0.325000
vt 0.916667 0.325000
vt 0.937500 0.325000
vt 0.958333 0.325000
vt 0.979167 0.325000
vt 0.000000 0.350000
vt 0.020833 0.350000
vt 0.041667 0.350000
vt 0.062500 0.350000
vt 0.083333 0.350000
vt 0.104167 0.350000
vt 0.125000 0.350000
vt 0.145833 0.350000
vt 0.166667 0.350000
vt 0.187500 0.350000
vt 0.208333 0.350000
vt 0.229167 0.350000
vt 0.250000 0.350000
vt 0.270833 0.350000
vt 0.291667 0.350000
vt 0.312500 0.350000
vt 0.333333 0.350000
vt 0.354167 0.350000
vt 0.375000 0.350000
vt 0.395833 0.350000
vt 0.416667 0.350000
vt 0.437500 0.350000
vt 0.458333 0.350000
vt 0.479167 0.350000
vt 0.500000 0.350000
vt 0.520833 0.350000
vt 0.541667 0.350000
vt 0.562500 0.350000
vt 0.583333 0.350000
vt 0.604167 0.350000
vt 0.625000 0.350000
vt 0.645833 0.350000
vt 0.666667 0.350000
vt 0.687500 0.350000
vt 0.708333 0.350000
vt 0.729167 0.350000
vt 0.750000 0.350000
vt 0.770833 0.350000
vt 0.791667 0.350000
vt 0.812500 0.350000
vt 0.833333 0.350000
vt 0.854167 0.350000
vt 0.875000 0.350000
vt 0.895833 0.350000
vt 0.916667 0.350000
vt 0.937500 0.350000
vt 0.958333 0.350000
vt 0.979167 0.350000
vt 0.000000 0.375000
vt 0.020833 0.375000
vt 0.041667 0.375000
vt 0.062500 0.375000
vt 0.083333 0.375000
vt 0.104167 0.375000
vt 0.125000 0.375000
vt 0.145833 0.375000
vt 0.166667 0.375000
vt 0.187500 0.375000
vt 0.208333 0.375000
vt 0.229167 0.375000
vt 0.250000 0.375000
vt 0.270833 0.375000
vt 0.291667 0.375000
vt 0.312500 0.375000
vt 0.333333 0.375000
vt 0.354167 0.375000
vt 0.375000 0.375000
vt 0.395833 0.375000
vt 0.416667 0.375000
vt 0.437500 0.375000
vt 0.458333 0.375000
vt 0.479167 0.375000
vt 0.500000 0.375000
vt 0.520833 0.375000
vt 0.541667 0.375000
vt 0.562500 0.375000
vt 0.583333 0.375000
vt 0.604167 0.375000
vt 0.625000 0.375000
vt 0.645833 0.375000
vt 0.666667 0.375000
vt 0.687500 0.375000
vt 0.708333 0.375000
vt 0.729167 0.375000
vt 0.750000 0.375000
vt 0.770833 0.375000
vt 0.791667 0.375000
vt 0.812500 0.375000
vt 0.833333 0.375000
vt 0.854167 0.375000
vt 0.875000 0.375000
vt 0.895833 0.375000
vt 0.916667 0.375000
vt 0.937500 0.375000
vt 0.958333 0.375000
vt 0.979167 0.375000
vt 0.000000 0.400000
vt 0.020833 0.400000
vt 0.041667 0.400000
vt 0.062500 0.400000
vt 0.083333 0.400000
vt 0.104167 0.400000
vt 0.125000 0.400000
vt 0.145833 0.400000
vt 0.166667 0.400000
vt 0.187500 0.400000
vt 0.208333 0.400000
vt 0.229167 0.400000
vt 0.250000 0.400000
vt 0.270833 0.400000
vt 0.291667 0.400000
vt 0.312500 0.400000
vt 0.333333 0.400000
vt 0.354167 0.400000
vt 0.375000 0.400000
vt 0.395833 0.400000
vt 0.416667 0.400000
vt 0.437500 0.400000
vt 0.458333 0.400000
vt 0.479167 0.400000
vt 0.500000 0.400000
vt 0.520833 0.400000
vt 0.541667 0.400000
vt 0.562500 0.400000
vt 0.583333 0.400000
vt 0.604167 0.400000
vt 0.625000 0.400000
vt 0.645833 0.400000
vt 0.666667 0.400000
vt 0.687500 0.400000
vt 0.708333 0.400000
vt 0.729167 0.400000
vt 0.750000 0.400000
vt 0.770833 0.400000
vt 0.791667 0.400000
vt 0.812500 0.400000
vt 0.833333 0.400000
vt 0.854167 0.400000
vt 0.875000 0.400000
vt 0.895833 0.400000
vt 0.916667 0.400000
vt 0.937500 0.400000
vt 0.958333 0.400000
vt 0.979167 0.400000
vt 0.000000 0.425000
vt 0.020833 0.425000
vt 0.041667 0.425000
vt 0.062500 0.425000
vt 0.083333 0.425000
vt 0.104167 0.425000
vt 0.125000 0.425000
vt 0.145833 0.425000
vt 0.166667 0.425000
vt 0.187500 0.425000
vt 0.208333 0.425000
vt 0.229167 0.425000
vt 0.250000 0.425000
vt 0.270833 0.425000
vt 0.291667 0.425000
vt 0.312500 0.425000
vt 0.333333 0.425000
vt 0.354167 0.425000
vt 0.375000 0.425000
vt 0.395833 0.425000
vt 0.416667 0.425000
vt 0.437500 0.425000
vt 0.458333 0.425000
vt 0.479167 0.425000
vt 0.500000 0.425000
vt 0.520833 0.425000
vt 0.541667 0.425000
vt 0.562500 0.425000
vt 0.583333 0.425000
vt 0.604167 0.425000
vt 0.625000 0.425000
vt 0.645833 0.425000
vt 0.666667 0.425000
vt 0.687500 0.425000
vt 0.708333 0.425000
vt 0.729167 0.425000
vt 0.750000 0.425000
vt 0.770833 0.425000
vt 0.791667 0.425000
vt 0.812500 0.425000
vt 0.833333 0.425000
vt 0.854167 0.425000
vt 0.875000 0.425000
vt 0.895833 0.425000
vt 0.916667 0.425000
vt 0.937500 0.425000
vt 0.958333 0.425000
vt 0.979167 0.425000
vt 0.000000 0.450000
vt 0.020833 0.450000
vt 0.041667 0.450000
vt 0.062500 0.450000
vt 0.083333 0.450000
vt 0.104167 0.450000
vt 0.125000 0.450000
vt 0.145833 0.450000
vt 0.166667 0.450000
vt 0.187500 0.450000
vt 0.208333 0.450000
vt 0.229167 0.450000
vt 0.250000 0.450000
vt 0.270833 0.450000
vt 0.291667 0.450000
vt 0.312500 0.450000
vt 0.333333 0.450000
vt 0.354167 0.450000
vt 0.375000 0.450000
vt 0.395833 0.450000
vt 0.416667 0.450000
vt 0.437500 0.450000
vt 0.458333 0.450000
vt 0.479167 0.450000
vt 0.500000 0.450000
vt 0.520833 0.450000
vt 0.541667 0.450000
vt 0.562500 0.450000
vt 0.583333 0.450000
vt 0.604167 0.450000
vt 0.625000 0.450000
vt 0.645833 0.450000
vt 0.666667 0.450000
vt 0.687500 0.450000
vt 0.708333 0.450000
vt 0.729167 0.450000
vt 0.750000 0.450000
vt 0.770833 0.450000
vt 0.791667 0.450000
vt 0.812500 0.450000
vt 0.833333 0.450000
vt 0.854167 0.450000
vt 0.875000 0.450000
vt 0.895833 0.450000
vt 0.916667 0.450000
vt 0.937500 0.450000
vt 0.958333 0.450000
vt 0.979167 0.450000
vt 0.000000 0.475000
vt 0.020833 0.475000
vt 0.041667 0.475000
vt 0.062500 0.475000
vt 0.083333 0.475000
vt 0.104167 0.475000
vt 0.125000 0.475000
vt 0.145833 0.475000
vt 0.166667 0.475000
vt 0.187500 0.475000
vt 0.208333 0.475000
vt 0.229167 0.475000
vt 0.250000 0.475000
vt 0.270833 0.475000
vt 0.291667 0.475000
vt 0.312500 0.475000
vt 0.333333 0.475000
vt 0.354167 0.475000
vt 0.375000 0.475000
vt 0.395833 0.475000
vt 0.416667 0.475000
vt 0.437500 0.475000
vt 0.458333 0.475000
vt 0.479167 0.475000
vt 0.500000 0.475000
vt 0.520833 0.475000
vt 0.541667 0.475000
vt 0.562500 0.475000
vt 0.583333 0.475000
vt 0.604167 0.475000
vt 0.625000 0.475000
vt 0.645833 0.475000
vt 0.666667 0.475000
vt 0.687500 0.475000
vt 0.708333 0.475000
vt 0.729167 0.475000
vt 0.750000 0.475000
vt 0.770833 0.475000
vt 0.791667 0.475000
vt 0.812500 0.475000
vt 0.833333 0.475000
vt 0.854167 0.475000
vt 0.875000 0.475000
vt 0.895833 0.475000
vt 0.916667 0.475000
vt 0.937500 0.475000
vt 0.958333 0.475000
vt 0.979167 0.475000
vt 0.000000 0.500000
vt 0.020833 0.500000
vt 0.041667 0.500000
vt 0.062500 0.500000
vt 0.083333 0.500000
vt 0.104167 0.500000
vt 0.125000 0.500000
vt 0.145833 0.500000
vt 0.166667 0.500000
vt 0.187500 0.500000
vt 0.208333 0.500000
vt 0.229167 0.500000
vt 0.250000 0.500000
vt 0.270833 0.500000
vt 0.291667 0.500000
vt 0.312500 0.500000
vt 0.333333 0.500000
vt 0.354167 0.500000
vt 0.375000 0.500000
vt 0.395833 0.500000
vt 0.416667 0.500000
vt 0.437500 0.500000
vt 0.458333 0.500000
vt 0.479167 0.500000
vt 0.500000 0.500000
vt 0.520833 0.500000
vt 0.541667 0.500000
vt 0.562500 0.500000
vt 0.583333 0.500000
vt 0.604167 0.500000
vt 0.625000 0.500000
vt 0.645833 0.500000
vt 0.666667 0.500000
vt 0.687500 0.500000
vt 0.708333 0.500000
vt 0.729167 0.500000
vt 0.750000 0.500000
vt 0.770833 0.500000
vt 0.791667 0.500000
vt 0.812500 0.500000
vt 0.833333 0.500000
vt 0.854167 0.500000
vt 0.875000 0.500000
vt 0.895833 0.500000
vt 0.916667 0.500000
vt 0.937500 0.500000
vt 0.958333 0.500000
vt 0.979167 0.500000
vt 0.000000 0.525000
vt 0.020833 0.525000
vt 0.041667 0.525000
vt 0.062500 0.525000
vt 0.083333 0.525000
vt 0.104167 0.525000
vt 0.125000 0.525000
vt 0.145833 0.525000
vt 0.166667 0.525000
vt 0.187500 0.525000
vt 0.208333 0.525000
vt 0.229167 0.525000
vt 0.250000 0.525000
vt 0.270833 0.525000
vt 0.291667 0.525000
vt 0.312500 0.525000
vt 0.333333 0.525000
vt 0.354167 0.525000
vt 0.375000 0.525000
vt 0.395833 0.525000
vt 0.416667 0.525000
vt 0.437500 0.525000
vt 0.458333 0.525000
vt 0.479167 0.525000
vt 0.500000 0.525000
vt 0.520833 0.525000
vt 0.541667 0.525000
vt 0.562500 0.525000
vt 0.583333 0.525000
vt 0.604167 0.525000
vt 0.625000 0.525000
vt 0.645833 0.525000
vt 0.666667 0.525000
vt 0.687500 0.525000
vt 0.708333 0.525000
vt 0.729167 0.525000
vt 0.750000 0.525000
vt 0.770833 0.525000
vt 0.791667 0.525000
vt 0.812500 0.525000
vt 0.833333 0.525000
vt 0.854167 0.525000
vt 0.875000 0.525000
vt 0.895833 0.525000
vt 0.916667 0.525000
vt 0.937500 0.525000
vt 0.958333 0.525000
vt 0.979167 0.525000
vt 0.000000 0.550000
vt 0.020833 0.550000
vt 0.041667 0.550000
vt 0.062500 0.550000
vt 0.083333 0.550000
vt 0.104167 0.550000
vt 0.125000 0.550000
vt 0.145833 0.550000
vt 0.166667 0.550000
vt 0.187500 0.550000
vt 0.208333 0.550000
vt 0.229167 0.550000
vt 0.250000 0.550000
vt 0.270833 0.550000
vt 0.291667 0.550000
vt 0.312500 0.550000
vt 0.333333 0.550000
vt 0.354167 0.550000
vt 0.375000 0.550000
vt 0.395833 0.550000
vt 0.416667 0.550000
vt 0.437500 0.550000
vt 0.458333 0.550000
vt 0.479167 0.550000
vt 0.500000 0.550000
vt 0.520833 0.550000
vt 0.541667 0.550000
vt 0.562500 0.550000
vt 0.583333 0.550000
vt 0.604167 0.550000
vt 0.625000 0.550000
vt 0.645833 0.550000
vt 0.666667 0.550000
vt 0.687500 0.550000
vt 0.708333 0.550000
vt 0.729167 0.550000
vt 0.750000 0.550000
vt 0.770833 0.550000
vt 0.791667 0.550000
vt 0.812500 0.550000
vt 0.833333 0.550000
vt 0.854167 0.550000
vt 0.875000 0.550000
vt 0.895833 0.550000
vt 0.916667 0.550000
vt 0.937500 0.550000
vt 0.958333 0.550000
vt 0.979167 0.550000
vt 0.000000 0.575000
vt 0.020833 0.575000
vt 0.041667 0.575000
vt 0.062500 0.575000
vt 0.083333 0.575000
vt 0.104167 0.575000
vt 0.125000 0.575000
vt 0.145833 0.575000
vt 0.166667 0.575000
vt 0.187500 0.575000
vt 0.208333 0.575000
vt 0.229167 0.575000
vt 0.250000 0.575000
vt 0.270833 0.575000
vt 0.291667 0.575000
vt 0.312500 0.575000
vt 0.333333 0.575000
vt 0.354167 0.575000
vt 0.375000 0.575000
vt 0.395833 0.575000
vt 0.416667 0.575000
vt 0.437500 0.575000
vt 0.458333 0.575000
vt 0.479167 0.575000
vt 0.500000 0.575000
vt 0.520833 0.575000
vt 0.541667 0.575000
vt 0.562500 0.575000
vt 0.583333 0.575000
vt 0.604167 0.575000
vt 0.625000 0.575000
vt 0.645833 0.575000
vt 0.666667 0.575000
vt 0.687500 0.575000
vt 0.708333 0.575000
vt 0.729167 0.575000
vt 0.750000 0.575000
vt 0.770833 0.575000
vt 0.791667 0.575000
vt 0.812500 0.575000
vt 0.833333 0.575000
vt 0.854167 0.575000
vt 0.875000 0.575000
vt 0.895833 0.575000
vt 0.916667 0.575000
vt 0.937500 0.575000
vt 0.958333 0.575000
vt 0.979167 0.575000
vt 0.000000 0.600000
vt 0.020833 0.600000
vt 0.041667 0.600000
vt 0.062500 0.600000
vt 0.083333 0.600000
vt 0.104167 0.600000
vt 0.125000 0.600000
vt 0.145833 0.600000
vt 0.166667 0.600000
vt 0.187500 0.600000
vt 0.208333 0.600000
vt 0.229167 0.600000
vt 0.250000 0.600000
vt 0.270833 0.600000
vt 0.291667 0.600000
vt 0.312500 0.600000
vt 0.333333 0.600000
vt 0.354167 0.600000
vt 0.375000 0.600000
vt 0.395833 0.600000
vt 0.416667 0.600000
vt 0.437500 0.600000
vt 0.458333 0.600000
vt 0.479167 0.600000
vt 0.500000 0.600000
vt 0.520833 0.600000
vt 0.541667 0.600000
vt 0.562500 0.600000
vt 0.583333 0.600000
vt 0.604167 0.600000
vt 0.625000 0.600000
vt 0.645833 0.600000
vt 0.666667 0.600000
vt 0.687500 0.600000
vt 0.708333 0.600000
vt 0.729167 0.600000
vt 0.750000 0.600000
vt 0.770833 0.600000
vt 0.791667 0.600000
vt 0.812500 0.600000
vt 0.833333 0.600000
vt 0.854167 0.600000
vt 0.875000 0.600000
vt 0.895833 0.600000
vt 0.916667 0.600000
vt 0.937500 0.600000
vt 0.958333 0.600000
vt 0.979167 0.600000
vt 0.000000 0.625000
vt 0.020833 0.625000
vt 0.041667 0.625000
vt 0.062500 0.625000
vt 0.083333 0.625000
vt 0.104167 0.625000
vt 0.125000 0.625000
vt 0.145833 0.625000
vt 0.166667 0.625000
vt 0.187500 0.625000
vt 0.208333 0.625000
vt 0.229167 0.625000
vt 0.250000 0.625000
vt 0.270833 0.625000
vt 0.291667 0.625000
vt 0.312500 0.625000
vt 0.333333 0.625000
vt 0.354167 0.625000
vt 0.375000 0.625000
vt 0.395833 0.625000
vt 0.416667 0.625000
vt 0.437500 0.625000
vt 0.458333 0.625000
vt 0.479167 0.625000
vt 0.500000 0.625000
vt 0.520833 0.625000
vt 0.541667 0.625000
vt 0.562500 0.625000
vt 0.583333 0.625000
vt 0.604167 0.625000
vt 0.625000 0.625000
vt 0.645833 0.625000
vt 0.666667 0.625000
vt 0.687500 0.625000
vt 0.708333 0.625000
vt 0.729167 0.625000
vt 0.750000 0.625000
vt 0.770833 0.625000
vt 0.791667 0.625000
vt 0.812500 0.625000
vt 0.833333 0.625000
vt 0.854167 0.625000
vt 0.875000 0.625000
vt 0.895833 0.625000
vt 0.916667 0.625000
vt 0.937500 0.625000
vt 0.958333 0.625000
vt 0.979167 0.625000
vt 0.000000 0.650000
vt 0.020833 0.650000
vt 0.041667 0.650000
vt 0.062500 0.650000
vt 0.083333 0.650000
vt 0.104167 0.650000
vt 0.125000 0.650000
vt 0.145833 0.650000
vt 0.166667 0.650000
vt 0.187500 0.650000
vt 0.208333 0.650000
vt 0.229167 0.650000
vt 0.250000 0.650000
vt 0.270833 0.650000
vt 0.291667 0.650000
vt 0.312500 0.650000
vt 0.333333 0.650000
vt 0.354167 0.650000
vt 0.375000 0.650000
vt 0.395833 0.650000
vt 0.416667 0.650000
vt 0.437500 0.650000
vt 0.458333 0.650000
vt 0.479167 0.650000
vt 0.500000 0.650000
vt 0.520833 0.650000
vt 0.541667 0.650000
vt 0.562500 0.650000
vt 0.583333 0.650000
vt 0.604167 0.650000
vt 0.625000 0.650000
vt 0.645833 0.650000
vt 0.666667 0.650000
vt 0.687500 0.650000
vt 0.708333 0.650000
vt 0.729167 0.650000
vt 0.750000 0.650000
vt 0.770833 0.650000
vt 0.791667 0.650000
vt 0.812500 0.650000
vt 0.833333 0.650000
vt 0.854167 0.650000
vt 0.875000 0.650000
vt 0.895833 0.650000
vt 0.916667 0.650000
vt 0.937500 0.650000
vt 0.958333 0.650000
vt 0.979167 0.650000
vt 0.000000 0.675000
vt 0.020833 0.675000
vt 0.041667 0.675000
vt 0.062500 0.675000
vt 0.083333 0.675000
vt 0.104167 0.675000
vt 0.125000 0.675000
vt 0.145833 0.675000
vt 0.166667 0.675000
vt 0.187500 0.675000
vt 0.208333 0.675000
vt 0.229167 0.675000
vt 0.250000 0.675000
vt 0.270833 0.675000
vt 0.291667 0.675000
vt 0.312500 0.675000
vt 0.333333 0.675000
vt 0.354167 0.675000
vt 0.375000 0.675000
vt 0.395833 0.675000
vt 0.416667 0.675000
vt 0.437500 0.675000
vt 0.458333 0.675000
vt 0.479167 0.675000
vt 0.500000 0.675000
vt 0.520833 0.675000
vt 0.541667 0.675000
vt 0.562500 0.675000
vt 0.583333 0.675000
vt 0.604167 0.675000
vt 0.625000 0.675000
vt 0.645833 0.675000
vt 0.666667 0.675000
vt 0.687500 0.675000
vt 0.708333 0.675000
vt 0.729167 0.675000
vt 0.750000 0.675000
vt 0.770833 0.675000
vt 0.791667 0.675000
vt 0.812500 0.675000
vt 0.833333 0.675000
vt 0.854167 0.675000
vt 0.875000 0.675000
vt 0.895833 0.675000
vt 0.916667 0.675000
vt 0.937500 0.675000
vt 0.958333 0.675000
vt 0.979167 0.675000
vt 0.000000 0.700000
vt 0.020833 0.700000
vt 0.041667 0.700000
vt 0.062500 0.700000
vt 0.083333 0.700000
vt 0.104167 0.700000
vt 0.125000 0.700000
vt 0.145833 0.700000
vt 0.166667 0.700000
vt 0.187500 0.700000
vt 0.208333 0.700000
vt 0.229167 0.700000
vt 0.250000 0.700000
vt 0.270833 0.700000
vt 0.291667 0.700000
vt 0.312500 0.700000
vt 0.333333 0.700000
vt 0.354167 0.700000
vt 0.375000 0.700000
vt 0.395833 0.700000
vt 0.416667 0.700000
vt 0.437500 0.700000
vt 0.458333 0.700000
vt 0.479167 0.700000
vt 0.500000 0.700000
vt 0.520833 0.700000
vt 0.541667 0.700000
vt 0.562500 0.700000
vt 0.583333 0.700000
vt 0.604167 0.700000
vt 0.625000 0.700000
vt 0.645833 0.700000
vt 0.666667 0.700000
vt 0.687500 0.700000
vt 0.708333 0.700000
vt 0.729167 0.700000
vt 0.750000 0.700000
vt 0.770833 0.700000
vt 0.791667 0.700000
vt 0.812500 0.700000
vt 0.833333 0.700000
vt 0.854167 0.700000
vt 0.875000 0.700000
vt 0.895833 0.700000
vt 0.916667 0.700000
vt 0.937500 0.700000
vt 0.958333 0.700000
vt 0.979167 0.700000
vt 0.000000 0.725000
vt 0.020833 0.725000
vt 0.041667 0.725000
vt 0.062500 0.725000
vt 0.083333 0.725000
vt 0.104167 0.725000
vt 0.125000 0.725000
vt 0.145833 0.725000
vt 0.166667 0.725000
vt 0.187500 0.725000
vt 0.208333 0.725000
vt 0.229167 0.725000
vt 0.250000 0.725000
vt 0.270833 0.725000
vt 0.291667 0.725000
vt 0.312500 0.725000
vt 0.333333 0.725000
vt 0.354167 0.725000
vt 0.375000 0.725000
vt 0.395833 0.725000
vt 0.416667 0.725000
vt 0.437500 0.725000
vt 0.458333 0.725000
vt 0.479167 0.725000
vt 0.500000 0.725000
vt 0.520833 0.725000
vt 0.541667 0.725000
vt 0.562500 0.725000
vt 0.583333 0.725000
vt 0.604167 0.725000
vt 0.625000 0.725000
vt 0.645833 0.725000
vt 0.666667 0.725000
vt 0.687500 0.725000
vt 0.708333 0.725000
vt 0.729167 0.725000
vt 0.750000 0.725000
vt 0.770833 0.725000
vt 0.791667 0.725000
vt 0.812500 0.725000
vt 0.833333 0.725000
vt 0.854167 0.725000
vt 0.875000 0.725000
vt 0.895833 0.725000
vt 0.916667 0.725000
vt 0.937500 0.725000
vt 0.958333 0.725000
vt 0.979167 0.725000
vt 0.000000 0.750000
vt 0.020833 0.750000
vt 0.041667 0.750000
vt 0.062500 0.750000
vt 0.083333 0.750000
vt 0.104167 0.750000
vt 0.125000 0.750000
vt 0.145833 0.750000
vt 0.166667 0.750000
vt 0.187500 0.750000
vt 0.208333 0.750000
vt 0.229167 0.750000
vt 0.250000 0.750000
vt 0.270833 0.750000
vt 0.291667 0.750000
vt 0.312500 0.750000
vt 0.333333 0.750000
vt 0.354167 0.750000
vt 0.375000 0.750000
vt 0.395833 0.750000
vt 0.416667 0.750000
vt 0.437500 0.750000
vt 0.458333 0.750000
vt 0.479167 0.750000
vt 0.500000 0.750000
vt 0.520833 0.750000
vt 0.541667 0.750000
vt 0.562500 0.750000
vt 0.583333 0.750000
vt 0.604167 0.750000
vt 0.625000 0.750000
vt 0.645833 0.750000
vt 0.666667 0.750000
vt 0.687500 0.750000
vt 0.708333 0.750000
vt 0.729167 0.750000
vt 0.750000 0.750000
vt 0.770833 0.750000
vt 0.791667 0.750000
vt 0.812500 0.750000
vt 0.833333 0.750000
vt 0.854167 0.750000
vt 0.875000 0.750000
vt 0.895833 0.750000
vt 0.916667 0.750000
vt 0.937500 0.750000
vt 0.958333 0.750000
vt 0.979167 0.750000
vt 0.000000 0.775000
vt 0.020833 0.775000
vt 0.041667 0.775000
vt 0.062500 0.775000
vt 0.083333 0.775000
vt 0.104167 0.775000
vt 0.125000 0.775000
vt 0.145833 0.775000
vt 0.166667 0.775000
vt 0.187500 0.775000
vt 0.208333 0.775000
vt 0.229167 0.775000
vt 0.250000 0.775000
vt 0.270833 0.775000
vt 0.291667 0.775000
vt 0.312500 0.775000
vt 0.333333 0.775000
vt 0.354167 0.775000
vt 0.375000 0.775000
vt 0.395833 0.775000
vt 0.416667 0.775000
vt 0.437500 0.775000
vt 0.458333 0.775000
vt 0.479167 0.775000
vt 0.500000 0.775000
vt 0.520833 0.775000
vt 0.541667 0.775000
vt 0.562500 0.775000
vt 0.583333 0.775000
vt 0.604167 0.775000
vt 0.625000 0.775000
vt 0.645833 0.775000
vt 0.666667 0.775000
vt 0.687500 0.775000
vt 0.708333 0.775000
vt 0.729167 0.775000
vt 0.750000 0.775000
vt 0.770833 0.775000
vt 0.791667 0.775000
vt 0.812500 0.775000
vt 0.833333 0.775000
vt 0.854167 0.775000
vt 0.875000 0.775000
vt 0.895833 0.775000
vt 0.916667 0.775000
vt 0.937500 0.775000
vt 0.958333 0.775000
vt 0.979167 0.775000
vt 0.000000 0.800000
vt 0.020833 0.800000
vt 0.041667 0.800000
vt 0.062500 0.800000
vt 0.083333 0.800000
vt 0.104167 0.800000
vt 0.125000 0.800000
vt 0.145833 0.800000
vt 0.166667 0.800000
vt 0.187500 0.800000
vt 0.208333 0.800000
vt 0.229167 0.800000
vt 0.250000 0.800000
vt 0.270833 0.800000
vt 0.291667 0.800000
vt 0.312500 0.800000
vt 0.333333 0.800000
vt 0.354167 0.800000
vt 0.375000 0.800000
vt 0.395833 0.800000
vt 0.416667 0.800000
vt 0.437500 0.800000
vt 0.458333 0.800000
vt 0.479167 0.800000
vt 0.500000 0.800000
vt 0.520833 0.800000
vt 0.541667 0.800000
vt 0.562500 0.800000
vt 0.583333 0.800000
vt 0.604167 0.800000
vt 0.625000 0.800000
vt 0.645833 0.800000
vt 0.666667 0.800000
vt 0.687500 0.800000
vt 0.708333 0.800000
vt 0.729167 0.800000
vt 0.750000 0.800000
vt 0.770833 0.800000
vt 0.791667 0.800000
vt 0.812500 0.800000
vt 0.833333 0.800000
vt 0.854167 0.800000
vt 0.875000 0.800000
vt 0.895833 0.800000
vt 0.916667 0.800000
vt 0.937500 0.800000
vt 0.958333 0.800000
vt 0.979167 0.800000
vt 0.000000 0.825000
vt 0.020833 0.825000
vt 0.041667 0.825000
vt 0.062500 0.825000
vt 0.083333 0.825000
vt 0.104167 0.825000
vt 0.125000 0.825000
vt 0.145833 0.825000
vt 0.166667 0.825000
vt 0.187500 0.825000
vt 0.208333 0.825000
vt 0.229167 0.825000
vt 0.250000 0.825000
vt 0.270833 0.825000
vt 0.291667 0.825000
vt 0.312500 0.825000
vt 0.333333 0.825000
vt 0.354167 0.825000
vt 0.375000 0.825000
vt 0.395833 0.825000
vt 0.416667 0.825000
vt 0.437500 0.825000
vt 0.458333 0.825000
vt 0.479167 0.825000
vt 0.500000 0.825000
vt 0.520833 0.825000
vt 0.541667 0.825000
vt 0.562500 0.825000
vt 0.583333 0.825000
vt 0.604167 0.825000
vt 0.625000 0.825000
vt 0.645833 0.825000
vt 0.666667 0.825000
vt 0.687500 0.825000
vt 0.708333 0.825000
vt 0.729167 0.825000
vt 0.750000 0.825000
vt 0.770833 0.825000
vt 0.791667 0.825000
vt 0.812500 0.825000
vt 0.833333 0.825000
vt 0.854167 0.825000
vt 0.875000 0.825000
vt 0.895833 0.825000
vt 0.916667 0.825000
vt 0.937500 0.825000
vt 0.958333 0.825000
vt 0.979167 0.825000
vt 0.000000 0.850000
vt 0.020833 0.850000
vt 0.041667 0.850000
vt 0.062500 0.850000
vt 0.083333 0.850000
vt 0.104167 0.850000
vt 0.125000 0.850000
vt 0.145833 0.850000
vt 0.166667 0.850000
vt 0.187500 0.850000
vt 0.208333 0.850000
vt 0.229167 0.850000
vt 0.250000 0.850000
vt 0.270833 0.850000
vt 0.291667 0.850000
vt 0.312500 0.850000
vt 0.333333 0.850000
vt 0.354167 0.850000
vt 0.375000 0.850000
vt 0.395833 0.850000
vt 0.416667 0.850000
vt 0.437500 0.850000
vt 0.458333 0.850000
vt 0.479167 0.850000
vt 0.500000 0.850000
vt 0.520833 0.850000
vt 0.541667 0.850000
vt 0.562500 0.850000
vt 0.583333 0.850000
vt 0.604167 0.850000
vt 0.625000 0.850000
vt 0.645833 0.850000
vt 0.666667 0.850000
vt 0.687500 0.850000
vt 0.708333 0.850000
vt 0.729167 0.850000
vt 0.750000 0.850000
vt 0.770833 0.850000
vt 0.791667 0.850000
vt 0.812500 0.850000
vt 0.833333 0.850000
vt 0.854167 0.850000
vt 0.875000 0.850000
vt 0.895833 0.850000
vt 0.916667 0.850000
vt 0.937500 0.850000
vt 0.958333 0.850000
vt 0.979167 0.850000
vt 0.000000 0.875000
vt 0.020833 0.875000
vt 0.041667 0.875000
vt 0.062500 0.875000
vt 0.083333 0.875000
vt 0.104167 0.875000
vt 0.125000 0.875000
vt 0.145833 0.875000
vt 0.166667 0.875000
vt 0.187500 0.875000
vt 0.208333 0.875000
vt 0.229167 0.875000
vt 0.250000 0.875000
vt 0.270833 0.875000
vt 0.291667 0.875000
vt 0.312500 0.875000
vt 0.333333 0.875000
vt 0.354167 0.875000
vt 0.375000 0.875000
vt 0.395833 0.875000
vt 0.416667 0.875000
vt 0.437500 0.875000
vt 0.458333 0.875000
vt 0.479167 0.875000
vt 0.500000 0.875000
vt 0.520833 0.875000
vt 0.541667 0.875000
vt 0.562500 0.875000
vt 0.583333 0.875000
vt 0.604167 0.875000
vt 0.625000 0.875000
vt 0.645833 0.875000
vt 0.666667 0.875000
vt 0.687500 0.875000
vt 0.708333 0.875000
vt 0.729167 0.875000
vt 0.750000 0.875000
vt 0.770833 0.875000
vt 0.791667 0.875000
vt 0.812500 0.875000
vt 0.833333 0.875000
vt 0.854167 0.875000
vt 0.875000 0.875000
vt 0.895833 0.875000
vt 0.916667 0.875000
vt 0.937500 0.875000
vt 0.958333 0.875000
vt 0.979167 0.875000
vt 0.000000 0.900000
vt 0.020833 0.900000
vt 0.041667 0.900000
vt 0.062500 0.900000
vt 0.083333 0.900000
vt 0.104167 0.900000
vt 0.125000 0.900000
vt 0.145833 0.900000
vt 0.166667 0.900000
vt 0.187500 0.900000
vt 0.208333 0.900000
vt 0.229167 0.900000
vt 0.250000 0.900000
vt 0.270833 0.900000
vt 0.291667 0.900000
vt 0.312500 0.900000
vt 0.333333 0.900000
vt 0.354167 0.900000
vt 0.375000 0.900000
vt 0.395833 0.900000
vt 0.416667 0.900000
vt 0.437500 0.900000
vt 0.458333 0.900000
vt 0.479167 0.900000
vt 0.500000 0.900000
vt 0.520833 0.900000
vt 0.541667 0.900000
vt 0.562500 0.900000
vt 0.583333 0.900000
vt 0.604167 0.900000
vt 0.625000 0.900000
vt 0.645833 0.900000
vt 0.666667 0.900000
vt 0.687500 0.900000
vt 0.708333 0.900000
vt 0.729167 0.900000
vt 0.750000 0.900000
vt 0.770833 0.900000
vt 0.791667 0.900000
vt 0.812500 0.900000
vt 0.833333 0.900000
vt 0.854167 0.900000
vt 0.875000 0.900000
vt 0.895833 0.900000
vt 0.916667 0.900000
vt 0.937500 0.900000
vt 0.958333 0.900000
vt 0.979167 0.900000
vt 0.000000 0.925000
vt 0.020833 0.925000
vt 0.041667 0.925000
vt 0.062500 0.925000
vt 0.083333 0.925000
vt 0.104167 0.925000
vt 0.125000 0.925000
vt 0.145833 0.925000
vt 0.166667 0.925000
vt 0.187500 0.925000
vt 0.208333 0.925000
vt 0.229167 0.925000
vt 0.250000 0.925000
vt 0.270833 0.925000
vt 0.291667 0.925000
vt 0.312500 0.925000
vt 0.333333 0.925000
vt 0.354167 0.925000
vt 0.375000 0.925000
vt 0.395833 0.925000
vt 0.416667 0.925000
vt 0.437500 0.925000
vt 0.458333 0.925000
vt 0.479167 0.925000
vt 0.500000 0.925000
vt 0.520833 0.925000
vt 0.541667 0.925000
vt 0.562500 0.925000
vt 0.583333 0.925000
vt 0.604167 0.925000
vt 0.625000 0.925000
vt 0.645833 0.925000
vt 0.666667 0.925000
vt 0.687500 0.925000
vt 0.708333 0.925000
vt 0.729167 0.925000
vt 0.750000 0.925000
vt 0.770833 0.925000
vt 0.791667 0.925000
vt 0.812500 0.925000
vt 0.833333 0.925000
vt 0.854167 0.925000
vt 0.875000 0.925000
vt 0.895833 0.925000
vt 0.916667 0.925000
vt 0.937500 0.925000
vt 0.958333 0.925000
vt 0.979167 0.925000
vt 0.000000 0.950000
vt 0.020833 0.950000
vt 0.041667 0.950000
vt 0.062500 0.950000
vt 0.083333 0.950000
vt 0.104167 0.950000
vt 0.125000 0.950000
vt 0.145833 0.950000
vt 0.166667 0.950000
vt 0.187500 0.950000
vt 0.208333 0.950000
vt 0.229167 0.950000
vt 0.250000 0.950000
vt 0.270833 0.950000
vt 0.291667 0.950000
vt 0.312500 0.950000
vt 0.333333 0.950000
vt 0.354167 0.950000
vt 0.375000 0.950000
vt 0.395833 0.950000
vt 0.416667 0.950000
vt 0.437500 0.950000
vt 0.458333 0.950000
vt 0.479167 0.950000
vt 0.500000 0.950000
vt 0.520833 0.950000
vt 0.541667 0.950000
vt 0.562500 0.950000
vt 0.583333 0.950000
vt 0.604167 0.950000
vt 0.625000 0.950000
vt 0.645833 0.950000
vt 0.666667 0.950000
vt 0.687500 0.950000
vt 0.708333 0.950000
vt 0.729167 0.950000
vt 0.750000 0.950000
vt 0.770833 0.950000
vt 0.791667 0.950000
vt 0.812500 0.950000
vt 0.833333 0.950000
vt 0.854167 0.950000
vt 0.875000 0.950000
vt 0.895833 0.950000
vt 0.916667 0.950000
vt 0.937500 0.950000
vt 0.958333 0.950000
vt 0.979167 0.950000
vt 0.000000 0.975000
vt 0.020833 0.975000
vt 0.041667 0.975000
vt 0.062500 0.975000
vt 0.083333 0.975000
vt 0.104167 0.975000
vt 0.125000 0.975000
vt 0.145833 0.975000
vt 0.166667 0.975000
vt 0.187500 0.975000
vt 0.208333 0.975000
vt 0.229167 0.975000
vt 0.250000 0.975000
vt 0.270833 0.975000
vt 0.291667 0.975000
vt 0.312500 0.975000
vt 0.333333 0.975000
vt 0.354167 0.975000
vt 0.375000 0.975000
vt 0.395833 0.975000
vt 0.416667 0.975000
vt 0.437500 0.975000
vt 0.458333 0.975000
vt 0.479167 0.975000
vt 0.500000 0.975000
vt 0.520833 0.975000
vt 0.541667 0.975000
vt 0.562500 0.975000
vt 0.583333 0.975000
vt 0.604167 0.975000
vt 0.625000 0.975000
vt 0.645833 0.975000
vt 0.666667 0.975000
vt 0.687500 0.975000
vt 0.708333 0.975000
vt 0.729167 0.975000
vt 0.750000 0.975000
vt 0.770833 0.975000
vt 0.791667 0.975000
vt 0.812500 0.975000
vt 0.833333 0.975000
vt 0.854167 0.975000
vt 0.875000 0.975000
vt 0.895833 0.975000
vt 0.916667 0.975000
vt 0.937500 0.975000
vt 0.958333 0.975000
vt 0.979167 0.975000
vt 0.000000 1.000000
vt 0.020833 1.000000
vt 0.041667 1.000000
vt 0.062500 1.000000
vt 0.083333 1.000000
vt 0.104167 1.000000
vt 0.125000 1.000000
vt 0.145833 1.000000
vt 0.166667 1.000000
vt 0.187500 1.000000
vt 0.208333 1.000000
vt 0.229167 1.000000
vt 0.250000 1.000000
vt 0.270833 1.000000
vt 0.291667 1.000000
vt 0.312500 1.000000
vt 0.333333 1.000000
vt 0.354167 1.000000
vt 0.375000 1.000000
vt 0.395833 1.000000
vt 0.416667 1.000000
vt 0.437500 1.000000
vt 0.458333 1.000000
vt 0.479167 1.000000
vt 0.500000 1.000000
vt 0.520833 1.000000
vt 0.541667 1.000000
vt 0.562500 1.000000
vt 0.583333 1.000000
vt 0.604167 1.000000
vt 0.625000 1.000000
vt 0.645833 1.000000
vt 0.666667 1.000000
vt 0.687500 1.000000
vt 0.708333 1.000000
vt 0.729167 1.000000
vt 0.750000 1.000000
vt 0.770833 1.000000
vt 0.791667 1.000000
vt 0.812500 1.000000
vt 0.833333 1.000000
vt 0.854167 1.000000
vt 0.875000 1.000000
vt 0.895833 1.000000
vt 0.916667 1.000000
vt 0.937500 1.000000
vt 0.958333 1.000000
vt 0.979167 1.000000
vt 0.000000 0.000000
vt 0.125000 0.000000
vt 0.250000 0.000000
vt 0.375000 0.000000
vt 0.500000 0.000000
vt 0.625000 0.000000
vt 0.750000 0.000000
vt 0.875000 0.000000
vt 0.000000 1.000000
vt 0.125000 1.000000
vt 0.250000 1.000000
vt 0.375000 1.000000
vt 0.500000 1.000000
vt 0.625000 1.000000
vt 0.750000 1.000000
vt 0.875000 1.000000
vn 0.278879 0.018279 -0.960152
vn 0.274108 0.054523 -0.960152
vn 0.264646 0.089835 -0.960152
vn 0.250656 0.123610 -0.960152
vn 0.232377 0.155270 -0.960152
vn 0.210122 0.184272 -0.960152
vn 0.184272 0.210122 -0.960152
vn 0.155270 0.232377 -0.960152
vn 0.123610 0.250656 -0.960152
vn 0.089835 0.264646 -0.960152
vn 0.054523 0.274108 -0.960152
vn 0.018279 0.278879 -0.960152
vn -0.018279 0.278879 -0.960152
vn -0.054523 0.274108 -0.960152
vn -0.089835 0.264646 -0.960152
vn -0.123610 0.250656 -0.960152
vn -0.155270 0.232377 -0.960152
vn -0.184272 0.210122 -0.960152
vn -0.210122 0.184272 -0.960152
vn -0.232377 0.155270 -0.960152
vn -0.250656 0.123610 -0.960152
vn -0.264646 0.089835 -0.960152
vn -0.274108 0.054523 -0.960152
vn -0.278879 0.018279 -0.960152
vn -0.278879 -0.018279 -0.960152
vn -0.274108 -0.054523 -0.960152
vn -0.264646 -0.089835 -0.960152
vn -0.250656 -0.123610 -0.960152
vn -0.232377 -0.155270 -0.960152
vn -0.210122 -0.184272 -0.960152
vn -0.184272 -0.210122 -0.960152
vn -0.155270 -0.232377 -0.960152
vn -0.123610 -0.250656 -0.960152
vn -0.089835 -0.264646 -0.960152
vn -0.054523 -0.274108 -0.960152
vn -0.018279 -0.278879 -0.960152
vn 0.018279 -0.278879 -0.960152
vn 0.054523 -0.274108 -0.960152
vn 0.089835 -0.264646 -0.960152
vn 0.123610 -0.250656 -0.960152
vn 0.155270 -0.232377 -0.960152
vn 0.184272 -0.210122 -0.960152
vn 0.210122 -0.184272 -0.960152
vn 0.232377 -0.155270 -0.960152
vn 0.250656 -0.123610 -0.960152
vn 0.264646 -0.089835 -0.960152
vn 0.274108 -0.054523 -0.960152
vn 0.278879 -0.018279 -0.960152
vn 0.323140 0.006501 -0.946329
vn 0.319527 0.048623 -0.946329
vn 0.310447 0.089914 -0.946329
vn 0.296055 0.129666 -0.946329
vn 0.276597 0.167200 -0.946329
vn 0.252407 0.201872 -0.946329
vn 0.223898 0.233091 -0.946329
vn 0.191558 0.260322 -0.946329
vn 0.155940 0.283098 -0.946329
vn 0.117655 0.301030 -0.946329
vn 0.077356 0.313812 -0.946329
vn 0.035733 0.321224 -0.946329
vn -0.006501 0.323140 -0.946329
vn -0.048623 0.319527 -0.946329
vn -0.089914 0.310447 -0.946329
vn -0.129666 0.296055 -0.946329
vn -0.167200 0.276597 -0.946329
vn -0.201872 0.252407 -0.946329
vn -0.233091 0.223898 -0.946329
vn -0.260322 0.191558 -0.946329
vn -0.283098 0.155940 -0.946329
vn -0.301030 0.117655 -0.946329
vn -0.313812 0.077356 -0.946329
vn -0.321224 0.035733 -0.946329
vn -0.323140 -0.006501 -0.946329
vn -0.319527 -0.048623 -0.946329
vn -0.310447 -0.089914 -0.946329
vn -0.296055 -0.129666 -0.946329
vn -0.276597 -0.167200 -0.946329
vn -0.252407 -0.201872 -0.946329
vn -0.223898 -0.233091 -0.946329
vn -0.191558 -0.260322 -0.946329
vn -0.155940 -0.283098 -0.946329
vn -0.117655 -0.301030 -0.946329
vn -0.077356 -0.313812 -0.946329
vn -0.035733 -0.321224 -0.946329
vn 0.006501 -0.323140 -0.946329
vn 0.048623 -0.319527 -0.946329
vn 0.089914 -0.310447 -0.946329
vn 0.129666 -0.296055 -0.946329
vn 0.167200 -0.276597 -0.946329
vn 0.201872 -0.252407 -0.946329
vn 0.233091 -0.223898 -0.946329
vn 0.260322 -0.191558 -0.946329
vn 0.283098 -0.155940 -0.946329
vn 0.301030 -0.117655 -0.946329
vn 0.313812 -0.077356 -0.946329
vn 0.321224 -0.035733 -0.946329
vn 0.322662 0.003304 -0.946508
vn 0.319470 0.045392 -0.946508
vn 0.310813 0.086703 -0.946508
vn 0.296837 0.126530 -0.946508
vn 0.277782 0.164192 -0.946508
vn 0.253974 0.199046 -0.946508
vn 0.225820 0.230493 -0.946508
vn 0.193803 0.257996 -0.946508
vn 0.158470 0.281086 -0.946508
vn 0.120425 0.299365 -0.946508
vn 0.080320 0.312523 -0.946508
vn 0.038840 0.320333 -0.946508
vn -0.003304 0.322662 -0.946508
vn -0.045392 0.319470 -0.946508
vn -0.086703 0.310813 -0.946508
vn -0.126530 0.296837 -0.946508
vn -0.164192 0.277782 -0.946508
vn -0.199046 0.253974 -0.946508
vn -0.230493 0.225820 -0.946508
vn -0.257996 0.193803 -0.946508
vn -0.281086 0.158470 -0.946508
vn -0.299365 0.120425 -0.946508
vn -0.312523 0.080320 -0.946508
vn -0.320333 0.038840 -0.946508
vn -0.322662 -0.003304 -0.946508
vn -0.319470 -0.045392 -0.946508
vn -0.310813 -0.086703 -0.946508
vn -0.296837 -0.126530 -0.946508
vn -0.277782 -0.164192 -0.946508
vn -0.253974 -0.199046 -0.946508
vn -0.225820 -0.230493 -0.946508
vn -0.193803 -0.257996 -0.946508
vn -0.158470 -0.281086 -0.946508
vn -0.120425 -0.299365 -0.946508
vn -0.080320 -0.312523 -0.946508
vn -0.038840 -0.320333 -0.946508
vn 0.003304 -0.322662 -0.946508
vn 0.045392 -0.319470 -0.946508
vn 0.086703 -0.310813 -0.946508
vn 0.126530 -0.296837 -0.946508
vn 0.164192 -0.277782 -0.946508
vn 0.199046 -0.253974 -0.946508
vn 0.230493 -0.225820 -0.946508
vn 0.257996 -0.193803 -0.946508
vn 0.281086 -0.158470 -0.946508
vn 0.299365 -0.120425 -0.946508
vn 0.312523 -0.080320 -0.946508
vn 0.320333 -0.038840 -0.946508
vn 0.307429 0.002257 -0.951568
vn 0.304504 0.042365 -0.951568
vn 0.296369 0.081749 -0.951568
vn 0.283163 0.119733 -0.951568
vn 0.265112 0.155669 -0.951568
vn 0.242525 0.188941 -0.951568
vn 0.215789 0.218981 -0.951568
vn 0.185360 0.245274 -0.951568
vn 0.151759 0.267370 -0.951568
vn 0.115562 0.284891 -0.951568
vn 0.077388 0.297537 -0.951568
vn 0.037890 0.305093 -0.951568
vn -0.002257 0.307429 -0.951568
vn -0.042365 0.304504 -0.951568
vn -0.081749 0.296369 -0.951568
vn -0.119733 0.283163 -0.951568
vn -0.155669 0.265112 -0.951568
vn -0.188941 0.242525 -0.951568
vn -0.218981 0.215789 -0.951568
vn -0.245274 0.185360 -0.951568
vn -0.267370 0.151759 -0.951568
vn -0.284891 0.115562 -0.951568
vn -0.297537 0.077388 -0.951568
vn -0.305093 0.037890 -0.951568
vn -0.307429 -0.002257 -0.951568
vn -0.304504 -0.042365 -0.951568
vn -0.296369 -0.081749 -0.951568
vn -0.283163 -0.119733 -0.951568
vn -0.265112 -0.155669 -0.951568
vn -0.242525 -0.188941 -0.951568
vn -0.215789 -0.218981 -0.951568
vn -0.185360 -0.245274 -0.951568
vn -0.151759 -0.267370 -0.951568
vn -0.115562 -0.284891 -0.951568
vn -0.077388 -0.297537 -0.951568
vn -0.037890 -0.305093 -0.951568
vn 0.002257 -0.307429 -0.951568
vn 0.042365 -0.304504 -0.951568
vn 0.081749 -0.296369 -0.951568
vn 0.119733 -0.283163 -0.951568
vn 0.155669 -0.265112 -0.951568
vn 0.188941 -0.242525 -0.951568
vn 0.218981 -0.215789 -0.951568
vn 0.245274 -0.185360 -0.951568
vn 0.267370 -0.151759 -0.951568
vn 0.284891 -0.115562 -0.951568
vn 0.297537 -0.077388 -0.951568
vn 0.305093 -0.037890 -0.951568
vn 0.366642 0.001698 -0.930361
vn 0.363284 0.049540 -0.930361
vn 0.353709 0.096534 -0.930361
vn 0.338083 0.141877 -0.930361
vn 0.316672 0.184791 -0.930361
vn 0.289843 0.224545 -0.930361
vn 0.258054 0.260456 -0.930361
vn 0.221850 0.291910 -0.930361
vn 0.181850 0.318370 -0.930361
vn 0.138739 0.339383 -0.930361
vn 0.093254 0.354588 -0.930361
vn 0.046173 0.363727 -0.930361
vn -0.001698 0.366642 -0.930361
vn -0.049540 0.363284 -0.930361
vn -0.096534 0.353709 -0.930361
vn -0.141877 0.338083 -0.930361
vn -0.184791 0.316672 -0.930361
vn -0.224545 0.289843 -0.930361
vn -0.260456 0.258054 -0.930361
vn -0.291910 0.221850 -0.930361
vn -0.318370 0.181850 -0.930361
vn -0.339383 0.138739 -0.930361
vn -0.354588 0.093254 -0.930361
vn -0.363727 0.046173 -0.930361
vn -0.366642 -0.001698 -0.930361
vn -0.363284 -0.049540 -0.930361
vn -0.353709 -0.096534 -0.930361
vn -0.338083 -0.141877 -0.930361
vn -0.316672 -0.184791 -0.930361
vn -0.289843 -0.224545 -0.930361
vn -0.258054 -0.260456 -0.930361
vn -0.221850 -0.291910 -0.930361
vn -0.181850 -0.318370 -0.930361
vn -0.138739 -0.339383 -0.930361
vn -0.093254 -0.354588 -0.930361
vn -0.046173 -0.363727 -0.930361
vn 0.001698 -0.366642 -0.930361
vn 0.049540 -0.363284 -0.930361
vn 0.096534 -0.353709 -0.930361
vn 0.141877 -0.338083 -0.930361
vn 0.184791 -0.316672 -0.930361
vn 0.224545 -0.289843 -0.930361
vn 0.260456 -0.258054 -0.930361
vn 0.291910 -0.221850 -0.930361
vn 0.318370 -0.181850 -0.930361
vn 0.339383 -0.138739 -0.930361
vn 0.354588 -0.093254 -0.930361
vn 0.363727 -0.046173 -0.930361
vn 0.530946 0.001316 -0.847405
vn 0.526232 0.070607 -0.847405
vn 0.512514 0.138690 -0.847405
vn 0.490026 0.204400 -0.847405
vn 0.459155 0.266613 -0.847405
vn 0.420426 0.324264 -0.847405
vn 0.374505 0.376366 -0.847405
vn 0.322175 0.422029 -0.847405
vn 0.264333 0.460471 -0.847405
vn 0.201968 0.491034 -0.847405
vn 0.136148 0.513195 -0.847405
vn 0.067997 0.526575 -0.847405
vn -0.001316 0.530946 -0.847405
vn -0.070607 0.526232 -0.847405
vn -0.138690 0.512514 -0.847405
vn -0.204400 0.490026 -0.847405
vn -0.266613 0.459155 -0.847405
vn -0.324264 0.420426 -0.847405
vn -0.376366 0.374505 -0.847405
vn -0.422029 0.322175 -0.847405
vn -0.460471 0.264333 -0.847405
vn -0.491034 0.201968 -0.847405
vn -0.513195 0.136148 -0.847405
vn -0.526575 0.067997 -0.847405
vn -0.530946 -0.001316 -0.847405
vn -0.526232 -0.070607 -0.847405
vn -0.512514 -0.138690 -0.847405
vn -0.490026 -0.204400 -0.847405
vn -0.459155 -0.266613 -0.847405
vn -0.420426 -0.324264 -0.847405
vn -0.374505 -0.376366 -0.847405
vn -0.322175 -0.422029 -0.847405
vn -0.264333 -0.460471 -0.847405
vn -0.201968 -0.491034 -0.847405
vn -0.136148 -0.513195 -0.847405
vn -0.067997 -0.526575 -0.847405
vn 0.001316 -0.530946 -0.847405
vn 0.070607 -0.526232 -0.847405
vn 0.138690 -0.512514 -0.847405
vn 0.204400 -0.490026 -0.847405
vn 0.266613 -0.459155 -0.847405
vn 0.324264 -0.420426 -0.847405
vn 0.376366 -0.374505 -0.847405
vn 0.422029 -0.322175 -0.847405
vn 0.460471 -0.264333 -0.847405
vn 0.491034 -0.201968 -0.847405
vn 0.513195 -0.136148 -0.847405
vn 0.526575 -0.067997 -0.847405
vn 0.683185 0.001031 -0.730245
vn 0.677206 0.090196 -0.730245
vn 0.659639 0.177817 -0.730245
vn 0.630786 0.262396 -0.730245
vn 0.591140 0.342485 -0.730245
vn 0.541380 0.416715 -0.730245
vn 0.482356 0.483814 -0.730245
vn 0.415079 0.542635 -0.730245
vn 0.340700 0.592171 -0.730245
vn 0.260491 0.631575 -0.730245
vn 0.175825 0.660173 -0.730245
vn 0.088151 0.677475 -0.730245
vn -0.001031 0.683185 -0.730245
vn -0.090196 0.677206 -0.730245
vn -0.177817 0.659639 -0.730245
vn -0.262396 0.630786 -0.730245
vn -0.342485 0.591140 -0.730245
vn -0.416715 0.541380 -0.730245
vn -0.483814 0.482356 -0.730245
vn -0.542635 0.415079 -0.730245
vn -0.592171 0.340700 -0.730245
vn -0.631575 0.260491 -0.730245
vn -0.660173 0.175825 -0.730245
vn -0.677475 0.088151 -0.730245
vn -0.683185 -0.001031 -0.730245
vn -0.677206 -0.090196 -0.730245
vn -0.659639 -0.177817 -0.730245
vn -0.630786 -0.262396 -0.730245
vn -0.591140 -0.342485 -0.730245
vn -0.541380 -0.416715 -0.730245
vn -0.482356 -0.483814 -0.730245
vn -0.415079 -0.542635 -0.730245
vn -0.340700 -0.592171 -0.730245
vn -0.260491 -0.631575 -0.730245
vn -0.175825 -0.660173 -0.730245
vn -0.088151 -0.677475 -0.730245
vn 0.001031 -0.683185 -0.730245
vn 0.090196 -0.677206 -0.730245
vn 0.177817 -0.659639 -0.730245
vn 0.262396 -0.630786 -0.730245
vn 0.342485 -0.591140 -0.730245
vn 0.416715 -0.541380 -0.730245
vn 0.483814 -0.482356 -0.730245
vn 0.542635 -0.415079 -0.730245
vn 0.592171 -0.340700 -0.730245
vn 0.631575 -0.260491 -0.730245
vn 0.660173 -0.175825 -0.730245
vn 0.677475 -0.088151 -0.730245
vn 0.731521 0.000904 -0.681819
vn 0.725144 0.096379 -0.681819
vn 0.706361 0.190205 -0.681819
vn 0.675491 0.280776 -0.681819
vn 0.633063 0.366543 -0.681819
vn 0.579804 0.446039 -0.681819
vn 0.516624 0.517902 -0.681819
vn 0.444604 0.580905 -0.681819
vn 0.364977 0.633967 -0.681819
vn 0.279106 0.676183 -0.681819
vn 0.188458 0.706829 -0.681819
vn 0.094586 0.725380 -0.681819
vn -0.000904 0.731521 -0.681819
vn -0.096379 0.725144 -0.681819
vn -0.190205 0.706361 -0.681819
vn -0.280776 0.675491 -0.681819
vn -0.366543 0.633063 -0.681819
vn -0.446039 0.579804 -0.681819
vn -0.517902 0.516624 -0.681819
vn -0.580905 0.444604 -0.681819
vn -0.633967 0.364977 -0.681819
vn -0.676183 0.279106 -0.681819
vn -0.706829 0.188458 -0.681819
vn -0.725380 0.094586 -0.681819
vn -0.731521 -0.000904 -0.681819
vn -0.725144 -0.096379 -0.681819
vn -0.706361 -0.190205 -0.681819
vn -0.675491 -0.280776 -0.681819
vn -0.633063 -0.366543 -0.681819
vn -0.579804 -0.446039 -0.681819
vn -0.516624 -0.517902 -0.681819
vn -0.444604 -0.580905 -0.681819
vn -0.364977 -0.633967 -0.681819
vn -0.279106 -0.676183 -0.681819
vn -0.188458 -0.706829 -0.681819
vn -0.094586 -0.725380 -0.681819
vn 0.000904 -0.731521 -0.681819
vn 0.096379 -0.725144 -0.681819
vn 0.190205 -0.706361 -0.681819
vn 0.280776 -0.675491 -0.681819
vn 0.366543 -0.633063 -0.681819
vn 0.446039 -0.579804 -0.681819
vn 0.517902 -0.516624 -0.681819
vn 0.580905 -0.444604 -0.681819
vn 0.633967 -0.364977 -0.681819
vn 0.676183 -0.279106 -0.681819
vn 0.706829 -0.188458 -0.681819
vn 0.725380 -0.094586 -0.681819
vn 0.774448 0.000796 -0.632636
vn 0.767719 0.101875 -0.632636
vn 0.747854 0.201211 -0.632636
vn 0.715192 0.297104 -0.632636
vn 0.670294 0.387914 -0.632636
vn 0.613926 0.472086 -0.632636
vn 0.547055 0.548181 -0.632636
vn 0.470823 0.614896 -0.632636
vn 0.386535 0.671090 -0.632636
vn 0.295633 0.715802 -0.632636
vn 0.199673 0.748266 -0.632636
vn 0.100296 0.767927 -0.632636
vn -0.000796 0.774448 -0.632636
vn -0.101875 0.767719 -0.632636
vn -0.201211 0.747854 -0.632636
vn -0.297104 0.715192 -0.632636
vn -0.387914 0.670294 -0.632636
vn -0.472086 0.613926 -0.632636
vn -0.548181 0.547055 -0.632636
vn -0.614896 0.470823 -0.632636
vn -0.671090 0.386535 -0.632636
vn -0.715802 0.295633 -0.632636
vn -0.748266 0.199673 -0.632636
vn -0.767927 0.100296 -0.632636
vn -0.774448 -0.000796 -0.632636
vn -0.767719 -0.101875 -0.632636
vn -0.747854 -0.201211 -0.632636
vn -0.715192 -0.297104 -0.632636
vn -0.670294 -0.387914 -0.632636
vn -0.613926 -0.472086 -0.632636
vn -0.547055 -0.548181 -0.632636
vn -0.470823 -0.614896 -0.632636
vn -0.386535 -0.671090 -0.632636
vn -0.295633 -0.715802 -0.632636
vn -0.199673 -0.748266 -0.632636
vn -0.100296 -0.767927 -0.632636
vn 0.000796 -0.774448 -0.632636
vn 0.101875 -0.767719 -0.632636
vn 0.201211 -0.747854 -0.632636
vn 0.297104 -0.715192 -0.632636
vn 0.387914 -0.670294 -0.632636
vn 0.472086 -0.613926 -0.632636
vn 0.548181 -0.547055 -0.632636
vn 0.614896 -0.470823 -0.632636
vn 0.671090 -0.386535 -0.632636
vn 0.715802 -0.295633 -0.632636
vn 0.748266 -0.199673 -0.632636
vn 0.767927 -0.100296 -0.632636
vn 0.812669 0.000702 -0.582725
vn 0.805625 0.106771 -0.582725
vn 0.784796 0.211013 -0.582725
vn 0.750540 0.311644 -0.582725
vn 0.703441 0.406943 -0.582725
vn 0.644306 0.495279 -0.582725
vn 0.574147 0.575141 -0.582725
vn 0.494164 0.645161 -0.582725
vn 0.405726 0.704143 -0.582725
vn 0.310346 0.751077 -0.582725
vn 0.209656 0.785160 -0.582725
vn 0.105378 0.805808 -0.582725
vn -0.000702 0.812669 -0.582725
vn -0.106771 0.805625 -0.582725
vn -0.211013 0.784796 -0.582725
vn -0.311644 0.750540 -0.582725
vn -0.406943 0.703441 -0.582725
vn -0.495279 0.644306 -0.582725
vn -0.575141 0.574147 -0.582725
vn -0.645161 0.494164 -0.582725
vn -0.704143 0.405726 -0.582725
vn -0.751077 0.310346 -0.582725
vn -0.785160 0.209656 -0.582725
vn -0.805808 0.105378 -0.582725
vn -0.812669 -0.000702 -0.582725
vn -0.805625 -0.106771 -0.582725
vn -0.784796 -0.211013 -0.582725
vn -0.750540 -0.311644 -0.582725
vn -0.703441 -0.406943 -0.582725
vn -0.644306 -0.495279 -0.582725
vn -0.574147 -0.575141 -0.582725
vn -0.494164 -0.645161 -0.582725
vn -0.405726 -0.704143 -0.582725
vn -0.310346 -0.751077 -0.582725
vn -0.209656 -0.785160 -0.582725
vn -0.105378 -0.805808 -0.582725
vn 0.000702 -0.812669 -0.582725
vn 0.106771 -0.805625 -0.582725
vn 0.211013 -0.784796 -0.582725
vn 0.311644 -0.750540 -0.582725
vn 0.406943 -0.703441 -0.582725
vn 0.495279 -0.644306 -0.582725
vn 0.575141 -0.574147 -0.582725
vn 0.645161 -0.494164 -0.582725
vn 0.704143 -0.405726 -0.582725
vn 0.751077 -0.310346 -0.582725
vn 0.785160 -0.209656 -0.582725
vn 0.805808 -0.105378 -0.582725
vn 0.846668 0.000618 -0.532121
vn 0.839344 0.111126 -0.532121
vn 0.817659 0.219731 -0.532121
vn 0.781983 0.324577 -0.532121
vn 0.732927 0.423870 -0.532121
vn 0.671331 0.515910 -0.532121
vn 0.598247 0.599122 -0.532121
vn 0.514928 0.672083 -0.532121
vn 0.422798 0.733545 -0.532121
vn 0.323435 0.782456 -0.532121
vn 0.218536 0.817979 -0.532121
vn 0.109899 0.839506 -0.532121
vn -0.000618 0.846668 -0.532121
vn -0.111126 0.839344 -0.532121
vn -0.219731 0.817659 -0.532121
vn -0.324577 0.781983 -0.532121
vn -0.423870 0.732927 -0.532121
vn -0.515910 0.671331 -0.532121
vn -0.599122 0.598247 -0.532121
vn -0.672083 0.514928 -0.532121
vn -0.733545 0.422798 -0.532121
vn -0.782456 0.323435 -0.532121
vn -0.817979 0.218536 -0.532121
vn -0.839506 0.109899 -0.532121
vn -0.846668 -0.000618 -0.532121
vn -0.839344 -0.111126 -0.532121
vn -0.817659 -0.219731 -0.532121
vn -0.781983 -0.324577 -0.532121
vn -0.732927 -0.423870 -0.532121
vn -0.671331 -0.515910 -0.532121
vn -0.598247 -0.599122 -0.532121
vn -0.514928 -0.672083 -0.532121
vn -0.422798 -0.733545 -0.532121
vn -0.323435 -0.782456 -0.532121
vn -0.218536 -0.817979 -0.532121
vn -0.109899 -0.839506 -0.532121
vn 0.000618 -0.846668 -0.532121
vn 0.111126 -0.839344 -0.532121
vn 0.219731 -0.817659 -0.532121
vn 0.324577 -0.781983 -0.532121
vn 0.423870 -0.732927 -0.532121
vn 0.515910 -0.671331 -0.532121
vn 0.599122 -0.598247 -0.532121
vn 0.672083 -0.514928 -0.532121
vn 0.733545 -0.422798 -0.532121
vn 0.782456 -0.323435 -0.532121
vn 0.817979 -0.218536 -0.532121
vn 0.839506 -0.109899 -0.532121
vn 0.876792 0.000542 -0.480869
vn 0.869221 0.114982 -0.480869
vn 0.846776 0.227454 -0.480869
vn 0.809843 0.336035 -0.480869
vn 0.759053 0.438865 -0.480869
vn 0.695276 0.534187 -0.480869
vn 0.619603 0.620369 -0.480869
vn 0.533327 0.695936 -0.480869
vn 0.437927 0.759595 -0.480869
vn 0.335033 0.810258 -0.480869
vn 0.226407 0.847057 -0.480869
vn 0.113907 0.869362 -0.480869
vn -0.000542 0.876792 -0.480869
vn -0.114982 0.869221 -0.480869
vn -0.227454 0.846776 -0.480869
vn -0.336035 0.809843 -0.480869
vn -0.438865 0.759053 -0.480869
vn -0.534187 0.695276 -0.480869
vn -0.620369 0.619603 -0.480869
vn -0.695936 0.533327 -0.480869
vn -0.759595 0.437927 -0.480869
vn -0.810258 0.335033 -0.480869
vn -0.847057 0.226407 -0.480869
vn -0.869362 0.113907 -0.480869
vn -0.876792 -0.000542 -0.480869
vn -0.869221 -0.114982 -0.480869
vn -0.846776 -0.227454 -0.480869
vn -0.809843 -0.336035 -0.480869
vn -0.759053 -0.438865 -0.480869
vn -0.695276 -0.534187 -0.480869
vn -0.619603 -0.620369 -0.480869
vn -0.533327 -0.695936 -0.480869
vn -0.437927 -0.759595 -0.480869
vn -0.335033 -0.810258 -0.480869
vn -0.226407 -0.847057 -0.480869
vn -0.113907 -0.869362 -0.480869
vn 0.000542 -0.876792 -0.480869
vn 0.114982 -0.869221 -0.480869
vn 0.227454 -0.846776 -0.480869
vn 0.336035 -0.809843 -0.480869
vn 0.438865 -0.759053 -0.480869
vn 0.534187 -0.695276 -0.480869
vn 0.620369 -0.619603 -0.480869
vn 0.695936 -0.533327 -0.480869
vn 0.759595 -0.437927 -0.480869
vn 0.810258 -0.335033 -0.480869
vn 0.847057 -0.226407 -0.480869
vn 0.869362 -0.113907 -0.480869
vn 0.903295 0.000471 -0.429019
vn 0.895506 0.118371 -0.429019
vn 0.872394 0.234245 -0.429019
vn 0.834356 0.346111 -0.429019
vn 0.782041 0.452056 -0.429019
vn 0.716346 0.550265 -0.429019
vn 0.638393 0.639059 -0.429019
vn 0.549518 0.716919 -0.429019
vn 0.451240 0.782512 -0.429019
vn 0.345241 0.834716 -0.429019
vn 0.233335 0.872638 -0.429019
vn 0.117437 0.895629 -0.429019
vn -0.000471 0.903295 -0.429019
vn -0.118371 0.895506 -0.429019
vn -0.234245 0.872394 -0.429019
vn -0.346111 0.834356 -0.429019
vn -0.452056 0.782041 -0.429019
vn -0.550265 0.716346 -0.429019
vn -0.639059 0.638393 -0.429019
vn -0.716919 0.549518 -0.429019
vn -0.782512 0.451240 -0.429019
vn -0.834716 0.345241 -0.429019
vn -0.872638 0.233335 -0.429019
vn -0.895629 0.117437 -0.429019
vn -0.903295 -0.000471 -0.429019
vn -0.895506 -0.118371 -0.429019
vn -0.872394 -0.234245 -0.429019
vn -0.834356 -0.346111 -0.429019
vn -0.782041 -0.452056 -0.429019
vn -0.716346 -0.550265 -0.429019
vn -0.638393 -0.639059 -0.429019
vn -0.549518 -0.716919 -0.429019
vn -0.451240 -0.782512 -0.429019
vn -0.345241 -0.834716 -0.429019
vn -0.233335 -0.872638 -0.429019
vn -0.117437 -0.895629 -0.429019
vn 0.000471 -0.903295 -0.429019
vn 0.118371 -0.895506 -0.429019
vn 0.234245 -0.872394 -0.429019
vn 0.346111 -0.834356 -0.429019
vn 0.452056 -0.782041 -0.429019
vn 0.550265 -0.716346 -0.429019
vn 0.639059 -0.638393 -0.429019
vn 0.716919 -0.549518 -0.429019
vn 0.782512 -0.451240 -0.429019
vn 0.834716 -0.345241 -0.429019
vn 0.872638 -0.233335 -0.429019
vn 0.895629 -0.117437 -0.429019
vn 0.926365 0.000405 -0.376626
vn 0.918387 0.121316 -0.376626
vn 0.894696 0.240152 -0.376626
vn 0.855695 0.354878 -0.376626
vn 0.802054 0.463533 -0.376626
vn 0.734689 0.564256 -0.376626
vn 0.654753 0.655325 -0.376626
vn 0.563615 0.735181 -0.376626
vn 0.462832 0.802458 -0.376626
vn 0.354131 0.856005 -0.376626
vn 0.239370 0.894905 -0.376626
vn 0.120514 0.918493 -0.376626
vn -0.000405 0.926365 -0.376626
vn -0.121316 0.918387 -0.376626
vn -0.240152 0.894696 -0.376626
vn -0.354878 0.855695 -0.376626
vn -0.463533 0.802054 -0.376626
vn -0.564256 0.734689 -0.376626
vn -0.655325 0.654753 -0.376626
vn -0.735181 0.563615 -0.376626
vn -0.802458 0.462832 -0.376626
vn -0.856005 0.354131 -0.376626
vn -0.894905 0.239370 -0.376626
vn -0.918493 0.120514 -0.376626
vn -0.926365 -0.000405 -0.376626
vn -0.918387 -0.121316 -0.376626
vn -0.894696 -0.240152 -0.376626
vn -0.855695 -0.354878 -0.376626
vn -0.802054 -0.463533 -0.376626
vn -0.734689 -0.564256 -0.376626
vn -0.654753 -0.655325 -0.376626
vn -0.563615 -0.735181 -0.376626
vn -0.462832 -0.802458 -0.376626
vn -0.354131 -0.856005 -0.376626
vn -0.239370 -0.894905 -0.376626
vn -0.120514 -0.918493 -0.376626
vn 0.000405 -0.926365 -0.376626
vn 0.121316 -0.918387 -0.376626
vn 0.240152 -0.894696 -0.376626
vn 0.354878 -0.855695 -0.376626
vn 0.463533 -0.802054 -0.376626
vn 0.564256 -0.734689 -0.376626
vn 0.655325 -0.654753 -0.376626
vn 0.735181 -0.563615 -0.376626
vn 0.802458 -0.462832 -0.376626
vn 0.856005 -0.354131 -0.376626
vn 0.894905 -0.239370 -0.376626
vn 0.918493 -0.120514 -0.376626
vn 0.946143 0.000341 -0.323748
vn 0.938004 0.123835 -0.323748
vn 0.913816 0.245210 -0.323748
vn 0.873992 0.362389 -0.323748
vn 0.819213 0.473367 -0.323748
vn 0.750418 0.576246 -0.323748
vn 0.668783 0.669266 -0.323748
vn 0.575705 0.750834 -0.323748
vn 0.472776 0.819555 -0.323748
vn 0.361758 0.874253 -0.323748
vn 0.244550 0.913993 -0.323748
vn 0.123158 0.938093 -0.323748
vn -0.000341 0.946143 -0.323748
vn -0.123835 0.938004 -0.323748
vn -0.245210 0.913816 -0.323748
vn -0.362389 0.873992 -0.323748
vn -0.473367 0.819213 -0.323748
vn -0.576246 0.750418 -0.323748
vn -0.669266 0.668783 -0.323748
vn -0.750834 0.575705 -0.323748
vn -0.819555 0.472776 -0.323748
vn -0.874253 0.361758 -0.323748
vn -0.913993 0.244550 -0.323748
vn -0.938093 0.123158 -0.323748
vn -0.946143 -0.000341 -0.323748
vn -0.938004 -0.123835 -0.323748
vn -0.913816 -0.245210 -0.323748
vn -0.873992 -0.362389 -0.323748
vn -0.819213 -0.473367 -0.323748
vn -0.750418 -0.576246 -0.323748
vn -0.668783 -0.669266 -0.323748
vn -0.575705 -0.750834 -0.323748
vn -0.472776 -0.819555 -0.323748
vn -0.361758 -0.874253 -0.323748
vn -0.244550 -0.913993 -0.323748
vn -0.123158 -0.938093 -0.323748
vn 0.000341 -0.946143 -0.323748
vn 0.123835 -0.938004 -0.323748
vn 0.245210 -0.913816 -0.323748
vn 0.362389 -0.873992 -0.323748
vn 0.473367 -0.819213 -0.323748
vn 0.576246 -0.750418 -0.323748
vn 0.669266 -0.668783 -0.323748
vn 0.750834 -0.575705 -0.323748
vn 0.819555 -0.472776 -0.323748
vn 0.874253 -0.361758 -0.323748
vn 0.913993 -0.244550 -0.323748
vn 0.938093 -0.123158 -0.323748
vn 0.962734 0.000281 -0.270449
vn 0.954461 0.125941 -0.270449
vn 0.929857 0.249445 -0.270449
vn 0.889343 0.368682 -0.270449
vn 0.833612 0.481610 -0.270449
vn 0.763617 0.586298 -0.270449
vn 0.680557 0.680955 -0.270449
vn 0.585853 0.763959 -0.270449
vn 0.481124 0.833893 -0.270449
vn 0.368163 0.889558 -0.270449
vn 0.248903 0.930003 -0.270449
vn 0.125383 0.954535 -0.270449
vn -0.000281 0.962734 -0.270449
vn -0.125941 0.954461 -0.270449
vn -0.249445 0.929857 -0.270449
vn -0.368682 0.889343 -0.270449
vn -0.481610 0.833612 -0.270449
vn -0.586298 0.763617 -0.270449
vn -0.680955 0.680557 -0.270449
vn -0.763959 0.585853 -0.270449
vn -0.833893 0.481124 -0.270449
vn -0.889558 0.368163 -0.270449
vn -0.930003 0.248903 -0.270449
vn -0.954535 0.125383 -0.270449
vn -0.962734 -0.000281 -0.270449
vn -0.954461 -0.125941 -0.270449
vn -0.929857 -0.249445 -0.270449
vn -0.889343 -0.368682 -0.270449
vn -0.833612 -0.481610 -0.270449
vn -0.763617 -0.586298 -0.270449
vn -0.680557 -0.680955 -0.270449
vn -0.585853 -0.763959 -0.270449
vn -0.481124 -0.833893 -0.270449
vn -0.368163 -0.889558 -0.270449
vn -0.248903 -0.930003 -0.270449
vn -0.125383 -0.954535 -0.270449
vn 0.000281 -0.962734 -0.270449
vn 0.125941 -0.954461 -0.270449
vn 0.249445 -0.929857 -0.270449
vn 0.368682 -0.889343 -0.270449
vn 0.481610 -0.833612 -0.270449
vn 0.586298 -0.763617 -0.270449
vn 0.680955 -0.680557 -0.270449
vn 0.763959 -0.585853 -0.270449
vn 0.833893 -0.481124 -0.270449
vn 0.889558 -0.368163 -0.270449
vn 0.930003 -0.248903 -0.270449
vn 0.954535 -0.125383 -0.270449
vn 0.976217 0.000223 -0.216794
vn 0.967837 0.127643 -0.216794
vn 0.942896 0.252879 -0.216794
vn 0.901822 0.373788 -0.216794
vn 0.845318 0.488301 -0.216794
vn 0.774350 0.594460 -0.216794
vn 0.690133 0.690447 -0.216794
vn 0.594107 0.774621 -0.216794
vn 0.487916 0.845540 -0.216794
vn 0.373377 0.901992 -0.216794
vn 0.252449 0.943011 -0.216794
vn 0.127201 0.967895 -0.216794
vn -0.000223 0.976217 -0.216794
vn -0.127643 0.967837 -0.216794
vn -0.252879 0.942896 -0.216794
vn -0.373788 0.901822 -0.216794
vn -0.488301 0.845318 -0.216794
vn -0.594460 0.774350 -0.216794
vn -0.690447 0.690133 -0.216794
vn -0.774621 0.594107 -0.216794
vn -0.845540 0.487916 -0.216794
vn -0.901992 0.373377 -0.216794
vn -0.943011 0.252449 -0.216794
vn -0.967895 0.127201 -0.216794
vn -0.976217 -0.000223 -0.216794
vn -0.967837 -0.127643 -0.216794
vn -0.942896 -0.252879 -0.216794
vn -0.901822 -0.373788 -0.216794
vn -0.845318 -0.488301 -0.216794
vn -0.774350 -0.594460 -0.216794
vn -0.690133 -0.690447 -0.216794
vn -0.594107 -0.774621 -0.216794
vn -0.487916 -0.845540 -0.216794
vn -0.373377 -0.901992 -0.216794
vn -0.252449 -0.943011 -0.216794
vn -0.127201 -0.967895 -0.216794
vn 0.000223 -0.976217 -0.216794
vn 0.127643 -0.967837 -0.216794
vn 0.252879 -0.942896 -0.216794
vn 0.373788 -0.901822 -0.216794
vn 0.488301 -0.845318 -0.216794
vn 0.594460 -0.774350 -0.216794
vn 0.690447 -0.690133 -0.216794
vn 0.774621 -0.594107 -0.216794
vn 0.845540 -0.487916 -0.216794
vn 0.901992 -0.373377 -0.216794
vn 0.943011 -0.252449 -0.216794
vn 0.967895 -0.127201 -0.216794
vn 0.986651 0.000166 -0.162850
vn 0.978188 0.128948 -0.162850
vn 0.952989 0.255524 -0.162850
vn 0.911483 0.377728 -0.162850
vn 0.854382 0.493469 -0.162850
vn 0.782662 0.600766 -0.162850
vn 0.697550 0.697785 -0.162850
vn 0.600504 0.782864 -0.162850
vn 0.493182 0.854548 -0.162850
vn 0.377422 0.911610 -0.162850
vn 0.255204 0.953074 -0.162850
vn 0.128620 0.978232 -0.162850
vn -0.000166 0.986651 -0.162850
vn -0.128948 0.978188 -0.162850
vn -0.255524 0.952989 -0.162850
vn -0.377728 0.911483 -0.162850
vn -0.493469 0.854382 -0.162850
vn -0.600766 0.782662 -0.162850
vn -0.697785 0.697550 -0.162850
vn -0.782864 0.600504 -0.162850
vn -0.854548 0.493182 -0.162850
vn -0.911610 0.377422 -0.162850
vn -0.953074 0.255204 -0.162850
vn -0.978232 0.128620 -0.162850
vn -0.986651 -0.000166 -0.162850
vn -0.978188 -0.128948 -0.162850
vn -0.952989 -0.255524 -0.162850
vn -0.911483 -0.377728 -0.162850
vn -0.854382 -0.493469 -0.162850
vn -0.782662 -0.600766 -0.162850
vn -0.697550 -0.697785 -0.162850
vn -0.600504 -0.782864 -0.162850
vn -0.493182 -0.854548 -0.162850
vn -0.377422 -0.911610 -0.162850
vn -0.255204 -0.953074 -0.162850
vn -0.128620 -0.978232 -0.162850
vn 0.000166 -0.986651 -0.162850
vn 0.128948 -0.978188 -0.162850
vn 0.255524 -0.952989 -0.162850
vn 0.377728 -0.911483 -0.162850
vn 0.493469 -0.854382 -0.162850
vn 0.600766 -0.782662 -0.162850
vn 0.697785 -0.697550 -0.162850
vn 0.782864 -0.600504 -0.162850
vn 0.854548 -0.493182 -0.162850
vn 0.911610 -0.377422 -0.162850
vn 0.953074 -0.255204 -0.162850
vn 0.978232 -0.128620 -0.162850
vn 0.994076 0.000110 -0.108689
vn 0.985557 0.129862 -0.108689
vn 0.960175 0.257392 -0.108689
vn 0.918364 0.380518 -0.108689
vn 0.860840 0.497133 -0.108689
vn 0.788587 0.605242 -0.108689
vn 0.702840 0.702995 -0.108689
vn 0.605068 0.788720 -0.108689
vn 0.496943 0.860950 -0.108689
vn 0.380315 0.918448 -0.108689
vn 0.257180 0.960232 -0.108689
vn 0.129644 0.985586 -0.108689
vn -0.000110 0.994076 -0.108689
vn -0.129862 0.985557 -0.108689
vn -0.257392 0.960175 -0.108689
vn -0.380518 0.918364 -0.108689
vn -0.497133 0.860840 -0.108689
vn -0.605242 0.788587 -0.108689
vn -0.702995 0.702840 -0.108689
vn -0.788720 0.605068 -0.108689
vn -0.860950 0.496943 -0.108689
vn -0.918448 0.380315 -0.108689
vn -0.960232 0.257180 -0.108689
vn -0.985586 0.129644 -0.108689
vn -0.994076 -0.000110 -0.108689
vn -0.985557 -0.129862 -0.108689
vn -0.960175 -0.257392 -0.108689
vn -0.918364 -0.380518 -0.108689
vn -0.860840 -0.497133 -0.108689
vn -0.788587 -0.605242 -0.108689
vn -0.702840 -0.702995 -0.108689
vn -0.605068 -0.788720 -0.108689
vn -0.496943 -0.860950 -0.108689
vn -0.380315 -0.918448 -0.108689
vn -0.257180 -0.960232 -0.108689
vn -0.129644 -0.985586 -0.108689
vn 0.000110 -0.994076 -0.108689
vn 0.129862 -0.985557 -0.108689
vn 0.257392 -0.960175 -0.108689
vn 0.380518 -0.918364 -0.108689
vn 0.497133 -0.860840 -0.108689
vn 0.605242 -0.788587 -0.108689
vn 0.702995 -0.702840 -0.108689
vn 0.788720 -0.605068 -0.108689
vn 0.860950 -0.496943 -0.108689
vn 0.918448 -0.380315 -0.108689
vn 0.960232 -0.257180 -0.108689
vn 0.985586 -0.129644 -0.108689
vn 0.998520 0.000055 -0.054381
vn 0.989971 0.130387 -0.054381
vn 0.964482 0.258489 -0.054381
vn 0.922491 0.382168 -0.054381
vn 0.864717 0.499308 -0.054381
vn 0.792146 0.607904 -0.054381
vn 0.706022 0.706099 -0.054381
vn 0.607817 0.792213 -0.054381
vn 0.499213 0.864771 -0.054381
vn 0.382067 0.922533 -0.054381
vn 0.258383 0.964511 -0.054381
vn 0.130279 0.989985 -0.054381
vn -0.000055 0.998520 -0.054381
vn -0.130387 0.989971 -0.054381
vn -0.258489 0.964482 -0.054381
vn -0.382168 0.922491 -0.054381
vn -0.499308 0.864717 -0.054381
vn -0.607904 0.792146 -0.054381
vn -0.706099 0.706022 -0.054381
vn -0.792213 0.607817 -0.054381
vn -0.864771 0.499213 -0.054381
vn -0.922533 0.382067 -0.054381
vn -0.964511 0.258383 -0.054381
vn -0.989985 0.130279 -0.054381
vn -0.998520 -0.000055 -0.054381
vn -0.989971 -0.130387 -0.054381
vn -0.964482 -0.258489 -0.054381
vn -0.922491 -0.382168 -0.054381
vn -0.864717 -0.499308 -0.054381
vn -0.792146 -0.607904 -0.054381
vn -0.706022 -0.706099 -0.054381
vn -0.607817 -0.792213 -0.054381
vn -0.499213 -0.864771 -0.054381
vn -0.382067 -0.922533 -0.054381
vn -0.258383 -0.964511 -0.054381
vn -0.130279 -0.989985 -0.054381
vn 0.000055 -0.998520 -0.054381
vn 0.130387 -0.989971 -0.054381
vn 0.258489 -0.964482 -0.054381
vn 0.382168 -0.922491 -0.054381
vn 0.499308 -0.864717 -0.054381
vn 0.607904 -0.792146 -0.054381
vn 0.706099 -0.706022 -0.054381
vn 0.792213 -0.607817 -0.054381
vn 0.864771 -0.499213 -0.054381
vn 0.922533 -0.382067 -0.054381
vn 0.964511 -0.258383 -0.054381
vn 0.989985 -0.130279 -0.054381
vn 1.000000 0.000000 -0.000000
vn 0.991445 0.130526 -0.000000
vn 0.965926 0.258819 -0.000000
vn 0.923880 0.382683 0.000000
vn 0.866025 0.500000 0.000000
vn 0.793353 0.608761 0.000000
vn 0.707107 0.707107 -0.000000
vn 0.608761 0.793353 -0.000000
vn 0.500000 0.866025 -0.000000
vn 0.382683 0.923880 -0.000000
vn 0.258819 0.965926 0.000000
vn 0.130526 0.991445 0.000000
vn 0.000000 1.000000 0.000000
vn -0.130526 0.991445 -0.000000
vn -0.258819 0.965926 -0.000000
vn -0.382683 0.923880 0.000000
vn -0.500000 0.866025 0.000000
vn -0.608761 0.793353 0.000000
vn -0.707107 0.707107 -0.000000
vn -0.793353 0.608761 -0.000000
vn -0.866025 0.500000 -0.000000
vn -0.923880 0.382683 -0.000000
vn -0.965926 0.258819 0.000000
vn -0.991445 0.130526 0.000000
vn -1.000000 0.000000 -0.000000
vn -0.991445 -0.130526 -0.000000
vn -0.965926 -0.258819 -0.000000
vn -0.923880 -0.382683 0.000000
vn -0.866025 -0.500000 0.000000
vn -0.793353 -0.608761 0.000000
vn -0.707107 -0.707107 0.000000
vn -0.608761 -0.793353 -0.000000
vn -0.500000 -0.866025 -0.000000
vn -0.382683 -0.923880 -0.000000
vn -0.258819 -0.965926 0.000000
vn -0.130526 -0.991445 0.000000
vn -0.000000 -1.000000 -0.000000
vn 0.130526 -0.991445 -0.000000
vn 0.258819 -0.965926 -0.000000
vn 0.382683 -0.923880 0.000000
vn 0.500000 -0.866025 0.000000
vn 0.608761 -0.793353 0.000000
vn 0.707107 -0.707107 -0.000000
vn 0.793353 -0.608761 -0.000000
vn 0.866025 -0.500000 -0.000000
vn 0.923880 -0.382683 -0.000000
vn 0.965926 -0.258819 0.000000
vn 0.991445 -0.130526 0.000000
vn 0.998520 -0.000055 0.054381
vn 0.989985 0.130279 0.054381
vn 0.964511 0.258383 0.054381
vn 0.922533 0.382067 0.054381
vn 0.864771 0.499213 0.054381
vn 0.792213 0.607817 0.054381
vn 0.706099 0.706022 0.054381
vn 0.607904 0.792146 0.054381
vn 0.499308 0.864717 0.054381
vn 0.382168 0.922491 0.054381
vn 0.258489 0.964482 0.054381
vn 0.130387 0.989971 0.054381
vn 0.000055 0.998520 0.054381
vn -0.130279 0.989985 0.054381
vn -0.258383 0.964511 0.054381
vn -0.382067 0.922533 0.054381
vn -0.499213 0.864771 0.054381
vn -0.607817 0.792213 0.054381
vn -0.706022 0.706099 0.054381
vn -0.792146 0.607904 0.054381
vn -0.864717 0.499308 0.054381
vn -0.922491 0.382168 0.054381
vn -0.964482 0.258489 0.054381
vn -0.989971 0.130387 0.054381
vn -0.998520 0.000055 0.054381
vn -0.989985 -0.130279 0.054381
vn -0.964511 -0.258383 0.054381
vn -0.922533 -0.382067 0.054381
vn -0.864771 -0.499213 0.054381
vn -0.792213 -0.607817 0.054381
vn -0.706099 -0.706022 0.054381
vn -0.607904 -0.792146 0.054381
vn -0.499308 -0.864717 0.054381
vn -0.382168 -0.922491 0.054381
vn -0.258489 -0.964482 0.054381
vn -0.130387 -0.989971 0.054381
vn -0.000055 -0.998520 0.054381
vn 0.130279 -0.989985 0.054381
vn 0.258383 -0.964511 0.054381
vn 0.382067 -0.922533 0.054381
vn 0.499213 -0.864771 0.054381
vn 0.607817 -0.792213 0.054381
vn 0.706022 -0.706099 0.054381
vn 0.792146 -0.607904 0.054381
vn 0.864717 -0.499308 0.054381
vn 0.922491 -0.382168 0.054381
vn 0.964482 -0.258489 0.054381
vn 0.989971 -0.130387 0.054381
vn 0.994076 -0.000110 0.108689
vn 0.985586 0.129644 0.108689
vn 0.960232 0.257180 0.108689
vn 0.918448 0.380315 0.108689
vn 0.860950 0.496943 0.108689
vn 0.788720 0.605068 0.108689
vn 0.702995 0.702840 0.108689
vn 0.605242 0.788587 0.108689
vn 0.497133 0.860840 0.108689
vn 0.380518 0.918364 0.108689
vn 0.257392 0.960175 0.108689
vn 0.129862 0.985557 0.108689
vn 0.000110 0.994076 0.108689
vn -0.129644 0.985586 0.108689
vn -0.257180 0.960232 0.108689
vn -0.380315 0.918448 0.108689
vn -0.496943 0.860950 0.108689
vn -0.605068 0.788720 0.108689
vn -0.702840 0.702995 0.108689
vn -0.788587 0.605242 0.108689
vn -0.860840 0.497133 0.108689
vn -0.918364 0.380518 0.108689
vn -0.960175 0.257392 0.108689
vn -0.985557 0.129862 0.108689
vn -0.994076 0.000110 0.108689
vn -0.985586 -0.129644 0.108689
vn -0.960232 -0.257180 0.108689
vn -0.918448 -0.380315 0.108689
vn -0.860950 -0.496943 0.108689
vn -0.788720 -0.605068 0.108689
vn -0.702995 -0.702840 0.108689
vn -0.605242 -0.788587 0.108689
vn -0.497133 -0.860840 0.108689
vn -0.380518 -0.918364 0.108689
vn -0.257392 -0.960175 0.108689
vn -0.129862 -0.985557 0.108689
vn -0.000110 -0.994076 0.108689
vn 0.129644 -0.985586 0.108689
vn 0.257180 -0.960232 0.108689
vn 0.380315 -0.918448 0.108689
vn 0.496943 -0.860950 0.108689
vn 0.605068 -0.788720 0.108689
vn 0.702840 -0.702995 0.108689
vn 0.788587 -0.605242 0.108689
vn 0.860840 -0.497133 0.108689
vn 0.918364 -0.380518 0.108689
vn 0.960175 -0.257392 0.108689
vn 0.985557 -0.129862 0.108689
vn 0.986651 -0.000166 0.162850
vn 0.978232 0.128620 0.162850
vn 0.953074 0.255204 0.162850
vn 0.911610 0.377422 0.162850
vn 0.854548 0.493182 0.162850
vn 0.782864 0.600504 0.162850
vn 0.697785 0.697550 0.162850
vn 0.600766 0.782662 0.162850
vn 0.493469 0.854382 0.162850
vn 0.377728 0.911483 0.162850
vn 0.255524 0.952989 0.162850
vn 0.128948 0.978188 0.162850
vn 0.000166 0.986651 0.162850
vn -0.128620 0.978232 0.162850
vn -0.255204 0.953074 0.162850
vn -0.377422 0.911610 0.162850
vn -0.493182 0.854548 0.162850
vn -0.600504 0.782864 0.162850
vn -0.697550 0.697785 0.162850
vn -0.782662 0.600766 0.162850
vn -0.854382 0.493469 0.162850
vn -0.911483 0.377728 0.162850
vn -0.952989 0.255524 0.162850
vn -0.978188 0.128948 0.162850
vn -0.986651 0.000166 0.162850
vn -0.978232 -0.128620 0.162850
vn -0.953074 -0.255204 0.162850
vn -0.911610 -0.377422 0.162850
vn -0.854548 -0.493182 0.162850
vn -0.782864 -0.600504 0.162850
vn -0.697785 -0.697550 0.162850
vn -0.600766 -0.782662 0.162850
vn -0.493469 -0.854382 0.162850
vn -0.377728 -0.911483 0.162850
vn -0.255524 -0.952989 0.162850
vn -0.128948 -0.978188 0.162850
vn -0.000166 -0.986651 0.162850
vn 0.128620 -0.978232 0.162850
vn 0.255204 -0.953074 0.162850
vn 0.377422 -0.911610 0.162850
vn 0.493182 -0.854548 0.162850
vn 0.600504 -0.782864 0.162850
vn 0.697550 -0.697785 0.162850
vn 0.782662 -0.600766 0.162850
vn 0.854382 -0.493469 0.162850
vn 0.911483 -0.377728 0.162850
vn 0.952989 -0.255524 0.162850
vn 0.978188 -0.128948 0.162850
vn 0.976217 -0.000223 0.216794
vn 0.967895 0.127201 0.216794
vn 0.943011 0.252449 0.216794
vn 0.901992 0.373377 0.216794
vn 0.845540 0.487916 0.216794
vn 0.774621 0.594107 0.216794
vn 0.690447 0.690133 0.216794
vn 0.594460 0.774350 0.216794
vn 0.488301 0.845318 0.216794
vn 0.373788 0.901822 0.216794
vn 0.252879 0.942896 0.216794
vn 0.127643 0.967837 0.216794
vn 0.000223 0.976217 0.216794
vn -0.127201 0.967895 0.216794
vn -0.252449 0.943011 0.216794
vn -0.373377 0.901992 0.216794
vn -0.487916 0.845540 0.216794
vn -0.594107 0.774621 0.216794
vn -0.690133 0.690447 0.216794
vn -0.774350 0.594460 0.216794
vn -0.845318 0.488301 0.216794
vn -0.901822 0.373788 0.216794
vn -0.942896 0.252879 0.216794
vn -0.967837 0.127643 0.216794
vn -0.976217 0.000223 0.216794
vn -0.967895 -0.127201 0.216794
vn -0.943011 -0.252449 0.216794
vn -0.901992 -0.373377 0.216794
vn -0.845540 -0.487916 0.216794
vn -0.774621 -0.594107 0.216794
vn -0.690447 -0.690133 0.216794
vn -0.594460 -0.774350 0.216794
vn -0.488301 -0.845318 0.216794
vn -0.373788 -0.901822 0.216794
vn -0.252879 -0.942896 0.216794
vn -0.127643 -0.967837 0.216794
vn -0.000223 -0.976217 0.216794
vn 0.127201 -0.967895 0.216794
vn 0.252449 -0.943011 0.216794
vn 0.373377 -0.901992 0.216794
vn 0.487916 -0.845540 0.216794
vn 0.594107 -0.774621 0.216794
vn 0.690133 -0.690447 0.216794
vn 0.774350 -0.594460 0.216794
vn 0.845318 -0.488301 0.216794
vn 0.901822 -0.373788 0.216794
vn 0.942896 -0.252879 0.216794
vn 0.967837 -0.127643 0.216794
vn 0.962734 -0.000281 0.270449
vn 0.954535 0.125383 0.270449
vn 0.930003 0.248903 0.270449
vn 0.889558 0.368163 0.270449
vn 0.833893 0.481124 0.270449
vn 0.763959 0.585853 0.270449
vn 0.680955 0.680557 0.270449
vn 0.586298 0.763617 0.270449
vn 0.481610 0.833612 0.270449
vn 0.368682 0.889343 0.270449
vn 0.249445 0.929857 0.270449
vn 0.125941 0.954461 0.270449
vn 0.000281 0.962734 0.270449
vn -0.125383 0.954535 0.270449
vn -0.248903 0.930003 0.270449
vn -0.368163 0.889558 0.270449
vn -0.481124 0.833893 0.270449
vn -0.585853 0.763959 0.270449
vn -0.680557 0.680955 0.270449
vn -0.763617 0.586298 0.270449
vn -0.833612 0.481610 0.270449
vn -0.889343 0.368682 0.270449
vn -0.929857 0.249445 0.270449
vn -0.954461 0.125941 0.270449
vn -0.962734 0.000281 0.270449
vn -0.954535 -0.125383 0.270449
vn -0.930003 -0.248903 0.270449
vn -0.889558 -0.368163 0.270449
vn -0.833893 -0.481124 0.270449
vn -0.763959 -0.585853 0.270449
vn -0.680955 -0.680557 0.270449
vn -0.586298 -0.763617 0.270449
vn -0.481610 -0.833612 0.270449
vn -0.368682 -0.889343 0.270449
vn -0.249445 -0.929857 0.270449
vn -0.125941 -0.954461 0.270449
vn -0.000281 -0.962734 0.270449
vn 0.125383 -0.954535 0.270449
vn 0.248903 -0.930003 0.270449
vn 0.368163 -0.889558 0.270449
vn 0.481124 -0.833893 0.270449
vn 0.585853 -0.763959 0.270449
vn 0.680557 -0.680955 0.270449
vn 0.763617 -0.586298 0.270449
vn 0.833612 -0.481610 0.270449
vn 0.889343 -0.368682 0.270449
vn 0.929857 -0.249445 0.270449
vn 0.954461 -0.125941 0.270449
vn 0.946143 -0.000341 0.323748
vn 0.938093 0.123158 0.323748
vn 0.913993 0.244550 0.323748
vn 0.874253 0.361758 0.323748
vn 0.819555 0.472776 0.323748
vn 0.750834 0.575705 0.323748
vn 0.669266 0.668783 0.323748
vn 0.576246 0.750418 0.323748
vn 0.473367 0.819213 0.323748
vn 0.362389 0.873992 0.323748
vn 0.245210 0.913816 0.323748
vn 0.123835 0.938004 0.323748
vn 0.000341 0.946143 0.323748
vn -0.123158 0.938093 0.323748
vn -0.244550 0.913993 0.323748
vn -0.361758 0.874253 0.323748
vn -0.472776 0.819555 0.323748
vn -0.575705 0.750834 0.323748
vn -0.668783 0.669266 0.323748
vn -0.750418 0.576246 0.323748
vn -0.819213 0.473367 0.323748
vn -0.873992 0.362389 0.323748
vn -0.913816 0.245210 0.323748
vn -0.938004 0.123835 0.323748
vn -0.946143 0.000341 0.323748
vn -0.938093 -0.123158 0.323748
vn -0.913993 -0.244550 0.323748
vn -0.874253 -0.361758 0.323748
vn -0.819555 -0.472776 0.323748
vn -0.750834 -0.575705 0.323748
vn -0.669266 -0.668783 0.323748
vn -0.576246 -0.750418 0.323748
vn -0.473367 -0.819213 0.323748
vn -0.362389 -0.873992 0.323748
vn -0.245210 -0.913816 0.323748
vn -0.123835 -0.938004 0.323748
vn -0.000341 -0.946143 0.323748
vn 0.123158 -0.938093 0.323748
vn 0.244550 -0.913993 0.323748
vn 0.361758 -0.874253 0.323748
vn 0.472776 -0.819555 0.323748
vn 0.575705 -0.750834 0.323748
vn 0.668783 -0.669266 0.323748
vn 0.750418 -0.576246 0.323748
vn 0.819213 -0.473367 0.323748
vn 0.873992 -0.362389 0.323748
vn 0.913816 -0.245210 0.323748
vn 0.938004 -0.123835 0.323748
vn 0.926365 -0.000405 0.376626
vn 0.918493 0.120514 0.376626
vn 0.894905 0.239370 0.376626
vn 0.856005 0.354131 0.376626
vn 0.802458 0.462832 0.376626
vn 0.735181 0.563615 0.376626
vn 0.655325 0.654753 0.376626
vn 0.564256 0.734689 0.376626
vn 0.463533 0.802054 0.376626
vn 0.354878 0.855695 0.376626
vn 0.240152 0.894696 0.376626
vn 0.121316 0.918387 0.376626
vn 0.000405 0.926365 0.376626
vn -0.120514 0.918493 0.376626
vn -0.239370 0.894905 0.376626
vn -0.354131 0.856005 0.376626
vn -0.462832 0.802458 0.376626
vn -0.563615 0.735181 0.376626
vn -0.654753 0.655325 0.376626
vn -0.734689 0.564256 0.376626
vn -0.802054 0.463533 0.376626
vn -0.855695 0.354878 0.376626
vn -0.894696 0.240152 0.376626
vn -0.918387 0.121316 0.376626
vn -0.926365 0.000405 0.376626
vn -0.918493 -0.120514 0.376626
vn -0.894905 -0.239370 0.376626
vn -0.856005 -0.354131 0.376626
vn -0.802458 -0.462832 0.376626
vn -0.735181 -0.563615 0.376626
vn -0.655325 -0.654753 0.376626
vn -0.564256 -0.734689 0.376626
vn -0.463533 -0.802054 0.376626
vn -0.354878 -0.855695 0.376626
vn -0.240152 -0.894696 0.376626
vn -0.121316 -0.918387 0.376626
vn -0.000405 -0.926365 0.376626
vn 0.120514 -0.918493 0.376626
vn 0.239370 -0.894905 0.376626
vn 0.354131 -0.856005 0.376626
vn 0.462832 -0.802458 0.376626
vn 0.563615 -0.735181 0.376626
vn 0.654753 -0.655325 0.376626
vn 0.734689 -0.564256 0.376626
vn 0.802054 -0.463533 0.376626
vn 0.855695 -0.354878 0.376626
vn 0.894696 -0.240152 0.376626
vn 0.918387 -0.121316 0.376626
vn 0.903295 -0.000471 0.429019
vn 0.895629 0.117437 0.429019
vn 0.872638 0.233335 0.429019
vn 0.834716 0.345241 0.429019
vn 0.782512 0.451240 0.429019
vn 0.716919 0.549518 0.429019
vn 0.639059 0.638393 0.429019
vn 0.550265 0.716346 0.429019
vn 0.452056 0.782041 0.429019
vn 0.346111 0.834356 0.429019
vn 0.234245 0.872394 0.429019
vn 0.118371 0.895506 0.429019
vn 0.000471 0.903295 0.429019
vn -0.117437 0.895629 0.429019
vn -0.233335 0.872638 0.429019
vn -0.345241 0.834716 0.429019
vn -0.451240 0.782512 0.429019
vn -0.549518 0.716919 0.429019
vn -0.638393 0.639059 0.429019
vn -0.716346 0.550265 0.429019
vn -0.782041 0.452056 0.429019
vn -0.834356 0.346111 0.429019
vn -0.872394 0.234245 0.429019
vn -0.895506 0.118371 0.429019
vn -0.903295 0.000471 0.429019
vn -0.895629 -0.117437 0.429019
vn -0.872638 -0.233335 0.429019
vn -0.834716 -0.345241 0.429019
vn -0.782512 -0.451240 0.429019
vn -0.716919 -0.549518 0.429019
vn -0.639059 -0.638393 0.429019
vn -0.550265 -0.716346 0.429019
vn -0.452056 -0.782041 0.429019
vn -0.346111 -0.834356 0.429019
vn -0.234245 -0.872394 0.429019
vn -0.118371 -0.895506 0.429019
vn -0.000471 -0.903295 0.429019
vn 0.117437 -0.895629 0.429019
vn 0.233335 -0.872638 0.429019
vn 0.345241 -0.834716 0.429019
vn 0.451240 -0.782512 0.429019
vn 0.549518 -0.716919 0.429019
vn 0.638393 -0.639059 0.429019
vn 0.716346 -0.550265 0.429019
vn 0.782041 -0.452056 0.429019
vn 0.834356 -0.346111 0.429019
vn 0.872394 -0.234245 0.429019
vn 0.895506 -0.118371 0.429019
vn 0.876792 -0.000542 0.480869
vn 0.869362 0.113907 0.480869
vn 0.847057 0.226407 0.480869
vn 0.810258 0.335033 0.480869
vn 0.759595 0.437927 0.480869
vn 0.695936 0.533327 0.480869
vn 0.620369 0.619603 0.480869
vn 0.534187 0.695276 0.480869
vn 0.438865 0.759053 0.480869
vn 0.336035 0.809843 0.480869
vn 0.227454 0.846776 0.480869
vn 0.114982 0.869221 0.480869
vn 0.000542 0.876792 0.480869
vn -0.113907 0.869362 0.480869
vn -0.226407 0.847057 0.480869
vn -0.335033 0.810258 0.480869
vn -0.437927 0.759595 0.480869
vn -0.533327 0.695936 0.480869
vn -0.619603 0.620369 0.480869
vn -0.695276 0.534187 0.480869
vn -0.759053 0.438865 0.480869
vn -0.809843 0.336035 0.480869
vn -0.846776 0.227454 0.480869
vn -0.869221 0.114982 0.480869
vn -0.876792 0.000542 0.480869
vn -0.869362 -0.113907 0.480869
vn -0.847057 -0.226407 0.480869
vn -0.810258 -0.335033 0.480869
vn -0.759595 -0.437927 0.480869
vn -0.695936 -0.533327 0.480869
vn -0.620369 -0.619603 0.480869
vn -0.534187 -0.695276 0.480869
vn -0.438865 -0.759053 0.480869
vn -0.336035 -0.809843 0.480869
vn -0.227454 -0.846776 0.480869
vn -0.114982 -0.869221 0.480869
vn -0.000542 -0.876792 0.480869
vn 0.113907 -0.869362 0.480869
vn 0.226407 -0.847057 0.480869
vn 0.335033 -0.810258 0.480869
vn 0.437927 -0.759595 0.480869
vn 0.533327 -0.695936 0.480869
vn 0.619603 -0.620369 0.480869
vn 0.695276 -0.534187 0.480869
vn 0.759053 -0.438865 0.480869
vn 0.809843 -0.336035 0.480869
vn 0.846776 -0.227454 0.480869
vn 0.869221 -0.114982 0.480869
vn 0.846668 -0.000618 0.532121
vn 0.839506 0.109899 0.532121
vn 0.817979 0.218536 0.532121
vn 0.782456 0.323435 0.532121
vn 0.733545 0.422798 0.532121
vn 0.672083 0.514928 0.532121
vn 0.599122 0.598247 0.532121
vn 0.515910 0.671331 0.532121
vn 0.423870 0.732927 0.532121
vn 0.324577 0.781983 0.532121
vn 0.219731 0.817659 0.532121
vn 0.111126 0.839344 0.532121
vn 0.000618 0.846668 0.532121
vn -0.109899 0.839506 0.532121
vn -0.218536 0.817979 0.532121
vn -0.323435 0.782456 0.532121
vn -0.422798 0.733545 0.532121
vn -0.514928 0.672083 0.532121
vn -0.598247 0.599122 0.532121
vn -0.671331 0.515910 0.532121
vn -0.732927 0.423870 0.532121
vn -0.781983 0.324577 0.532121
vn -0.817659 0.219731 0.532121
vn -0.839344 0.111126 0.532121
vn -0.846668 0.000618 0.532121
vn -0.839506 -0.109899 0.532121
vn -0.817979 -0.218536 0.532121
vn -0.782456 -0.323435 0.532121
vn -0.733545 -0.422798 0.532121
vn -0.672083 -0.514928 0.532121
vn -0.599122 -0.598247 0.532121
vn -0.515910 -0.671331 0.532121
vn -0.423870 -0.732927 0.532121
vn -0.324577 -0.781983 0.532121
vn -0.219731 -0.817659 0.532121
vn -0.111126 -0.839344 0.532121
vn -0.000618 -0.846668 0.532121
vn 0.109899 -0.839506 0.532121
vn 0.218536 -0.817979 0.532121
vn 0.323435 -0.782456 0.532121
vn 0.422798 -0.733545 0.532121
vn 0.514928 -0.672083 0.532121
vn 0.598247 -0.599122 0.532121
vn 0.671331 -0.515910 0.532121
vn 0.732927 -0.423870 0.532121
vn 0.781983 -0.324577 0.532121
vn 0.817659 -0.219731 0.532121
vn 0.839344 -0.111126 0.532121
vn 0.812669 -0.000702 0.582725
vn 0.805808 0.105378 0.582725
vn 0.785160 0.209656 0.582725
vn 0.751077 0.310346 0.582725
vn 0.704143 0.405726 0.582725
vn 0.645161 0.494164 0.582725
vn 0.575141 0.574147 0.582725
vn 0.495279 0.644306 0.582725
vn 0.406943 0.703441 0.582725
vn 0.311644 0.750540 0.582725
vn 0.211013 0.784796 0.582725
vn 0.106771 0.805625 0.582725
vn 0.000702 0.812669 0.582725
vn -0.105378 0.805808 0.582725
vn -0.209656 0.785160 0.582725
vn -0.310346 0.751077 0.582725
vn -0.405726 0.704143 0.582725
vn -0.494164 0.645161 0.582725
vn -0.574147 0.575141 0.582725
vn -0.644306 0.495279 0.582725
vn -0.703441 0.406943 0.582725
vn -0.750540 0.311644 0.582725
vn -0.784796 0.211013 0.582725
vn -0.805625 0.106771 0.582725
vn -0.812669 0.000702 0.582725
vn -0.805808 -0.105378 0.582725
vn -0.785160 -0.209656 0.582725
vn -0.751077 -0.310346 0.582725
vn -0.704143 -0.405726 0.582725
vn -0.645161 -0.494164 0.582725
vn -0.575141 -0.574147 0.582725
vn -0.495279 -0.644306 0.582725
vn -0.406943 -0.703441 0.582725
vn -0.311644 -0.750540 0.582725
vn -0.211013 -0.784796 0.582725
vn -0.106771 -0.805625 0.582725
vn -0.000702 -0.812669 0.582725
vn 0.105378 -0.805808 0.582725
vn 0.209656 -0.785160 0.582725
vn 0.310346 -0.751077 0.582725
vn 0.405726 -0.704143 0.582725
vn 0.494164 -0.645161 0.582725
vn 0.574147 -0.575141 0.582725
vn 0.644306 -0.495279 0.582725
vn 0.703441 -0.406943 0.582725
vn 0.750540 -0.311644 0.582725
vn 0.784796 -0.211013 0.582725
vn 0.805625 -0.106771 0.582725
vn 0.774448 -0.000796 0.632636
vn 0.767927 0.100296 0.632636
vn 0.748266 0.199673 0.632636
vn 0.715802 0.295633 0.632636
vn 0.671090 0.386535 0.632636
vn 0.614896 0.470823 0.632636
vn 0.548181 0.547055 0.632636
vn 0.472086 0.613926 0.632636
vn 0.387914 0.670294 0.632636
vn 0.297104 0.715192 0.632636
vn 0.201211 0.747854 0.632636
vn 0.101875 0.767719 0.632636
vn 0.000796 0.774448 0.632636
vn -0.100296 0.767927 0.632636
vn -0.199673 0.748266 0.632636
vn -0.295633 0.715802 0.632636
vn -0.386535 0.671090 0.632636
vn -0.470823 0.614896 0.632636
vn -0.547055 0.548181 0.632636
vn -0.613926 0.472086 0.632636
vn -0.670294 0.387914 0.632636
vn -0.715192 0.297104 0.632636
vn -0.747854 0.201211 0.632636
vn -0.767719 0.101875 0.632636
vn -0.774448 0.000796 0.632636
vn -0.767927 -0.100296 0.632636
vn -0.748266 -0.199673 0.632636
vn -0.715802 -0.295633 0.632636
vn -0.671090 -0.386535 0.632636
vn -0.614896 -0.470823 0.632636
vn -0.548181 -0.547055 0.632636
vn -0.472086 -0.613926 0.632636
vn -0.387914 -0.670294 0.632636
vn -0.297104 -0.715192 0.632636
vn -0.201211 -0.747854 0.632636
vn -0.101875 -0.767719 0.632636
vn -0.000796 -0.774448 0.632636
vn 0.100296 -0.767927 0.632636
vn 0.199673 -0.748266 0.632636
vn 0.295633 -0.715802 0.632636
vn 0.386535 -0.671090 0.632636
vn 0.470823 -0.614896 0.632636
vn 0.547055 -0.548181 0.632636
vn 0.613926 -0.472086 0.632636
vn 0.670294 -0.387914 0.632636
vn 0.715192 -0.297104 0.632636
vn 0.747854 -0.201211 0.632636
vn 0.767719 -0.101875 0.632636
vn 0.731521 -0.000904 0.681819
vn 0.725380 0.094586 0.681819
vn 0.706829 0.188458 0.681819
vn 0.676183 0.279106 0.681819
vn 0.633967 0.364977 0.681819
vn 0.580905 0.444604 0.681819
vn 0.517902 0.516624 0.681819
vn 0.446039 0.579804 0.681819
vn 0.366543 0.633063 0.681819
vn 0.280776 0.675491 0.681819
vn 0.190205 0.706361 0.681819
vn 0.096379 0.725144 0.681819
vn 0.000904 0.731521 0.681819
vn -0.094586 0.725380 0.681819
vn -0.188458 0.706829 0.681819
vn -0.279106 0.676183 0.681819
vn -0.364977 0.633967 0.681819
vn -0.444604 0.580905 0.681819
vn -0.516624 0.517902 0.681819
vn -0.579804 0.446039 0.681819
vn -0.633063 0.366543 0.681819
vn -0.675491 0.280776 0.681819
vn -0.706361 0.190205 0.681819
vn -0.725144 0.096379 0.681819
vn -0.731521 0.000904 0.681819
vn -0.725380 -0.094586 0.681819
vn -0.706829 -0.188458 0.681819
vn -0.676183 -0.279106 0.681819
vn -0.633967 -0.364977 0.681819
vn -0.580905 -0.444604 0.681819
vn -0.517902 -0.516624 0.681819
vn -0.446039 -0.579804 0.681819
vn -0.366543 -0.633063 0.681819
vn -0.280776 -0.675491 0.681819
vn -0.190205 -0.706361 0.681819
vn -0.096379 -0.725144 0.681819
vn -0.000904 -0.731521 0.681819
vn 0.094586 -0.725380 0.681819
vn 0.188458 -0.706829 0.681819
vn 0.279106 -0.676183 0.681819
vn 0.364977 -0.633967 0.681819
vn 0.444604 -0.580905 0.681819
vn 0.516624 -0.517902 0.681819
vn 0.579804 -0.446039 0.681819
vn 0.633063 -0.366543 0.681819
vn 0.675491 -0.280776 0.681819
vn 0.706361 -0.190205 0.681819
vn 0.725144 -0.096379 0.681819
vn 0.683185 -0.001031 0.730245
vn 0.677475 0.088151 0.730245
vn 0.660173 0.175825 0.730245
vn 0.631575 0.260491 0.730245
vn 0.592171 0.340700 0.730245
vn 0.542635 0.415079 0.730245
vn 0.483814 0.482356 0.730245
vn 0.416715 0.541380 0.730245
vn 0.342485 0.591140 0.730245
vn 0.262396 0.630786 0.730245
vn 0.177817 0.659639 0.730245
vn 0.090196 0.677206 0.730245
vn 0.001031 0.683185 0.730245
vn -0.088151 0.677475 0.730245
vn -0.175825 0.660173 0.730245
vn -0.260491 0.631575 0.730245
vn -0.340700 0.592171 0.730245
vn -0.415079 0.542635 0.730245
vn -0.482356 0.483814 0.730245
vn -0.541380 0.416715 0.730245
vn -0.591140 0.342485 0.730245
vn -0.630786 0.262396 0.730245
vn -0.659639 0.177817 0.730245
vn -0.677206 0.090196 0.730245
vn -0.683185 0.001031 0.730245
vn -0.677475 -0.088151 0.730245
vn -0.660173 -0.175825 0.730245
vn -0.631575 -0.260491 0.730245
vn -0.592171 -0.340700 0.730245
vn -0.542635 -0.415079 0.730245
vn -0.483814 -0.482356 0.730245
vn -0.416715 -0.541380 0.730245
vn -0.342485 -0.591140 0.730245
vn -0.262396 -0.630786 0.730245
vn -0.177817 -0.659639 0.730245
vn -0.090196 -0.677206 0.730245
vn -0.001031 -0.683185 0.730245
vn 0.088151 -0.677475 0.730245
vn 0.175825 -0.660173 0.730245
vn 0.260491 -0.631575 0.730245
vn 0.340700 -0.592171 0.730245
vn 0.415079 -0.542635 0.730245
vn 0.482356 -0.483814 0.730245
vn 0.541380 -0.416715 0.730245
vn 0.591140 -0.342485 0.730245
vn 0.630786 -0.262396 0.730245
vn 0.659639 -0.177817 0.730245
vn 0.677206 -0.090196 0.730245
vn 0.628382 -0.001187 0.777904
vn 0.623161 0.080843 0.777904
vn 0.607278 0.161491 0.777904
vn 0.581004 0.239375 0.777904
vn 0.544789 0.313163 0.777904
vn 0.499252 0.381593 0.777904
vn 0.445173 0.443494 0.777904
vn 0.383477 0.497806 0.777904
vn 0.315219 0.543601 0.777904
vn 0.241568 0.580095 0.777904
vn 0.163784 0.606663 0.777904
vn 0.083197 0.622851 0.777904
vn 0.001187 0.628382 0.777904
vn -0.080843 0.623161 0.777904
vn -0.161491 0.607278 0.777904
vn -0.239375 0.581004 0.777904
vn -0.313163 0.544789 0.777904
vn -0.381593 0.499252 0.777904
vn -0.443494 0.445173 0.777904
vn -0.497806 0.383477 0.777904
vn -0.543601 0.315219 0.777904
vn -0.580095 0.241568 0.777904
vn -0.606663 0.163784 0.777904
vn -0.622851 0.083197 0.777904
vn -0.628382 0.001187 0.777904
vn -0.623161 -0.080843 0.777904
vn -0.607278 -0.161491 0.777904
vn -0.581004 -0.239375 0.777904
vn -0.544789 -0.313163 0.777904
vn -0.499252 -0.381593 0.777904
vn -0.445173 -0.443494 0.777904
vn -0.383477 -0.497806 0.777904
vn -0.315219 -0.543601 0.777904
vn -0.241568 -0.580095 0.777904
vn -0.163784 -0.606663 0.777904
vn -0.083197 -0.622851 0.777904
vn -0.001187 -0.628382 0.777904
vn 0.080843 -0.623161 0.777904
vn 0.161491 -0.607278 0.777904
vn 0.239375 -0.581004 0.777904
vn 0.313163 -0.544789 0.777904
vn 0.381593 -0.499252 0.777904
vn 0.443494 -0.445173 0.777904
vn 0.497806 -0.383477 0.777904
vn 0.543601 -0.315219 0.777904
vn 0.580095 -0.241568 0.777904
vn 0.606663 -0.163784 0.777904
vn 0.622851 -0.083197 0.777904
vn 0.482482 -0.001506 0.875905
vn 0.478551 0.061484 0.875905
vn 0.466432 0.123421 0.875905
vn 0.446332 0.183247 0.875905
vn 0.418595 0.239937 0.875905
vn 0.383695 0.292522 0.875905
vn 0.342231 0.340101 0.875905
vn 0.294911 0.381862 0.875905
vn 0.242545 0.417089 0.875905
vn 0.186029 0.445179 0.875905
vn 0.126330 0.465652 0.875905
vn 0.064470 0.478158 0.875905
vn 0.001506 0.482482 0.875905
vn -0.061484 0.478551 0.875905
vn -0.123421 0.466432 0.875905
vn -0.183247 0.446332 0.875905
vn -0.239937 0.418595 0.875905
vn -0.292522 0.383695 0.875905
vn -0.340101 0.342231 0.875905
vn -0.381862 0.294911 0.875905
vn -0.417089 0.242545 0.875905
vn -0.445179 0.186029 0.875905
vn -0.465652 0.126330 0.875905
vn -0.478158 0.064470 0.875905
vn -0.482482 0.001506 0.875905
vn -0.478551 -0.061484 0.875905
vn -0.466432 -0.123421 0.875905
vn -0.446332 -0.183247 0.875905
vn -0.418595 -0.239937 0.875905
vn -0.383695 -0.292522 0.875905
vn -0.342231 -0.340101 0.875905
vn -0.294911 -0.381862 0.875905
vn -0.242545 -0.417089 0.875905
vn -0.186029 -0.445179 0.875905
vn -0.126330 -0.465652 0.875905
vn -0.064470 -0.478158 0.875905
vn -0.001506 -0.482482 0.875905
vn 0.061484 -0.478551 0.875905
vn 0.123421 -0.466432 0.875905
vn 0.183247 -0.446332 0.875905
vn 0.239937 -0.418595 0.875905
vn 0.292522 -0.383695 0.875905
vn 0.340101 -0.342231 0.875905
vn 0.381862 -0.294911 0.875905
vn 0.417089 -0.242545 0.875905
vn 0.445179 -0.186029 0.875905
vn 0.465652 -0.126330 0.875905
vn 0.478158 -0.064470 0.875905
vn 0.342783 -0.001972 0.939413
vn 0.340107 0.042787 0.939413
vn 0.331613 0.086814 0.939413
vn 0.317444 0.129356 0.939413
vn 0.297844 0.169684 0.939413
vn 0.273148 0.207109 0.939413
vn 0.243778 0.240990 0.939413
vn 0.210237 0.270748 0.939413
vn 0.173099 0.295873 0.939413
vn 0.132999 0.315935 0.939413
vn 0.090623 0.330592 0.939413
vn 0.046697 0.339593 0.939413
vn 0.001972 0.342783 0.939413
vn -0.042787 0.340107 0.939413
vn -0.086814 0.331613 0.939413
vn -0.129356 0.317444 0.939413
vn -0.169684 0.297844 0.939413
vn -0.207109 0.273148 0.939413
vn -0.240990 0.243778 0.939413
vn -0.270748 0.210237 0.939413
vn -0.295873 0.173099 0.939413
vn -0.315935 0.132999 0.939413
vn -0.330592 0.090623 0.939413
vn -0.339593 0.046697 0.939413
vn -0.342783 0.001972 0.939413
vn -0.340107 -0.042787 0.939413
vn -0.331613 -0.086814 0.939413
vn -0.317444 -0.129356 0.939413
vn -0.297844 -0.169684 0.939413
vn -0.273148 -0.207109 0.939413
vn -0.243778 -0.240990 0.939413
vn -0.210237 -0.270748 0.939413
vn -0.173099 -0.295873 0.939413
vn -0.132999 -0.315935 0.939413
vn -0.090623 -0.330592 0.939413
vn -0.046697 -0.339593 0.939413
vn -0.001972 -0.342783 0.939413
vn 0.042787 -0.340107 0.939413
vn 0.086814 -0.331613 0.939413
vn 0.129356 -0.317444 0.939413
vn 0.169684 -0.297844 0.939413
vn 0.207109 -0.273148 0.939413
vn 0.240990 -0.243778 0.939413
vn 0.270748 -0.210237 0.939413
vn 0.295873 -0.173099 0.939413
vn 0.315935 -0.132999 0.939413
vn 0.330592 -0.090623 0.939413
vn 0.339593 -0.046697 0.939413
vn 0.301131 -0.002769 0.953579
vn 0.298917 0.036560 0.953579
vn 0.291587 0.075264 0.953579
vn 0.279269 0.112679 0.953579
vn 0.262172 0.148167 0.953579
vn 0.240589 0.181120 0.953579
vn 0.214890 0.210974 0.953579
vn 0.185514 0.237218 0.953579
vn 0.152964 0.259403 0.953579
vn 0.117796 0.277149 0.953579
vn 0.080613 0.290154 0.953579
vn 0.042051 0.298194 0.953579
vn 0.002769 0.301131 0.953579
vn -0.036560 0.298917 0.953579
vn -0.075264 0.291587 0.953579
vn -0.112679 0.279269 0.953579
vn -0.148167 0.262172 0.953579
vn -0.181120 0.240589 0.953579
vn -0.210974 0.214890 0.953579
vn -0.237218 0.185514 0.953579
vn -0.259403 0.152964 0.953579
vn -0.277149 0.117796 0.953579
vn -0.290154 0.080613 0.953579
vn -0.298194 0.042051 0.953579
vn -0.301131 0.002769 0.953579
vn -0.298917 -0.036560 0.953579
vn -0.291587 -0.075264 0.953579
vn -0.279269 -0.112679 0.953579
vn -0.262172 -0.148167 0.953579
vn -0.240589 -0.181120 0.953579
vn -0.214890 -0.210974 0.953579
vn -0.185514 -0.237218 0.953579
vn -0.152964 -0.259403 0.953579
vn -0.117796 -0.277149 0.953579
vn -0.080613 -0.290154 0.953579
vn -0.042051 -0.298194 0.953579
vn -0.002769 -0.301131 0.953579
vn 0.036560 -0.298917 0.953579
vn 0.075264 -0.291587 0.953579
vn 0.112679 -0.279269 0.953579
vn 0.148167 -0.262172 0.953579
vn 0.181120 -0.240589 0.953579
vn 0.210974 -0.214890 0.953579
vn 0.237218 -0.185514 0.953579
vn 0.259403 -0.152964 0.953579
vn 0.277149 -0.117796 0.953579
vn 0.290154 -0.080613 0.953579
vn 0.298194 -0.042051 0.953579
vn 0.271022 -0.005316 0.962558
vn 0.269398 0.030105 0.962558
vn 0.263163 0.065011 0.962558
vn 0.252426 0.098805 0.962558
vn 0.237370 0.130908 0.962558
vn 0.218253 0.160771 0.962558
vn 0.195401 0.187883 0.962558
vn 0.169205 0.211781 0.962558
vn 0.140115 0.232054 0.962558
vn 0.108627 0.248358 0.962558
vn 0.075280 0.260412 0.962558
vn 0.040646 0.268010 0.962558
vn 0.005316 0.271022 0.962558
vn -0.030105 0.269398 0.962558
vn -0.065011 0.263163 0.962558
vn -0.098805 0.252426 0.962558
vn -0.130908 0.237370 0.962558
vn -0.160771 0.218253 0.962558
vn -0.187883 0.195401 0.962558
vn -0.211781 0.169205 0.962558
vn -0.232054 0.140115 0.962558
vn -0.248358 0.108627 0.962558
vn -0.260412 0.075280 0.962558
vn -0.268010 0.040646 0.962558
vn -0.271022 0.005316 0.962558
vn -0.269398 -0.030105 0.962558
vn -0.263163 -0.065011 0.962558
vn -0.252426 -0.098805 0.962558
vn -0.237370 -0.130908 0.962558
vn -0.218253 -0.160771 0.962558
vn -0.195401 -0.187883 0.962558
vn -0.169205 -0.211781 0.962558
vn -0.140115 -0.232054 0.962558
vn -0.108627 -0.248358 0.962558
vn -0.075280 -0.260412 0.962558
vn -0.040646 -0.268010 0.962558
vn -0.005316 -0.271022 0.962558
vn 0.030105 -0.269398 0.962558
vn 0.065011 -0.263163 0.962558
vn 0.098805 -0.252426 0.962558
vn 0.130908 -0.237370 0.962558
vn 0.160771 -0.218253 0.962558
vn 0.187883 -0.195401 0.962558
vn 0.211781 -0.169205 0.962558
vn 0.232054 -0.140115 0.962558
vn 0.248358 -0.108627 0.962558
vn 0.260412 -0.075280 0.962558
vn 0.268010 -0.040646 0.962558
vn 0.222437 -0.014579 0.974838
vn 0.222437 0.014579 0.974838
vn 0.218631 0.043488 0.974838
vn 0.211085 0.071654 0.974838
vn 0.199926 0.098593 0.974838
vn 0.185347 0.123845 0.974838
vn 0.167596 0.146978 0.974838
vn 0.146978 0.167596 0.974838
vn 0.123845 0.185347 0.974838
vn 0.098593 0.199926 0.974838
vn 0.071654 0.211085 0.974838
vn 0.043488 0.218631 0.974838
vn 0.014579 0.222437 0.974838
vn -0.014579 0.222437 0.974838
vn -0.043488 0.218631 0.974838
vn -0.071654 0.211085 0.974838
vn -0.098593 0.199926 0.974838
vn -0.123845 0.185347 0.974838
vn -0.146978 0.167596 0.974838
vn -0.167596 0.146978 0.974838
vn -0.185347 0.123845 0.974838
vn -0.199926 0.098593 0.974838
vn -0.211085 0.071654 0.974838
vn -0.218631 0.043488 0.974838
vn -0.222437 0.014579 0.974838
vn -0.222437 -0.014579 0.974838
vn -0.218631 -0.043488 0.974838
vn -0.211085 -0.071654 0.974838
vn -0.199926 -0.098593 0.974838
vn -0.185347 -0.123845 0.974838
vn -0.167596 -0.146978 0.974838
vn -0.146978 -0.167596 0.974838
vn -0.123845 -0.185347 0.974838
vn -0.098593 -0.199926 0.974838
vn -0.071654 -0.211085 0.974838
vn -0.043488 -0.218631 0.974838
vn -0.014579 -0.222437 0.974838
vn 0.014579 -0.222437 0.974838
vn 0.043488 -0.218631 0.974838
vn 0.071654 -0.211085 0.974838
vn 0.098593 -0.199926 0.974838
vn 0.123845 -0.185347 0.974838
vn 0.146978 -0.167596 0.974838
vn 0.167596 -0.146978 0.974838
vn 0.185347 -0.123845 0.974838
vn 0.199926 -0.098593 0.974838
vn 0.211085 -0.071654 0.974838
vn 0.218631 -0.043488 0.974838
vn 0.991450 0.082134 0.101398
vn 0.642983 0.759139 0.101398
vn -0.082134 0.991450 0.101398
vn -0.759139 0.642983 0.101398
vn -0.991450 -0.082134 0.101398
vn -0.642983 -0.759139 0.101398
vn 0.082134 -0.991450 0.101398
vn 0.759139 -0.642983 0.101398
vn 0.974346 -0.201794 0.099649
vn 0.831656 0.546277 0.099649
vn 0.201794 0.974346 0.099649
vn -0.546277 0.831656 0.099649
vn -0.974346 0.201794 0.099649
vn -0.831656 -0.546277 0.099649
vn -0.201794 -0.974346 0.099649
vn 0.546277 -0.831656 0.099649
f 1/1/1 2/2/2 50/50/50
f 1/1/1 50/50/50 49/49/49
f 2/2/2 3/3/3 51/51/51
f 2/2/2 51/51/51 50/50/50
f 3/3/3 4/4/4 52/52/52
f 3/3/3 52/52/52 51/51/51
f 4/4/4 5/5/5 53/53/53
f 4/4/4 53/53/53 52/52/52
f 5/5/5 6/6/6 54/54/54
f 5/5/5 54/54/54 53/53/53
f 6/6/6 7/7/7 55/55/55
f 6/6/6 55/55/55 54/54/54
f 7/7/7 8/8/8 56/56/56
f 7/7/7 56/56/56 55/55/55
f 8/8/8 9/9/9 57/57/57
f 8/8/8 57/57/57 56/56/56
f 9/9/9 10/10/10 58/58/58
f 9/9/9 58/58/58 57/57/57
f 10/10/10 11/11/11 59/59/59
f 10/10/10 59/59/59 58/58/58
f 11/11/11 12/12/12 60/60/60
f 11/11/11 60/60/60 59/59/59
f 12/12/12 13/13/13 61/61/61
f 12/12/12 61/61/61 60/60/60
f 13/13/13 14/14/14 62/62/62
f 13/13/13 62/62/62 61/61/61
f 14/14/14 15/15/15 63/63/63
f 14/14/14 63/63/63 62/62/62
f 15/15/15 16/16/16 64/64/64
f 15/15/15 64/64/64 63/63/63
f 16/16/16 17/17/17 65/65/65
f 16/16/16 65/65/65 64/64/64
f 17/17/17 18/18/18 66/66/66
f 17/17/17 66/66/66 65/65/65
f 18/18/18 19/19/19 67/67/67
f 18/18/18 67/67/67 66/66/66
f 19/19/19 20/20/20 68/68/68
f 19/19/19 68/68/68 67/67/67
f 20/20/20 21/21/21 69/69/69
f 20/20/20 69/69/69 68/68/68
f 21/21/21 22/22/22 70/70/70
f 21/21/21 70/70/70 69/69/69
f 22/22/22 23/23/23 71/71/71
f 22/22/22 71/71/71 70/70/70
f 23/23/23 24/24/24 72/72/72
f 23/23/23 72/72/72 71/71/71
f 24/24/24 25/25/25 73/73/73
f 24/24/24 73/73/73 72/72/72
f 25/25/25 26/26/26 74/74/74
f 25/25/25 74/74/74 73/73/73
f 26/26/26 27/27/27 75/75/75
f 26/26/26 75/75/75 74/74/74
f 27/27/27 28/28/28 76/76/76
f 27/27/27 76/76/76 75/75/75
f 28/28/28 29/29/29 77/77/77
f 28/28/28 77/77/77 76/76/76
f 29/29/29 30/30/30 78/78/78
f 29/29/29 78/78/78 77/77/77
f 30/30/30 31/31/31 79/79/79
f 30/30/30 79/79/79 78/78/78
f 31/31/31 32/32/32 80/80/80
f 31/31/31 80/80/80 79/79/79
f 32/32/32 33/33/33 81/81/81
f 32/32/32 81/81/81 80/80/80
f 33/33/33 34/34/34 82/82/82
f 33/33/33 82/82/82 81/81/81
f 34/34/34 35/35/35 83/83/83
f 34/34/34 83/83/83 82/82/82
f 35/35/35 36/36/36 84/84/84
f 35/35/35 84/84/84 83/83/83
f 36/36/36 37/37/37 85/85/85
f 36/36/36 85/85/85 84/84/84
f 37/37/37 38/38/38 86/86/86
f 37/37/37 86/86/86 85/85/85
f 38/38/38 39/39/39 87/87/87
f 38/38/38 87/87/87 86/86/86
f 39/39/39 40/40/40 88/88/88
f 39/39/39 88/88/88 87/87/87
f 40/40/40 41/41/41 89/89/89
f 40/40/40 89/89/89 88/88/88
f 41/41/41 42/42/42 90/90/90
f 41/41/41 90/90/90 89/89/89
f 42/42/42 43/43/43 91/91/91
f 42/42/42 91/91/91 90/90/90
f 43/43/43 44/44/44 92/92/92
f 43/43/43 92/92/92 91/91/91
f 44/44/44 45/45/45 93/93/93
f 44/44/44 93/93/93 92/92/92
f 45/45/45 46/46/46 94/94/94
f 45/45/45 94/94/94 93/93/93
f 46/46/46 47/47/47 95/95/95
f 46/46/46 95/95/95 94/94/94
f 47/47/47 48/48/48 96/96/96
f 47/47/47 96/96/96 95/95/95
f 48/48/48 1/1/1 49/49/49
f 48/48/48 49/49/49 96/96/96
f 49/49/49 50/50/50 98/98/98
f 49/49/49 98/98/98 97/97/97
f 50/50/50 51/51/51 99/99/99
f 50/50/50 99/99/99 98/98/98
f 51/51/51 52/52/52 100/100/100
f 51/51/51 100/100/100 99/99/99
f 52/52/52 53/53/53 101/101/101
f 52/52/52 101/101/101 100/100/100
f 53/53/53 54/54/54 102/102/102
f 53/53/53 102/102/102 101/101/101
f 54/54/54 55/55/55 103/103/103
f 54/54/54 103/103/103 102/102/102
f 55/55/55 56/56/56 104/104/104
f 55/55/55 104/104/104 103/103/103
f 56/56/56 57/57/57 105/105/105
f 56/56/56 105/105/105 104/104/104
f 57/57/57 58/58/58 106/106/106
f 57/57/57 106/106/106 105/105/105
f 58/58/58 59/59/59 107/107/107
f 58/58/58 107/107/107 106/106/106
f 59/59/59 60/60/60 108/108/108
f 59/59/59 108/108/108 107/107/107
f 60/60/60 61/61/61 109/109/109
f 60/60/60 109/109/109 108/108/108
f 61/61/61 62/62/62 110/110/110
f 61/61/61 110/110/110 109/109/109
f 62/62/62 63/63/63 111/111/111
f 62/62/62 111/111/111 110/110/110
f 63/63/63 64/64/64 112/112/112
f 63/63/63 112/112/112 111/111/111
f 64/64/64 65/65/65 113/113/113
f 64/64/64 113/113/113 112/112/112
f 65/65/65 66/66/66 114/114/114
f 65/65/65 114/114/114 113/113/113
f 66/66/66 67/67/67 115/115/115
f 66/66/66 115/115/115 114/114/114
f 67/67/67 68/68/68 116/116/116
f 67/67/67 116/116/116 115/115/115
f 68/68/68 69/69/69 117/117/117
f 68/68/68 117/117/117 116/116/116
f 69/69/69 70/70/70 118/118/118
f 69/69/69 118/118/118 117/117/117
f 70/70/70 71/71/71 119/119/119
f 70/70/70 119/119/119 118/118/118
f 71/71/71 72/72/72 120/120/120
f 71/71/71 120/120/120 119/119/119
f 72/72/72 73/73/73 121/121/121
f 72/72/72 121/121/121 120/120/120
f 73/73/73 74/74/74 122/122/122
f 73/73/73 122/122/122 121/121/121
f 74/74/74 75/75/75 123/123/123
f 74/74/74 123/123/123 122/122/122
f 75/75/75 76/76/76 124/124/124
f 75/75/75 124/124/124 123/123/123
f 76/76/76 77/77/77 125/125/125
f 76/76/76 125/125/125 124/124/124
f 77/77/77 78/78/78 126/126/126
f 77/77/77 126/126/126 125/125/125
f 78/78/78 79/79/79 127/127/127
f 78/78/78 127/127/127 126/126/126
f 79/79/79 80/80/80 128/128/128
f 79/79/79 128/128/128 127/127/127
f 80/80/80 81/81/81 129/129/129
f 80/80/80 129/129/129 128/128/128
f 81/81/81 82/82/82 130/130/130
f 81/81/81 130/130/130 129/129/129
f 82/82/82 83/83/83 131/131/131
f 82/82/82 131/131/131 130/130/130
f 83/83/83 84/84/84 132/132/132
f 83/83/83 132/132/132 131/131/131
f 84/84/84 85/85/85 133/133/133
f 84/84/84 133/133/133 132/132/132
f 85/85/85 86/86/86 134/134/134
f 85/85/85 134/134/134 133/133/133
f 86/86/86 87/87/87 135/135/135
f 86/86/86 135/135/135 134/134/134
f 87/87/87 88/88/88 136/136/136
f 87/87/87 136/136/136 135/135/135
f 88/88/88 89/89/89 137/137/137
f 88/88/88 137/137/137 136/136/136
f 89/89/89 90/90/90 138/138/138
f 89/89/89 138/138/138 137/137/137
f 90/90/90 91/91/91 139/139/139
f 90/90/90 139/139/139 138/138/138
f 91/91/91 92/92/92 140/140/140
f 91/91/91 140/140/140 139/139/139
f 92/92/92 93/93/93 141/141/141
f 92/92/92 141/141/141 140/140/140
f 93/93/93 94/94/94 142/142/142
f 93/93/93 142/142/142 141/141/141
f 94/94/94 95/95/95 143/143/143
f 94/94/94 143/143/143 142/142/142
f 95/95/95 96/96/96 144/144/144
f 95/95/95 144/144/144 143/143/143
f 96/96/96 49/49/49 97/97/97
f 96/96/96 97/97/97 144/144/144
f 97/97/97 98/98/98 146/146/146
f 97/97/97 146/146/146 145/145/145
f 98/98/98 99/99/99 147/147/147
f 98/98/98 147/147/147 146/146/146
f 99/99/99 100/100/100 148/148/148
f 99/99/99 148/148/148 147/147/147
f 100/100/100 101/101/101 149/149/149
f 100/100/100 149/149/149 148/148/148
f 101/101/101 102/102/102 150/150/150
f 101/101/101 150/150/150 149/149/149
f 102/102/102 103/103/103 151/151/151
f 102/102/102 151/151/151 150/150/150
f 103/103/103 104/104/104 152/152/152
f 103/103/103 152/152/152 151/151/151
f 104/104/104 105/105/105 153/153/153
f 104/104/104 153/153/153 152/152/152
f 105/105/105 106/106/106 154/154/154
f 105/105/105 154/154/154 153/153/153
f 106/106/106 107/107/107 155/155/155
f 106/106/106 155/155/155 154/154/154
f 107/107/107 108/108/108 156/156/156
f 107/107/107 156/156/156 155/155/155
f 108/108/108 109/109/109 157/157/157
f 108/108/108 157/157/157 156/156/156
f 109/109/109 110/110/110 158/158/158
f 109/109/109 158/158/158 157/157/157
f 110/110/110 111/111/111 159/159/159
f 110/110/110 159/159/159 158/158/158
f 111/111/111 112/112/112 160/160/160
f 111/111/111 160/160/160 159/159/159
f 112/112/112 113/113/113 161/161/161
f 112/112/112 161/161/161 160/160/160
f 113/113/113 114/114/114 162/162/162
f 113/113/113 162/162/162 161/161/161
f 114/114/114 115/115/115 163/163/163
f 114/114/114 163/163/163 162/162/162
f 115/115/115 116/116/116 164/164/164
f 115/115/115 164/164/164 163/163/163
f 116/116/116 117/117/117 165/165/165
f 116/116/116 165/165/165 164/164/164
f 117/117/117 118/118/118 166/166/166
f 117/117/117 166/166/166 165/165/165
f 118/118/118 119/119/119 167/167/167
f 118/118/118 167/167/167 166/166/166
f 119/119/119 120/120/120 168/168/168
f 119/119/119 168/168/168 167/167/167
f 120/120/120 121/121/121 169/169/169
f 120/120/120 169/169/169 168/168/168
f 121/121/121 122/122/122 170/170/170
f 121/121/121 170/170/170 169/169/169
f 122/122/122 123/123/123 171/171/171
f 122/122/122 171/171/171 170/170/170
f 123/123/123 124/124/124 172/172/172
f 123/123/123 172/172/172 171/171/171
f 124/124/124 125/125/125 173/173/173
f 124/124/124 173/173/173 172/172/172
f 125/125/125 126/126/126 174/174/174
f 125/125/125 174/174/174 173/173/173
f 126/126/126 127/127/127 175/175/175
f 126/126/126 175/175/175 174/174/174
f 127/127/127 128/128/128 176/176/176
f 127/127/127 176/176/176 175/175/175
f 128/128/128 129/129/129 177/177/177
f 128/128/128 177/177/177 176/176/176
f 129/129/129 130/130/130 178/178/178
f 129/129/129 178/178/178 177/177/177
f 130/130/130 131/131/131 179/179/179
f 130/130/130 179/179/179 178/178/178
f 131/131/131 132/132/132 180/180/180
f 131/131/131 180/180/180 179/179/179
f 132/132/132 133/133/133 181/181/181
f 132/132/132 181/181/181 180/180/180
f 133/133/133 134/134/134 182/182/182
f 133/133/133 182/182/182 181/181/181
f 134/134/134 135/135/135 183/183/183
f 134/134/134 183/183/183 182/182/182
f 135/135/135 136/136/136 184/184/184
f 135/135/135 184/184/184 183/183/183
f 136/136/136 137/137/137 185/185/185
f 136/136/136 185/185/185 184/184/184
f 137/137/137 138/138/138 186/186/186
f 137/137/137 186/186/186 185/185/185
f 138/138/138 139/139/139 187/187/187
f 138/138/138 187/187/187 186/186/186
f 139/139/139 140/140/140 188/188/188
f 139/139/139 188/188/188 187/187/187
f 140/140/140 141/141/141 189/189/189
f 140/140/140 189/189/189 188/188/188
f 141/141/141 142/142/142 190/190/190
f 141/141/141 190/190/190 189/189/189
f 142/142/142 143/143/143 191/191/191
f 142/142/142 191/191/191 190/190/190
f 143/143/143 144/144/144 192/192/192
f 143/143/143 192/192/192 191/191/191
f 144/144/144 97/97/97 145/145/145
f 144/144/144 145/145/145 192/192/192
f 145/145/145 146/146/146 194/194/194
f 145/145/145 194/194/194 193/193/193
f 146/146/146 147/147/147 195/195/195
f 146/146/146 195/195/195 194/194/194
f 147/147/147 148/148/148 196/196/196
f 147/147/147 196/196/196 195/195/195
f 148/148/148 149/149/149 197/197/197
f 148/148/148 197/197/197 196/196/196
f 149/149/149 150/150/150 198/198/198
f 149/149/149 198/198/198 197/197/197
f 150/150/150 151/151/151 199/199/199
f 150/150/150 199/199/199 198/198/198
f 151/151/151 152/152/152 200/200/200
f 151/151/151 200/200/200 199/199/199
f 152/152/152 153/153/153 201/201/201
f 152/152/152 201/201/201 200/200/200
f 153/153/153 154/154/154 202/202/202
f 153/153/153 202/202/202 201/201/201
f 154/154/154 155/155/155 203/203/203
f 154/154/154 203/203/203 202/202/202
f 155/155/155 156/156/156 204/204/204
f 155/155/155 204/204/204 203/203/203
f 156/156/156 157/157/157 205/205/205
f 156/156/156 205/205/205 204/204/204
f 157/157/157 158/158/158 206/206/206
f 157/157/157 206/206/206 205/205/205
f 158/158/158 159/159/159 207/207/207
f 158/158/158 207/207/207 206/206/206
f 159/159/159 160/160/160 208/208/208
f 159/159/159 208/208/208 207/207/207
f 160/160/160 161/161/161 209/209/209
f 160/160/160 209/209/209 208/208/208
f 161/161/161 162/162/162 210/210/210
f 161/161/161 210/210/210 209/209/209
f 162/162/162 163/163/163 211/211/211
f 162/162/162 211/211/211 210/210/210
f 163/163/163 164/164/164 212/212/212
f 163/163/163 212/212/212 211/211/211
f 164/164/164 165/165/165 213/213/213
f 164/164/164 213/213/213 212/212/212
f 165/165/165 166/166/166 214/214/214
f 165/165/165 214/214/214 213/213/213
f 166/166/166 167/167/167 215/215/215
f 166/166/166 215/215/215 214/214/214
f 167/167/167 168/168/168 216/216/216
f 167/167/167 216/216/216 215/215/215
f 168/168/168 169/169/169 217/217/217
f 168/168/168 217/217/217 216/216/216
f 169/169/169 170/170/170 218/218/218
f 169/169/169 218/218/218 217/217/217
f 170/170/170 171/171/171 219/219/219
f 170/170/170 219/219/219 218/218/218
f 171/171/171 172/172/172 220/220/220
f 171/171/171 220/220/220 219/219/219
f 172/172/172 173/173/173 221/221/221
f 172/172/172 221/221/221 220/220/220
f 173/173/173 174/174/174 222/222/222
f 173/173/173 222/222/222 221/221/221
f 174/174/174 175/175/175 223/223/223
f 174/174/174 223/223/223 222/222/222
f 175/175/175 176/176/176 224/224/224
f 175/175/175 224/224/224 223/223/223
f 176/176/176 177/177/177 225/225/225
f 176/176/176 225/225/225 224/224/224
f 177/177/177 178/178/178 226/226/226
f 177/177/177 226/226/226 225/225/225
f 178/178/178 179/179/179 227/227/227
f 178/178/178 227/227/227 226/226/226
f 179/179/179 180/180/180 228/228/228
f 179/179/179 228/228/228 227/227/227
f 180/180/180 181/181/181 229/229/229
f 180/180/180 229/229/229 228/228/228
f 181/181/181 182/182/182 230/230/230
f 181/181/181 230/230/230 229/229/229
f 182/182/182 183/183/183 231/231/231
f 182/182/182 231/231/231 230/230/230
f 183/183/183 184/184/184 232/232/232
f 183/183/183 232/232/232 231/231/231
f 184/184/184 185/185/185 233/233/233
f 184/184/184 233/233/233 232/232/232
f 185/185/185 186/186/186 234/234/234
f 185/185/185 234/234/234 233/233/233
f 186/186/186 187/187/187 235/235/235
f 186/186/186 235/235/235 234/234/234
f 187/187/187 188/188/188 236/236/236
f 187/187/187 236/236/236 235/235/235
f 188/188/188 189/189/189 237/237/237
f 188/188/188 237/237/237 236/236/236
f 189/189/189 190/190/190 238/238/238
f 189/189/189 238/238/238 237/237/237
f 190/190/190 191/191/191 239/239/239
f 190/190/190 239/239/239 238/238/238
f 191/191/191 192/192/192 240/240/240
f 191/191/191 240/240/240 239/239/239
f 192/192/192 145/145/145 193/193/193
f 192/192/192 193/193/193 240/240/240
f 193/193/193 194/194/194 242/242/242
f 193/193/193 242/242/242 241/241/241
f 194/194/194 195/195/195 243/243/243
f 194/194/194 243/243/243 242/242/242
f 195/195/195 196/196/196 244/244/244
f 195/195/195 244/244/244 243/243/243
f 196/196/196 197/197/197 245/245/245
f 196/196/196 245/245/245 244/244/244
f 197/197/197 198/198/198 246/246/246
f 197/197/197 246/246/246 245/245/245
f 198/198/198 199/199/199 247/247/247
f 198/198/198 247/247/247 246/246/246
f 199/199/199 200/200/200 248/248/248
f 199/199/199 248/248/248 247/247/247
f 200/200/200 201/201/201 249/249/249
f 200/200/200 249/249/249 248/248/248
f 201/201/201 202/202/202 250/250/250
f 201/201/201 250/250/250 249/249/249
f 202/202/202 203/203/203 251/251/251
f 202/202/202 251/251/251 250/250/250
f 203/203/203 204/204/204 252/252/252
f 203/203/203 252/252/252 251/251/251
f 204/204/204 205/205/205 253/253/253
f 204/204/204 253/253/253 252/252/252
f 205/205/205 206/206/206 254/254/254
f 205/205/205 254/254/254 253/253/253
f 206/206/206 207/207/207 255/255/255
f 206/206/206 255/255/255 254/254/254
f 207/207/207 208/208/208 256/256/256
f 207/207/207 256/256/256 255/255/255
f 208/208/208 209/209/209 257/257/257
f 208/208/208 257/257/257 256/256/256
f 209/209/209 210/210/210 258/258/258
f 209/209/209 258/258/258 257/257/257
f 210/210/210 211/211/211 259/259/259
f 210/210/210 259/259/259 258/258/258
f 211/211/211 212/212/212 260/260/260
f 211/211/211 260/260/260 259/259/259
f 212/212/212 213/213/213 261/261/261
f 212/212/212 261/261/261 260/260/260
f 213/213/213 214/214/214 262/262/262
f 213/213/213 262/262/262 261/261/261
f 214/214/214 215/215/215 263/263/263
f 214/214/214 263/263/263 262/262/262
f 215/215/215 216/216/216 264/264/264
f 215/215/215 264/264/264 263/263/263
f 216/216/216 217/217/217 265/265/265
f 216/216/216 265/265/265 264/264/264
f 217/217/217 218/218/218 266/266/266
f 217/217/217 266/266/266 265/265/265
f 218/218/218 219/219/219 267/267/267
f 218/218/218 267/267/267 266/266/266
f 219/219/219 220/220/220 268/268/268
f 219/219/219 268/268/268 267/267/267
f 220/220/220 221/221/221 269/269/269
f 220/220/220 269/269/269 268/268/268
f 221/221/221 222/222/222 270/270/270
f 221/221/221 270/270/270 269/269/269
f 222/222/222 223/223/223 271/271/271
f 222/222/222 271/271/271 270/270/270
f 223/223/223 224/224/224 272/272/272
f 223/223/223 272/272/272 271/271/271
f 224/224/224 225/225/225 273/273/273
f 224/224/224 273/273/273 272/272/272
f 225/225/225 226/226/226 274/274/274
f 225/225/225 274/274/274 273/273/273
f 226/226/226 227/227/227 275/275/275
f 226/226/226 275/275/275 274/274/274
f 227/227/227 228/228/228 276/276/276
f 227/227/227 276/276/276 275/275/275
f 228/228/228 229/229/229 277/277/277
f 228/228/228 277/277/277 276/276/276
f 229/229/229 230/230/230 278/278/278
f 229/229/229 278/278/278 277/277/277
f 230/230/230 231/231/231 279/279/279
f 230/230/230 279/279/279 278/278/278
f 231/231/231 232/232/232 280/280/280
f 231/231/231 280/280/280 279/279/279
f 232/232/232 233/233/233 281/281/281
f 232/232/232 281/281/281 280/280/280
f 233/233/233 234/234/234 282/282/282
f 233/233/233 282/282/282 281/281/281
f 234/234/234 235/235/235 283/283/283
f 234/234/234 283/283/283 282/282/282
f 235/235/235 236/236/236 284/284/284
f 235/235/235 284/284/284 283/283/283
f 236/236/236 237/237/237 285/285/285
f 236/236/236 285/285/285 284/284/284
f 237/237/237 238/238/238 286/286/286
f 237/237/237 286/286/286 285/285/285
f 238/238/238 239/239/239 287/287/287
f 238/238/238 287/287/287 286/286/286
f 239/239/239 240/240/240 288/288/288
f 239/239/239 288/288/288 287/287/287
f 240/240/240 193/193/193 241/241/241
f 240/240/240 241/241/241 288/288/288
f 241/241/241 242/242/242 290/290/290
f 241/241/241 290/290/290 289/289/289
f 242/242/242 243/243/243 291/291/291
f 242/242/242 291/291/291 290/290/290
f 243/243/243 244/244/244 292/292/292
f 243/243/243 292/292/292 291/291/291
f 244/244/244 245/245/245 293/293/293
f 244/244/244 293/293/293 292/292/292
f 245/245/245 246/246/246 294/294/294
f 245/245/245 294/294/294 293/293/293
f 246/246/246 247/247/247 295/295/295
f 246/246/246 295/295/295 294/294/294
f 247/247/247 248/248/248 296/296/296
f 247/247/247 296/296/296 295/295/295
f 248/248/248 249/249/249 297/297/297
f 248/248/248 297/297/297 296/296/296
f 249/249/249 250/250/250 298/298/298
f 249/249/249 298/298/298 297/297/297
f 250/250/250 251/251/251 299/299/299
f 250/250/250 299/299/299 298/298/298
f 251/251/251 252/252/252 300/300/300
f 251/251/251 300/300/300 299/299/299
f 252/252/252 253/253/253 301/301/301
f 252/252/252 301/301/301 300/300/300
f 253/253/253 254/254/254 302/302/302
f 253/253/253 302/302/302 301/301/301
f 254/254/254 255/255/255 303/303/303
f 254/254/254 303/303/303 302/302/302
f 255/255/255 256/256/256 304/304/304
f 255/255/255 304/304/304 303/303/303
f 256/256/256 257/257/257 305/305/305
f 256/256/256 305/305/305 304/304/304
f 257/257/257 258/258/258 306/306/306
f 257/257/257 306/306/306 305/305/305
f 258/258/258 259/259/259 307/307/307
f 258/258/258 307/307/307 306/306/306
f 259/259/259 260/260/260 308/308/308
f 259/259/259 308/308/308 307/307/307
f 260/260/260 261/261/261 309/309/309
f 260/260/260 309/309/309 308/308/308
f 261/261/261 262/262/262 310/310/310
f 261/261/261 310/310/310 309/309/309
f 262/262/262 263/263/263 311/311/311
f 262/262/262 311/311/311 310/310/310
f 263/263/263 264/264/264 312/312/312
f 263/263/263 312/312/312 311/311/311
f 264/264/264 265/265/265 313/313/313
f 264/264/264 313/313/313 312/312/312
f 265/265/265 266/266/266 314/314/314
f 265/265/265 314/314/314 313/313/313
f 266/266/266 267/267/267 315/315/315
f 266/266/266 315/315/315 314/314/314
f 267/267/267 268/268/268 316/316/316
f 267/267/267 316/316/316 315/315/315
f 268/268/268 269/269/269 317/317/317
f 268/268/268 317/317/317 316/316/316
f 269/269/269 270/270/270 318/318/318
f 269/269/269 318/318/318 317/317/317
f 270/270/270 271/271/271 319/319/319
f 270/270/270 319/319/319 318/318/318
f 271/271/271 272/272/272 320/320/320
f 271/271/271 320/320/320 319/319/319
f 272/272/272 273/273/273 321/321/321
f 272/272/272 321/321/321 320/320/320
f 273/273/273 274/274/274 322/322/322
f 273/273/273 322/322/322 321/321/321
f 274/274/274 275/275/275 323/323/323
f 274/274/274 323/323/323 322/322/322
f 275/275/275 276/276/276 324/324/324
f 275/275/275 324/324/324 323/323/323
f 276/276/276 277/277/277 325/325/325
f 276/276/276 325/325/325 324/324/324
f 277/277/277 278/278/278 326/326/326
f 277/277/277 326/326/326 325/325/325
f 278/278/278 279/279/279 327/327/327
f 278/278/278 327/327/327 326/326/326
f 279/279/279 280/280/280 328/328/328
f 279/279/279 328/328/328 327/327/327
f 280/280/280 281/281/281 329/329/329
f 280/280/280 329/329/329 328/328/328
f 281/281/281 282/282/282 330/330/330
f 281/281/281 330/330/330 329/329/329
f 282/282/282 283/283/283 331/331/331
f 282/282/282 331/331/331 330/330/330
f 283/283/283 284/284/284 332/332/332
f 283/283/283 332/332/332 331/331/331
f 284/284/284 285/285/285 333/333/333
f 284/284/284 333/333/333 332/332/332
f 285/285/285 286/286/286 334/334/334
f 285/285/285 334/334/334 333/333/333
f 286/286/286 287/287/287 335/335/335
f 286/286/286 335/335/335 334/334/334
f 287/287/287 288/288/288 336/336/336
f 287/287/287 336/336/336 335/335/335
f 288/288/288 241/241/241 289/289/289
f 288/288/288 289/289/289 336/336/336
f 289/289/289 290/290/290 338/338/338
f 289/289/289 338/338/338 337/337/337
f 290/290/290 291/291/291 339/339/339
f 290/290/290 339/339/339 338/338/338
f 291/291/291 292/292/292 340/340/340
f 291/291/291 340/340/340 339/339/339
f 292/292/292 293/293/293 341/341/341
f 292/292/292 341/341/341 340/340/340
f 293/293/293 294/294/294 342/342/342
f 293/293/293 342/342/342 341/341/341
f 294/294/294 295/295/295 343/343/343
f 294/294/294 343/343/343 342/342/342
f 295/295/295 296/296/296 344/344/344
f 295/295/295 344/344/344 343/343/343
f 296/296/296 297/297/297 345/345/345
f 296/296/296 345/345/345 344/344/344
f 297/297/297 298/298/298 346/346/346
f 297/297/297 346/346/346 345/345/345
f 298/298/298 299/299/299 347/347/347
f 298/298/298 347/347/347 346/346/346
f 299/299/299 300/300/300 348/348/348
f 299/299/299 348/348/348 347/347/347
f 300/300/300 301/301/301 349/349/349
f 300/300/300 349/349/349 348/348/348
f 301/301/301 302/302/302 350/350/350
f 301/301/301 350/350/350 349/349/349
f 302/302/302 303/303/303 351/351/351
f 302/302/302 351/351/351 350/350/350
f 303/303/303 304/304/304 352/352/352
f 303/303/303 352/352/352 351/351/351
f 304/304/304 305/305/305 353/353/353
f 304/304/304 353/353/353 352/352/352
f 305/305/305 306/306/306 354/354/354
f 305/305/305 354/354/354 353/353/353
f 306/306/306 307/307/307 355/355/355
f 306/306/306 355/355/355 354/354/354
f 307/307/307 308/308/308 356/356/356
f 307/307/307 356/356/356 355/355/355
f 308/308/308 309/309/309 357/357/357
f 308/308/308 357/357/357 356/356/356
f 309/309/309 310/310/310 358/358/358
f 309/309/309 358/358/358 357/357/357
f 310/310/310 311/311/311 359/359/359
f 310/310/310 359/359/359 358/358/358
f 311/311/311 312/312/312 360/360/360
f 311/311/311 360/360/360 359/359/359
f 312/312/312 313/313/313 361/361/361
f 312/312/312 361/361/361 360/360/360
f 313/313/313 314/314/314 362/362/362
f 313/313/313 362/362/362 361/361/361
f 314/314/314 315/315/315 363/363/363
f 314/314/314 363/363/363 362/362/362
f 315/315/315 316/316/316 364/364/364
f 315/315/315 364/364/364 363/363/363
f 316/316/316 317/317/317 365/365/365
f 316/316/316 365/365/365 364/364/364
f 317/317/317 318/318/318 366/366/366
f 317/317/317 366/366/366 365/365/365
f 318/318/318 319/319/319 367/367/367
f 318/318/318 367/367/367 366/366/366
f 319/319/319 320/320/320 368/368/368
f 319/319/319 368/368/368 367/367/367
f 320/320/320 321/321/321 369/369/369
f 320/320/320 369/369/369 368/368/368
f 321/321/321 322/322/322 370/370/370
f 321/321/321 370/370/370 369/369/369
f 322/322/322 323/323/323 371/371/371
f 322/322/322 371/371/371 370/370/370
f 323/323/323 324/324/324 372/372/372
f 323/323/323 372/372/372 371/371/371
f 324/324/324 325/325/325 373/373/373
f 324/324/324 373/373/373 372/372/372
f 325/325/325 326/326/326 374/374/374
f 325/325/325 374/374/374 373/373/373
f 326/326/326 327/327/327 375/375/375
f 326/326/326 375/375/375 374/374/374
f 327/327/327 328/328/328 376/376/376
f 327/327/327 376/376/376 375/375/375
f 328/328/328 329/329/329 377/377/377
f 328/328/328 377/377/377 376/376/376
f 329/329/329 330/330/330 378/378/378
f 329/329/329 378/378/378 377/377/377
f 330/330/330 331/331/331 379/379/379
f 330/330/330 379/379/379 378/378/378
f 331/331/331 332/332/332 380/380/380
f 331/331/331 380/380/380 379/379/379
f 332/332/332 333/333/333 381/381/381
f 332/332/332 381/381/381 380/380/380
f 333/333/333 334/334/334 382/382/382
f 333/333/333 382/382/382 381/381/381
f 334/334/334 335/335/335 383/383/383
f 334/334/334 383/383/383 382/382/382
f 335/335/335 336/336/336 384/384/384
f 335/335/335 384/384/384 383/383/383
f 336/336/336 289/289/289 337/337/337
f 336/336/336 337/337/337 384/384/384
f 337/337/337 338/338/338 386/386/386
f 337/337/337 386/386/386 385/385/385
f 338/338/338 339/339/339 387/387/387
f 338/338/338 387/387/387 386/386/386
f 339/339/339 340/340/340 388/388/388
f 339/339/339 388/388/388 387/387/387
f 340/340/340 341/341/341 389/389/389
f 340/340/340 389/389/389 388/388/388
f 341/341/341 342/342/342 390/390/390
f 341/341/341 390/390/390 389/389/389
f 342/342/342 343/343/343 391/391/391
f 342/342/342 391/391/391 390/390/390
f 343/343/343 344/344/344 392/392/392
f 343/343/343 392/392/392 391/391/391
f 344/344/344 345/345/345 393/393/393
f 344/344/344 393/393/393 392/392/392
f 345/345/345 346/346/346 394/394/394
f 345/345/345 394/394/394 393/393/393
f 346/346/346 347/347/347 395/395/395
f 346/346/346 395/395/395 394/394/394
f 347/347/347 348/348/348 396/396/396
f 347/347/347 396/396/396 395/395/395
f 348/348/348 349/349/349 397/397/397
f 348/348/348 397/397/397 396/396/396
f 349/349/349 350/350/350 398/398/398
f 349/349/349 398/398/398 397/397/397
f 350/350/350 351/351/351 399/399/399
f 350/350/350 399/399/399 398/398/398
f 351/351/351 352/352/352 400/400/400
f 351/351/351 400/400/400 399/399/399
f 352/352/352 353/353/353 401/401/401
f 352/352/352 401/401/401 400/400/400
f 353/353/353 354/354/354 402/402/402
f 353/353/353 402/402/402 401/401/401
f 354/354/354 355/355/355 403/403/403
f 354/354/354 403/403/403 402/402/402
f 355/355/355 356/356/356 404/404/404
f 355/355/355 404/404/404 403/403/403
f 356/356/356 357/357/357 405/405/405
f 356/356/356 405/405/405 404/404/404
f 357/357/357 358/358/358 406/406/406
f 357/357/357 406/406/406 405/405/405
f 358/358/358 359/359/359 407/407/407
f 358/358/358 407/407/407 406/406/406
f 359/359/359 360/360/360 408/408/408
f 359/359/359 408/408/408 407/407/407
f 360/360/360 361/361/361 409/409/409
f 360/360/360 409/409/409 408/408/408
f 361/361/361 362/362/362 410/410/410
f 361/361/361 410/410/410 409/409/409
f 362/362/362 363/363/363 411/411/411
f 362/362/362 411/411/411 410/410/410
f 363/363/363 364/364/364 412/412/412
f 363/363/363 412/412/412 411/411/411
f 364/364/364 365/365/365 413/413/413
f 364/364/364 413/413/413 412/412/412
f 365/365/365 366/366/366 414/414/414
f 365/365/365 414/414/414 413/413/413
f 366/366/366 367/367/367 415/415/415
f 366/366/366 415/415/415 414/414/414
f 367/367/367 368/368/368 416/416/416
f 367/367/367 416/416/416 415/415/415
f 368/368/368 369/369/369 417/417/417
f 368/368/368 417/417/417 416/416/416
f 369/369/369 370/370/370 418/418/418
f 369/369/369 418/418/418 417/417/417
f 370/370/370 371/371/371 419/419/419
f 370/370/370 419/419/419 418/418/418
f 371/371/371 372/372/372 420/420/420
f 371/371/371 420/420/420 419/419/419
f 372/372/372 373/373/373 421/421/421
f 372/372/372 421/421/421 420/420/420
f 373/373/373 374/374/374 422/422/422
f 373/373/373 422/422/422 421/421/421
f 374/374/374 375/375/375 423/423/423
f 374/374/374 423/423/423 422/422/422
f 375/375/375 376/376/376 424/424/424
f 375/375/375 424/424/424 423/423/423
f 376/376/376 377/377/377 425/425/425
f 376/376/376 425/425/425 424/424/424
f 377/377/377 378/378/378 426/426/426
f 377/377/377 426/426/426 425/425/425
f 378/378/378 379/379/379 427/427/427
f 378/378/378 427/427/427 426/426/426
f 379/379/379 380/380/380 428/428/428
f 379/379/379 428/428/428 427/427/427
f 380/380/380 381/381/381 429/429/429
f 380/380/380 429/429/429 428/428/428
f 381/381/381 382/382/382 430/430/430
f 381/381/381 430/430/430 429/429/429
f 382/382/382 383/383/383 431/431/431
f 382/382/382 431/431/431 430/430/430
f 383/383/383 384/384/384 432/432/432
f 383/383/383 432/432/432 431/431/431
f 384/384/384 337/337/337 385/385/385
f 384/384/384 385/385/385 432/432/432
f 385/385/385 386/386/386 434/434/434
f 385/385/385 434/434/434 433/433/433
f 386/386/386 387/387/387 435/435/435
f 386/386/386 435/435/435 434/434/434
f 387/387/387 388/388/388 436/436/436
f 387/387/387 436/436/436 435/435/435
f 388/388/388 389/389/389 437/437/437
f 388/388/388 437/437/437 436/436/436
f 389/389/389 390/390/390 438/438/438
f 389/389/389 438/438/438 437/437/437
f 390/390/390 391/391/391 439/439/439
f 390/390/390 439/439/439 438/438/438
f 391/391/391 392/392/392 440/440/440
f 391/391/391 440/440/440 439/439/439
f 392/392/392 393/393/393 441/441/441
f 392/392/392 441/441/441 440/440/440
f 393/393/393 394/394/394 442/442/442
f 393/393/393 442/442/442 441/441/441
f 394/394/394 395/395/395 443/443/443
f 394/394/394 443/443/443 442/442/442
f 395/395/395 396/396/396 444/444/444
f 395/395/395 444/444/444 443/443/443
f 396/396/396 397/397/397 445/445/445
f 396/396/396 445/445/445 444/444/444
f 397/397/397 398/398/398 446/446/446
f 397/397/397 446/446/446 445/445/445
f 398/398/398 399/399/399 447/447/447
f 398/398/398 447/447/447 446/446/446
f 399/399/399 400/400/400 448/448/448
f 399/399/399 448/448/448 447/447/447
f 400/400/400 401/401/401 449/449/449
f 400/400/400 449/449/449 448/448/448
f 401/401/401 402/402/402 450/450/450
f 401/401/401 450/450/450 449/449/449
f 402/402/402 403/403/403 451/451/451
f 402/402/402 451/451/451 450/450/450
f 403/403/403 404/404/404 452/452/452
f 403/403/403 452/452/452 451/451/451
f 404/404/404 405/405/405 453/453/453
f 404/404/404 453/453/453 452/452/452
f 405/405/405 406/406/406 454/454/454
f 405/405/405 454/454/454 453/453/453
f 406/406/406 407/407/407 455/455/455
f 406/406/406 455/455/455 454/454/454
f 407/407/407 408/408/408 456/456/456
f 407/407/407 456/456/456 455/455/455
f 408/408/408 409/409/409 457/457/457
f 408/408/408 457/457/457 456/456/456
f 409/409/409 410/410/410 458/458/458
f 409/409/409 458/458/458 457/457/457
f 410/410/410 411/411/411 459/459/459
f 410/410/410 459/459/459 458/458/458
f 411/411/411 412/412/412 460/460/460
f 411/411/411 460/460/460 459/459/459
f 412/412/412 413/413/413 461/461/461
f 412/412/412 461/461/461 460/460/460
f 413/413/413 414/414/414 462/462/462
f 413/413/413 462/462/462 461/461/461
f 414/414/414 415/415/415 463/463/463
f 414/414/414 463/463/463 462/462/462
f 415/415/415 416/416/416 464/464/464
f 415/415/415 464/464/464 463/463/463
f 416/416/416 417/417/417 465/465/465
f 416/416/416 465/465/465 464/464/464
f 417/417/417 418/418/418 466/466/466
f 417/417/417 466/466/466 465/465/465
f 418/418/418 419/419/419 467/467/467
f 418/418/418 467/467/467 466/466/466
f 419/419/419 420/420/420 468/468/468
f 419/419/419 468/468/468 467/467/467
f 420/420/420 421/421/421 469/469/469
f 420/420/420 469/469/469 468/468/468
f 421/421/421 422/422/422 470/470/470
f 421/421/421 470/470/470 469/469/469
f 422/422/422 423/423/423 471/471/471
f 422/422/422 471/471/471 470/470/470
f 423/423/423 424/424/424 472/472/472
f 423/423/423 472/472/472 471/471/471
f 424/424/424 425/425/425 473/473/473
f 424/424/424 473/473/473 472/472/472
f 425/425/425 426/426/426 474/474/474
f 425/425/425 474/474/474 473/473/473
f 426/426/426 427/427/427 475/475/475
f 426/426/426 475/475/475 474/474/474
f 427/427/427 428/428/428 476/476/476
f 427/427/427 476/476/476 475/475/475
f 428/428/428 429/429/429 477/477/477
f 428/428/428 477/477/477 476/476/476
f 429/429/429 430/430/430 478/478/478
f 429/429/429 478/478/478 477/477/477
f 430/430/430 431/431/431 479/479/479
f 430/430/430 479/479/479 478/478/478
f 431/431/431 432/432/432 480/480/480
f 431/431/431 480/480/480 479/479/479
f 432/432/432 385/385/385 433/433/433
f 432/432/432 433/433/433 480/480/480
f 433/433/433 434/434/434 482/482/482
f 433/433/433 482/482/482 481/481/481
f 434/434/434 435/435/435 483/483/483
f 434/434/434 483/483/483 482/482/482
f 435/435/435 436/436/436 484/484/484
f 435/435/435 484/484/484 483/483/483
f 436/436/436 437/437/437 485/485/485
f 436/436/436 485/485/485 484/484/484
f 437/437/437 438/438/438 486/486/486
f 437/437/437 486/486/486 485/485/485
f 438/438/438 439/439/439 487/487/487
f 438/438/438 487/487/487 486/486/486
f 439/439/439 440/440/440 488/488/488
f 439/439/439 488/488/488 487/487/487
f 440/440/440 441/441/441 489/489/489
f 440/440/440 489/489/489 488/488/488
f 441/441/441 442/442/442 490/490/490
f 441/441/441 490/490/490 489/489/489
f 442/442/442 443/443/443 491/491/491
f 442/442/442 491/491/491 490/490/490
f 443/443/443 444/444/444 492/492/492
f 443/443/443 492/492/492 491/491/491
f 444/444/444 445/445/445 493/493/493
f 444/444/444 493/493/493 492/492/492
f 445/445/445 446/446/446 494/494/494
f 445/445/445 494/494/494 493/493/493
f 446/446/446 447/447/447 495/495/495
f 446/446/446 495/495/495 494/494/494
f 447/447/447 448/448/448 496/496/496
f 447/447/447 496/496/496 495/495/495
f 448/448/448 449/449/449 497/497/497
f 448/448/448 497/497/497 496/496/496
f 449/449/449 450/450/450 498/498/498
f 449/449/449 498/498/498 497/497/497
f 450/450/450 451/451/451 499/499/499
f 450/450/450 499/499/499 498/498/498
f 451/451/451 452/452/452 500/500/500
f 451/451/451 500/500/500 499/499/499
f 452/452/452 453/453/453 501/501/501
f 452/452/452 501/501/501 500/500/500
f 453/453/453 454/454/454 502/502/502
f 453/453/453 502/502/502 501/501/501
f 454/454/454 455/455/455 503/503/503
f 454/454/454 503/503/503 502/502/502
f 455/455/455 456/456/456 504/504/504
f 455/455/455 504/504/504 503/503/503
f 456/456/456 457/457/457 505/505/505
f 456/456/456 505/505/505 504/504/504
f 457/457/457 458/458/458 506/506/506
f 457/457/457 506/506/506 505/505/505
f 458/458/458 459/459/459 507/507/507
f 458/458/458 507/507/507 506/506/506
f 459/459/459 460/460/460 508/508/508
f 459/459/459 508/508/508 507/507/507
f 460/460/460 461/461/461 509/509/509
f 460/460/460 509/509/509 508/508/508
f 461/461/461 462/462/462 510/510/510
f 461/461/461 510/510/510 509/509/509
f 462/462/462 463/463/463 511/511/511
f 462/462/462 511/511/511 510/510/510
f 463/463/463 464/464/464 512/512/512
f 463/463/463 512/512/512 511/511/511
f 464/464/464 465/465/465 513/513/513
f 464/464/464 513/513/513 512/512/512
f 465/465/465 466/466/466 514/514/514
f 465/465/465 514/514/514 513/513/513
f 466/466/466 467/467/467 515/515/515
f 466/466/466 515/515/515 514/514/514
f 467/467/467 468/468/468 516/516/516
f 467/467/467 516/516/516 515/515/515
f 468/468/468 469/469/469 517/517/517
f 468/468/468 517/517/517 516/516/516
f 469/469/469 470/470/470 518/518/518
f 469/469/469 518/518/518 517/517/517
f 470/470/470 471/471/471 519/519/519
f 470/470/470 519/519/519 518/518/518
f 471/471/471 472/472/472 520/520/520
f 471/471/471 520/520/520 519/519/519
f 472/472/472 473/473/473 521/521/521
f 472/472/472 521/521/521 520/520/520
f 473/473/473 474/474/474 522/522/522
f 473/473/473 522/522/522 521/521/521
f 474/474/474 475/475/475 523/523/523
f 474/474/474 523/523/523 522/522/522
f 475/475/475 476/476/476 524/524/524
f 475/475/475 524/524/524 523/523/523
f 476/476/476 477/477/477 525/525/525
f 476/476/476 525/525/525 524/524/524
f 477/477/477 478/478/478 526/526/526
f 477/477/477 526/526/526 525/525/525
f 478/478/478 479/479/479 527/527/527
f 478/478/478 527/527/527 526/526/526
f 479/479/479 480/480/480 528/528/528
f 479/479/479 528/528/528 527/527/527
f 480/480/480 433/433/433 481/481/481
f 480/480/480 481/481/481 528/528/528
f 481/481/481 482/482/482 530/530/530
f 481/481/481 530/530/530 529/529/529
f 482/482/482 483/483/483 531/531/531
f 482/482/482 531/531/531 530/530/530
f 483/483/483 484/484/484 532/532/532
f 483/483/483 532/532/532 531/531/531
f 484/484/484 485/485/485 533/533/533
f 484/484/484 533/533/533 532/532/532
f 485/485/485 486/486/486 534/534/534
f 485/485/485 534/534/534 533/533/533
f 486/486/486 487/487/487 535/535/535
f 486/486/486 535/535/535 534/534/534
f 487/487/487 488/488/488 536/536/536
f 487/487/487 536/536/536 535/535/535
f 488/488/488 489/489/489 537/537/537
f 488/488/488 537/537/537 536/536/536
f 489/489/489 490/490/490 538/538/538
f 489/489/489 538/538/538 537/537/537
f 490/490/490 491/491/491 539/539/539
f 490/490/490 539/539/539 538/538/538
f 491/491/491 492/492/492 540/540/540
f 491/491/491 540/540/540 539/539/539
f 492/492/492 493/493/493 541/541/541
f 492/492/492 541/541/541 540/540/540
f 493/493/493 494/494/494 542/542/542
f 493/493/493 542/542/542 541/541/541
f 494/494/494 495/495/495 543/543/543
f 494/494/494 543/543/543 542/542/542
f 495/495/495 496/496/496 544/544/544
f 495/495/495 544/544/544 543/543/543
f 496/496/496 497/497/497 545/545/545
f 496/496/496 545/545/545 544/544/544
f 497/497/497 498/498/498 546/546/546
f 497/497/497 546/546/546 545/545/545
f 498/498/498 499/499/499 547/547/547
f 498/498/498 547/547/547 546/546/546
f 499/499/499 500/500/500 548/548/548
f 499/499/499 548/548/548 547/547/547
f 500/500/500 501/501/501 549/549/549
f 500/500/500 549/549/549 548/548/548
f 501/501/501 502/502/502 550/550/550
f 501/501/501 550/550/550 549/549/549
f 502/502/502 503/503/503 551/551/551
f 502/502/502 551/551/551 550/550/550
f 503/503/503 504/504/504 552/552/552
f 503/503/503 552/552/552 551/551/551
f 504/504/504 505/505/505 553/553/553
f 504/504/504 553/553/553 552/552/552
f 505/505/505 506/506/506 554/554/554
f 505/505/505 554/554/554 553/553/553
f 506/506/506 507/507/507 555/555/555
f 506/506/506 555/555/555 554/554/554
f 507/507/507 508/508/508 556/556/556
f 507/507/507 556/556/556 555/555/555
f 508/508/508 509/509/509 557/557/557
f 508/508/508 557/557/557 556/556/556
f 509/509/509 510/510/510 558/558/558
f 509/509/509 558/558/558 557/557/557
f 510/510/510 511/511/511 559/559/559
f 510/510/510 559/559/559 558/558/558
f 511/511/511 512/512/512 560/560/560
f 511/511/511 560/560/560 559/559/559
f 512/512/512 513/513/513 561/561/561
f 512/512/512 561/561/561 560/560/560
f 513/513/513 514/514/514 562/562/562
f 513/513/513 562/562/562 561/561/561
f 514/514/514 515/515/515 563/563/563
f 514/514/514 563/563/563 562/562/562
f 515/515/515 516/516/516 564/564/564
f 515/515/515 564/564/564 563/563/563
f 516/516/516 517/517/517 565/565/565
f 516/516/516 565/565/565 564/564/564
f 517/517/517 518/518/518 566/566/566
f 517/517/517 566/566/566 565/565/565
f 518/518/518 519/519/519 567/567/567
f 518/518/518 567/567/567 566/566/566
f 519/519/519 520/520/520 568/568/568
f 519/519/519 568/568/568 567/567/567
f 520/520/520 521/521/521 569/569/569
f 520/520/520 569/569/569 568/568/568
f 521/521/521 522/522/522 570/570/570
f 521/521/521 570/570/570 569/569/569
f 522/522/522 523/523/523 571/571/571
f 522/522/522 571/571/571 570/570/570
f 523/523/523 524/524/524 572/572/572
f 523/523/523 572/572/572 571/571/571
f 524/524/524 525/525/525 573/573/573
f 524/524/524 573/573/573 572/572/572
f 525/525/525 526/526/526 574/574/574
f 525/525/525 574/574/574 573/573/573
f 526/526/526 527/527/527 575/575/575
f 526/526/526 575/575/575 574/574/574
f 527/527/527 528/528/528 576/576/576
f 527/527/527 576/576/576 575/575/575
f 528/528/528 481/481/481 529/529/529
f 528/528/528 529/529/529 576/576/576
f 529/529/529 530/530/530 578/578/578
f 529/529/529 578/578/578 577/577/577
f 530/530/530 531/531/531 579/579/579
f 530/530/530 579/579/579 578/578/578
f 531/531/531 532/532/532 580/580/580
f 531/531/531 580/580/580 579/579/579
f 532/532/532 533/533/533 581/581/581
f 532/532/532 581/581/581 580/580/580
f 533/533/533 534/534/534 582/582/582
f 533/533/533 582/582/582 581/581/581
f 534/534/534 535/535/535 583/583/583
f 534/534/534 583/583/583 582/582/582
f 535/535/535 536/536/536 584/584/584
f 535/535/535 584/584/584 583/583/583
f 536/536/536 537/537/537 585/585/585
f 536/536/536 585/585/585 584/584/584
f 537/537/537 538/538/538 586/586/586
f 537/537/537 586/586/586 585/585/585
f 538/538/538 539/539/539 587/587/587
f 538/538/538 587/587/587 586/586/586
f 539/539/539 540/540/540 588/588/588
f 539/539/539 588/588/588 587/587/587
f 540/540/540 541/541/541 589/589/589
f 540/540/540 589/589/589 588/588/588
f 541/541/541 542/542/542 590/590/590
f 541/541/541 590/590/590 589/589/589
f 542/542/542 543/543/543 591/591/591
f 542/542/542 591/591/591 590/590/590
f 543/543/543 544/544/544 592/592/592
f 543/543/543 592/592/592 591/591/591
f 544/544/544 545/545/545 593/593/593
f 544/544/544 593/593/593 592/592/592
f 545/545/545 546/546/546 594/594/594
f 545/545/545 594/594/594 593/593/593
f 546/546/546 547/547/547 595/595/595
f 546/546/546 595/595/595 594/594/594
f 547/547/547 548/548/548 596/596/596
f 547/547/547 596/596/596 595/595/595
f 548/548/548 549/549/549 597/597/597
f 548/548/548 597/597/597 596/596/596
f 549/549/549 550/550/550 598/598/598
f 549/549/549 598/598/598 597/597/597
f 550/550/550 551/551/551 599/599/599
f 550/550/550 599/599/599 598/598/598
f 551/551/551 552/552/552 600/600/600
f 551/551/551 600/600/600 599/599/599
f 552/552/552 553/553/553 601/601/601
f 552/552/552 601/601/601 600/600/600
f 553/553/553 554/554/554 602/602/602
f 553/553/553 602/602/602 601/601/601
f 554/554/554 555/555/555 603/603/603
f 554/554/554 603/603/603 602/602/602
f 555/555/555 556/556/556 604/604/604
f 555/555/555 604/604/604 603/603/603
f 556/556/556 557/557/557 605/605/605
f 556/556/556 605/605/605 604/604/604
f 557/557/557 558/558/558 606/606/606
f 557/557/557 606/606/606 605/605/605
f 558/558/558 559/559/559 607/607/607
f 558/558/558 607/607/607 606/606/606
f 559/559/559 560/560/560 608/608/608
f 559/559/559 608/608/608 607/607/607
f 560/560/560 561/561/561 609/609/609
f 560/560/560 609/609/609 608/608/608
f 561/561/561 562/562/562 610/610/610
f 561/561/561 610/610/610 609/609/609
f 562/562/562 563/563/563 611/611/611
f 562/562/562 611/611/611 610/610/610
f 563/563/563 564/564/564 612/612/612
f 563/563/563 612/612/612 611/611/611
f 564/564/564 565/565/565 613/613/613
f 564/564/564 613/613/613 612/612/612
f 565/565/565 566/566/566 614/614/614
f 565/565/565 614/614/614 613/613/613
f 566/566/566 567/567/567 615/615/615
f 566/566/566 615/615/615 614/614/614
f 567/567/567 568/568/568 616/616/616
f 567/567/567 616/616/616 615/615/615
f 568/568/568 569/569/569 617/617/617
f 568/568/568 617/617/617 616/616/616
f 569/569/569 570/570/570 618/618/618
f 569/569/569 618/618/618 617/617/617
f 570/570/570 571/571/571 619/619/619
f 570/570/570 619/619/619 618/618/618
f 571/571/571 572/572/572 620/620/620
f 571/571/571 620/620/620 619/619/619
f 572/572/572 573/573/573 621/621/621
f 572/572/572 621/621/621 620/620/620
f 573/573/573 574/574/574 622/622/622
f 573/573/573 622/622/622 621/621/621
f 574/574/574 575/575/575 623/623/623
f 574/574/574 623/623/623 622/622/622
f 575/575/575 576/576/576 624/624/624
f 575/575/575 624/624/624 623/623/623
f 576/576/576 529/529/529 577/577/577
f 576/576/576 577/577/577 624/624/624
f 577/577/577 578/578/578 626/626/626
f 577/577/577 626/626/626 625/625/625
f 578/578/578 579/579/579 627/627/627
f 578/578/578 627/627/627 626/626/626
f 579/579/579 580/580/580 628/628/628
f 579/579/579 628/628/628 627/627/627
f 580/580/580 581/581/581 629/629/629
f 580/580/580 629/629/629 628/628/628
f 581/581/581 582/582/582 630/630/630
f 581/581/581 630/630/630 629/629/629
f 582/582/582 583/583/583 631/631/631
f 582/582/582 631/631/631 630/630/630
f 583/583/583 584/584/584 632/632/632
f 583/583/583 632/632/632 631/631/631
f 584/584/584 585/585/585 633/633/633
f 584/584/584 633/633/633 632/632/632
f 585/585/585 586/586/586 634/634/634
f 585/585/585 634/634/634 633/633/633
f 586/586/586 587/587/587 635/635/635
f 586/586/586 635/635/635 634/634/634
f 587/587/587 588/588/588 636/636/636
f 587/587/587 636/636/636 635/635/635
f 588/588/588 589/589/589 637/637/637
f 588/588/588 637/637/637 636/636/636
f 589/589/589 590/590/590 638/638/638
f 589/589/589 638/638/638 637/637/637
f 590/590/590 591/591/591 639/639/639
f 590/590/590 639/639/639 638/638/638
f 591/591/591 592/592/592 640/640/640
f 591/591/591 640/640/640 639/639/639
f 592/592/592 593/593/593 641/641/641
f 592/592/592 641/641/641 640/640/640
f 593/593/593 594/594/594 642/642/642
f 593/593/593 642/642/642 641/641/641
f 594/594/594 595/595/595 643/643/643
f 594/594/594 643/643/643 642/642/642
f 595/595/595 596/596/596 644/644/644
f 595/595/595 644/644/644 643/643/643
f 596/596/596 597/597/597 645/645/645
f 596/596/596 645/645/645 644/644/644
f 597/597/597 598/598/598 646/646/646
f 597/597/597 646/646/646 645/645/645
f 598/598/598 599/599/599 647/647/647
f 598/598/598 647/647/647 646/646/646
f 599/599/599 600/600/600 648/648/648
f 599/599/599 648/648/648 647/647/647
f 600/600/600 601/601/601 649/649/649
f 600/600/600 649/649/649 648/648/648
f 601/601/601 602/602/602 650/650/650
f 601/601/601 650/650/650 649/649/649
f 602/602/602 603/603/603 651/651/651
f 602/602/602 651/651/651 650/650/650
f 603/603/603 604/604/604 652/652/652
f 603/603/603 652/652/652 651/651/651
f 604/604/604 605/605/605 653/653/653
f 604/604/604 653/653/653 652/652/652
f 605/605/605 606/606/606 654/654/654
f 605/605/605 654/654/654 653/653/653
f 606/606/606 607/607/607 655/655/655
f 606/606/606 655/655/655 654/654/654
f 607/607/607 608/608/608 656/656/656
f 607/607/607 656/656/656 655/655/655
f 608/608/608 609/609/609 657/657/657
f 608/608/608 657/657/657 656/656/656
f 609/609/609 610/610/610 658/658/658
f 609/609/609 658/658/658 657/657/657
f 610/610/610 611/611/611 659/659/659
f 610/610/610 659/659/659 658/658/658
f 611/611/611 612/612/612 660/660/660
f 611/611/611 660/660/660 659/659/659
f 612/612/612 613/613/613 661/661/661
f 612/612/612 661/661/661 660/660/660
f 613/613/613 614/614/614 662/662/662
f 613/613/613 662/662/662 661/661/661
f 614/614/614 615/615/615 663/663/663
f 614/614/614 663/663/663 662/662/662
f 615/615/615 616/616/616 664/664/664
f 615/615/615 664/664/664 663/663/663
f 616/616/616 617/617/617 665/665/665
f 616/616/616 665/665/665 664/664/664
f 617/617/617 618/618/618 666/666/666
f 617/617/617 666/666/666 665/665/665
f 618/618/618 619/619/619 667/667/667
f 618/618/618 667/667/667 666/666/666
f 619/619/619 620/620/620 668/668/668
f 619/619/619 668/668/668 667/667/667
f 620/620/620 621/621/621 669/669/669
f 620/620/620 669/669/669 668/668/668
f 621/621/621 622/622/622 670/670/670
f 621/621/621 670/670/670 669/669/669
f 622/622/622 623/623/623 671/671/671
f 622/622/622 671/671/671 670/670/670
f 623/623/623 624/624/624 672/672/672
f 623/623/623 672/672/672 671/671/671
f 624/624/624 577/577/577 625/625/625
f 624/624/624 625/625/625 672/672/672
f 625/625/625 626/626/626 674/674/674
f 625/625/625 674/674/674 673/673/673
f 626/626/626 627/627/627 675/675/675
f 626/626/626 675/675/675 674/674/674
f 627/627/627 628/628/628 676/676/676
f 627/627/627 676/676/676 675/675/675
f 628/628/628 629/629/629 677/677/677
f 628/628/628 677/677/677 676/676/676
f 629/629/629 630/630/630 678/678/678
f 629/629/629 678/678/678 677/677/677
f 630/630/630 631/631/631 679/679/679
f 630/630/630 679/679/679 678/678/678
f 631/631/631 632/632/632 680/680/680
f 631/631/631 680/680/680 679/679/679
f 632/632/632 633/633/633 681/681/681
f 632/632/632 681/681/681 680/680/680
f 633/633/633 634/634/634 682/682/682
f 633/633/633 682/682/682 681/681/681
f 634/634/634 635/635/635 683/683/683
f 634/634/634 683/683/683 682/682/682
f 635/635/635 636/636/636 684/684/684
f 635/635/635 684/684/684 683/683/683
f 636/636/636 637/637/637 685/685/685
f 636/636/636 685/685/685 684/684/684
f 637/637/637 638/638/638 686/686/686
f 637/637/637 686/686/686 685/685/685
f 638/638/638 639/639/639 687/687/687
f 638/638/638 687/687/687 686/686/686
f 639/639/639 640/640/640 688/688/688
f 639/639/639 688/688/688 687/687/687
f 640/640/640 641/641/641 689/689/689
f 640/640/640 689/689/689 688/688/688
f 641/641/641 642/642/642 690/690/690
f 641/641/641 690/690/690 689/689/689
f 642/642/642 643/643/643 691/691/691
f 642/642/642 691/691/691 690/690/690
f 643/643/643 644/644/644 692/692/692
f 643/643/643 692/692/692 691/691/691
f 644/644/644 645/645/645 693/693/693
f 644/644/644 693/693/693 692/692/692
f 645/645/645 646/646/646 694/694/694
f 645/645/645 694/694/694 693/693/693
f 646/646/646 647/647/647 695/695/695
f 646/646/646 695/695/695 694/694/694
f 647/647/647 648/648/648 696/696/696
f 647/647/647 696/696/696 695/695/695
f 648/648/648 649/649/649 697/697/697
f 648/648/648 697/697/697 696/696/696
f 649/649/649 650/650/650 698/698/698
f 649/649/649 698/698/698 697/697/697
f 650/650/650 651/651/651 699/699/699
f 650/650/650 699/699/699 698/698/698
f 651/651/651 652/652/652 700/700/700
f 651/651/651 700/700/700 699/699/699
f 652/652/652 653/653/653 701/701/701
f 652/652/652 701/701/701 700/700/700
f 653/653/653 654/654/654 702/702/702
f 653/653/653 702/702/702 701/701/701
f 654/654/654 655/655/655 703/703/703
f 654/654/654 703/703/703 702/702/702
f 655/655/655 656/656/656 704/704/704
f 655/655/655 704/704/704 703/703/703
f 656/656/656 657/657/657 705/705/705
f 656/656/656 705/705/705 704/704/704
f 657/657/657 658/658/658 706/706/706
f 657/657/657 706/706/706 705/705/705
f 658/658/658 659/659/659 707/707/707
f 658/658/658 707/707/707 706/706/706
f 659/659/659 660/660/660 708/708/708
f 659/659/659 708/708/708 707/707/707
f 660/660/660 661/661/661 709/709/709
f 660/660/660 709/709/709 708/708/708
f 661/661/661 662/662/662 710/710/710
f 661/661/661 710/710/710 709/709/709
f 662/662/662 663/663/663 711/711/711
f 662/662/662 711/711/711 710/710/710
f 663/663/663 664/664/664 712/712/712
f 663/663/663 712/712/712 711/711/711
f 664/664/664 665/665/665 713/713/713
f 664/664/664 713/713/713 712/712/712
f 665/665/665 666/666/666 714/714/714
f 665/665/665 714/714/714 713/713/713
f 666/666/666 667/667/667 715/715/715
f 666/666/666 715/715/715 714/714/714
f 667/667/667 668/668/668 716/716/716
f 667/667/667 716/716/716 715/715/715
f 668/668/668 669/669/669 717/717/717
f 668/668/668 717/717/717 716/716/716
f 669/669/669 670/670/670 718/718/718
f 669/669/669 718/718/718 717/717/717
f 670/670/670 671/671/671 719/719/719
f 670/670/670 719/719/719 718/718/718
f 671/671/671 672/672/672 720/720/720
f 671/671/671 720/720/720 719/719/719
f 672/672/672 625/625/625 673/673/673
f 672/672/672 673/673/673 720/720/720
f 673/673/673 674/674/674 722/722/722
f 673/673/673 722/722/722 721/721/721
f 674/674/674 675/675/675 723/723/723
f 674/674/674 723/723/723 722/722/722
f 675/675/675 676/676/676 724/724/724
f 675/675/675 724/724/724 723/723/723
f 676/676/676 677/677/677 725/725/725
f 676/676/676 725/725/725 724/724/724
f 677/677/677 678/678/678 726/726/726
f 677/677/677 726/726/726 725/725/725
f 678/678/678 679/679/679 727/727/727
f 678/678/678 727/727/727 726/726/726
f 679/679/679 680/680/680 728/728/728
f 679/679/679 728/728/728 727/727/727
f 680/680/680 681/681/681 729/729/729
f 680/680/680 729/729/729 728/728/728
f 681/681/681 682/682/682 730/730/730
f 681/681/681 730/730/730 729/729/729
f 682/682/682 683/683/683 731/731/731
f 682/682/682 731/731/731 730/730/730
f 683/683/683 684/684/684 732/732/732
f 683/683/683 732/732/732 731/731/731
f 684/684/684 685/685/685 733/733/733
f 684/684/684 733/733/733 732/732/732
f 685/685/685 686/686/686 734/734/734
f 685/685/685 734/734/734 733/733/733
f 686/686/686 687/687/687 735/735/735
f 686/686/686 735/735/735 734/734/734
f 687/687/687 688/688/688 736/736/736
f 687/687/687 736/736/736 735/735/735
f 688/688/688 689/689/689 737/737/737
f 688/688/688 737/737/737 736/736/736
f 689/689/689 690/690/690 738/738/738
f 689/689/689 738/738/738 737/737/737
f 690/690/690 691/691/691 739/739/739
f 690/690/690 739/739/739 738/738/738
f 691/691/691 692/692/692 740/740/740
f 691/691/691 740/740/740 739/739/739
f 692/692/692 693/693/693 741/741/741
f 692/692/692 741/741/741 740/740/740
f 693/693/693 694/694/694 742/742/742
f 693/693/693 742/742/742 741/741/741
f 694/694/694 695/695/695 743/743/743
f 694/694/694 743/743/743 742/742/742
f 695/695/695 696/696/696 744/744/744
f 695/695/695 744/744/744 743/743/743
f 696/696/696 697/697/697 745/745/745
f 696/696/696 745/745/745 744/744/744
f 697/697/697 698/698/698 746/746/746
f 697/697/697 746/746/746 745/745/745
f 698/698/698 699/699/699 747/747/747
f 698/698/698 747/747/747 746/746/746
f 699/699/699 700/700/700 748/748/748
f 699/699/699 748/748/748 747/747/747
f 700/700/700 701/701/701 749/749/749
f 700/700/700 749/749/749 748/748/748
f 701/701/701 702/702/702 750/750/750
f 701/701/701 750/750/750 749/749/749
f 702/702/702 703/703/703 751/751/751
f 702/702/702 751/751/751 750/750/750
f 703/703/703 704/704/704 752/752/752
f 703/703/703 752/752/752 751/751/751
f 704/704/704 705/705/705 753/753/753
f 704/704/704 753/753/753 752/752/752
f 705/705/705 706/706/706 754/754/754
f 705/705/705 754/754/754 753/753/753
f 706/706/706 707/707/707 755/755/755
f 706/706/706 755/755/755 754/754/754
f 707/707/707 708/708/708 756/756/756
f 707/707/707 756/756/756 755/755/755
f 708/708/708 709/709/709 757/757/757
f 708/708/708 757/757/757 756/756/756
f 709/709/709 710/710/710 758/758/758
f 709/709/709 758/758/758 757/757/757
f 710/710/710 711/711/711 759/759/759
f 710/710/710 759/759/759 758/758/758
f 711/711/711 712/712/712 760/760/760
f 711/711/711 760/760/760 759/759/759
f 712/712/712 713/713/713 761/761/761
f 712/712/712 761/761/761 760/760/760
f 713/713/713 714/714/714 762/762/762
f 713/713/713 762/762/762 761/761/761
f 714/714/714 715/715/715 763/763/763
f 714/714/714 763/763/763 762/762/762
f 715/715/715 716/716/716 764/764/764
f 715/715/715 764/764/764 763/763/763
f 716/716/716 717/717/717 765/765/765
f 716/716/716 765/765/765 764/764/764
f 717/717/717 718/718/718 766/766/766
f 717/717/717 766/766/766 765/765/765
f 718/718/718 719/719/719 767/767/767
f 718/718/718 767/767/767 766/766/766
f 719/719/719 720/720/720 768/768/768
f 719/719/719 768/768/768 767/767/767
f 720/720/720 673/673/673 721/721/721
f 720/720/720 721/721/721 768/768/768
f 721/721/721 722/722/722 770/770/770
f 721/721/721 770/770/770 769/769/769
f 722/722/722 723/723/723 771/771/771
f 722/722/722 771/771/771 770/770/770
f 723/723/723 724/724/724 772/772/772
f 723/723/723 772/772/772 771/771/771
f 724/724/724 725/725/725 773/773/773
f 724/724/724 773/773/773 772/772/772
f 725/725/725 726/726/726 774/774/774
f 725/725/725 774/774/774 773/773/773
f 726/726/726 727/727/727 775/775/775
f 726/726/726 775/775/775 774/774/774
f 727/727/727 728/728/728 776/776/776
f 727/727/727 776/776/776 775/775/775
f 728/728/728 729/729/729 777/777/777
f 728/728/728 777/777/777 776/776/776
f 729/729/729 730/730/730 778/778/778
f 729/729/729 778/778/778 777/777/777
f 730/730/730 731/731/731 779/779/779
f 730/730/730 779/779/779 778/778/778
f 731/731/731 732/732/732 780/780/780
f 731/731/731 780/780/780 779/779/779
f 732/732/732 733/733/733 781/781/781
f 732/732/732 781/781/781 780/780/780
f 733/733/733 734/734/734 782/782/782
f 733/733/733 782/782/782 781/781/781
f 734/734/734 735/735/735 783/783/783
f 734/734/734 783/783/783 782/782/782
f 735/735/735 736/736/736 784/784/784
f 735/735/735 784/784/784 783/783/783
f 736/736/736 737/737/737 785/785/785
f 736/736/736 785/785/785 784/784/784
f 737/737/737 738/738/738 786/786/786
f 737/737/737 786/786/786 785/785/785
f 738/738/738 739/739/739 787/787/787
f 738/738/738 787/787/787 786/786/786
f 739/739/739 740/740/740 788/788/788
f 739/739/739 788/788/788 787/787/787
f 740/740/740 741/741/741 789/789/789
f 740/740/740 789/789/789 788/788/788
f 741/741/741 742/742/742 790/790/790
f 741/741/741 790/790/790 789/789/789
f 742/742/742 743/743/743 791/791/791
f 742/742/742 791/791/791 790/790/790
f 743/743/743 744/744/744 792/792/792
f 743/743/743 792/792/792 791/791/791
f 744/744/744 745/745/745 793/793/793
f 744/744/744 793/793/793 792/792/792
f 745/745/745 746/746/746 794/794/794
f 745/745/745 794/794/794 793/793/793
f 746/746/746 747/747/747 795/795/795
f 746/746/746 795/795/795 794/794/794
f 747/747/747 748/748/748 796/796/796
f 747/747/747 796/796/796 795/795/795
f 748/748/748 749/749/749 797/797/797
f 748/748/748 797/797/797 796/796/796
f 749/749/749 750/750/750 798/798/798
f 749/749/749 798/798/798 797/797/797
f 750/750/750 751/751/751 799/799/799
f 750/750/750 799/799/799 798/798/798
f 751/751/751 752/752/752 800/800/800
f 751/751/751 800/800/800 799/799/799
f 752/752/752 753/753/753 801/801/801
f 752/752/752 801/801/801 800/800/800
f 753/753/753 754/754/754 802/802/802
f 753/753/753 802/802/802 801/801/801
f 754/754/754 755/755/755 803/803/803
f 754/754/754 803/803/803 802/802/802
f 755/755/755 756/756/756 804/804/804
f 755/755/755 804/804/804 803/803/803
f 756/756/756 757/757/757 805/805/805
f 756/756/756 805/805/805 804/804/804
f 757/757/757 758/758/758 806/806/806
f 757/757/757 806/806/806 805/805/805
f 758/758/758 759/759/759 807/807/807
f 758/758/758 807/807/807 806/806/806
f 759/759/759 760/760/760 808/808/808
f 759/759/759 808/808/808 807/807/807
f 760/760/760 761/761/761 809/809/809
f 760/760/760 809/809/809 808/808/808
f 761/761/761 762/762/762 810/810/810
f 761/761/761 810/810/810 809/809/809
f 762/762/762 763/763/763 811/811/811
f 762/762/762 811/811/811 810/810/810
f 763/763/763 764/764/764 812/812/812
f 763/763/763 812/812/812 811/811/811
f 764/764/764 765/765/765 813/813/813
f 764/764/764 813/813/813 812/812/812
f 765/765/765 766/766/766 814/814/814
f 765/765/765 814/814/814 813/813/813
f 766/766/766 767/767/767 815/815/815
f 766/766/766 815/815/815 814/814/814
f 767/767/767 768/768/768 816/816/816
f 767/767/767 816/816/816 815/815/815
f 768/768/768 721/721/721 769/769/769
f 768/768/768 769/769/769 816/816/816
f 769/769/769 770/770/770 818/818/818
f 769/769/769 818/818/818 817/817/817
f 770/770/770 771/771/771 819/819/819
f 770/770/770 819/819/819 818/818/818
f 771/771/771 772/772/772 820/820/820
f 771/771/771 820/820/820 819/819/819
f 772/772/772 773/773/773 821/821/821
f 772/772/772 821/821/821 820/820/820
f 773/773/773 774/774/774 822/822/822
f 773/773/773 822/822/822 821/821/821
f 774/774/774 775/775/775 823/823/823
f 774/774/774 823/823/823 822/822/822
f 775/775/775 776/776/776 824/824/824
f 775/775/775 824/824/824 823/823/823
f 776/776/776 777/777/777 825/825/825
f 776/776/776 825/825/825 824/824/824
f 777/777/777 778/778/778 826/826/826
f 777/777/777 826/826/826 825/825/825
f 778/778/778 779/779/779 827/827/827
f 778/778/778 827/827/827 826/826/826
f 779/779/779 780/780/780 828/828/828
f 779/779/779 828/828/828 827/827/827
f 780/780/780 781/781/781 829/829/829
f 780/780/780 829/829/829 828/828/828
f 781/781/781 782/782/782 830/830/830
f 781/781/781 830/830/830 829/829/829
f 782/782/782 783/783/783 831/831/831
f 782/782/782 831/831/831 830/830/830
f 783/783/783 784/784/784 832/832/832
f 783/783/783 832/832/832 831/831/831
f 784/784/784 785/785/785 833/833/833
f 784/784/784 833/833/833 832/832/832
f 785/785/785 786/786/786 834/834/834
f 785/785/785 834/834/834 833/833/833
f 786/786/786 787/787/787 835/835/835
f 786/786/786 835/835/835 834/834/834
f 787/787/787 788/788/788 836/836/836
f 787/787/787 836/836/836 835/835/835
f 788/788/788 789/789/789 837/837/837
f 788/788/788 837/837/837 836/836/836
f 789/789/789 790/790/790 838/838/838
f 789/789/789 838/838/838 837/837/837
f 790/790/790 791/791/791 839/839/839
f 790/790/790 839/839/839 838/838/838
f 791/791/791 792/792/792 840/840/840
f 791/791/791 840/840/840 839/839/839
f 792/792/792 793/793/793 841/841/841
f 792/792/792 841/841/841 840/840/840
f 793/793/793 794/794/794 842/842/842
f 793/793/793 842/842/842 841/841/841
f 794/794/794 795/795/795 843/843/843
f 794/794/794 843/843/843 842/842/842
f 795/795/795 796/796/796 844/844/844
f 795/795/795 844/844/844 843/843/843
f 796/796/796 797/797/797 845/845/845
f 796/796/796 845/845/845 844/844/844
f 797/797/797 798/798/798 846/846/846
f 797/797/797 846/846/846 845/845/845
f 798/798/798 799/799/799 847/847/847
f 798/798/798 847/847/847 846/846/846
f 799/799/799 800/800/800 848/848/848
f 799/799/799 848/848/848 847/847/847
f 800/800/800 801/801/801 849/849/849
f 800/800/800 849/849/849 848/848/848
f 801/801/801 802/802/802 850/850/850
f 801/801/801 850/850/850 849/849/849
f 802/802/802 803/803/803 851/851/851
f 802/802/802 851/851/851 850/850/850
f 803/803/803 804/804/804 852/852/852
f 803/803/803 852/852/852 851/851/851
f 804/804/804 805/805/805 853/853/853
f 804/804/804 853/853/853 852/852/852
f 805/805/805 806/806/806 854/854/854
f 805/805/805 854/854/854 853/853/853
f 806/806/806 807/807/807 855/855/855
f 806/806/806 855/855/855 854/854/854
f 807/807/807 808/808/808 856/856/856
f 807/807/807 856/856/856 855/855/855
f 808/808/808 809/809/809 857/857/857
f 808/808/808 857/857/857 856/856/856
f 809/809/809 810/810/810 858/858/858
f 809/809/809 858/858/858 857/857/857
f 810/810/810 811/811/811 859/859/859
f 810/810/810 859/859/859 858/858/858
f 811/811/811 812/812/812 860/860/860
f 811/811/811 860/860/860 859/859/859
f 812/812/812 813/813/813 861/861/861
f 812/812/812 861/861/861 860/860/860
f 813/813/813 814/814/814 862/862/862
f 813/813/813 862/862/862 861/861/861
f 814/814/814 815/815/815 863/863/863
f 814/814/814 863/863/863 862/862/862
f 815/815/815 816/816/816 864/864/864
f 815/815/815 864/864/864 863/863/863
f 816/816/816 769/769/769 817/817/817
f 816/816/816 817/817/817 864/864/864
f 817/817/817 818/818/818 866/866/866
f 817/817/817 866/866/866 865/865/865
f 818/818/818 819/819/819 867/867/867
f 818/818/818 867/867/867 866/866/866
f 819/819/819 820/820/820 868/868/868
f 819/819/819 868/868/868 867/867/867
f 820/820/820 821/821/821 869/869/869
f 820/820/820 869/869/869 868/868/868
f 821/821/821 822/822/822 870/870/870
f 821/821/821 870/870/870 869/869/869
f 822/822/822 823/823/823 871/871/871
f 822/822/822 871/871/871 870/870/870
f 823/823/823 824/824/824 872/872/872
f 823/823/823 872/872/872 871/871/871
f 824/824/824 825/825/825 873/873/873
f 824/824/824 873/873/873 872/872/872
f 825/825/825 826/826/826 874/874/874
f 825/825/825 874/874/874 873/873/873
f 826/826/826 827/827/827 875/875/875
f 826/826/826 875/875/875 874/874/874
f 827/827/827 828/828/828 876/876/876
f 827/827/827 876/876/876 875/875/875
f 828/828/828 829/829/829 877/877/877
f 828/828/828 877/877/877 876/876/876
f 829/829/829 830/830/830 878/878/878
f 829/829/829 878/878/878 877/877/877
f 830/830/830 831/831/831 879/879/879
f 830/830/830 879/879/879 878/878/878
f 831/831/831 832/832/832 880/880/880
f 831/831/831 880/880/880 879/879/879
f 832/832/832 833/833/833 881/881/881
f 832/832/832 881/881/881 880/880/880
f 833/833/833 834/834/834 882/882/882
f 833/833/833 882/882/882 881/881/881
f 834/834/834 835/835/835 883/883/883
f 834/834/834 883/883/883 882/882/882
f 835/835/835 836/836/836 884/884/884
f 835/835/835 884/884/884 883/883/883
f 836/836/836 837/837/837 885/885/885
f 836/836/836 885/885/885 884/884/884
f 837/837/837 838/838/838 886/886/886
f 837/837/837 886/886/886 885/885/885
f 838/838/838 839/839/839 887/887/887
f 838/838/838 887/887/887 886/886/886
f 839/839/839 840/840/840 888/888/888
f 839/839/839 888/888/888 887/887/887
f 840/840/840 841/841/841 889/889/889
f 840/840/840 889/889/889 888/888/888
f 841/841/841 842/842/842 890/890/890
f 841/841/841 890/890/890 889/889/889
f 842/842/842 843/843/843 891/891/891
f 842/842/842 891/891/891 890/890/890
f 843/843/843 844/844/844 892/892/892
f 843/843/843 892/892/892 891/891/891
f 844/844/844 845/845/845 893/893/893
f 844/844/844 893/893/893 892/892/892
f 845/845/845 846/846/846 894/894/894
f 845/845/845 894/894/894 893/893/893
f 846/846/846 847/847/847 895/895/895
f 846/846/846 895/895/895 894/894/894
f 847/847/847 848/848/848 896/896/896
f 847/847/847 896/896/896 895/895/895
f 848/848/848 849/849/849 897/897/897
f 848/848/848 897/897/897 896/896/896
f 849/849/849 850/850/850 898/898/898
f 849/849/849 898/898/898 897/897/897
f 850/850/850 851/851/851 899/899/899
f 850/850/850 899/899/899 898/898/898
f 851/851/851 852/852/852 900/900/900
f 851/851/851 900/900/900 899/899/899
f 852/852/852 853/853/853 901/901/901
f 852/852/852 901/901/901 900/900/900
f 853/853/853 854/854/854 902/902/902
f 853/853/853 902/902/902 901/901/901
f 854/854/854 855/855/855 903/903/903
f 854/854/854 903/903/903 902/902/902
f 855/855/855 856/856/856 904/904/904
f 855/855/855 904/904/904 903/903/903
f 856/856/856 857/857/857 905/905/905
f 856/856/856 905/905/905 904/904/904
f 857/857/857 858/858/858 906/906/906
f 857/857/857 906/906/906 905/905/905
f 858/858/858 859/859/859 907/907/907
f 858/858/858 907/907/907 906/906/906
f 859/859/859 860/860/860 908/908/908
f 859/859/859 908/908/908 907/907/907
f 860/860/860 861/861/861 909/909/909
f 860/860/860 909/909/909 908/908/908
f 861/861/861 862/862/862 910/910/910
f 861/861/861 910/910/910 909/909/909
f 862/862/862 863/863/863 911/911/911
f 862/862/862 911/911/911 910/910/910
f 863/863/863 864/864/864 912/912/912
f 863/863/863 912/912/912 911/911/911
f 864/864/864 817/817/817 865/865/865
f 864/864/864 865/865/865 912/912/912
f 865/865/865 866/866/866 914/914/914
f 865/865/865 914/914/914 913/913/913
f 866/866/866 867/867/867 915/915/915
f 866/866/866 915/915/915 914/914/914
f 867/867/867 868/868/868 916/916/916
f 867/867/867 916/916/916 915/915/915
f 868/868/868 869/869/869 917/917/917
f 868/868/868 917/917/917 916/916/916
f 869/869/869 870/870/870 918/918/918
f 869/869/869 918/918/918 917/917/917
f 870/870/870 871/871/871 919/919/919
f 870/870/870 919/919/919 918/918/918
f 871/871/871 872/872/872 920/920/920
f 871/871/871 920/920/920 919/919/919
f 872/872/872 873/873/873 921/921/921
f 872/872/872 921/921/921 920/920/920
f 873/873/873 874/874/874 922/922/922
f 873/873/873 922/922/922 921/921/921
f 874/874/874 875/875/875 923/923/923
f 874/874/874 923/923/923 922/922/922
f 875/875/875 876/876/876 924/924/924
f 875/875/875 924/924/924 923/923/923
f 876/876/876 877/877/877 925/925/925
f 876/876/876 925/925/925 924/924/924
f 877/877/877 878/878/878 926/926/926
f 877/877/877 926/926/926 925/925/925
f 878/878/878 879/879/879 927/927/927
f 878/878/878 927/927/927 926/926/926
f 879/879/879 880/880/880 928/928/928
f 879/879/879 928/928/928 927/927/927
f 880/880/880 881/881/881 929/929/929
f 880/880/880 929/929/929 928/928/928
f 881/881/881 882/882/882 930/930/930
f 881/881/881 930/930/930 929/929/929
f 882/882/882 883/883/883 931/931/931
f 882/882/882 931/931/931 930/930/930
f 883/883/883 884/884/884 932/932/932
f 883/883/883 932/932/932 931/931/931
f 884/884/884 885/885/885 933/933/933
f 884/884/884 933/933/933 932/932/932
f 885/885/885 886/886/886 934/934/934
f 885/885/885 934/934/934 933/933/933
f 886/886/886 887/887/887 935/935/935
f 886/886/886 935/935/935 934/934/934
f 887/887/887 888/888/888 936/936/936
f 887/887/887 936/936/936 935/935/935
f 888/888/888 889/889/889 937/937/937
f 888/888/888 937/937/937 936/936/936
f 889/889/889 890/890/890 938/938/938
f 889/889/889 938/938/938 937/937/937
f 890/890/890 891/891/891 939/939/939
f 890/890/890 939/939/939 938/938/938
f 891/891/891 892/892/892 940/940/940
f 891/891/891 940/940/940 939/939/939
f 892/892/892 893/893/893 941/941/941
f 892/892/892 941/941/941 940/940/940
f 893/893/893 894/894/894 942/942/942
f 893/893/893 942/942/942 941/941/941
f 894/894/894 895/895/895 943/943/943
f 894/894/894 943/943/943 942/942/942
f 895/895/895 896/896/896 944/944/944
f 895/895/895 944/944/944 943/943/943
f 896/896/896 897/897/897 945/945/945
f 896/896/896 945/945/945 944/944/944
f 897/897/897 898/898/898 946/946/946
f 897/897/897 946/946/946 945/945/945
f 898/898/898 899/899/899 947/947/947
f 898/898/898 947/947/947 946/946/946
f 899/899/899 900/900/900 948/948/948
f 899/899/899 948/948/948 947/947/947
f 900/900/900 901/901/901 949/949/949
f 900/900/900 949/949/949 948/948/948
f 901/901/901 902/902/902 950/950/950
f 901/901/901 950/950/950 949/949/949
f 902/902/902 903/903/903 951/951/951
f 902/902/902 951/951/951 950/950/950
f 903/903/903 904/904/904 952/952/952
f 903/903/903 952/952/952 951/951/951
f 904/904/904 905/905/905 953/953/953
f 904/904/904 953/953/953 952/952/952
f 905/905/905 906/906/906 954/954/954
f 905/905/905 954/954/954 953/953/953
f 906/906/906 907/907/907 955/955/955
f 906/906/906 955/955/955 954/954/954
f 907/907/907 908/908/908 956/956/956
f 907/907/907 956/956/956 955/955/955
f 908/908/908 909/909/909 957/957/957
f 908/908/908 957/957/957 956/956/956
f 909/909/909 910/910/910 958/958/958
f 909/909/909 958/958/958 957/957/957
f 910/910/910 911/911/911 959/959/959
f 910/910/910 959/959/959 958/958/958
f 911/911/911 912/912/912 960/960/960
f 911/911/911 960/960/960 959/959/959
f 912/912/912 865/865/865 913/913/913
f 912/912/912 913/913/913 960/960/960
f 913/913/913 914/914/914 962/962/962
f 913/913/913 962/962/962 961/961/961
f 914/914/914 915/915/915 963/963/963
f 914/914/914 963/963/963 962/962/962
f 915/915/915 916/916/916 964/964/964
f 915/915/915 964/964/964 963/963/963
f 916/916/916 917/917/917 965/965/965
f 916/916/916 965/965/965 964/964/964
f 917/917/917 918/918/918 966/966/966
f 917/917/917 966/966/966 965/965/965
f 918/918/918 919/919/919 967/967/967
f 918/918/918 967/967/967 966/966/966
f 919/919/919 920/920/920 968/968/968
f 919/919/919 968/968/968 967/967/967
f 920/920/920 921/921/921 969/969/969
f 920/920/920 969/969/969 968/968/968
f 921/921/921 922/922/922 970/970/970
f 921/921/921 970/970/970 969/969/969
f 922/922/922 923/923/923 971/971/971
f 922/922/922 971/971/971 970/970/970
f 923/923/923 924/924/924 972/972/972
f 923/923/923 972/972/972 971/971/971
f 924/924/924 925/925/925 973/973/973
f 924/924/924 973/973/973 972/972/972
f 925/925/925 926/926/926 974/974/974
f 925/925/925 974/974/974 973/973/973
f 926/926/926 927/927/927 975/975/975
f 926/926/926 975/975/975 974/974/974
f 927/927/927 928/928/928 976/976/976
f 927/927/927 976/976/976 975/975/975
f 928/928/928 929/929/929 977/977/977
f 928/928/928 977/977/977 976/976/976
f 929/929/929 930/930/930 978/978/978
f 929/929/929 978/978/978 977/977/977
f 930/930/930 931/931/931 979/979/979
f 930/930/930 979/979/979 978/978/978
f 931/931/931 932/932/932 980/980/980
f 931/931/931 980/980/980 979/979/979
f 932/932/932 933/933/933 981/981/981
f 932/932/932 981/981/981 980/980/980
f 933/933/933 934/934/934 982/982/982
f 933/933/933 982/982/982 981/981/981
f 934/934/934 935/935/935 983/983/983
f 934/934/934 983/983/983 982/982/982
f 935/935/935 936/936/936 984/984/984
f 935/935/935 984/984/984 983/983/983
f 936/936/936 937/937/937 985/985/985
f 936/936/936 985/985/985 984/984/984
f 937/937/937 938/938/938 986/986/986
f 937/937/937 986/986/986 985/985/985
f 938/938/938 939/939/939 987/987/987
f 938/938/938 987/987/987 986/986/986
f 939/939/939 940/940/940 988/988/988
f 939/939/939 988/988/988 987/987/987
f 940/940/940 941/941/941 989/989/989
f 940/940/940 989/989/989 988/988/988
f 941/941/941 942/942/942 990/990/990
f 941/941/941 990/990/990 989/989/989
f 942/942/942 943/943/943 991/991/991
f 942/942/942 991/991/991 990/990/990
f 943/943/943 944/944/944 992/992/992
f 943/943/943 992/992/992 991/991/991
f 944/944/944 945/945/945 993/993/993
f 944/944/944 993/993/993 992/992/992
f 945/945/945 946/946/946 994/994/994
f 945/945/945 994/994/994 993/993/993
f 946/946/946 947/947/947 995/995/995
f 946/946/946 995/995/995 994/994/994
f 947/947/947 948/948/948 996/996/996
f 947/947/947 996/996/996 995/995/995
f 948/948/948 949/949/949 997/997/997
f 948/948/948 997/997/997 996/996/996
f 949/949/949 950/950/950 998/998/998
f 949/949/949 998/998/998 997/997/997
f 950/950/950 951/951/951 999/999/999
f 950/950/950 999/999/999 998/998/998
f 951/951/951 952/952/952 1000/1000/1000
f 951/951/951 1000/1000/1000 999/999/999
f 952/952/952 953/953/953 1001/1001/1001
f 952/952/952 1001/1001/1001 1000/1000/1000
f 953/953/953 954/954/954 1002/1002/1002
f 953/953/953 1002/1002/1002 1001/1001/1001
f 954/954/954 955/955/955 1003/1003/1003
f 954/954/954 1003/1003/1003 1002/1002/1002
f 955/955/955 956/956/956 1004/1004/1004
f 955/955/955 1004/1004/1004 1003/1003/1003
f 956/956/956 957/957/957 1005/1005/1005
f 956/956/956 1005/1005/1005 1004/1004/1004
f 957/957/957 958/958/958 1006/1006/1006
f 957/957/957 1006/1006/1006 1005/1005/1005
f 958/958/958 959/959/959 1007/1007/1007
f 958/958/958 1007/1007/1007 1006/1006/1006
f 959/959/959 960/960/960 1008/1008/1008
f 959/959/959 1008/1008/1008 1007/1007/1007
f 960/960/960 913/913/913 961/961/961
f 960/960/960 961/961/961 1008/1008/1008
f 961/961/961 962/962/962 1010/1010/1010
f 961/961/961 1010/1010/1010 1009/1009/1009
f 962/962/962 963/963/963 1011/1011/1011
f 962/962/962 1011/1011/1011 1010/1010/1010
f 963/963/963 964/964/964 1012/1012/1012
f 963/963/963 1012/1012/1012 1011/1011/1011
f 964/964/964 965/965/965 1013/1013/1013
f 964/964/964 1013/1013/1013 1012/1012/1012
f 965/965/965 966/966/966 1014/1014/1014
f 965/965/965 1014/1014/1014 1013/1013/1013
f 966/966/966 967/967/967 1015/1015/1015
f 966/966/966 1015/1015/1015 1014/1014/1014
f 967/967/967 968/968/968 1016/1016/1016
f 967/967/967 1016/1016/1016 1015/1015/1015
f 968/968/968 969/969/969 1017/1017/1017
f 968/968/968 1017/1017/1017 1016/1016/1016
f 969/969/969 970/970/970 1018/1018/1018
f 969/969/969 1018/1018/1018 1017/1017/1017
f 970/970/970 971/971/971 1019/1019/1019
f 970/970/970 1019/1019/1019 1018/1018/1018
f 971/971/971 972/972/972 1020/1020/1020
f 971/971/971 1020/1020/1020 1019/1019/1019
f 972/972/972 973/973/973 1021/1021/1021
f 972/972/972 1021/1021/1021 1020/1020/1020
f 973/973/973 974/974/974 1022/1022/1022
f 973/973/973 1022/1022/1022 1021/1021/1021
f 974/974/974 975/975/975 1023/1023/1023
f 974/974/974 1023/1023/1023 1022/1022/1022
f 975/975/975 976/976/976 1024/1024/1024
f 975/975/975 1024/1024/1024 1023/1023/1023
f 976/976/976 977/977/977 1025/1025/1025
f 976/976/976 1025/1025/1025 1024/1024/1024
f 977/977/977 978/978/978 1026/1026/1026
f 977/977/977 1026/1026/1026 1025/1025/1025
f 978/978/978 979/979/979 1027/1027/1027
f 978/978/978 1027/1027/1027 1026/1026/1026
f 979/979/979 980/980/980 1028/1028/1028
f 979/979/979 1028/1028/1028 1027/1027/1027
f 980/980/980 981/981/981 1029/1029/1029
f 980/980/980 1029/1029/1029 1028/1028/1028
f 981/981/981 982/982/982 1030/1030/1030
f 981/981/981 1030/1030/1030 1029/1029/1029
f 982/982/982 983/983/983 1031/1031/1031
f 982/982/982 1031/1031/1031 1030/1030/1030
f 983/983/983 984/984/984 1032/1032/1032
f 983/983/983 1032/1032/1032 1031/1031/1031
f 984/984/984 985/985/985 1033/1033/1033
f 984/984/984 1033/1033/1033 1032/1032/1032
f 985/985/985 986/986/986 1034/1034/1034
f 985/985/985 1034/1034/1034 1033/1033/1033
f 986/986/986 987/987/987 1035/1035/1035
f 986/986/986 1035/1035/1035 1034/1034/1034
f 987/987/987 988/988/988 1036/1036/1036
f 987/987/987 1036/1036/1036 1035/1035/1035
f 988/988/988 989/989/989 1037/1037/1037
f 988/988/988 1037/1037/1037 1036/1036/1036
f 989/989/989 990/990/990 1038/1038/1038
f 989/989/989 1038/1038/1038 1037/1037/1037
f 990/990/990 991/991/991 1039/1039/1039
f 990/990/990 1039/1039/1039 1038/1038/1038
f 991/991/991 992/992/992 1040/1040/1040
f 991/991/991 1040/1040/1040 1039/1039/1039
f 992/992/992 993/993/993 1041/1041/1041
f 992/992/992 1041/1041/1041 1040/1040/1040
f 993/993/993 994/994/994 1042/1042/1042
f 993/993/993 1042/1042/1042 1041/1041/1041
f 994/994/994 995/995/995 1043/1043/1043
f 994/994/994 1043/1043/1043 1042/1042/1042
f 995/995/995 996/996/996 1044/1044/1044
f 995/995/995 1044/1044/1044 1043/1043/1043
f 996/996/996 997/997/997 1045/1045/1045
f 996/996/996 1045/1045/1045 1044/1044/1044
f 997/997/997 998/998/998 1046/1046/1046
f 997/997/997 1046/1046/1046 1045/1045/1045
f 998/998/998 999/999/999 1047/1047/1047
f 998/998/998 1047/1047/1047 1046/1046/1046
f 999/999/999 1000/1000/1000 1048/1048/1048
f 999/999/999 1048/1048/1048 1047/1047/1047
f 1000/1000/1000 1001/1001/1001 1049/1049/1049
f 1000/1000/1000 1049/1049/1049 1048/1048/1048
f 1001/1001/1001 1002/1002/1002 1050/1050/1050
f 1001/1001/1001 1050/1050/1050 1049/1049/1049
f 1002/1002/1002 1003/1003/1003 1051/1051/1051
f 1002/1002/1002 1051/1051/1051 1050/1050/1050
f 1003/1003/1003 1004/1004/1004 1052/1052/1052
f 1003/1003/1003 1052/1052/1052 1051/1051/1051
f 1004/1004/1004 1005/1005/1005 1053/1053/1053
f 1004/1004/1004 1053/1053/1053 1052/1052/1052
f 1005/1005/1005 1006/1006/1006 1054/1054/1054
f 1005/1005/1005 1054/1054/1054 1053/1053/1053
f 1006/1006/1006 1007/1007/1007 1055/1055/1055
f 1006/1006/1006 1055/1055/1055 1054/1054/1054
f 1007/1007/1007 1008/1008/1008 1056/1056/1056
f 1007/1007/1007 1056/1056/1056 1055/1055/1055
f 1008/1008/1008 961/961/961 1009/1009/1009
f 1008/1008/1008 1009/1009/1009 1056/1056/1056
f 1009/1009/1009 1010/1010/1010 1058/1058/1058
f 1009/1009/1009 1058/1058/1058 1057/1057/1057
f 1010/1010/1010 1011/1011/1011 1059/1059/1059
f 1010/1010/1010 1059/1059/1059 1058/1058/1058
f 1011/1011/1011 1012/1012/1012 1060/1060/1060
f 1011/1011/1011 1060/1060/1060 1059/1059/1059
f 1012/1012/1012 1013/1013/1013 1061/1061/1061
f 1012/1012/1012 1061/1061/1061 1060/1060/1060
f 1013/1013/1013 1014/1014/1014 1062/1062/1062
f 1013/1013/1013 1062/1062/1062 1061/1061/1061
f 1014/1014/1014 1015/1015/1015 1063/1063/1063
f 1014/1014/1014 1063/1063/1063 1062/1062/1062
f 1015/1015/1015 1016/1016/1016 1064/1064/1064
f 1015/1015/1015 1064/1064/1064 1063/1063/1063
f 1016/1016/1016 1017/1017/1017 1065/1065/1065
f 1016/1016/1016 1065/1065/1065 1064/1064/1064
f 1017/1017/1017 1018/1018/1018 1066/1066/1066
f 1017/1017/1017 1066/1066/1066 1065/1065/1065
f 1018/1018/1018 1019/1019/1019 1067/1067/1067
f 1018/1018/1018 1067/1067/1067 1066/1066/1066
f 1019/1019/1019 1020/1020/1020 1068/1068/1068
f 1019/1019/1019 1068/1068/1068 1067/1067/1067
f 1020/1020/1020 1021/1021/1021 1069/1069/1069
f 1020/1020/1020 1069/1069/1069 1068/1068/1068
f 1021/1021/1021 1022/1022/1022 1070/1070/1070
f 1021/1021/1021 1070/1070/1070 1069/1069/1069
f 1022/1022/1022 1023/1023/1023 1071/1071/1071
f 1022/1022/1022 1071/1071/1071 1070/1070/1070
f 1023/1023/1023 1024/1024/1024 1072/1072/1072
f 1023/1023/1023 1072/1072/1072 1071/1071/1071
f 1024/1024/1024 1025/1025/1025 1073/1073/1073
f 1024/1024/1024 1073/1073/1073 1072/1072/1072
f 1025/1025/1025 1026/1026/1026 1074/1074/1074
f 1025/1025/1025 1074/1074/1074 1073/1073/1073
f 1026/1026/1026 1027/1027/1027 1075/1075/1075
f 1026/1026/1026 1075/1075/1075 1074/1074/1074
f 1027/1027/1027 1028/1028/1028 1076/1076/1076
f 1027/1027/1027 1076/1076/1076 1075/1075/1075
f 1028/1028/1028 1029/1029/1029 1077/1077/1077
f 1028/1028/1028 1077/1077/1077 1076/1076/1076
f 1029/1029/1029 1030/1030/1030 1078/1078/1078
f 1029/1029/1029 1078/1078/1078 1077/1077/1077
f 1030/1030/1030 1031/1031/1031 1079/1079/1079
f 1030/1030/1030 1079/1079/1079 1078/1078/1078
f 1031/1031/1031 1032/1032/1032 1080/1080/1080
f 1031/1031/1031 1080/1080/1080 1079/1079/1079
f 1032/1032/1032 1033/1033/1033 1081/1081/1081
f 1032/1032/1032 1081/1081/1081 1080/1080/1080
f 1033/1033/1033 1034/1034/1034 1082/1082/1082
f 1033/1033/1033 1082/1082/1082 1081/1081/1081
f 1034/1034/1034 1035/1035/1035 1083/1083/1083
f 1034/1034/1034 1083/1083/1083 1082/1082/1082
f 1035/1035/1035 1036/1036/1036 1084/1084/1084
f 1035/1035/1035 1084/1084/1084 1083/1083/1083
f 1036/1036/1036 1037/1037/1037 1085/1085/1085
f 1036/1036/1036 1085/1085/1085 1084/1084/1084
f 1037/1037/1037 1038/1038/1038 1086/1086/1086
f 1037/1037/1037 1086/1086/1086 1085/1085/1085
f 1038/1038/1038 1039/1039/1039 1087/1087/1087
f 1038/1038/1038 1087/1087/1087 1086/1086/1086
f 1039/1039/1039 1040/1040/1040 1088/1088/1088
f 1039/1039/1039 1088/1088/1088 1087/1087/1087
f 1040/1040/1040 1041/1041/1041 1089/1089/1089
f 1040/1040/1040 1089/1089/1089 1088/1088/1088
f 1041/1041/1041 1042/1042/1042 1090/1090/1090
f 1041/1041/1041 1090/1090/1090 1089/1089/1089
f 1042/1042/1042 1043/1043/1043 1091/1091/1091
f 1042/1042/1042 1091/1091/1091 1090/1090/1090
f 1043/1043/1043 1044/1044/1044 1092/1092/1092
f 1043/1043/1043 1092/1092/1092 1091/1091/1091
f 1044/1044/1044 1045/1045/1045 1093/1093/1093
f 1044/1044/1044 1093/1093/1093 1092/1092/1092
f 1045/1045/1045 1046/1046/1046 1094/1094/1094
f 1045/1045/1045 1094/1094/1094 1093/1093/1093
f 1046/1046/1046 1047/1047/1047 1095/1095/1095
f 1046/1046/1046 1095/1095/1095 1094/1094/1094
f 1047/1047/1047 1048/1048/1048 1096/1096/1096
f 1047/1047/1047 1096/1096/1096 1095/1095/1095
f 1048/1048/1048 1049/1049/1049 1097/1097/1097
f 1048/1048/1048 1097/1097/1097 1096/1096/1096
f 1049/1049/1049 1050/1050/1050 1098/1098/1098
f 1049/1049/1049 1098/1098/1098 1097/1097/1097
f 1050/1050/1050 1051/1051/1051 1099/1099/1099
f 1050/1050/1050 1099/1099/1099 1098/1098/1098
f 1051/1051/1051 1052/1052/1052 1100/1100/1100
f 1051/1051/1051 1100/1100/1100 1099/1099/1099
f 1052/1052/1052 1053/1053/1053 1101/1101/1101
f 1052/1052/1052 1101/1101/1101 1100/1100/1100
f 1053/1053/1053 1054/1054/1054 1102/1102/1102
f 1053/1053/1053 1102/1102/1102 1101/1101/1101
f 1054/1054/1054 1055/1055/1055 1103/1103/1103
f 1054/1054/1054 1103/1103/1103 1102/1102/1102
f 1055/1055/1055 1056/1056/1056 1104/1104/1104
f 1055/1055/1055 1104/1104/1104 1103/1103/1103
f 1056/1056/1056 1009/1009/1009 1057/1057/1057
f 1056/1056/1056 1057/1057/1057 1104/1104/1104
f 1057/1057/1057 1058/1058/1058 1106/1106/1106
f 1057/1057/1057 1106/1106/1106 1105/1105/1105
f 1058/1058/1058 1059/1059/1059 1107/1107/1107
f 1058/1058/1058 1107/1107/1107 1106/1106/1106
f 1059/1059/1059 1060/1060/1060 1108/1108/1108
f 1059/1059/1059 1108/1108/1108 1107/1107/1107
f 1060/1060/1060 1061/1061/1061 1109/1109/1109
f 1060/1060/1060 1109/1109/1109 1108/1108/1108
f 1061/1061/1061 1062/1062/1062 1110/1110/1110
f 1061/1061/1061 1110/1110/1110 1109/1109/1109
f 1062/1062/1062 1063/1063/1063 1111/1111/1111
f 1062/1062/1062 1111/1111/1111 1110/1110/1110
f 1063/1063/1063 1064/1064/1064 1112/1112/1112
f 1063/1063/1063 1112/1112/1112 1111/1111/1111
f 1064/1064/1064 1065/1065/1065 1113/1113/1113
f 1064/1064/1064 1113/1113/1113 1112/1112/1112
f 1065/1065/1065 1066/1066/1066 1114/1114/1114
f 1065/1065/1065 1114/1114/1114 1113/1113/1113
f 1066/1066/1066 1067/1067/1067 1115/1115/1115
f 1066/1066/1066 1115/1115/1115 1114/1114/1114
f 1067/1067/1067 1068/1068/1068 1116/1116/1116
f 1067/1067/1067 1116/1116/1116 1115/1115/1115
f 1068/1068/1068 1069/1069/1069 1117/1117/1117
f 1068/1068/1068 1117/1117/1117 1116/1116/1116
f 1069/1069/1069 1070/1070/1070 1118/1118/1118
f 1069/1069/1069 1118/1118/1118 1117/1117/1117
f 1070/1070/1070 1071/1071/1071 1119/1119/1119
f 1070/1070/1070 1119/1119/1119 1118/1118/1118
f 1071/1071/1071 1072/1072/1072 1120/1120/1120
f 1071/1071/1071 1120/1120/1120 1119/1119/1119
f 1072/1072/1072 1073/1073/1073 1121/1121/1121
f 1072/1072/1072 1121/1121/1121 1120/1120/1120
f 1073/1073/1073 1074/1074/1074 1122/1122/1122
f 1073/1073/1073 1122/1122/1122 1121/1121/1121
f 1074/1074/1074 1075/1075/1075 1123/1123/1123
f 1074/1074/1074 1123/1123/1123 1122/1122/1122
f 1075/1075/1075 1076/1076/1076 1124/1124/1124
f 1075/1075/1075 1124/1124/1124 1123/1123/1123
f 1076/1076/1076 1077/1077/1077 1125/1125/1125
f 1076/1076/1076 1125/1125/1125 1124/1124/1124
f 1077/1077/1077 1078/1078/1078 1126/1126/1126
f 1077/1077/1077 1126/1126/1126 1125/1125/1125
f 1078/1078/1078 1079/1079/1079 1127/1127/1127
f 1078/1078/1078 1127/1127/1127 1126/1126/1126
f 1079/1079/1079 1080/1080/1080 1128/1128/1128
f 1079/1079/1079 1128/1128/1128 1127/1127/1127
f 1080/1080/1080 1081/1081/1081 1129/1129/1129
f 1080/1080/1080 1129/1129/1129 1128/1128/1128
f 1081/1081/1081 1082/1082/1082 1130/1130/1130
f 1081/1081/1081 1130/1130/1130 1129/1129/1129
f 1082/1082/1082 1083/1083/1083 1131/1131/1131
f 1082/1082/1082 1131/1131/1131 1130/1130/1130
f 1083/1083/1083 1084/1084/1084 1132/1132/1132
f 1083/1083/1083 1132/1132/1132 1131/1131/1131
f 1084/1084/1084 1085/1085/1085 1133/1133/1133
f 1084/1084/1084 1133/1133/1133 1132/1132/1132
f 1085/1085/1085 1086/1086/1086 1134/1134/1134
f 1085/1085/1085 1134/1134/1134 1133/1133/1133
f 1086/1086/1086 1087/1087/1087 1135/1135/1135
f 1086/1086/1086 1135/1135/1135 1134/1134/1134
f 1087/1087/1087 1088/1088/1088 1136/1136/1136
f 1087/1087/1087 1136/1136/1136 1135/1135/1135
f 1088/1088/1088 1089/1089/1089 1137/1137/1137
f 1088/1088/1088 1137/1137/1137 1136/1136/1136
f 1089/1089/1089 1090/1090/1090 1138/1138/1138
f 1089/1089/1089 1138/1138/1138 1137/1137/1137
f 1090/1090/1090 1091/1091/1091 1139/1139/1139
f 1090/1090/1090 1139/1139/1139 1138/1138/1138
f 1091/1091/1091 1092/1092/1092 1140/1140/1140
f 1091/1091/1091 1140/1140/1140 1139/1139/1139
f 1092/1092/1092 1093/1093/1093 1141/1141/1141
f 1092/1092/1092 1141/1141/1141 1140/1140/1140
f 1093/1093/1093 1094/1094/1094 1142/1142/1142
f 1093/1093/1093 1142/1142/1142 1141/1141/1141
f 1094/1094/1094 1095/1095/1095 1143/1143/1143
f 1094/1094/1094 1143/1143/1143 1142/1142/1142
f 1095/1095/1095 1096/1096/1096 1144/1144/1144
f 1095/1095/1095 1144/1144/1144 1143/1143/1143
f 1096/1096/1096 1097/1097/1097 1145/1145/1145
f 1096/1096/1096 1145/1145/1145 1144/1144/1144
f 1097/1097/1097 1098/1098/1098 1146/1146/1146
f 1097/1097/1097 1146/1146/1146 1145/1145/1145
f 1098/1098/1098 1099/1099/1099 1147/1147/1147
f 1098/1098/1098 1147/1147/1147 1146/1146/1146
f 1099/1099/1099 1100/1100/1100 1148/1148/1148
f 1099/1099/1099 1148/1148/1148 1147/1147/1147
f 1100/1100/1100 1101/1101/1101 1149/1149/1149
f 1100/1100/1100 1149/1149/1149 1148/1148/1148
f 1101/1101/1101 1102/1102/1102 1150/1150/1150
f 1101/1101/1101 1150/1150/1150 1149/1149/1149
f 1102/1102/1102 1103/1103/1103 1151/1151/1151
f 1102/1102/1102 1151/1151/1151 1150/1150/1150
f 1103/1103/1103 1104/1104/1104 1152/1152/1152
f 1103/1103/1103 1152/1152/1152 1151/1151/1151
f 1104/1104/1104 1057/1057/1057 1105/1105/1105
f 1104/1104/1104 1105/1105/1105 1152/1152/1152
f 1105/1105/1105 1106/1106/1106 1154/1154/1154
f 1105/1105/1105 1154/1154/1154 1153/1153/1153
f 1106/1106/1106 1107/1107/1107 1155/1155/1155
f 1106/1106/1106 1155/1155/1155 1154/1154/1154
f 1107/1107/1107 1108/1108/1108 1156/1156/1156
f 1107/1107/1107 1156/1156/1156 1155/1155/1155
f 1108/1108/1108 1109/1109/1109 1157/1157/1157
f 1108/1108/1108 1157/1157/1157 1156/1156/1156
f 1109/1109/1109 1110/1110/1110 1158/1158/1158
f 1109/1109/1109 1158/1158/1158 1157/1157/1157
f 1110/1110/1110 1111/1111/1111 1159/1159/1159
f 1110/1110/1110 1159/1159/1159 1158/1158/1158
f 1111/1111/1111 1112/1112/1112 1160/1160/1160
f 1111/1111/1111 1160/1160/1160 1159/1159/1159
f 1112/1112/1112 1113/1113/1113 1161/1161/1161
f 1112/1112/1112 1161/1161/1161 1160/1160/1160
f 1113/1113/1113 1114/1114/1114 1162/1162/1162
f 1113/1113/1113 1162/1162/1162 1161/1161/1161
f 1114/1114/1114 1115/1115/1115 1163/1163/1163
f 1114/1114/1114 1163/1163/1163 1162/1162/1162
f 1115/1115/1115 1116/1116/1116 1164/1164/1164
f 1115/1115/1115 1164/1164/1164 1163/1163/1163
f 1116/1116/1116 1117/1117/1117 1165/1165/1165
f 1116/1116/1116 1165/1165/1165 1164/1164/1164
f 1117/1117/1117 1118/1118/1118 1166/1166/1166
f 1117/1117/1117 1166/1166/1166 1165/1165/1165
f 1118/1118/1118 1119/1119/1119 1167/1167/1167
f 1118/1118/1118 1167/1167/1167 1166/1166/1166
f 1119/1119/1119 1120/1120/1120 1168/1168/1168
f 1119/1119/1119 1168/1168/1168 1167/1167/1167
f 1120/1120/1120 1121/1121/1121 1169/1169/1169
f 1120/1120/1120 1169/1169/1169 1168/1168/1168
f 1121/1121/1121 1122/1122/1122 1170/1170/1170
f 1121/1121/1121 1170/1170/1170 1169/1169/1169
f 1122/1122/1122 1123/1123/1123 1171/1171/1171
f 1122/1122/1122 1171/1171/1171 1170/1170/1170
f 1123/1123/1123 1124/1124/1124 1172/1172/1172
f 1123/1123/1123 1172/1172/1172 1171/1171/1171
f 1124/1124/1124 1125/1125/1125 1173/1173/1173
f 1124/1124/1124 1173/1173/1173 1172/1172/1172
f 1125/1125/1125 1126/1126/1126 1174/1174/1174
f 1125/1125/1125 1174/1174/1174 1173/1173/1173
f 1126/1126/1126 1127/1127/1127 1175/1175/1175
f 1126/1126/1126 1175/1175/1175 1174/1174/1174
f 1127/1127/1127 1128/1128/1128 1176/1176/1176
f 1127/1127/1127 1176/1176/1176 1175/1175/1175
f 1128/1128/1128 1129/1129/1129 1177/1177/1177
f 1128/1128/1128 1177/1177/1177 1176/1176/1176
f 1129/1129/1129 1130/1130/1130 1178/1178/1178
f 1129/1129/1129 1178/1178/1178 1177/1177/1177
f 1130/1130/1130 1131/1131/1131 1179/1179/1179
f 1130/1130/1130 1179/1179/1179 1178/1178/1178
f 1131/1131/1131 1132/1132/1132 1180/1180/1180
f 1131/1131/1131 1180/1180/1180 1179/1179/1179
f 1132/1132/1132 1133/1133/1133 1181/1181/1181
f 1132/1132/1132 1181/1181/1181 1180/1180/1180
f 1133/1133/1133 1134/1134/1134 1182/1182/1182
f 1133/1133/1133 1182/1182/1182 1181/1181/1181
f 1134/1134/1134 1135/1135/1135 1183/1183/1183
f 1134/1134/1134 1183/1183/1183 1182/1182/1182
f 1135/1135/1135 1136/1136/1136 1184/1184/1184
f 1135/1135/1135 1184/1184/1184 1183/1183/1183
f 1136/1136/1136 1137/1137/1137 1185/1185/1185
f 1136/1136/1136 1185/1185/1185 1184/1184/1184
f 1137/1137/1137 1138/1138/1138 1186/1186/1186
f 1137/1137/1137 1186/1186/1186 1185/1185/1185
f 1138/1138/1138 1139/1139/1139 1187/1187/1187
f 1138/1138/1138 1187/1187/1187 1186/1186/1186
f 1139/1139/1139 1140/1140/1140 1188/1188/1188
f 1139/1139/1139 1188/1188/1188 1187/1187/1187
f 1140/1140/1140 1141/1141/1141 1189/1189/1189
f 1140/1140/1140 1189/1189/1189 1188/1188/1188
f 1141/1141/1141 1142/1142/1142 1190/1190/1190
f 1141/1141/1141 1190/1190/1190 1189/1189/1189
f 1142/1142/1142 1143/1143/1143 1191/1191/1191
f 1142/1142/1142 1191/1191/1191 1190/1190/1190
f 1143/1143/1143 1144/1144/1144 1192/1192/1192
f 1143/1143/1143 1192/1192/1192 1191/1191/1191
f 1144/1144/1144 1145/1145/1145 1193/1193/1193
f 1144/1144/1144 1193/1193/1193 1192/1192/1192
f 1145/1145/1145 1146/1146/1146 1194/1194/1194
f 1145/1145/1145 1194/1194/1194 1193/1193/1193
f 1146/1146/1146 1147/1147/1147 1195/1195/1195
f 1146/1146/1146 1195/1195/1195 1194/1194/1194
f 1147/1147/1147 1148/1148/1148 1196/1196/1196
f 1147/1147/1147 1196/1196/1196 1195/1195/1195
f 1148/1148/1148 1149/1149/1149 1197/1197/1197
f 1148/1148/1148 1197/1197/1197 1196/1196/1196
f 1149/1149/1149 1150/1150/1150 1198/1198/1198
f 1149/1149/1149 1198/1198/1198 1197/1197/1197
f 1150/1150/1150 1151/1151/1151 1199/1199/1199
f 1150/1150/1150 1199/1199/1199 1198/1198/1198
f 1151/1151/1151 1152/1152/1152 1200/1200/1200
f 1151/1151/1151 1200/1200/1200 1199/1199/1199
f 1152/1152/1152 1105/1105/1105 1153/1153/1153
f 1152/1152/1152 1153/1153/1153 1200/1200/1200
f 1153/1153/1153 1154/1154/1154 1202/1202/1202
f 1153/1153/1153 1202/1202/1202 1201/1201/1201
f 1154/1154/1154 1155/1155/1155 1203/1203/1203
f 1154/1154/1154 1203/1203/1203 1202/1202/1202
f 1155/1155/1155 1156/1156/1156 1204/1204/1204
f 1155/1155/1155 1204/1204/1204 1203/1203/1203
f 1156/1156/1156 1157/1157/1157 1205/1205/1205
f 1156/1156/1156 1205/1205/1205 1204/1204/1204
f 1157/1157/1157 1158/1158/1158 1206/1206/1206
f 1157/1157/1157 1206/1206/1206 1205/1205/1205
f 1158/1158/1158 1159/1159/1159 1207/1207/1207
f 1158/1158/1158 1207/1207/1207 1206/1206/1206
f 1159/1159/1159 1160/1160/1160 1208/1208/1208
f 1159/1159/1159 1208/1208/1208 1207/1207/1207
f 1160/1160/1160 1161/1161/1161 1209/1209/1209
f 1160/1160/1160 1209/1209/1209 1208/1208/1208
f 1161/1161/1161 1162/1162/1162 1210/1210/1210
f 1161/1161/1161 1210/1210/1210 1209/1209/1209
f 1162/1162/1162 1163/1163/1163 1211/1211/1211
f 1162/1162/1162 1211/1211/1211 1210/1210/1210
f 1163/1163/1163 1164/1164/1164 1212/1212/1212
f 1163/1163/1163 1212/1212/1212 1211/1211/1211
f 1164/1164/1164 1165/1165/1165 1213/1213/1213
f 1164/1164/1164 1213/1213/1213 1212/1212/1212
f 1165/1165/1165 1166/1166/1166 1214/1214/1214
f 1165/1165/1165 1214/1214/1214 1213/1213/1213
f 1166/1166/1166 1167/1167/1167 1215/1215/1215
f 1166/1166/1166 1215/1215/1215 1214/1214/1214
f 1167/1167/1167 1168/1168/1168 1216/1216/1216
f 1167/1167/1167 1216/1216/1216 1215/1215/1215
f 1168/1168/1168 1169/1169/1169 1217/1217/1217
f 1168/1168/1168 1217/1217/1217 1216/1216/1216
f 1169/1169/1169 1170/1170/1170 1218/1218/1218
f 1169/1169/1169 1218/1218/1218 1217/1217/1217
f 1170/1170/1170 1171/1171/1171 1219/1219/1219
f 1170/1170/1170 1219/1219/1219 1218/1218/1218
f 1171/1171/1171 1172/1172/1172 1220/1220/1220
f 1171/1171/1171 1220/1220/1220 1219/1219/1219
f 1172/1172/1172 1173/1173/1173 1221/1221/1221
f 1172/1172/1172 1221/1221/1221 1220/1220/1220
f 1173/1173/1173 1174/1174/1174 1222/1222/1222
f 1173/1173/1173 1222/1222/1222 1221/1221/1221
f 1174/1174/1174 1175/1175/1175 1223/1223/1223
f 1174/1174/1174 1223/1223/1223 1222/1222/1222
f 1175/1175/1175 1176/1176/1176 1224/1224/1224
f 1175/1175/1175 1224/1224/1224 1223/1223/1223
f 1176/1176/1176 1177/1177/1177 1225/1225/1225
f 1176/1176/1176 1225/1225/1225 1224/1224/1224
f 1177/1177/1177 1178/1178/1178 1226/1226/1226
f 1177/1177/1177 1226/1226/1226 1225/1225/1225
f 1178/1178/1178 1179/1179/1179 1227/1227/1227
f 1178/1178/1178 1227/1227/1227 1226/1226/1226
f 1179/1179/1179 1180/1180/1180 1228/1228/1228
f 1179/1179/1179 1228/1228/1228 1227/1227/1227
f 1180/1180/1180 1181/1181/1181 1229/1229/1229
f 1180/1180/1180 1229/1229/1229 1228/1228/1228
f 1181/1181/1181 1182/1182/1182 1230/1230/1230
f 1181/1181/1181 1230/1230/1230 1229/1229/1229
f 1182/1182/1182 1183/1183/1183 1231/1231/1231
f 1182/1182/1182 1231/1231/1231 1230/1230/1230
f 1183/1183/1183 1184/1184/1184 1232/1232/1232
f 1183/1183/1183 1232/1232/1232 1231/1231/1231
f 1184/1184/1184 1185/1185/1185 1233/1233/1233
f 1184/1184/1184 1233/1233/1233 1232/1232/1232
f 1185/1185/1185 1186/1186/1186 1234/1234/1234
f 1185/1185/1185 1234/1234/1234 1233/1233/1233
f 1186/1186/1186 1187/1187/1187 1235/1235/1235
f 1186/1186/1186 1235/1235/1235 1234/1234/1234
f 1187/1187/1187 1188/1188/1188 1236/1236/1236
f 1187/1187/1187 1236/1236/1236 1235/1235/1235
f 1188/1188/1188 1189/1189/1189 1237/1237/1237
f 1188/1188/1188 1237/1237/1237 1236/1236/1236
f 1189/1189/1189 1190/1190/1190 1238/1238/1238
f 1189/1189/1189 1238/1238/1238 1237/1237/1237
f 1190/1190/1190 1191/1191/1191 1239/1239/1239
f 1190/1190/1190 1239/1239/1239 1238/1238/1238
f 1191/1191/1191 1192/1192/1192 1240/1240/1240
f 1191/1191/1191 1240/1240/1240 1239/1239/1239
f 1192/1192/1192 1193/1193/1193 1241/1241/1241
f 1192/1192/1192 1241/1241/1241 1240/1240/1240
f 1193/1193/1193 1194/1194/1194 1242/1242/1242
f 1193/1193/1193 1242/1242/1242 1241/1241/1241
f 1194/1194/1194 1195/1195/1195 1243/1243/1243
f 1194/1194/1194 1243/1243/1243 1242/1242/1242
f 1195/1195/1195 1196/1196/1196 1244/1244/1244
f 1195/1195/1195 1244/1244/1244 1243/1243/1243
f 1196/1196/1196 1197/1197/1197 1245/1245/1245
f 1196/1196/1196 1245/1245/1245 1244/1244/1244
f 1197/1197/1197 1198/1198/1198 1246/1246/1246
f 1197/1197/1197 1246/1246/1246 1245/1245/1245
f 1198/1198/1198 1199/1199/1199 1247/1247/1247
f 1198/1198/1198 1247/1247/1247 1246/1246/1246
f 1199/1199/1199 1200/1200/1200 1248/1248/1248
f 1199/1199/1199 1248/1248/1248 1247/1247/1247
f 1200/1200/1200 1153/1153/1153 1201/1201/1201
f 1200/1200/1200 1201/1201/1201 1248/1248/1248
f 1201/1201/1201 1202/1202/1202 1250/1250/1250
f 1201/1201/1201 1250/1250/1250 1249/1249/1249
f 1202/1202/1202 1203/1203/1203 1251/1251/1251
f 1202/1202/1202 1251/1251/1251 1250/1250/1250
f 1203/1203/1203 1204/1204/1204 1252/1252/1252
f 1203/1203/1203 1252/1252/1252 1251/1251/1251
f 1204/1204/1204 1205/1205/1205 1253/1253/1253
f 1204/1204/1204 1253/1253/1253 1252/1252/1252
f 1205/1205/1205 1206/1206/1206 1254/1254/1254
f 1205/1205/1205 1254/1254/1254 1253/1253/1253
f 1206/1206/1206 1207/1207/1207 1255/1255/1255
f 1206/1206/1206 1255/1255/1255 1254/1254/1254
f 1207/1207/1207 1208/1208/1208 1256/1256/1256
f 1207/1207/1207 1256/1256/1256 1255/1255/1255
f 1208/1208/1208 1209/1209/1209 1257/1257/1257
f 1208/1208/1208 1257/1257/1257 1256/1256/1256
f 1209/1209/1209 1210/1210/1210 1258/1258/1258
f 1209/1209/1209 1258/1258/1258 1257/1257/1257
f 1210/1210/1210 1211/1211/1211 1259/1259/1259
f 1210/1210/1210 1259/1259/1259 1258/1258/1258
f 1211/1211/1211 1212/1212/1212 1260/1260/1260
f 1211/1211/1211 1260/1260/1260 1259/1259/1259
f 1212/1212/1212 1213/1213/1213 1261/1261/1261
f 1212/1212/1212 1261/1261/1261 1260/1260/1260
f 1213/1213/1213 1214/1214/1214 1262/1262/1262
f 1213/1213/1213 1262/1262/1262 1261/1261/1261
f 1214/1214/1214 1215/1215/1215 1263/1263/1263
f 1214/1214/1214 1263/1263/1263 1262/1262/1262
f 1215/1215/1215 1216/1216/1216 1264/1264/1264
f 1215/1215/1215 1264/1264/1264 1263/1263/1263
f 1216/1216/1216 1217/1217/1217 1265/1265/1265
f 1216/1216/1216 1265/1265/1265 1264/1264/1264
f 1217/1217/1217 1218/1218/1218 1266/1266/1266
f 1217/1217/1217 1266/1266/1266 1265/1265/1265
f 1218/1218/1218 1219/1219/1219 1267/1267/1267
f 1218/1218/1218 1267/1267/1267 1266/1266/1266
f 1219/1219/1219 1220/1220/1220 1268/1268/1268
f 1219/1219/1219 1268/1268/1268 1267/1267/1267
f 1220/1220/1220 1221/1221/1221 1269/1269/1269
f 1220/1220/1220 1269/1269/1269 1268/1268/1268
f 1221/1221/1221 1222/1222/1222 1270/1270/1270
f 1221/1221/1221 1270/1270/1270 1269/1269/1269
f 1222/1222/1222 1223/1223/1223 1271/1271/1271
f 1222/1222/1222 1271/1271/1271 1270/1270/1270
f 1223/1223/1223 1224/1224/1224 1272/1272/1272
f 1223/1223/1223 1272/1272/1272 1271/1271/1271
f 1224/1224/1224 1225/1225/1225 1273/1273/1273
f 1224/1224/1224 1273/1273/1273 1272/1272/1272
f 1225/1225/1225 1226/1226/1226 1274/1274/1274
f 1225/1225/1225 1274/1274/1274 1273/1273/1273
f 1226/1226/1226 1227/1227/1227 1275/1275/1275
f 1226/1226/1226 1275/1275/1275 1274/1274/1274
f 1227/1227/1227 1228/1228/1228 1276/1276/1276
f 1227/1227/1227 1276/1276/1276 1275/1275/1275
f 1228/1228/1228 1229/1229/1229 1277/1277/1277
f 1228/1228/1228 1277/1277/1277 1276/1276/1276
f 1229/1229/1229 1230/1230/1230 1278/1278/1278
f 1229/1229/1229 1278/1278/1278 1277/1277/1277
f 1230/1230/1230 1231/1231/1231 1279/1279/1279
f 1230/1230/1230 1279/1279/1279 1278/1278/1278
f 1231/1231/1231 1232/1232/1232 1280/1280/1280
f 1231/1231/1231 1280/1280/1280 1279/1279/1279
f 1232/1232/1232 1233/1233/1233 1281/1281/1281
f 1232/1232/1232 1281/1281/1281 1280/1280/1280
f 1233/1233/1233 1234/1234/1234 1282/1282/1282
f 1233/1233/1233 1282/1282/1282 1281/1281/1281
f 1234/1234/1234 1235/1235/1235 1283/1283/1283
f 1234/1234/1234 1283/1283/1283 1282/1282/1282
f 1235/1235/1235 1236/1236/1236 1284/1284/1284
f 1235/1235/1235 1284/1284/1284 1283/1283/1283
f 1236/1236/1236 1237/1237/1237 1285/1285/1285
f 1236/1236/1236 1285/1285/1285 1284/1284/1284
f 1237/1237/1237 1238/1238/1238 1286/1286/1286
f 1237/1237/1237 1286/1286/1286 1285/1285/1285
f 1238/1238/1238 1239/1239/1239 1287/1287/1287
f 1238/1238/1238 1287/1287/1287 1286/1286/1286
f 1239/1239/1239 1240/1240/1240 1288/1288/1288
f 1239/1239/1239 1288/1288/1288 1287/1287/1287
f 1240/1240/1240 1241/1241/1241 1289/1289/1289
f 1240/1240/1240 1289/1289/1289 1288/1288/1288
f 1241/1241/1241 1242/1242/1242 1290/1290/1290
f 1241/1241/1241 1290/1290/1290 1289/1289/1289
f 1242/1242/1242 1243/1243/1243 1291/1291/1291
f 1242/1242/1242 1291/1291/1291 1290/1290/1290
f 1243/1243/1243 1244/1244/1244 1292/1292/1292
f 1243/1243/1243 1292/1292/1292 1291/1291/1291
f 1244/1244/1244 1245/1245/1245 1293/1293/1293
f 1244/1244/1244 1293/1293/1293 1292/1292/1292
f 1245/1245/1245 1246/1246/1246 1294/1294/1294
f 1245/1245/1245 1294/1294/1294 1293/1293/1293
f 1246/1246/1246 1247/1247/1247 1295/1295/1295
f 1246/1246/1246 1295/1295/1295 1294/1294/1294
f 1247/1247/1247 1248/1248/1248 1296/1296/1296
f 1247/1247/1247 1296/1296/1296 1295/1295/1295
f 1248/1248/1248 1201/1201/1201 1249/1249/1249
f 1248/1248/1248 1249/1249/1249 1296/1296/1296
f 1249/1249/1249 1250/1250/1250 1298/1298/1298
f 1249/1249/1249 1298/1298/1298 1297/1297/1297
f 1250/1250/1250 1251/1251/1251 1299/1299/1299
f 1250/1250/1250 1299/1299/1299 1298/1298/1298
f 1251/1251/1251 1252/1252/1252 1300/1300/1300
f 1251/1251/1251 1300/1300/1300 1299/1299/1299
f 1252/1252/1252 1253/1253/1253 1301/1301/1301
f 1252/1252/1252 1301/1301/1301 1300/1300/1300
f 1253/1253/1253 1254/1254/1254 1302/1302/1302
f 1253/1253/1253 1302/1302/1302 1301/1301/1301
f 1254/1254/1254 1255/1255/1255 1303/1303/1303
f 1254/1254/1254 1303/1303/1303 1302/1302/1302
f 1255/1255/1255 1256/1256/1256 1304/1304/1304
f 1255/1255/1255 1304/1304/1304 1303/1303/1303
f 1256/1256/1256 1257/1257/1257 1305/1305/1305
f 1256/1256/1256 1305/1305/1305 1304/1304/1304
f 1257/1257/1257 1258/1258/1258 1306/1306/1306
f 1257/1257/1257 1306/1306/1306 1305/1305/1305
f 1258/1258/1258 1259/1259/1259 1307/1307/1307
f 1258/1258/1258 1307/1307/1307 1306/1306/1306
f 1259/1259/1259 1260/1260/1260 1308/1308/1308
f 1259/1259/1259 1308/1308/1308 1307/1307/1307
f 1260/1260/1260 1261/1261/1261 1309/1309/1309
f 1260/1260/1260 1309/1309/1309 1308/1308/1308
f 1261/1261/1261 1262/1262/1262 1310/1310/1310
f 1261/1261/1261 1310/1310/1310 1309/1309/1309
f 1262/1262/1262 1263/1263/1263 1311/1311/1311
f 1262/1262/1262 1311/1311/1311 1310/1310/1310
f 1263/1263/1263 1264/1264/1264 1312/1312/1312
f 1263/1263/1263 1312/1312/1312 1311/1311/1311
f 1264/1264/1264 1265/1265/1265 1313/1313/1313
f 1264/1264/1264 1313/1313/1313 1312/1312/1312
f 1265/1265/1265 1266/1266/1266 1314/1314/1314
f 1265/1265/1265 1314/1314/1314 1313/1313/1313
f 1266/1266/1266 1267/1267/1267 1315/1315/1315
f 1266/1266/1266 1315/1315/1315 1314/1314/1314
f 1267/1267/1267 1268/1268/1268 1316/1316/1316
f 1267/1267/1267 1316/1316/1316 1315/1315/1315
f 1268/1268/1268 1269/1269/1269 1317/1317/1317
f 1268/1268/1268 1317/1317/1317 1316/1316/1316
f 1269/1269/1269 1270/1270/1270 1318/1318/1318
f 1269/1269/1269 1318/1318/1318 1317/1317/1317
f 1270/1270/1270 1271/1271/1271 1319/1319/1319
f 1270/1270/1270 1319/1319/1319 1318/1318/1318
f 1271/1271/1271 1272/1272/1272 1320/1320/1320
f 1271/1271/1271 1320/1320/1320 1319/1319/1319
f 1272/1272/1272 1273/1273/1273 1321/1321/1321
f 1272/1272/1272 1321/1321/1321 1320/1320/1320
f 1273/1273/1273 1274/1274/1274 1322/1322/1322
f 1273/1273/1273 1322/1322/1322 1321/1321/1321
f 1274/1274/1274 1275/1275/1275 1323/1323/1323
f 1274/1274/1274 1323/1323/1323 1322/1322/1322
f 1275/1275/1275 1276/1276/1276 1324/1324/1324
f 1275/1275/1275 1324/1324/1324 1323/1323/1323
f 1276/1276/1276 1277/1277/1277 1325/1325/1325
f 1276/1276/1276 1325/1325/1325 1324/1324/1324
f 1277/1277/1277 1278/1278/1278 1326/1326/1326
f 1277/1277/1277 1326/1326/1326 1325/1325/1325
f 1278/1278/1278 1279/1279/1279 1327/1327/1327
f 1278/1278/1278 1327/1327/1327 1326/1326/1326
f 1279/1279/1279 1280/1280/1280 1328/1328/1328
f 1279/1279/1279 1328/1328/1328 1327/1327/1327
f 1280/1280/1280 1281/1281/1281 1329/1329/1329
f 1280/1280/1280 1329/1329/1329 1328/1328/1328
f 1281/1281/1281 1282/1282/1282 1330/1330/1330
f 1281/1281/1281 1330/1330/1330 1329/1329/1329
f 1282/1282/1282 1283/1283/1283 1331/1331/1331
f 1282/1282/1282 1331/1331/1331 1330/1330/1330
f 1283/1283/1283 1284/1284/1284 1332/1332/1332
f 1283/1283/1283 1332/1332/1332 1331/1331/1331
f 1284/1284/1284 1285/1285/1285 1333/1333/1333
f 1284/1284/1284 1333/1333/1333 1332/1332/1332
f 1285/1285/1285 1286/1286/1286 1334/1334/1334
f 1285/1285/1285 1334/1334/1334 1333/1333/1333
f 1286/1286/1286 1287/1287/1287 1335/1335/1335
f 1286/1286/1286 1335/1335/1335 1334/1334/1334
f 1287/1287/1287 1288/1288/1288 1336/1336/1336
f 1287/1287/1287 1336/1336/1336 1335/1335/1335
f 1288/1288/1288 1289/1289/1289 1337/1337/1337
f 1288/1288/1288 1337/1337/1337 1336/1336/1336
f 1289/1289/1289 1290/1290/1290 1338/1338/1338
f 1289/1289/1289 1338/1338/1338 1337/1337/1337
f 1290/1290/1290 1291/1291/1291 1339/1339/1339
f 1290/1290/1290 1339/1339/1339 1338/1338/1338
f 1291/1291/1291 1292/1292/1292 1340/1340/1340
f 1291/1291/1291 1340/1340/1340 1339/1339/1339
f 1292/1292/1292 1293/1293/1293 1341/1341/1341
f 1292/1292/1292 1341/1341/1341 1340/1340/1340
f 1293/1293/1293 1294/1294/1294 1342/1342/1342
f 1293/1293/1293 1342/1342/1342 1341/1341/1341
f 1294/1294/1294 1295/1295/1295 1343/1343/1343
f 1294/1294/1294 1343/1343/1343 1342/1342/1342
f 1295/1295/1295 1296/1296/1296 1344/1344/1344
f 1295/1295/1295 1344/1344/1344 1343/1343/1343
f 1296/1296/1296 1249/1249/1249 1297/1297/1297
f 1296/1296/1296 1297/1297/1297 1344/1344/1344
f 1297/1297/1297 1298/1298/1298 1346/1346/1346
f 1297/1297/1297 1346/1346/1346 1345/1345/1345
f 1298/1298/1298 1299/1299/1299 1347/1347/1347
f 1298/1298/1298 1347/1347/1347 1346/1346/1346
f 1299/1299/1299 1300/1300/1300 1348/1348/1348
f 1299/1299/1299 1348/1348/1348 1347/1347/1347
f 1300/1300/1300 1301/1301/1301 1349/1349/1349
f 1300/1300/1300 1349/1349/1349 1348/1348/1348
f 1301/1301/1301 1302/1302/1302 1350/1350/1350
f 1301/1301/1301 1350/1350/1350 1349/1349/1349
f 1302/1302/1302 1303/1303/1303 1351/1351/1351
f 1302/1302/1302 1351/1351/1351 1350/1350/1350
f 1303/1303/1303 1304/1304/1304 1352/1352/1352
f 1303/1303/1303 1352/1352/1352 1351/1351/1351
f 1304/1304/1304 1305/1305/1305 1353/1353/1353
f 1304/1304/1304 1353/1353/1353 1352/1352/1352
f 1305/1305/1305 1306/1306/1306 1354/1354/1354
f 1305/1305/1305 1354/1354/1354 1353/1353/1353
f 1306/1306/1306 1307/1307/1307 1355/1355/1355
f 1306/1306/1306 1355/1355/1355 1354/1354/1354
f 1307/1307/1307 1308/1308/1308 1356/1356/1356
f 1307/1307/1307 1356/1356/1356 1355/1355/1355
f 1308/1308/1308 1309/1309/1309 1357/1357/1357
f 1308/1308/1308 1357/1357/1357 1356/1356/1356
f 1309/1309/1309 1310/1310/1310 1358/1358/1358
f 1309/1309/1309 1358/1358/1358 1357/1357/1357
f 1310/1310/1310 1311/1311/1311 1359/1359/1359
f 1310/1310/1310 1359/1359/1359 1358/1358/1358
f 1311/1311/1311 1312/1312/1312 1360/1360/1360
f 1311/1311/1311 1360/1360/1360 1359/1359/1359
f 1312/1312/1312 1313/1313/1313 1361/1361/1361
f 1312/1312/1312 1361/1361/1361 1360/1360/1360
f 1313/1313/1313 1314/1314/1314 1362/1362/1362
f 1313/1313/1313 1362/1362/1362 1361/1361/1361
f 1314/1314/1314 1315/1315/1315 1363/1363/1363
f 1314/1314/1314 1363/1363/1363 1362/1362/1362
f 1315/1315/1315 1316/1316/1316 1364/1364/1364
f 1315/1315/1315 1364/1364/1364 1363/1363/1363
f 1316/1316/1316 1317/1317/1317 1365/1365/1365
f 1316/1316/1316 1365/1365/1365 1364/1364/1364
f 1317/1317/1317 1318/1318/1318 1366/1366/1366
f 1317/1317/1317 1366/1366/1366 1365/1365/1365
f 1318/1318/1318 1319/1319/1319 1367/1367/1367
f 1318/1318/1318 1367/1367/1367 1366/1366/1366
f 1319/1319/1319 1320/1320/1320 1368/1368/1368
f 1319/1319/1319 1368/1368/1368 1367/1367/1367
f 1320/1320/1320 1321/1321/1321 1369/1369/1369
f 1320/1320/1320 1369/1369/1369 1368/1368/1368
f 1321/1321/1321 1322/1322/1322 1370/1370/1370
f 1321/1321/1321 1370/1370/1370 1369/1369/1369
f 1322/1322/1322 1323/1323/1323 1371/1371/1371
f 1322/1322/1322 1371/1371/1371 1370/1370/1370
f 1323/1323/1323 1324/1324/1324 1372/1372/1372
f 1323/1323/1323 1372/1372/1372 1371/1371/1371
f 1324/1324/1324 1325/1325/1325 1373/1373/1373
f 1324/1324/1324 1373/1373/1373 1372/1372/1372
f 1325/1325/1325 1326/1326/1326 1374/1374/1374
f 1325/1325/1325 1374/1374/1374 1373/1373/1373
f 1326/1326/1326 1327/1327/1327 1375/1375/1375
f 1326/1326/1326 1375/1375/1375 1374/1374/1374
f 1327/1327/1327 1328/1328/1328 1376/1376/1376
f 1327/1327/1327 1376/1376/1376 1375/1375/1375
f 1328/1328/1328 1329/1329/1329 1377/1377/1377
f 1328/1328/1328 1377/1377/1377 1376/1376/1376
f 1329/1329/1329 1330/1330/1330 1378/1378/1378
f 1329/1329/1329 1378/1378/1378 1377/1377/1377
f 1330/1330/1330 1331/1331/1331 1379/1379/1379
f 1330/1330/1330 1379/1379/1379 1378/1378/1378
f 1331/1331/1331 1332/1332/1332 1380/1380/1380
f 1331/1331/1331 1380/1380/1380 1379/1379/1379
f 1332/1332/1332 1333/1333/1333 1381/1381/1381
f 1332/1332/1332 1381/1381/1381 1380/1380/1380
f 1333/1333/1333 1334/1334/1334 1382/1382/1382
f 1333/1333/1333 1382/1382/1382 1381/1381/1381
f 1334/1334/1334 1335/1335/1335 1383/1383/1383
f 1334/1334/1334 1383/1383/1383 1382/1382/1382
f 1335/1335/1335 1336/1336/1336 1384/1384/1384
f 1335/1335/1335 1384/1384/1384 1383/1383/1383
f 1336/1336/1336 1337/1337/1337 1385/1385/1385
f 1336/1336/1336 1385/1385/1385 1384/1384/1384
f 1337/1337/1337 1338/1338/1338 1386/1386/1386
f 1337/1337/1337 1386/1386/1386 1385/1385/1385
f 1338/1338/1338 1339/1339/1339 1387/1387/1387
f 1338/1338/1338 1387/1387/1387 1386/1386/1386
f 1339/1339/1339 1340/1340/1340 1388/1388/1388
f 1339/1339/1339 1388/1388/1388 1387/1387/1387
f 1340/1340/1340 1341/1341/1341 1389/1389/1389
f 1340/1340/1340 1389/1389/1389 1388/1388/1388
f 1341/1341/1341 1342/1342/1342 1390/1390/1390
f 1341/1341/1341 1390/1390/1390 1389/1389/1389
f 1342/1342/1342 1343/1343/1343 1391/1391/1391
f 1342/1342/1342 1391/1391/1391 1390/1390/1390
f 1343/1343/1343 1344/1344/1344 1392/1392/1392
f 1343/1343/1343 1392/1392/1392 1391/1391/1391
f 1344/1344/1344 1297/1297/1297 1345/1345/1345
f 1344/1344/1344 1345/1345/1345 1392/1392/1392
f 1345/1345/1345 1346/1346/1346 1394/1394/1394
f 1345/1345/1345 1394/1394/1394 1393/1393/1393
f 1346/1346/1346 1347/1347/1347 1395/1395/1395
f 1346/1346/1346 1395/1395/1395 1394/1394/1394
f 1347/1347/1347 1348/1348/1348 1396/1396/1396
f 1347/1347/1347 1396/1396/1396 1395/1395/1395
f 1348/1348/1348 1349/1349/1349 1397/1397/1397
f 1348/1348/1348 1397/1397/1397 1396/1396/1396
f 1349/1349/1349 1350/1350/1350 1398/1398/1398
f 1349/1349/1349 1398/1398/1398 1397/1397/1397
f 1350/1350/1350 1351/1351/1351 1399/1399/1399
f 1350/1350/1350 1399/1399/1399 1398/1398/1398
f 1351/1351/1351 1352/1352/1352 1400/1400/1400
f 1351/1351/1351 1400/1400/1400 1399/1399/1399
f 1352/1352/1352 1353/1353/1353 1401/1401/1401
f 1352/1352/1352 1401/1401/1401 1400/1400/1400
f 1353/1353/1353 1354/1354/1354 1402/1402/1402
f 1353/1353/1353 1402/1402/1402 1401/1401/1401
f 1354/1354/1354 1355/1355/1355 1403/1403/1403
f 1354/1354/1354 1403/1403/1403 1402/1402/1402
f 1355/1355/1355 1356/1356/1356 1404/1404/1404
f 1355/1355/1355 1404/1404/1404 1403/1403/1403
f 1356/1356/1356 1357/1357/1357 1405/1405/1405
f 1356/1356/1356 1405/1405/1405 1404/1404/1404
f 1357/1357/1357 1358/1358/1358 1406/1406/1406
f 1357/1357/1357 1406/1406/1406 1405/1405/1405
f 1358/1358/1358 1359/1359/1359 1407/1407/1407
f 1358/1358/1358 1407/1407/1407 1406/1406/1406
f 1359/1359/1359 1360/1360/1360 1408/1408/1408
f 1359/1359/1359 1408/1408/1408 1407/1407/1407
f 1360/1360/1360 1361/1361/1361 1409/1409/1409
f 1360/1360/1360 1409/1409/1409 1408/1408/1408
f 1361/1361/1361 1362/1362/1362 1410/1410/1410
f 1361/1361/1361 1410/1410/1410 1409/1409/1409
f 1362/1362/1362 1363/1363/1363 1411/1411/1411
f 1362/1362/1362 1411/1411/1411 1410/1410/1410
f 1363/1363/1363 1364/1364/1364 1412/1412/1412
f 1363/1363/1363 1412/1412/1412 1411/1411/1411
f 1364/1364/1364 1365/1365/1365 1413/1413/1413
f 1364/1364/1364 1413/1413/1413 1412/1412/1412
f 1365/1365/1365 1366/1366/1366 1414/1414/1414
f 1365/1365/1365 1414/1414/1414 1413/1413/1413
f 1366/1366/1366 1367/1367/1367 1415/1415/1415
f 1366/1366/1366 1415/1415/1415 1414/1414/1414
f 1367/1367/1367 1368/1368/1368 1416/1416/1416
f 1367/1367/1367 1416/1416/1416 1415/1415/1415
f 1368/1368/1368 1369/1369/1369 1417/1417/1417
f 1368/1368/1368 1417/1417/1417 1416/1416/1416
f 1369/1369/1369 1370/1370/1370 1418/1418/1418
f 1369/1369/1369 1418/1418/1418 1417/1417/1417
f 1370/1370/1370 1371/1371/1371 1419/1419/1419
f 1370/1370/1370 1419/1419/1419 1418/1418/1418
f 1371/1371/1371 1372/1372/1372 1420/1420/1420
f 1371/1371/1371 1420/1420/1420 1419/1419/1419
f 1372/1372/1372 1373/1373/1373 1421/1421/1421
f 1372/1372/1372 1421/1421/1421 1420/1420/1420
f 1373/1373/1373 1374/1374/1374 1422/1422/1422
f 1373/1373/1373 1422/1422/1422 1421/1421/1421
f 1374/1374/1374 1375/1375/1375 1423/1423/1423
f 1374/1374/1374 1423/1423/1423 1422/1422/1422
f 1375/1375/1375 1376/1376/1376 1424/1424/1424
f 1375/1375/1375 1424/1424/1424 1423/1423/1423
f 1376/1376/1376 1377/1377/1377 1425/1425/1425
f 1376/1376/1376 1425/1425/1425 1424/1424/1424
f 1377/1377/1377 1378/1378/1378 1426/1426/1426
f 1377/1377/1377 1426/1426/1426 1425/1425/1425
f 1378/1378/1378 1379/1379/1379 1427/1427/1427
f 1378/1378/1378 1427/1427/1427 1426/1426/1426
f 1379/1379/1379 1380/1380/1380 1428/1428/1428
f 1379/1379/1379 1428/1428/1428 1427/1427/1427
f 1380/1380/1380 1381/1381/1381 1429/1429/1429
f 1380/1380/1380 1429/1429/1429 1428/1428/1428
f 1381/1381/1381 1382/1382/1382 1430/1430/1430
f 1381/1381/1381 1430/1430/1430 1429/1429/1429
f 1382/1382/1382 1383/1383/1383 1431/1431/1431
f 1382/1382/1382 1431/1431/1431 1430/1430/1430
f 1383/1383/1383 1384/1384/1384 1432/1432/1432
f 1383/1383/1383 1432/1432/1432 1431/1431/1431
f 1384/1384/1384 1385/1385/1385 1433/1433/1433
f 1384/1384/1384 1433/1433/1433 1432/1432/1432
f 1385/1385/1385 1386/1386/1386 1434/1434/1434
f 1385/1385/1385 1434/1434/1434 1433/1433/1433
f 1386/1386/1386 1387/1387/1387 1435/1435/1435
f 1386/1386/1386 1435/1435/1435 1434/1434/1434
f 1387/1387/1387 1388/1388/1388 1436/1436/1436
f 1387/1387/1387 1436/1436/1436 1435/1435/1435
f 1388/1388/1388 1389/1389/1389 1437/1437/1437
f 1388/1388/1388 1437/1437/1437 1436/1436/1436
f 1389/1389/1389 1390/1390/1390 1438/1438/1438
f 1389/1389/1389 1438/1438/1438 1437/1437/1437
f 1390/1390/1390 1391/1391/1391 1439/1439/1439
f 1390/1390/1390 1439/1439/1439 1438/1438/1438
f 1391/1391/1391 1392/1392/1392 1440/1440/1440
f 1391/1391/1391 1440/1440/1440 1439/1439/1439
f 1392/1392/1392 1345/1345/1345 1393/1393/1393
f 1392/1392/1392 1393/1393/1393 1440/1440/1440
f 1393/1393/1393 1394/1394/1394 1442/1442/1442
f 1393/1393/1393 1442/1442/1442 1441/1441/1441
f 1394/1394/1394 1395/1395/1395 1443/1443/1443
f 1394/1394/1394 1443/1443/1443 1442/1442/1442
f 1395/1395/1395 1396/1396/1396 1444/1444/1444
f 1395/1395/1395 1444/1444/1444 1443/1443/1443
f 1396/1396/1396 1397/1397/1397 1445/1445/1445
f 1396/1396/1396 1445/1445/1445 1444/1444/1444
f 1397/1397/1397 1398/1398/1398 1446/1446/1446
f 1397/1397/1397 1446/1446/1446 1445/1445/1445
f 1398/1398/1398 1399/1399/1399 1447/1447/1447
f 1398/1398/1398 1447/1447/1447 1446/1446/1446
f 1399/1399/1399 1400/1400/1400 1448/1448/1448
f 1399/1399/1399 1448/1448/1448 1447/1447/1447
f 1400/1400/1400 1401/1401/1401 1449/1449/1449
f 1400/1400/1400 1449/1449/1449 1448/1448/1448
f 1401/1401/1401 1402/1402/1402 1450/1450/1450
f 1401/1401/1401 1450/1450/1450 1449/1449/1449
f 1402/1402/1402 1403/1403/1403 1451/1451/1451
f 1402/1402/1402 1451/1451/1451 1450/1450/1450
f 1403/1403/1403 1404/1404/1404 1452/1452/1452
f 1403/1403/1403 1452/1452/1452 1451/1451/1451
f 1404/1404/1404 1405/1405/1405 1453/1453/1453
f 1404/1404/1404 1453/1453/1453 1452/1452/1452
f 1405/1405/1405 1406/1406/1406 1454/1454/1454
f 1405/1405/1405 1454/1454/1454 1453/1453/1453
f 1406/1406/1406 1407/1407/1407 1455/1455/1455
f 1406/1406/1406 1455/1455/1455 1454/1454/1454
f 1407/1407/1407 1408/1408/1408 1456/1456/1456
f 1407/1407/1407 1456/1456/1456 1455/1455/1455
f 1408/1408/1408 1409/1409/1409 1457/1457/1457
f 1408/1408/1408 1457/1457/1457 1456/1456/1456
f 1409/1409/1409 1410/1410/1410 1458/1458/1458
f 1409/1409/1409 1458/1458/1458 1457/1457/1457
f 1410/1410/1410 1411/1411/1411 1459/1459/1459
f 1410/1410/1410 1459/1459/1459 1458/1458/1458
f 1411/1411/1411 1412/1412/1412 1460/1460/1460
f 1411/1411/1411 1460/1460/1460 1459/1459/1459
f 1412/1412/1412 1413/1413/1413 1461/1461/1461
f 1412/1412/1412 1461/1461/1461 1460/1460/1460
f 1413/1413/1413 1414/1414/1414 1462/1462/1462
f 1413/1413/1413 1462/1462/1462 1461/1461/1461
f 1414/1414/1414 1415/1415/1415 1463/1463/1463
f 1414/1414/1414 1463/1463/1463 1462/1462/1462
f 1415/1415/1415 1416/1416/1416 1464/1464/1464
f 1415/1415/1415 1464/1464/1464 1463/1463/1463
f 1416/1416/1416 1417/1417/1417 1465/1465/1465
f 1416/1416/1416 1465/1465/1465 1464/1464/1464
f 1417/1417/1417 1418/1418/1418 1466/1466/1466
f 1417/1417/1417 1466/1466/1466 1465/1465/1465
f 1418/1418/1418 1419/1419/1419 1467/1467/1467
f 1418/1418/1418 1467/1467/1467 1466/1466/1466
f 1419/1419/1419 1420/1420/1420 1468/1468/1468
f 1419/1419/1419 1468/1468/1468 1467/1467/1467
f 1420/1420/1420 1421/1421/1421 1469/1469/1469
f 1420/1420/1420 1469/1469/1469 1468/1468/1468
f 1421/1421/1421 1422/1422/1422 1470/1470/1470
f 1421/1421/1421 1470/1470/1470 1469/1469/1469
f 1422/1422/1422 1423/1423/1423 1471/1471/1471
f 1422/1422/1422 1471/1471/1471 1470/1470/1470
f 1423/1423/1423 1424/1424/1424 1472/1472/1472
f 1423/1423/1423 1472/1472/1472 1471/1471/1471
f 1424/1424/1424 1425/1425/1425 1473/1473/1473
f 1424/1424/1424 1473/1473/1473 1472/1472/1472
f 1425/1425/1425 1426/1426/1426 1474/1474/1474
f 1425/1425/1425 1474/1474/1474 1473/1473/1473
f 1426/1426/1426 1427/1427/1427 1475/1475/1475
f 1426/1426/1426 1475/1475/1475 1474/1474/1474
f 1427/1427/1427 1428/1428/1428 1476/1476/1476
f 1427/1427/1427 1476/1476/1476 1475/1475/1475
f 1428/1428/1428 1429/1429/1429 1477/1477/1477
f 1428/1428/1428 1477/1477/1477 1476/1476/1476
f 1429/1429/1429 1430/1430/1430 1478/1478/1478
f 1429/1429/1429 1478/1478/1478 1477/1477/1477
f 1430/1430/1430 1431/1431/1431 1479/1479/1479
f 1430/1430/1430 1479/1479/1479 1478/1478/1478
f 1431/1431/1431 1432/1432/1432 1480/1480/1480
f 1431/1431/1431 1480/1480/1480 1479/1479/1479
f 1432/1432/1432 1433/1433/1433 1481/1481/1481
f 1432/1432/1432 1481/1481/1481 1480/1480/1480
f 1433/1433/1433 1434/1434/1434 1482/1482/1482
f 1433/1433/1433 1482/1482/1482 1481/1481/1481
f 1434/1434/1434 1435/1435/1435 1483/1483/1483
f 1434/1434/1434 1483/1483/1483 1482/1482/1482
f 1435/1435/1435 1436/1436/1436 1484/1484/1484
f 1435/1435/1435 1484/1484/1484 1483/1483/1483
f 1436/1436/1436 1437/1437/1437 1485/1485/1485
f 1436/1436/1436 1485/1485/1485 1484/1484/1484
f 1437/1437/1437 1438/1438/1438 1486/1486/1486
f 1437/1437/1437 1486/1486/1486 1485/1485/1485
f 1438/1438/1438 1439/1439/1439 1487/1487/1487
f 1438/1438/1438 1487/1487/1487 1486/1486/1486
f 1439/1439/1439 1440/1440/1440 1488/1488/1488
f 1439/1439/1439 1488/1488/1488 1487/1487/1487
f 1440/1440/1440 1393/1393/1393 1441/1441/1441
f 1440/1440/1440 1441/1441/1441 1488/1488/1488
f 1441/1441/1441 1442/1442/1442 1490/1490/1490
f 1441/1441/1441 1490/1490/1490 1489/1489/1489
f 1442/1442/1442 1443/1443/1443 1491/1491/1491
f 1442/1442/1442 1491/1491/1491 1490/1490/1490
f 1443/1443/1443 1444/1444/1444 1492/1492/1492
f 1443/1443/1443 1492/1492/1492 1491/1491/1491
f 1444/1444/1444 1445/1445/1445 1493/1493/1493
f 1444/1444/1444 1493/1493/1493 1492/1492/1492
f 1445/1445/1445 1446/1446/1446 1494/1494/1494
f 1445/1445/1445 1494/1494/1494 1493/1493/1493
f 1446/1446/1446 1447/1447/1447 1495/1495/1495
f 1446/1446/1446 1495/1495/1495 1494/1494/1494
f 1447/1447/1447 1448/1448/1448 1496/1496/1496
f 1447/1447/1447 1496/1496/1496 1495/1495/1495
f 1448/1448/1448 1449/1449/1449 1497/1497/1497
f 1448/1448/1448 1497/1497/1497 1496/1496/1496
f 1449/1449/1449 1450/1450/1450 1498/1498/1498
f 1449/1449/1449 1498/1498/1498 1497/1497/1497
f 1450/1450/1450 1451/1451/1451 1499/1499/1499
f 1450/1450/1450 1499/1499/1499 1498/1498/1498
f 1451/1451/1451 1452/1452/1452 1500/1500/1500
f 1451/1451/1451 1500/1500/1500 1499/1499/1499
f 1452/1452/1452 1453/1453/1453 1501/1501/1501
f 1452/1452/1452 1501/1501/1501 1500/1500/1500
f 1453/1453/1453 1454/1454/1454 1502/1502/1502
f 1453/1453/1453 1502/1502/1502 1501/1501/1501
f 1454/1454/1454 1455/1455/1455 1503/1503/1503
f 1454/1454/1454 1503/1503/1503 1502/1502/1502
f 1455/1455/1455 1456/1456/1456 1504/1504/1504
f 1455/1455/1455 1504/1504/1504 1503/1503/1503
f 1456/1456/1456 1457/1457/1457 1505/1505/1505
f 1456/1456/1456 1505/1505/1505 1504/1504/1504
f 1457/1457/1457 1458/1458/1458 1506/1506/1506
f 1457/1457/1457 1506/1506/1506 1505/1505/1505
f 1458/1458/1458 1459/1459/1459 1507/1507/1507
f 1458/1458/1458 1507/1507/1507 1506/1506/1506
f 1459/1459/1459 1460/1460/1460 1508/1508/1508
f 1459/1459/1459 1508/1508/1508 1507/1507/1507
f 1460/1460/1460 1461/1461/1461 1509/1509/1509
f 1460/1460/1460 1509/1509/1509 1508/1508/1508
f 1461/1461/1461 1462/1462/1462 1510/1510/1510
f 1461/1461/1461 1510/1510/1510 1509/1509/1509
f 1462/1462/1462 1463/1463/1463 1511/1511/1511
f 1462/1462/1462 1511/1511/1511 1510/1510/1510
f 1463/1463/1463 1464/1464/1464 1512/1512/1512
f 1463/1463/1463 1512/1512/1512 1511/1511/1511
f 1464/1464/1464 1465/1465/1465 1513/1513/1513
f 1464/1464/1464 1513/1513/1513 1512/1512/1512
f 1465/1465/1465 1466/1466/1466 1514/1514/1514
f 1465/1465/1465 1514/1514/1514 1513/1513/1513
f 1466/1466/1466 1467/1467/1467 1515/1515/1515
f 1466/1466/1466 1515/1515/1515 1514/1514/1514
f 1467/1467/1467 1468/1468/1468 1516/1516/1516
f 1467/1467/1467 1516/1516/1516 1515/1515/1515
f 1468/1468/1468 1469/1469/1469 1517/1517/1517
f 1468/1468/1468 1517/1517/1517 1516/1516/1516
f 1469/1469/1469 1470/1470/1470 1518/1518/1518
f 1469/1469/1469 1518/1518/1518 1517/1517/1517
f 1470/1470/1470 1471/1471/1471 1519/1519/1519
f 1470/1470/1470 1519/1519/1519 1518/1518/1518
f 1471/1471/1471 1472/1472/1472 1520/1520/1520
f 1471/1471/1471 1520/1520/1520 1519/1519/1519
f 1472/1472/1472 1473/1473/1473 1521/1521/1521
f 1472/1472/1472 1521/1521/1521 1520/1520/1520
f 1473/1473/1473 1474/1474/1474 1522/1522/1522
f 1473/1473/1473 1522/1522/1522 1521/1521/1521
f 1474/1474/1474 1475/1475/1475 1523/1523/1523
f 1474/1474/1474 1523/1523/1523 1522/1522/1522
f 1475/1475/1475 1476/1476/1476 1524/1524/1524
f 1475/1475/1475 1524/1524/1524 1523/1523/1523
f 1476/1476/1476 1477/1477/1477 1525/1525/1525
f 1476/1476/1476 1525/1525/1525 1524/1524/1524
f 1477/1477/1477 1478/1478/1478 1526/1526/1526
f 1477/1477/1477 1526/1526/1526 1525/1525/1525
f 1478/1478/1478 1479/1479/1479 1527/1527/1527
f 1478/1478/1478 1527/1527/1527 1526/1526/1526
f 1479/1479/1479 1480/1480/1480 1528/1528/1528
f 1479/1479/1479 1528/1528/1528 1527/1527/1527
f 1480/1480/1480 1481/1481/1481 1529/1529/1529
f 1480/1480/1480 1529/1529/1529 1528/1528/1528
f 1481/1481/1481 1482/1482/1482 1530/1530/1530
f 1481/1481/1481 1530/1530/1530 1529/1529/1529
f 1482/1482/1482 1483/1483/1483 1531/1531/1531
f 1482/1482/1482 1531/1531/1531 1530/1530/1530
f 1483/1483/1483 1484/1484/1484 1532/1532/1532
f 1483/1483/1483 1532/1532/1532 1531/1531/1531
f 1484/1484/1484 1485/1485/1485 1533/1533/1533
f 1484/1484/1484 1533/1533/1533 1532/1532/1532
f 1485/1485/1485 1486/1486/1486 1534/1534/1534
f 1485/1485/1485 1534/1534/1534 1533/1533/1533
f 1486/1486/1486 1487/1487/1487 1535/1535/1535
f 1486/1486/1486 1535/1535/1535 1534/1534/1534
f 1487/1487/1487 1488/1488/1488 1536/1536/1536
f 1487/1487/1487 1536/1536/1536 1535/1535/1535
f 1488/1488/1488 1441/1441/1441 1489/1489/1489
f 1488/1488/1488 1489/1489/1489 1536/1536/1536
f 1489/1489/1489 1490/1490/1490 1538/1538/1538
f 1489/1489/1489 1538/1538/1538 1537/1537/1537
f 1490/1490/1490 1491/1491/1491 1539/1539/1539
f 1490/1490/1490 1539/1539/1539 1538/1538/1538
f 1491/1491/1491 1492/1492/1492 1540/1540/1540
f 1491/1491/1491 1540/1540/1540 1539/1539/1539
f 1492/1492/1492 1493/1493/1493 1541/1541/1541
f 1492/1492/1492 1541/1541/1541 1540/1540/1540
f 1493/1493/1493 1494/1494/1494 1542/1542/1542
f 1493/1493/1493 1542/1542/1542 1541/1541/1541
f 1494/1494/1494 1495/1495/1495 1543/1543/1543
f 1494/1494/1494 1543/1543/1543 1542/1542/1542
f 1495/1495/1495 1496/1496/1496 1544/1544/1544
f 1495/1495/1495 1544/1544/1544 1543/1543/1543
f 1496/1496/1496 1497/1497/1497 1545/1545/1545
f 1496/1496/1496 1545/1545/1545 1544/1544/1544
f 1497/1497/1497 1498/1498/1498 1546/1546/1546
f 1497/1497/1497 1546/1546/1546 1545/1545/1545
f 1498/1498/1498 1499/1499/1499 1547/1547/1547
f 1498/1498/1498 1547/1547/1547 1546/1546/1546
f 1499/1499/1499 1500/1500/1500 1548/1548/1548
f 1499/1499/1499 1548/1548/1548 1547/1547/1547
f 1500/1500/1500 1501/1501/1501 1549/1549/1549
f 1500/1500/1500 1549/1549/1549 1548/1548/1548
f 1501/1501/1501 1502/1502/1502 1550/1550/1550
f 1501/1501/1501 1550/1550/1550 1549/1549/1549
f 1502/1502/1502 1503/1503/1503 1551/1551/1551
f 1502/1502/1502 1551/1551/1551 1550/1550/1550
f 1503/1503/1503 1504/1504/1504 1552/1552/1552
f 1503/1503/1503 1552/1552/1552 1551/1551/1551
f 1504/1504/1504 1505/1505/1505 1553/1553/1553
f 1504/1504/1504 1553/1553/1553 1552/1552/1552
f 1505/1505/1505 1506/1506/1506 1554/1554/1554
f 1505/1505/1505 1554/1554/1554 1553/1553/1553
f 1506/1506/1506 1507/1507/1507 1555/1555/1555
f 1506/1506/1506 1555/1555/1555 1554/1554/1554
f 1507/1507/1507 1508/1508/1508 1556/1556/1556
f 1507/1507/1507 1556/1556/1556 1555/1555/1555
f 1508/1508/1508 1509/1509/1509 1557/1557/1557
f 1508/1508/1508 1557/1557/1557 1556/1556/1556
f 1509/1509/1509 1510/1510/1510 1558/1558/1558
f 1509/1509/1509 1558/1558/1558 1557/1557/1557
f 1510/1510/1510 1511/1511/1511 1559/1559/1559
f 1510/1510/1510 1559/1559/1559 1558/1558/1558
f 1511/1511/1511 1512/1512/1512 1560/1560/1560
f 1511/1511/1511 1560/1560/1560 1559/1559/1559
f 1512/1512/1512 1513/1513/1513 1561/1561/1561
f 1512/1512/1512 1561/1561/1561 1560/1560/1560
f 1513/1513/1513 1514/1514/1514 1562/1562/1562
f 1513/1513/1513 1562/1562/1562 1561/1561/1561
f 1514/1514/1514 1515/1515/1515 1563/1563/1563
f 1514/1514/1514 1563/1563/1563 1562/1562/1562
f 1515/1515/1515 1516/1516/1516 1564/1564/1564
f 1515/1515/1515 1564/1564/1564 1563/1563/1563
f 1516/1516/1516 1517/1517/1517 1565/1565/1565
f 1516/1516/1516 1565/1565/1565 1564/1564/1564
f 1517/1517/1517 1518/1518/1518 1566/1566/1566
f 1517/1517/1517 1566/1566/1566 1565/1565/1565
f 1518/1518/1518 1519/1519/1519 1567/1567/1567
f 1518/1518/1518 1567/1567/1567 1566/1566/1566
f 1519/1519/1519 1520/1520/1520 1568/1568/1568
f 1519/1519/1519 1568/1568/1568 1567/1567/1567
f 1520/1520/1520 1521/1521/1521 1569/1569/1569
f 1520/1520/1520 1569/1569/1569 1568/1568/1568
f 1521/1521/1521 1522/1522/1522 1570/1570/1570
f 1521/1521/1521 1570/1570/1570 1569/1569/1569
f 1522/1522/1522 1523/1523/1523 1571/1571/1571
f 1522/1522/1522 1571/1571/1571 1570/1570/1570
f 1523/1523/1523 1524/1524/1524 1572/1572/1572
f 1523/1523/1523 1572/1572/1572 1571/1571/1571
f 1524/1524/1524 1525/1525/1525 1573/1573/1573
f 1524/1524/1524 1573/1573/1573 1572/1572/1572
f 1525/1525/1525 1526/1526/1526 1574/1574/1574
f 1525/1525/1525 1574/1574/1574 1573/1573/1573
f 1526/1526/1526 1527/1527/1527 1575/1575/1575
f 1526/1526/1526 1575/1575/1575 1574/1574/1574
f 1527/1527/1527 1528/1528/1528 1576/1576/1576
f 1527/1527/1527 1576/1576/1576 1575/1575/1575
f 1528/1528/1528 1529/1529/1529 1577/1577/1577
f 1528/1528/1528 1577/1577/1577 1576/1576/1576
f 1529/1529/1529 1530/1530/1530 1578/1578/1578
f 1529/1529/1529 1578/1578/1578 1577/1577/1577
f 1530/1530/1530 1531/1531/1531 1579/1579/1579
f 1530/1530/1530 1579/1579/1579 1578/1578/1578
f 1531/1531/1531 1532/1532/1532 1580/1580/1580
f 1531/1531/1531 1580/1580/1580 1579/1579/1579
f 1532/1532/1532 1533/1533/1533 1581/1581/1581
f 1532/1532/1532 1581/1581/1581 1580/1580/1580
f 1533/1533/1533 1534/1534/1534 1582/1582/1582
f 1533/1533/1533 1582/1582/1582 1581/1581/1581
f 1534/1534/1534 1535/1535/1535 1583/1583/1583
f 1534/1534/1534 1583/1583/1583 1582/1582/1582
f 1535/1535/1535 1536/1536/1536 1584/1584/1584
f 1535/1535/1535 1584/1584/1584 1583/1583/1583
f 1536/1536/1536 1489/1489/1489 1537/1537/1537
f 1536/1536/1536 1537/1537/1537 1584/1584/1584
f 1537/1537/1537 1538/1538/1538 1586/1586/1586
f 1537/1537/1537 1586/1586/1586 1585/1585/1585
f 1538/1538/1538 1539/1539/1539 1587/1587/1587
f 1538/1538/1538 1587/1587/1587 1586/1586/1586
f 1539/1539/1539 1540/1540/1540 1588/1588/1588
f 1539/1539/1539 1588/1588/1588 1587/1587/1587
f 1540/1540/1540 1541/1541/1541 1589/1589/1589
f 1540/1540/1540 1589/1589/1589 1588/1588/1588
f 1541/1541/1541 1542/1542/1542 1590/1590/1590
f 1541/1541/1541 1590/1590/1590 1589/1589/1589
f 1542/1542/1542 1543/1543/1543 1591/1591/1591
f 1542/1542/1542 1591/1591/1591 1590/1590/1590
f 1543/1543/1543 1544/1544/1544 1592/1592/1592
f 1543/1543/1543 1592/1592/1592 1591/1591/1591
f 1544/1544/1544 1545/1545/1545 1593/1593/1593
f 1544/1544/1544 1593/1593/1593 1592/1592/1592
f 1545/1545/1545 1546/1546/1546 1594/1594/1594
f 1545/1545/1545 1594/1594/1594 1593/1593/1593
f 1546/1546/1546 1547/1547/1547 1595/1595/1595
f 1546/1546/1546 1595/1595/1595 1594/1594/1594
f 1547/1547/1547 1548/1548/1548 1596/1596/1596
f 1547/1547/1547 1596/1596/1596 1595/1595/1595
f 1548/1548/1548 1549/1549/1549 1597/1597/1597
f 1548/1548/1548 1597/1597/1597 1596/1596/1596
f 1549/1549/1549 1550/1550/1550 1598/1598/1598
f 1549/1549/1549 1598/1598/1598 1597/1597/1597
f 1550/1550/1550 1551/1551/1551 1599/1599/1599
f 1550/1550/1550 1599/1599/1599 1598/1598/1598
f 1551/1551/1551 1552/1552/1552 1600/1600/1600
f 1551/1551/1551 1600/1600/1600 1599/1599/1599
f 1552/1552/1552 1553/1553/1553 1601/1601/1601
f 1552/1552/1552 1601/1601/1601 1600/1600/1600
f 1553/1553/1553 1554/1554/1554 1602/1602/1602
f 1553/1553/1553 1602/1602/1602 1601/1601/1601
f 1554/1554/1554 1555/1555/1555 1603/1603/1603
f 1554/1554/1554 1603/1603/1603 1602/1602/1602
f 1555/1555/1555 1556/1556/1556 1604/1604/1604
f 1555/1555/1555 1604/1604/1604 1603/1603/1603
f 1556/1556/1556 1557/1557/1557 1605/1605/1605
f 1556/1556/1556 1605/1605/1605 1604/1604/1604
f 1557/1557/1557 1558/1558/1558 1606/1606/1606
f 1557/1557/1557 1606/1606/1606 1605/1605/1605
f 1558/1558/1558 1559/1559/1559 1607/1607/1607
f 1558/1558/1558 1607/1607/1607 1606/1606/1606
f 1559/1559/1559 1560/1560/1560 1608/1608/1608
f 1559/1559/1559 1608/1608/1608 1607/1607/1607
f 1560/1560/1560 1561/1561/1561 1609/1609/1609
f 1560/1560/1560 1609/1609/1609 1608/1608/1608
f 1561/1561/1561 1562/1562/1562 1610/1610/1610
f 1561/1561/1561 1610/1610/1610 1609/1609/1609
f 1562/1562/1562 1563/1563/1563 1611/1611/1611
f 1562/1562/1562 1611/1611/1611 1610/1610/1610
f 1563/1563/1563 1564/1564/1564 1612/1612/1612
f 1563/1563/1563 1612/1612/1612 1611/1611/1611
f 1564/1564/1564 1565/1565/1565 1613/1613/1613
f 1564/1564/1564 1613/1613/1613 1612/1612/1612
f 1565/1565/1565 1566/1566/1566 1614/1614/1614
f 1565/1565/1565 1614/1614/1614 1613/1613/1613
f 1566/1566/1566 1567/1567/1567 1615/1615/1615
f 1566/1566/1566 1615/1615/1615 1614/1614/1614
f 1567/1567/1567 1568/1568/1568 1616/1616/1616
f 1567/1567/1567 1616/1616/1616 1615/1615/1615
f 1568/1568/1568 1569/1569/1569 1617/1617/1617
f 1568/1568/1568 1617/1617/1617 1616/1616/1616
f 1569/1569/1569 1570/1570/1570 1618/1618/1618
f 1569/1569/1569 1618/1618/1618 1617/1617/1617
f 1570/1570/1570 1571/1571/1571 1619/1619/1619
f 1570/1570/1570 1619/1619/1619 1618/1618/1618
f 1571/1571/1571 1572/1572/1572 1620/1620/1620
f 1571/1571/1571 1620/1620/1620 1619/1619/1619
f 1572/1572/1572 1573/1573/1573 1621/1621/1621
f 1572/1572/1572 1621/1621/1621 1620/1620/1620
f 1573/1573/1573 1574/1574/1574 1622/1622/1622
f 1573/1573/1573 1622/1622/1622 1621/1621/1621
f 1574/1574/1574 1575/1575/1575 1623/1623/1623
f 1574/1574/1574 1623/1623/1623 1622/1622/1622
f 1575/1575/1575 1576/1576/1576 1624/1624/1624
f 1575/1575/1575 1624/1624/1624 1623/1623/1623
f 1576/1576/1576 1577/1577/1577 1625/1625/1625
f 1576/1576/1576 1625/1625/1625 1624/1624/1624
f 1577/1577/1577 1578/1578/1578 1626/1626/1626
f 1577/1577/1577 1626/1626/1626 1625/1625/1625
f 1578/1578/1578 1579/1579/1579 1627/1627/1627
f 1578/1578/1578 1627/1627/1627 1626/1626/1626
f 1579/1579/1579 1580/1580/1580 1628/1628/1628
f 1579/1579/1579 1628/1628/1628 1627/1627/1627
f 1580/1580/1580 1581/1581/1581 1629/1629/1629
f 1580/1580/1580 1629/1629/1629 1628/1628/1628
f 1581/1581/1581 1582/1582/1582 1630/1630/1630
f 1581/1581/1581 1630/1630/1630 1629/1629/1629
f 1582/1582/1582 1583/1583/1583 1631/1631/1631
f 1582/1582/1582 1631/1631/1631 1630/1630/1630
f 1583/1583/1583 1584/1584/1584 1632/1632/1632
f 1583/1583/1583 1632/1632/1632 1631/1631/1631
f 1584/1584/1584 1537/1537/1537 1585/1585/1585
f 1584/1584/1584 1585/1585/1585 1632/1632/1632
f 1585/1585/1585 1586/1586/1586 1634/1634/1634
f 1585/1585/1585 1634/1634/1634 1633/1633/1633
f 1586/1586/1586 1587/1587/1587 1635/1635/1635
f 1586/1586/1586 1635/1635/1635 1634/1634/1634
f 1587/1587/1587 1588/1588/1588 1636/1636/1636
f 1587/1587/1587 1636/1636/1636 1635/1635/1635
f 1588/1588/1588 1589/1589/1589 1637/1637/1637
f 1588/1588/1588 1637/1637/1637 1636/1636/1636
f 1589/1589/1589 1590/1590/1590 1638/1638/1638
f 1589/1589/1589 1638/1638/1638 1637/1637/1637
f 1590/1590/1590 1591/1591/1591 1639/1639/1639
f 1590/1590/1590 1639/1639/1639 1638/1638/1638
f 1591/1591/1591 1592/1592/1592 1640/1640/1640
f 1591/1591/1591 1640/1640/1640 1639/1639/1639
f 1592/1592/1592 1593/1593/1593 1641/1641/1641
f 1592/1592/1592 1641/1641/1641 1640/1640/1640
f 1593/1593/1593 1594/1594/1594 1642/1642/1642
f 1593/1593/1593 1642/1642/1642 1641/1641/1641
f 1594/1594/1594 1595/1595/1595 1643/1643/1643
f 1594/1594/1594 1643/1643/1643 1642/1642/1642
f 1595/1595/1595 1596/1596/1596 1644/1644/1644
f 1595/1595/1595 1644/1644/1644 1643/1643/1643
f 1596/1596/1596 1597/1597/1597 1645/1645/1645
f 1596/1596/1596 1645/1645/1645 1644/1644/1644
f 1597/1597/1597 1598/1598/1598 1646/1646/1646
f 1597/1597/1597 1646/1646/1646 1645/1645/1645
f 1598/1598/1598 1599/1599/1599 1647/1647/1647
f 1598/1598/1598 1647/1647/1647 1646/1646/1646
f 1599/1599/1599 1600/1600/1600 1648/1648/1648
f 1599/1599/1599 1648/1648/1648 1647/1647/1647
f 1600/1600/1600 1601/1601/1601 1649/1649/1649
f 1600/1600/1600 1649/1649/1649 1648/1648/1648
f 1601/1601/1601 1602/1602/1602 1650/1650/1650
f 1601/1601/1601 1650/1650/1650 1649/1649/1649
f 1602/1602/1602 1603/1603/1603 1651/1651/1651
f 1602/1602/1602 1651/1651/1651 1650/1650/1650
f 1603/1603/1603 1604/1604/1604 1652/1652/1652
f 1603/1603/1603 1652/1652/1652 1651/1651/1651
f 1604/1604/1604 1605/1605/1605 1653/1653/1653
f 1604/1604/1604 1653/1653/1653 1652/1652/1652
f 1605/1605/1605 1606/1606/1606 1654/1654/1654
f 1605/1605/1605 1654/1654/1654 1653/1653/1653
f 1606/1606/1606 1607/1607/1607 1655/1655/1655
f 1606/1606/1606 1655/1655/1655 1654/1654/1654
f 1607/1607/1607 1608/1608/1608 1656/1656/1656
f 1607/1607/1607 1656/1656/1656 1655/1655/1655
f 1608/1608/1608 1609/1609/1609 1657/1657/1657
f 1608/1608/1608 1657/1657/1657 1656/1656/1656
f 1609/1609/1609 1610/1610/1610 1658/1658/1658
f 1609/1609/1609 1658/1658/1658 1657/1657/1657
f 1610/1610/1610 1611/1611/1611 1659/1659/1659
f 1610/1610/1610 1659/1659/1659 1658/1658/1658
f 1611/1611/1611 1612/1612/1612 1660/1660/1660
f 1611/1611/1611 1660/1660/1660 1659/1659/1659
f 1612/1612/1612 1613/1613/1613 1661/1661/1661
f 1612/1612/1612 1661/1661/1661 1660/1660/1660
f 1613/1613/1613 1614/1614/1614 1662/1662/1662
f 1613/1613/1613 1662/1662/1662 1661/1661/1661
f 1614/1614/1614 1615/1615/1615 1663/1663/1663
f 1614/1614/1614 1663/1663/1663 1662/1662/1662
f 1615/1615/1615 1616/1616/1616 1664/1664/1664
f 1615/1615/1615 1664/1664/1664 1663/1663/1663
f 1616/1616/1616 1617/1617/1617 1665/1665/1665
f 1616/1616/1616 1665/1665/1665 1664/1664/1664
f 1617/1617/1617 1618/1618/1618 1666/1666/1666
f 1617/1617/1617 1666/1666/1666 1665/1665/1665
f 1618/1618/1618 1619/1619/1619 1667/1667/1667
f 1618/1618/1618 1667/1667/1667 1666/1666/1666
f 1619/1619/1619 1620/1620/1620 1668/1668/1668
f 1619/1619/1619 1668/1668/1668 1667/1667/1667
f 1620/1620/1620 1621/1621/1621 1669/1669/1669
f 1620/1620/1620 1669/1669/1669 1668/1668/1668
f 1621/1621/1621 1622/1622/1622 1670/1670/1670
f 1621/1621/1621 1670/1670/1670 1669/1669/1669
f 1622/1622/1622 1623/1623/1623 1671/1671/1671
f 1622/1622/1622 1671/1671/1671 1670/1670/1670
f 1623/1623/1623 1624/1624/1624 1672/1672/1672
f 1623/1623/1623 1672/1672/1672 1671/1671/1671
f 1624/1624/1624 1625/1625/1625 1673/1673/1673
f 1624/1624/1624 1673/1673/1673 1672/1672/1672
f 1625/1625/1625 1626/1626/1626 1674/1674/1674
f 1625/1625/1625 1674/1674/1674 1673/1673/1673
f 1626/1626/1626 1627/1627/1627 1675/1675/1675
f 1626/1626/1626 1675/1675/1675 1674/1674/1674
f 1627/1627/1627 1628/1628/1628 1676/1676/1676
f 1627/1627/1627 1676/1676/1676 1675/1675/1675
f 1628/1628/1628 1629/1629/1629 1677/1677/1677
f 1628/1628/1628 1677/1677/1677 1676/1676/1676
f 1629/1629/1629 1630/1630/1630 1678/1678/1678
f 1629/1629/1629 1678/1678/1678 1677/1677/1677
f 1630/1630/1630 1631/1631/1631 1679/1679/1679
f 1630/1630/1630 1679/1679/1679 1678/1678/1678
f 1631/1631/1631 1632/1632/1632 1680/1680/1680
f 1631/1631/1631 1680/1680/1680 1679/1679/1679
f 1632/1632/1632 1585/1585/1585 1633/1633/1633
f 1632/1632/1632 1633/1633/1633 1680/1680/1680
f 1633/1633/1633 1634/1634/1634 1682/1682/1682
f 1633/1633/1633 1682/1682/1682 1681/1681/1681
f 1634/1634/1634 1635/1635/1635 1683/1683/1683
f 1634/1634/1634 1683/1683/1683 1682/1682/1682
f 1635/1635/1635 1636/1636/1636 1684/1684/1684
f 1635/1635/1635 1684/1684/1684 1683/1683/1683
f 1636/1636/1636 1637/1637/1637 1685/1685/1685
f 1636/1636/1636 1685/1685/1685 1684/1684/1684
f 1637/1637/1637 1638/1638/1638 1686/1686/1686
f 1637/1637/1637 1686/1686/1686 1685/1685/1685
f 1638/1638/1638 1639/1639/1639 1687/1687/1687
f 1638/1638/1638 1687/1687/1687 1686/1686/1686
f 1639/1639/1639 1640/1640/1640 1688/1688/1688
f 1639/1639/1639 1688/1688/1688 1687/1687/1687
f 1640/1640/1640 1641/1641/1641 1689/1689/1689
f 1640/1640/1640 1689/1689/1689 1688/1688/1688
f 1641/1641/1641 1642/1642/1642 1690/1690/1690
f 1641/1641/1641 1690/1690/1690 1689/1689/1689
f 1642/1642/1642 1643/1643/1643 1691/1691/1691
f 1642/1642/1642 1691/1691/1691 1690/1690/1690
f 1643/1643/1643 1644/1644/1644 1692/1692/1692
f 1643/1643/1643 1692/1692/1692 1691/1691/1691
f 1644/1644/1644 1645/1645/1645 1693/1693/1693
f 1644/1644/1644 1693/1693/1693 1692/1692/1692
f 1645/1645/1645 1646/1646/1646 1694/1694/1694
f 1645/1645/1645 1694/1694/1694 1693/1693/1693
f 1646/1646/1646 1647/1647/1647 1695/1695/1695
f 1646/1646/1646 1695/1695/1695 1694/1694/1694
f 1647/1647/1647 1648/1648/1648 1696/1696/1696
f 1647/1647/1647 1696/1696/1696 1695/1695/1695
f 1648/1648/1648 1649/1649/1649 1697/1697/1697
f 1648/1648/1648 1697/1697/1697 1696/1696/1696
f 1649/1649/1649 1650/1650/1650 1698/1698/1698
f 1649/1649/1649 1698/1698/1698 1697/1697/1697
f 1650/1650/1650 1651/1651/1651 1699/1699/1699
f 1650/1650/1650 1699/1699/1699 1698/1698/1698
f 1651/1651/1651 1652/1652/1652 1700/1700/1700
f 1651/1651/1651 1700/1700/1700 1699/1699/1699
f 1652/1652/1652 1653/1653/1653 1701/1701/1701
f 1652/1652/1652 1701/1701/1701 1700/1700/1700
f 1653/1653/1653 1654/1654/1654 1702/1702/1702
f 1653/1653/1653 1702/1702/1702 1701/1701/1701
f 1654/1654/1654 1655/1655/1655 1703/1703/1703
f 1654/1654/1654 1703/1703/1703 1702/1702/1702
f 1655/1655/1655 1656/1656/1656 1704/1704/1704
f 1655/1655/1655 1704/1704/1704 1703/1703/1703
f 1656/1656/1656 1657/1657/1657 1705/1705/1705
f 1656/1656/1656 1705/1705/1705 1704/1704/1704
f 1657/1657/1657 1658/1658/1658 1706/1706/1706
f 1657/1657/1657 1706/1706/1706 1705/1705/1705
f 1658/1658/1658 1659/1659/1659 1707/1707/1707
f 1658/1658/1658 1707/1707/1707 1706/1706/1706
f 1659/1659/1659 1660/1660/1660 1708/1708/1708
f 1659/1659/1659 1708/1708/1708 1707/1707/1707
f 1660/1660/1660 1661/1661/1661 1709/1709/1709
f 1660/1660/1660 1709/1709/1709 1708/1708/1708
f 1661/1661/1661 1662/1662/1662 1710/1710/1710
f 1661/1661/1661 1710/1710/1710 1709/1709/1709
f 1662/1662/1662 1663/1663/1663 1711/1711/1711
f 1662/1662/1662 1711/1711/1711 1710/1710/1710
f 1663/1663/1663 1664/1664/1664 1712/1712/1712
f 1663/1663/1663 1712/1712/1712 1711/1711/1711
f 1664/1664/1664 1665/1665/1665 1713/1713/1713
f 1664/1664/1664 1713/1713/1713 1712/1712/1712
f 1665/1665/1665 1666/1666/1666 1714/1714/1714
f 1665/1665/1665 1714/1714/1714 1713/1713/1713
f 1666/1666/1666 1667/1667/1667 1715/1715/1715
f 1666/1666/1666 1715/1715/1715 1714/1714/1714
f 1667/1667/1667 1668/1668/1668 1716/1716/1716
f 1667/1667/1667 1716/1716/1716 1715/1715/1715
f 1668/1668/1668 1669/1669/1669 1717/1717/1717
f 1668/1668/1668 1717/1717/1717 1716/1716/1716
f 1669/1669/1669 1670/1670/1670 1718/1718/1718
f 1669/1669/1669 1718/1718/1718 1717/1717/1717
f 1670/1670/1670 1671/1671/1671 1719/1719/1719
f 1670/1670/1670 1719/1719/1719 1718/1718/1718
f 1671/1671/1671 1672/1672/1672 1720/1720/1720
f 1671/1671/1671 1720/1720/1720 1719/1719/1719
f 1672/1672/1672 1673/1673/1673 1721/1721/1721
f 1672/1672/1672 1721/1721/1721 1720/1720/1720
f 1673/1673/1673 1674/1674/1674 1722/1722/1722
f 1673/1673/1673 1722/1722/1722 1721/1721/1721
f 1674/1674/1674 1675/1675/1675 1723/1723/1723
f 1674/1674/1674 1723/1723/1723 1722/1722/1722
f 1675/1675/1675 1676/1676/1676 1724/1724/1724
f 1675/1675/1675 1724/1724/1724 1723/1723/1723
f 1676/1676/1676 1677/1677/1677 1725/1725/1725
f 1676/1676/1676 1725/1725/1725 1724/1724/1724
f 1677/1677/1677 1678/1678/1678 1726/1726/1726
f 1677/1677/1677 1726/1726/1726 1725/1725/1725
f 1678/1678/1678 1679/1679/1679 1727/1727/1727
f 1678/1678/1678 1727/1727/1727 1726/1726/1726
f 1679/1679/1679 1680/1680/1680 1728/1728/1728
f 1679/1679/1679 1728/1728/1728 1727/1727/1727
f 1680/1680/1680 1633/1633/1633 1681/1681/1681
f 1680/1680/1680 1681/1681/1681 1728/1728/1728
f 1681/1681/1681 1682/1682/1682 1730/1730/1730
f 1681/1681/1681 1730/1730/1730 1729/1729/1729
f 1682/1682/1682 1683/1683/1683 1731/1731/1731
f 1682/1682/1682 1731/1731/1731 1730/1730/1730
f 1683/1683/1683 1684/1684/1684 1732/1732/1732
f 1683/1683/1683 1732/1732/1732 1731/1731/1731
f 1684/1684/1684 1685/1685/1685 1733/1733/1733
f 1684/1684/1684 1733/1733/1733 1732/1732/1732
f 1685/1685/1685 1686/1686/1686 1734/1734/1734
f 1685/1685/1685 1734/1734/1734 1733/1733/1733
f 1686/1686/1686 1687/1687/1687 1735/1735/1735
f 1686/1686/1686 1735/1735/1735 1734/1734/1734
f 1687/1687/1687 1688/1688/1688 1736/1736/1736
f 1687/1687/1687 1736/1736/1736 1735/1735/1735
f 1688/1688/1688 1689/1689/1689 1737/1737/1737
f 1688/1688/1688 1737/1737/1737 1736/1736/1736
f 1689/1689/1689 1690/1690/1690 1738/1738/1738
f 1689/1689/1689 1738/1738/1738 1737/1737/1737
f 1690/1690/1690 1691/1691/1691 1739/1739/1739
f 1690/1690/1690 1739/1739/1739 1738/1738/1738
f 1691/1691/1691 1692/1692/1692 1740/1740/1740
f 1691/1691/1691 1740/1740/1740 1739/1739/1739
f 1692/1692/1692 1693/1693/1693 1741/1741/1741
f 1692/1692/1692 1741/1741/1741 1740/1740/1740
f 1693/1693/1693 1694/1694/1694 1742/1742/1742
f 1693/1693/1693 1742/1742/1742 1741/1741/1741
f 1694/1694/1694 1695/1695/1695 1743/1743/1743
f 1694/1694/1694 1743/1743/1743 1742/1742/1742
f 1695/1695/1695 1696/1696/1696 1744/1744/1744
f 1695/1695/1695 1744/1744/1744 1743/1743/1743
f 1696/1696/1696 1697/1697/1697 1745/1745/1745
f 1696/1696/1696 1745/1745/1745 1744/1744/1744
f 1697/1697/1697 1698/1698/1698 1746/1746/1746
f 1697/1697/1697 1746/1746/1746 1745/1745/1745
f 1698/1698/1698 1699/1699/1699 1747/1747/1747
f 1698/1698/1698 1747/1747/1747 1746/1746/1746
f 1699/1699/1699 1700/1700/1700 1748/1748/1748
f 1699/1699/1699 1748/1748/1748 1747/1747/1747
f 1700/1700/1700 1701/1701/1701 1749/1749/1749
f 1700/1700/1700 1749/1749/1749 1748/1748/1748
f 1701/1701/1701 1702/1702/1702 1750/1750/1750
f 1701/1701/1701 1750/1750/1750 1749/1749/1749
f 1702/1702/1702 1703/1703/1703 1751/1751/1751
f 1702/1702/1702 1751/1751/1751 1750/1750/1750
f 1703/1703/1703 1704/1704/1704 1752/1752/1752
f 1703/1703/1703 1752/1752/1752 1751/1751/1751
f 1704/1704/1704 1705/1705/1705 1753/1753/1753
f 1704/1704/1704 1753/1753/1753 1752/1752/1752
f 1705/1705/1705 1706/1706/1706 1754/1754/1754
f 1705/1705/1705 1754/1754/1754 1753/1753/1753
f 1706/1706/1706 1707/1707/1707 1755/1755/1755
f 1706/1706/1706 1755/1755/1755 1754/1754/1754
f 1707/1707/1707 1708/1708/1708 1756/1756/1756
f 1707/1707/1707 1756/1756/1756 1755/1755/1755
f 1708/1708/1708 1709/1709/1709 1757/1757/1757
f 1708/1708/1708 1757/1757/1757 1756/1756/1756
f 1709/1709/1709 1710/1710/1710 1758/1758/1758
f 1709/1709/1709 1758/1758/1758 1757/1757/1757
f 1710/1710/1710 1711/1711/1711 1759/1759/1759
f 1710/1710/1710 1759/1759/1759 1758/1758/1758
f 1711/1711/1711 1712/1712/1712 1760/1760/1760
f 1711/1711/1711 1760/1760/1760 1759/1759/1759
f 1712/1712/1712 1713/1713/1713 1761/1761/1761
f 1712/1712/1712 1761/1761/1761 1760/1760/1760
f 1713/1713/1713 1714/1714/1714 1762/1762/1762
f 1713/1713/1713 1762/1762/1762 1761/1761/1761
f 1714/1714/1714 1715/1715/1715 1763/1763/1763
f 1714/1714/1714 1763/1763/1763 1762/1762/1762
f 1715/1715/1715 1716/1716/1716 1764/1764/1764
f 1715/1715/1715 1764/1764/1764 1763/1763/1763
f 1716/1716/1716 1717/1717/1717 1765/1765/1765
f 1716/1716/1716 1765/1765/1765 1764/1764/1764
f 1717/1717/1717 1718/1718/1718 1766/1766/1766
f 1717/1717/1717 1766/1766/1766 1765/1765/1765
f 1718/1718/1718 1719/1719/1719 1767/1767/1767
f 1718/1718/1718 1767/1767/1767 1766/1766/1766
f 1719/1719/1719 1720/1720/1720 1768/1768/1768
f 1719/1719/1719 1768/1768/1768 1767/1767/1767
f 1720/1720/1720 1721/1721/1721 1769/1769/1769
f 1720/1720/1720 1769/1769/1769 1768/1768/1768
f 1721/1721/1721 1722/1722/1722 1770/1770/1770
f 1721/1721/1721 1770/1770/1770 1769/1769/1769
f 1722/1722/1722 1723/1723/1723 1771/1771/1771
f 1722/1722/1722 1771/1771/1771 1770/1770/1770
f 1723/1723/1723 1724/1724/1724 1772/1772/1772
f 1723/1723/1723 1772/1772/1772 1771/1771/1771
f 1724/1724/1724 1725/1725/1725 1773/1773/1773
f 1724/1724/1724 1773/1773/1773 1772/1772/1772
f 1725/1725/1725 1726/1726/1726 1774/1774/1774
f 1725/1725/1725 1774/1774/1774 1773/1773/1773
f 1726/1726/1726 1727/1727/1727 1775/1775/1775
f 1726/1726/1726 1775/1775/1775 1774/1774/1774
f 1727/1727/1727 1728/1728/1728 1776/1776/1776
f 1727/1727/1727 1776/1776/1776 1775/1775/1775
f 1728/1728/1728 1681/1681/1681 1729/1729/1729
f 1728/1728/1728 1729/1729/1729 1776/1776/1776
f 1729/1729/1729 1730/1730/1730 1778/1778/1778
f 1729/1729/1729 1778/1778/1778 1777/1777/1777
f 1730/1730/1730 1731/1731/1731 1779/1779/1779
f 1730/1730/1730 1779/1779/1779 1778/1778/1778
f 1731/1731/1731 1732/1732/1732 1780/1780/1780
f 1731/1731/1731 1780/1780/1780 1779/1779/1779
f 1732/1732/1732 1733/1733/1733 1781/1781/1781
f 1732/1732/1732 1781/1781/1781 1780/1780/1780
f 1733/1733/1733 1734/1734/1734 1782/1782/1782
f 1733/1733/1733 1782/1782/1782 1781/1781/1781
f 1734/1734/1734 1735/1735/1735 1783/1783/1783
f 1734/1734/1734 1783/1783/1783 1782/1782/1782
f 1735/1735/1735 1736/1736/1736 1784/1784/1784
f 1735/1735/1735 1784/1784/1784 1783/1783/1783
f 1736/1736/1736 1737/1737/1737 1785/1785/1785
f 1736/1736/1736 1785/1785/1785 1784/1784/1784
f 1737/1737/1737 1738/1738/1738 1786/1786/1786
f 1737/1737/1737 1786/1786/1786 1785/1785/1785
f 1738/1738/1738 1739/1739/1739 1787/1787/1787
f 1738/1738/1738 1787/1787/1787 1786/1786/1786
f 1739/1739/1739 1740/1740/1740 1788/1788/1788
f 1739/1739/1739 1788/1788/1788 1787/1787/1787
f 1740/1740/1740 1741/1741/1741 1789/1789/1789
f 1740/1740/1740 1789/1789/1789 1788/1788/1788
f 1741/1741/1741 1742/1742/1742 1790/1790/1790
f 1741/1741/1741 1790/1790/1790 1789/1789/1789
f 1742/1742/1742 1743/1743/1743 1791/1791/1791
f 1742/1742/1742 1791/1791/1791 1790/1790/1790
f 1743/1743/1743 1744/1744/1744 1792/1792/1792
f 1743/1743/1743 1792/1792/1792 1791/1791/1791
f 1744/1744/1744 1745/1745/1745 1793/1793/1793
f 1744/1744/1744 1793/1793/1793 1792/1792/1792
f 1745/1745/1745 1746/1746/1746 1794/1794/1794
f 1745/1745/1745 1794/1794/1794 1793/1793/1793
f 1746/1746/1746 1747/1747/1747 1795/1795/1795
f 1746/1746/1746 1795/1795/1795 1794/1794/1794
f 1747/1747/1747 1748/1748/1748 1796/1796/1796
f 1747/1747/1747 1796/1796/1796 1795/1795/1795
f 1748/1748/1748 1749/1749/1749 1797/1797/1797
f 1748/1748/1748 1797/1797/1797 1796/1796/1796
f 1749/1749/1749 1750/1750/1750 1798/1798/1798
f 1749/1749/1749 1798/1798/1798 1797/1797/1797
f 1750/1750/1750 1751/1751/1751 1799/1799/1799
f 1750/1750/1750 1799/1799/1799 1798/1798/1798
f 1751/1751/1751 1752/1752/1752 1800/1800/1800
f 1751/1751/1751 1800/1800/1800 1799/1799/1799
f 1752/1752/1752 1753/1753/1753 1801/1801/1801
f 1752/1752/1752 1801/1801/1801 1800/1800/1800
f 1753/1753/1753 1754/1754/1754 1802/1802/1802
f 1753/1753/1753 1802/1802/1802 1801/1801/1801
f 1754/1754/1754 1755/1755/1755 1803/1803/1803
f 1754/1754/1754 1803/1803/1803 1802/1802/1802
f 1755/1755/1755 1756/1756/1756 1804/1804/1804
f 1755/1755/1755 1804/1804/1804 1803/1803/1803
f 1756/1756/1756 1757/1757/1757 1805/1805/1805
f 1756/1756/1756 1805/1805/1805 1804/1804/1804
f 1757/1757/1757 1758/1758/1758 1806/1806/1806
f 1757/1757/1757 1806/1806/1806 1805/1805/1805
f 1758/1758/1758 1759/1759/1759 1807/1807/1807
f 1758/1758/1758 1807/1807/1807 1806/1806/1806
f 1759/1759/1759 1760/1760/1760 1808/1808/1808
f 1759/1759/1759 1808/1808/1808 1807/1807/1807
f 1760/1760/1760 1761/1761/1761 1809/1809/1809
f 1760/1760/1760 1809/1809/1809 1808/1808/1808
f 1761/1761/1761 1762/1762/1762 1810/1810/1810
f 1761/1761/1761 1810/1810/1810 1809/1809/1809
f 1762/1762/1762 1763/1763/1763 1811/1811/1811
f 1762/1762/1762 1811/1811/1811 1810/1810/1810
f 1763/1763/1763 1764/1764/1764 1812/1812/1812
f 1763/1763/1763 1812/1812/1812 1811/1811/1811
f 1764/1764/1764 1765/1765/1765 1813/1813/1813
f 1764/1764/1764 1813/1813/1813 1812/1812/1812
f 1765/1765/1765 1766/1766/1766 1814/1814/1814
f 1765/1765/1765 1814/1814/1814 1813/1813/1813
f 1766/1766/1766 1767/1767/1767 1815/1815/1815
f 1766/1766/1766 1815/1815/1815 1814/1814/1814
f 1767/1767/1767 1768/1768/1768 1816/1816/1816
f 1767/1767/1767 1816/1816/1816 1815/1815/1815
f 1768/1768/1768 1769/1769/1769 1817/1817/1817
f 1768/1768/1768 1817/1817/1817 1816/1816/1816
f 1769/1769/1769 1770/1770/1770 1818/1818/1818
f 1769/1769/1769 1818/1818/1818 1817/1817/1817
f 1770/1770/1770 1771/1771/1771 1819/1819/1819
f 1770/1770/1770 1819/1819/1819 1818/1818/1818
f 1771/1771/1771 1772/1772/1772 1820/1820/1820
f 1771/1771/1771 1820/1820/1820 1819/1819/1819
f 1772/1772/1772 1773/1773/1773 1821/1821/1821
f 1772/1772/1772 1821/1821/1821 1820/1820/1820
f 1773/1773/1773 1774/1774/1774 1822/1822/1822
f 1773/1773/1773 1822/1822/1822 1821/1821/1821
f 1774/1774/1774 1775/1775/1775 1823/1823/1823
f 1774/1774/1774 1823/1823/1823 1822/1822/1822
f 1775/1775/1775 1776/1776/1776 1824/1824/1824
f 1775/1775/1775 1824/1824/1824 1823/1823/1823
f 1776/1776/1776 1729/1729/1729 1777/1777/1777
f 1776/1776/1776 1777/1777/1777 1824/1824/1824
f 1777/1777/1777 1778/1778/1778 1826/1826/1826
f 1777/1777/1777 1826/1826/1826 1825/1825/1825
f 1778/1778/1778 1779/1779/1779 1827/1827/1827
f 1778/1778/1778 1827/1827/1827 1826/1826/1826
f 1779/1779/1779 1780/1780/1780 1828/1828/1828
f 1779/1779/1779 1828/1828/1828 1827/1827/1827
f 1780/1780/1780 1781/1781/1781 1829/1829/1829
f 1780/1780/1780 1829/1829/1829 1828/1828/1828
f 1781/1781/1781 1782/1782/1782 1830/1830/1830
f 1781/1781/1781 1830/1830/1830 1829/1829/1829
f 1782/1782/1782 1783/1783/1783 1831/1831/1831
f 1782/1782/1782 1831/1831/1831 1830/1830/1830
f 1783/1783/1783 1784/1784/1784 1832/1832/1832
f 1783/1783/1783 1832/1832/1832 1831/1831/1831
f 1784/1784/1784 1785/1785/1785 1833/1833/1833
f 1784/1784/1784 1833/1833/1833 1832/1832/1832
f 1785/1785/1785 1786/1786/1786 1834/1834/1834
f 1785/1785/1785 1834/1834/1834 1833/1833/1833
f 1786/1786/1786 1787/1787/1787 1835/1835/1835
f 1786/1786/1786 1835/1835/1835 1834/1834/1834
f 1787/1787/1787 1788/1788/1788 1836/1836/1836
f 1787/1787/1787 1836/1836/1836 1835/1835/1835
f 1788/1788/1788 1789/1789/1789 1837/1837/1837
f 1788/1788/1788 1837/1837/1837 1836/1836/1836
f 1789/1789/1789 1790/1790/1790 1838/1838/1838
f 1789/1789/1789 1838/1838/1838 1837/1837/1837
f 1790/1790/1790 1791/1791/1791 1839/1839/1839
f 1790/1790/1790 1839/1839/1839 1838/1838/1838
f 1791/1791/1791 1792/1792/1792 1840/1840/1840
f 1791/1791/1791 1840/1840/1840 1839/1839/1839
f 1792/1792/1792 1793/1793/1793 1841/1841/1841
f 1792/1792/1792 1841/1841/1841 1840/1840/1840
f 1793/1793/1793 1794/1794/1794 1842/1842/1842
f 1793/1793/1793 1842/1842/1842 1841/1841/1841
f 1794/1794/1794 1795/1795/1795 1843/1843/1843
f 1794/1794/1794 1843/1843/1843 1842/1842/1842
f 1795/1795/1795 1796/1796/1796 1844/1844/1844
f 1795/1795/1795 1844/1844/1844 1843/1843/1843
f 1796/1796/1796 1797/1797/1797 1845/1845/1845
f 1796/1796/1796 1845/1845/1845 1844/1844/1844
f 1797/1797/1797 1798/1798/1798 1846/1846/1846
f 1797/1797/1797 1846/1846/1846 1845/1845/1845
f 1798/1798/1798 1799/1799/1799 1847/1847/1847
f 1798/1798/1798 1847/1847/1847 1846/1846/1846
f 1799/1799/1799 1800/1800/1800 1848/1848/1848
f 1799/1799/1799 1848/1848/1848 1847/1847/1847
f 1800/1800/1800 1801/1801/1801 1849/1849/1849
f 1800/1800/1800 1849/1849/1849 1848/1848/1848
f 1801/1801/1801 1802/1802/1802 1850/1850/1850
f 1801/1801/1801 1850/1850/1850 1849/1849/1849
f 1802/1802/1802 1803/1803/1803 1851/1851/1851
f 1802/1802/1802 1851/1851/1851 1850/1850/1850
f 1803/1803/1803 1804/1804/1804 1852/1852/1852
f 1803/1803/1803 1852/1852/1852 1851/1851/1851
f 1804/1804/1804 1805/1805/1805 1853/1853/1853
f 1804/1804/1804 1853/1853/1853 1852/1852/1852
f 1805/1805/1805 1806/1806/1806 1854/1854/1854
f 1805/1805/1805 1854/1854/1854 1853/1853/1853
f 1806/1806/1806 1807/1807/1807 1855/1855/1855
f 1806/1806/1806 1855/1855/1855 1854/1854/1854
f 1807/1807/1807 1808/1808/1808 1856/1856/1856
f 1807/1807/1807 1856/1856/1856 1855/1855/1855
f 1808/1808/1808 1809/1809/1809 1857/1857/1857
f 1808/1808/1808 1857/1857/1857 1856/1856/1856
f 1809/1809/1809 1810/1810/1810 1858/1858/1858
f 1809/1809/1809 1858/1858/1858 1857/1857/1857
f 1810/1810/1810 1811/1811/1811 1859/1859/1859
f 1810/1810/1810 1859/1859/1859 1858/1858/1858
f 1811/1811/1811 1812/1812/1812 1860/1860/1860
f 1811/1811/1811 1860/1860/1860 1859/1859/1859
f 1812/1812/1812 1813/1813/1813 1861/1861/1861
f 1812/1812/1812 1861/1861/1861 1860/1860/1860
f 1813/1813/1813 1814/1814/1814 1862/1862/1862
f 1813/1813/1813 1862/1862/1862 1861/1861/1861
f 1814/1814/1814 1815/1815/1815 1863/1863/1863
f 1814/1814/1814 1863/1863/1863 1862/1862/1862
f 1815/1815/1815 1816/1816/1816 1864/1864/1864
f 1815/1815/1815 1864/1864/1864 1863/1863/1863
f 1816/1816/1816 1817/1817/1817 1865/1865/1865
f 1816/1816/1816 1865/1865/1865 1864/1864/1864
f 1817/1817/1817 1818/1818/1818 1866/1866/1866
f 1817/1817/1817 1866/1866/1866 1865/1865/1865
f 1818/1818/1818 1819/1819/1819 1867/1867/1867
f 1818/1818/1818 1867/1867/1867 1866/1866/1866
f 1819/1819/1819 1820/1820/1820 1868/1868/1868
f 1819/1819/1819 1868/1868/1868 1867/1867/1867
f 1820/1820/1820 1821/1821/1821 1869/1869/1869
f 1820/1820/1820 1869/1869/1869 1868/1868/1868
f 1821/1821/1821 1822/1822/1822 1870/1870/1870
f 1821/1821/1821 1870/1870/1870 1869/1869/1869
f 1822/1822/1822 1823/1823/1823 1871/1871/1871
f 1822/1822/1822 1871/1871/1871 1870/1870/1870
f 1823/1823/1823 1824/1824/1824 1872/1872/1872
f 1823/1823/1823 1872/1872/1872 1871/1871/1871
f 1824/1824/1824 1777/1777/1777 1825/1825/1825
f 1824/1824/1824 1825/1825/1825 1872/1872/1872
f 1825/1825/1825 1826/1826/1826 1874/1874/1874
f 1825/1825/1825 1874/1874/1874 1873/1873/1873
f 1826/1826/1826 1827/1827/1827 1875/1875/1875
f 1826/1826/1826 1875/1875/1875 1874/1874/1874
f 1827/1827/1827 1828/1828/1828 1876/1876/1876
f 1827/1827/1827 1876/1876/1876 1875/1875/1875
f 1828/1828/1828 1829/1829/1829 1877/1877/1877
f 1828/1828/1828 1877/1877/1877 1876/1876/1876
f 1829/1829/1829 1830/1830/1830 1878/1878/1878
f 1829/1829/1829 1878/1878/1878 1877/1877/1877
f 1830/1830/1830 1831/1831/1831 1879/1879/1879
f 1830/1830/1830 1879/1879/1879 1878/1878/1878
f 1831/1831/1831 1832/1832/1832 1880/1880/1880
f 1831/1831/1831 1880/1880/1880 1879/1879/1879
f 1832/1832/1832 1833/1833/1833 1881/1881/1881
f 1832/1832/1832 1881/1881/1881 1880/1880/1880
f 1833/1833/1833 1834/1834/1834 1882/1882/1882
f 1833/1833/1833 1882/1882/1882 1881/1881/1881
f 1834/1834/1834 1835/1835/1835 1883/1883/1883
f 1834/1834/1834 1883/1883/1883 1882/1882/1882
f 1835/1835/1835 1836/1836/1836 1884/1884/1884
f 1835/1835/1835 1884/1884/1884 1883/1883/1883
f 1836/1836/1836 1837/1837/1837 1885/1885/1885
f 1836/1836/1836 1885/1885/1885 1884/1884/1884
f 1837/1837/1837 1838/1838/1838 1886/1886/1886
f 1837/1837/1837 1886/1886/1886 1885/1885/1885
f 1838/1838/1838 1839/1839/1839 1887/1887/1887
f 1838/1838/1838 1887/1887/1887 1886/1886/1886
f 1839/1839/1839 1840/1840/1840 1888/1888/1888
f 1839/1839/1839 1888/1888/1888 1887/1887/1887
f 1840/1840/1840 1841/1841/1841 1889/1889/1889
f 1840/1840/1840 1889/1889/1889 1888/1888/1888
f 1841/1841/1841 1842/1842/1842 1890/1890/1890
f 1841/1841/1841 1890/1890/1890 1889/1889/1889
f 1842/1842/1842 1843/1843/1843 1891/1891/1891
f 1842/1842/1842 1891/1891/1891 1890/1890/1890
f 1843/1843/1843 1844/1844/1844 1892/1892/1892
f 1843/1843/1843 1892/1892/1892 1891/1891/1891
f 1844/1844/1844 1845/1845/1845 1893/1893/1893
f 1844/1844/1844 1893/1893/1893 1892/1892/1892
f 1845/1845/1845 1846/1846/1846 1894/1894/1894
f 1845/1845/1845 1894/1894/1894 1893/1893/1893
f 1846/1846/1846 1847/1847/1847 1895/1895/1895
f 1846/1846/1846 1895/1895/1895 1894/1894/1894
f 1847/1847/1847 1848/1848/1848 1896/1896/1896
f 1847/1847/1847 1896/1896/1896 1895/1895/1895
f 1848/1848/1848 1849/1849/1849 1897/1897/1897
f 1848/1848/1848 1897/1897/1897 1896/1896/1896
f 1849/1849/1849 1850/1850/1850 1898/1898/1898
f 1849/1849/1849 1898/1898/1898 1897/1897/1897
f 1850/1850/1850 1851/1851/1851 1899/1899/1899
f 1850/1850/1850 1899/1899/1899 1898/1898/1898
f 1851/1851/1851 1852/1852/1852 1900/1900/1900
f 1851/1851/1851 1900/1900/1900 1899/1899/1899
f 1852/1852/1852 1853/1853/1853 1901/1901/1901
f 1852/1852/1852 1901/1901/1901 1900/1900/1900
f 1853/1853/1853 1854/1854/1854 1902/1902/1902
f 1853/1853/1853 1902/1902/1902 1901/1901/1901
f 1854/1854/1854 1855/1855/1855 1903/1903/1903
f 1854/1854/1854 1903/1903/1903 1902/1902/1902
f 1855/1855/1855 1856/1856/1856 1904/1904/1904
f 1855/1855/1855 1904/1904/1904 1903/1903/1903
f 1856/1856/1856 1857/1857/1857 1905/1905/1905
f 1856/1856/1856 1905/1905/1905 1904/1904/1904
f 1857/1857/1857 1858/1858/1858 1906/1906/1906
f 1857/1857/1857 1906/1906/1906 1905/1905/1905
f 1858/1858/1858 1859/1859/1859 1907/1907/1907
f 1858/1858/1858 1907/1907/1907 1906/1906/1906
f 1859/1859/1859 1860/1860/1860 1908/1908/1908
f 1859/1859/1859 1908/1908/1908 1907/1907/1907
f 1860/1860/1860 1861/1861/1861 1909/1909/1909
f 1860/1860/1860 1909/1909/1909 1908/1908/1908
f 1861/1861/1861 1862/1862/1862 1910/1910/1910
f 1861/1861/1861 1910/1910/1910 1909/1909/1909
f 1862/1862/1862 1863/1863/1863 1911/1911/1911
f 1862/1862/1862 1911/1911/1911 1910/1910/1910
f 1863/1863/1863 1864/1864/1864 1912/1912/1912
f 1863/1863/1863 1912/1912/1912 1911/1911/1911
f 1864/1864/1864 1865/1865/1865 1913/1913/1913
f 1864/1864/1864 1913/1913/1913 1912/1912/1912
f 1865/1865/1865 1866/1866/1866 1914/1914/1914
f 1865/1865/1865 1914/1914/1914 1913/1913/1913
f 1866/1866/1866 1867/1867/1867 1915/1915/1915
f 1866/1866/1866 1915/1915/1915 1914/1914/1914
f 1867/1867/1867 1868/1868/1868 1916/1916/1916
f 1867/1867/1867 1916/1916/1916 1915/1915/1915
f 1868/1868/1868 1869/1869/1869 1917/1917/1917
f 1868/1868/1868 1917/1917/1917 1916/1916/1916
f 1869/1869/1869 1870/1870/1870 1918/1918/1918
f 1869/1869/1869 1918/1918/1918 1917/1917/1917
f 1870/1870/1870 1871/1871/1871 1919/1919/1919
f 1870/1870/1870 1919/1919/1919 1918/1918/1918
f 1871/1871/1871 1872/1872/1872 1920/1920/1920
f 1871/1871/1871 1920/1920/1920 1919/1919/1919
f 1872/1872/1872 1825/1825/1825 1873/1873/1873
f 1872/1872/1872 1873/1873/1873 1920/1920/1920
f 1873/1873/1873 1874/1874/1874 1922/1922/1922
f 1873/1873/1873 1922/1922/1922 1921/1921/1921
f 1874/1874/1874 1875/1875/1875 1923/1923/1923
f 1874/1874/1874 1923/1923/1923 1922/1922/1922
f 1875/1875/1875 1876/1876/1876 1924/1924/1924
f 1875/1875/1875 1924/1924/1924 1923/1923/1923
f 1876/1876/1876 1877/1877/1877 1925/1925/1925
f 1876/1876/1876 1925/1925/1925 1924/1924/1924
f 1877/1877/1877 1878/1878/1878 1926/1926/1926
f 1877/1877/1877 1926/1926/1926 1925/1925/1925
f 1878/1878/1878 1879/1879/1879 1927/1927/1927
f 1878/1878/1878 1927/1927/1927 1926/1926/1926
f 1879/1879/1879 1880/1880/1880 1928/1928/1928
f 1879/1879/1879 1928/1928/1928 1927/1927/1927
f 1880/1880/1880 1881/1881/1881 1929/1929/1929
f 1880/1880/1880 1929/1929/1929 1928/1928/1928
f 1881/1881/1881 1882/1882/1882 1930/1930/1930
f 1881/1881/1881 1930/1930/1930 1929/1929/1929
f 1882/1882/1882 1883/1883/1883 1931/1931/1931
f 1882/1882/1882 1931/1931/1931 1930/1930/1930
f 1883/1883/1883 1884/1884/1884 1932/1932/1932
f 1883/1883/1883 1932/1932/1932 1931/1931/1931
f 1884/1884/1884 1885/1885/1885 1933/1933/1933
f 1884/1884/1884 1933/1933/1933 1932/1932/1932
f 1885/1885/1885 1886/1886/1886 1934/1934/1934
f 1885/1885/1885 1934/1934/1934 1933/1933/1933
f 1886/1886/1886 1887/1887/1887 1935/1935/1935
f 1886/1886/1886 1935/1935/1935 1934/1934/1934
f 1887/1887/1887 1888/1888/1888 1936/1936/1936
f 1887/1887/1887 1936/1936/1936 1935/1935/1935
f 1888/1888/1888 1889/1889/1889 1937/1937/1937
f 1888/1888/1888 1937/1937/1937 1936/1936/1936
f 1889/1889/1889 1890/1890/1890 1938/1938/1938
f 1889/1889/1889 1938/1938/1938 1937/1937/1937
f 1890/1890/1890 1891/1891/1891 1939/1939/1939
f 1890/1890/1890 1939/1939/1939 1938/1938/1938
f 1891/1891/1891 1892/1892/1892 1940/1940/1940
f 1891/1891/1891 1940/1940/1940 1939/1939/1939
f 1892/1892/1892 1893/1893/1893 1941/1941/1941
f 1892/1892/1892 1941/1941/1941 1940/1940/1940
f 1893/1893/1893 1894/1894/1894 1942/1942/1942
f 1893/1893/1893 1942/1942/1942 1941/1941/1941
f 1894/1894/1894 1895/1895/1895 1943/1943/1943
f 1894/1894/1894 1943/1943/1943 1942/1942/1942
f 1895/1895/1895 1896/1896/1896 1944/1944/1944
f 1895/1895/1895 1944/1944/1944 1943/1943/1943
f 1896/1896/1896 1897/1897/1897 1945/1945/1945
f 1896/1896/1896 1945/1945/1945 1944/1944/1944
f 1897/1897/1897 1898/1898/1898 1946/1946/1946
f 1897/1897/1897 1946/1946/1946 1945/1945/1945
f 1898/1898/1898 1899/1899/1899 1947/1947/1947
f 1898/1898/1898 1947/1947/1947 1946/1946/1946
f 1899/1899/1899 1900/1900/1900 1948/1948/1948
f 1899/1899/1899 1948/1948/1948 1947/1947/1947
f 1900/1900/1900 1901/1901/1901 1949/1949/1949
f 1900/1900/1900 1949/1949/1949 1948/1948/1948
f 1901/1901/1901 1902/1902/1902 1950/1950/1950
f 1901/1901/1901 1950/1950/1950 1949/1949/1949
f 1902/1902/1902 1903/1903/1903 1951/1951/1951
f 1902/1902/1902 1951/1951/1951 1950/1950/1950
f 1903/1903/1903 1904/1904/1904 1952/1952/1952
f 1903/1903/1903 1952/1952/1952 1951/1951/1951
f 1904/1904/1904 1905/1905/1905 1953/1953/1953
f 1904/1904/1904 1953/1953/1953 1952/1952/1952
f 1905/1905/1905 1906/1906/1906 1954/1954/1954
f 1905/1905/1905 1954/1954/1954 1953/1953/1953
f 1906/1906/1906 1907/1907/1907 1955/1955/1955
f 1906/1906/1906 1955/1955/1955 1954/1954/1954
f 1907/1907/1907 1908/1908/1908 1956/1956/1956
f 1907/1907/1907 1956/1956/1956 1955/1955/1955
f 1908/1908/1908 1909/1909/1909 1957/1957/1957
f 1908/1908/1908 1957/1957/1957 1956/1956/1956
f 1909/1909/1909 1910/1910/1910 1958/1958/1958
f 1909/1909/1909 1958/1958/1958 1957/1957/1957
f 1910/1910/1910 1911/1911/1911 1959/1959/1959
f 1910/1910/1910 1959/1959/1959 1958/1958/1958
f 1911/1911/1911 1912/1912/1912 1960/1960/1960
f 1911/1911/1911 1960/1960/1960 1959/1959/1959
f 1912/1912/1912 1913/1913/1913 1961/1961/1961
f 1912/1912/1912 1961/1961/1961 1960/1960/1960
f 1913/1913/1913 1914/1914/1914 1962/1962/1962
f 1913/1913/1913 1962/1962/1962 1961/1961/1961
f 1914/1914/1914 1915/1915/1915 1963/1963/1963
f 1914/1914/1914 1963/1963/1963 1962/1962/1962
f 1915/1915/1915 1916/1916/1916 1964/1964/1964
f 1915/1915/1915 1964/1964/1964 1963/1963/1963
f 1916/1916/1916 1917/1917/1917 1965/1965/1965
f 1916/1916/1916 1965/1965/1965 1964/1964/1964
f 1917/1917/1917 1918/1918/1918 1966/1966/1966
f 1917/1917/1917 1966/1966/1966 1965/1965/1965
f 1918/1918/1918 1919/1919/1919 1967/1967/1967
f 1918/1918/1918 1967/1967/1967 1966/1966/1966
f 1919/1919/1919 1920/1920/1920 1968/1968/1968
f 1919/1919/1919 1968/1968/1968 1967/1967/1967
f 1920/1920/1920 1873/1873/1873 1921/1921/1921
f 1920/1920/1920 1921/1921/1921 1968/1968/1968
f 1969/1969/1969 1970/1970/1970 1978/1978/1978
f 1969/1969/1969 1978/1978/1978 1977/1977/1977
f 1970/1970/1970 1971/1971/1971 1979/1979/1979
f 1970/1970/1970 1979/1979/1979 1978/1978/1978
f 1971/1971/1971 1972/1972/1972 1980/1980/1980
f 1971/1971/1971 1980/1980/1980 1979/1979/1979
f 1972/1972/1972 1973/1973/1973 1981/1981/1981
f 1972/1972/1972 1981/1981/1981 1980/1980/1980
f 1973/1973/1973 1974/1974/1974 1982/1982/1982
f 1973/1973/1973 1982/1982/1982 1981/1981/1981
f 1974/1974/1974 1975/1975/1975 1983/1983/1983
f 1974/1974/1974 1983/1983/1983 1982/1982/1982
f 1975/1975/1975 1976/1976/1976 1984/1984/1984
f 1975/1975/1975 1984/1984/1984 1983/1983/1983
f 1976/1976/1976 1969/1969/1969 1977/1977/1977
f 1976/1976/1976 1977/1977/1977 1984/1984/1984
