mtllib apple_05_v2.mtl
usemtl apple_mat
v 0.000000 0.000000 -0.920000
v 0.000000 0.000000 -0.920000
v 0.000000 0.000000 -0.920000
v 0.000000 0.000000 -0.920000
v 0.000000 0.000000 -0.920000
v 0.000000 0.000000 -0.920000
v 0.000000 0.000000 -0.920000
v 0.000000 0.000000 -0.920000
v 0.000000 0.000000 -0.920000
v 0.000000 0.000000 -0.920000
v 0.000000 0.000000 -0.920000
v 0.000000 0.000000 -0.920000
v 0.000000 0.000000 -0.920000
v -0.000000 0.000000 -0.920000
v -0.000000 0.000000 -0.920000
v -0.000000 0.000000 -0.920000
v -0.000000 0.000000 -0.920000
v -0.000000 0.000000 -0.920000
v -0.000000 0.000000 -0.920000
v -0.000000 0.000000 -0.920000
v -0.000000 0.000000 -0.920000
v -0.000000 0.000000 -0.920000
v -0.000000 0.000000 -0.920000
v -0.000000 0.000000 -0.920000
v -0.000000 0.000000 -0.920000
v -0.000000 -0.000000 -0.920000
v -0.000000 -0.000000 -0.920000
v -0.000000 -0.000000 -0.920000
v -0.000000 -0.000000 -0.920000
v -0.000000 -0.000000 -0.920000
v -0.000000 -0.000000 -0.920000
v -0.000000 -0.000000 -0.920000
v -0.000000 -0.000000 -0.920000
v -0.000000 -0.000000 -0.920000
v -0.000000 -0.000000 -0.920000
v -0.000000 -0.000000 -0.920000
v -0.000000 -0.000000 -0.920000
v 0.000000 -0.000000 -0.920000
v 0.000000 -0.000000 -0.920000
v 0.000000 -0.000000 -0.920000
v 0.000000 -0.000000 -0.920000
v 0.000000 -0.000000 -0.920000
v 0.000000 -0.000000 -0.920000
v 0.000000 -0.000000 -0.920000
v 0.000000 -0.000000 -0.920000
v 0.000000 -0.000000 -0.920000
v 0.000000 -0.000000 -0.920000
v 0.000000 -0.000000 -0.920000
v 0.100665 0.000000 -0.874000
v 0.103801 0.013666 -0.874000
v 0.104398 0.027973 -0.874000
v 0.101940 0.042225 -0.874000
v 0.096261 0.055577 -0.874000
v 0.087594 0.067213 -0.874000
v 0.076524 0.076524 -0.874000
v 0.063862 0.083226 -0.874000
v 0.050468 0.087414 -0.874000
v 0.037075 0.089507 -0.874000
v 0.024149 0.090125 -0.874000
v 0.011837 0.089910 -0.874000
v 0.000000 0.089351 -0.874000
v -0.011672 0.088657 -0.874000
v -0.023501 0.087706 -0.874000
v -0.035658 0.086086 -0.874000
v -0.048049 0.083224 -0.874000
v -0.060276 0.078553 -0.874000
v -0.071686 0.071686 -0.874000
v -0.081504 0.062540 -0.874000
v -0.089004 0.051387 -0.874000
v -0.093681 0.038804 -0.874000
v -0.095370 0.025554 -0.874000
v -0.094289 0.012413 -0.874000
v -0.090989 0.000000 -0.874000
v -0.086214 -0.011350 -0.874000
v -0.080726 -0.021631 -0.874000
v -0.075125 -0.031118 -0.874000
v -0.069716 -0.040251 -0.874000
v -0.064456 -0.049458 -0.874000
v -0.058996 -0.058996 -0.874000
v -0.052810 -0.068824 -0.874000
v -0.045359 -0.078564 -0.874000
v -0.036268 -0.087559 -0.874000
v -0.025455 -0.094999 -0.874000
v -0.013179 -0.100105 -0.874000
v -0.000000 -0.102303 -0.874000
v 0.013344 -0.101357 -0.874000
v 0.026103 -0.097418 -0.874000
v 0.037685 -0.090980 -0.874000
v 0.047778 -0.082754 -0.874000
v 0.056396 -0.073497 -0.874000
v 0.063835 -0.063835 -0.874000
v 0.070546 -0.054132 -0.874000
v 0.076973 -0.044441 -0.874000
v 0.083385 -0.034539 -0.874000
v 0.089754 -0.024050 -0.874000
v 0.095725 -0.012602 -0.874000
v 0.185628 0.000000 -0.828000
v 0.191410 0.025200 -0.828000
v 0.192511 0.051583 -0.828000
v 0.187979 0.077863 -0.828000
v 0.177507 0.102484 -0.828000
v 0.161524 0.123942 -0.828000
v 0.141111 0.141111 -0.828000
v 0.117761 0.153470 -0.828000
v 0.093064 0.161192 -0.828000
v 0.068367 0.165052 -0.828000
v 0.044531 0.166191 -0.828000
v 0.021827 0.165794 -0.828000
v 0.000000 0.164764 -0.828000
v -0.021523 0.163485 -0.828000
v -0.043335 0.161730 -0.828000
v -0.065754 0.158743 -0.828000
v -0.088603 0.153465 -0.828000
v -0.111149 0.144852 -0.828000
v -0.132189 0.132189 -0.828000
v -0.150294 0.115324 -0.828000
v -0.164125 0.094757 -0.828000
v -0.172748 0.071555 -0.828000
v -0.175863 0.047122 -0.828000
v -0.173871 0.022891 -0.828000
v -0.167785 0.000000 -0.828000
v -0.158979 -0.020930 -0.828000
v -0.148860 -0.039887 -0.828000
v -0.138532 -0.057382 -0.828000
v -0.128557 -0.074223 -0.828000
v -0.118857 -0.091202 -0.828000
v -0.108790 -0.108790 -0.828000
v -0.097382 -0.126911 -0.828000
v -0.083642 -0.144873 -0.828000
v -0.066879 -0.161459 -0.828000
v -0.046939 -0.175179 -0.828000
v -0.024302 -0.184595 -0.828000
v -0.000000 -0.188648 -0.828000
v 0.024606 -0.186904 -0.828000
v 0.048134 -0.179640 -0.828000
v 0.069492 -0.167768 -0.828000
v 0.088103 -0.152599 -0.828000
v 0.103995 -0.135529 -0.828000
v 0.117711 -0.117711 -0.828000
v 0.130087 -0.099819 -0.828000
v 0.141940 -0.081949 -0.828000
v 0.153762 -0.063690 -0.828000
v 0.165508 -0.044348 -0.828000
v 0.176518 -0.023239 -0.828000
v 0.292030 0.000000 -0.782000
v 0.301127 0.039644 -0.782000
v 0.302858 0.081151 -0.782000
v 0.295728 0.122495 -0.782000
v 0.279255 0.161228 -0.782000
v 0.254111 0.194986 -0.782000
v 0.221996 0.221996 -0.782000
v 0.185263 0.241439 -0.782000
v 0.146409 0.253587 -0.782000
v 0.107555 0.259660 -0.782000
v 0.070056 0.261452 -0.782000
v 0.034339 0.260828 -0.782000
v 0.000000 0.259207 -0.782000
v -0.033860 0.257195 -0.782000
v -0.068176 0.254435 -0.782000
v -0.103444 0.249735 -0.782000
v -0.139391 0.241432 -0.782000
v -0.174860 0.227882 -0.782000
v -0.207960 0.207960 -0.782000
v -0.236443 0.181429 -0.782000
v -0.258201 0.149073 -0.782000
v -0.271768 0.112570 -0.782000
v -0.276668 0.074133 -0.782000
v -0.273534 0.036011 -0.782000
v -0.263959 0.000000 -0.782000
v -0.250107 -0.032927 -0.782000
v -0.234187 -0.062750 -0.782000
v -0.217939 -0.090273 -0.782000
v -0.202247 -0.116767 -0.782000
v -0.186986 -0.143479 -0.782000
v -0.171149 -0.171149 -0.782000
v -0.153202 -0.199657 -0.782000
v -0.131586 -0.227914 -0.782000
v -0.105213 -0.254008 -0.782000
v -0.073845 -0.275593 -0.782000
v -0.038233 -0.290405 -0.782000
v -0.000000 -0.296782 -0.782000
v 0.038711 -0.294038 -0.782000
v 0.075725 -0.282610 -0.782000
v 0.109324 -0.263932 -0.782000
v 0.138604 -0.240069 -0.782000
v 0.163605 -0.213214 -0.782000
v 0.185184 -0.185184 -0.782000
v 0.204654 -0.157036 -0.782000
v 0.223300 -0.128922 -0.782000
v 0.241899 -0.100198 -0.782000
v 0.260377 -0.069768 -0.782000
v 0.277699 -0.036560 -0.782000
v 0.403290 0.000000 -0.736000
v 0.415852 0.054748 -0.736000
v 0.418243 0.112068 -0.736000
v 0.408397 0.169164 -0.736000
v 0.385647 0.222654 -0.736000
v 0.350924 0.269273 -0.736000
v 0.306573 0.306573 -0.736000
v 0.255846 0.333424 -0.736000
v 0.202189 0.350201 -0.736000
v 0.148532 0.358587 -0.736000
v 0.096746 0.361062 -0.736000
v 0.047421 0.360200 -0.736000
v 0.000000 0.357962 -0.736000
v -0.046761 0.355183 -0.736000
v -0.094150 0.351371 -0.736000
v -0.142854 0.344881 -0.736000
v -0.192497 0.333415 -0.736000
v -0.241479 0.314702 -0.736000
v -0.287190 0.287190 -0.736000
v -0.326524 0.250551 -0.736000
v -0.356573 0.205868 -0.736000
v -0.375309 0.155458 -0.736000
v -0.382075 0.102377 -0.736000
v -0.377747 0.049731 -0.736000
v -0.364525 0.000000 -0.736000
v -0.345394 -0.045472 -0.736000
v -0.323409 -0.086657 -0.736000
v -0.300971 -0.124666 -0.736000
v -0.279300 -0.161254 -0.736000
v -0.258225 -0.198143 -0.736000
v -0.236354 -0.236354 -0.736000
v -0.211571 -0.275724 -0.736000
v -0.181719 -0.314746 -0.736000
v -0.145299 -0.350782 -0.736000
v -0.101979 -0.380590 -0.736000
v -0.052799 -0.401046 -0.736000
v -0.000000 -0.409853 -0.736000
v 0.053459 -0.406063 -0.736000
v 0.104576 -0.390281 -0.736000
v 0.150976 -0.364487 -0.736000
v 0.191410 -0.331533 -0.736000
v 0.225937 -0.294447 -0.736000
v 0.255737 -0.255737 -0.736000
v 0.282624 -0.216865 -0.736000
v 0.308374 -0.178040 -0.736000
v 0.334060 -0.138372 -0.736000
v 0.359578 -0.096349 -0.736000
v 0.383499 -0.050489 -0.736000
v 0.488198 0.000000 -0.690000
v 0.503405 0.066274 -0.690000
v 0.506299 0.135662 -0.690000
v 0.494380 0.204779 -0.690000
v 0.466840 0.269530 -0.690000
v 0.424806 0.325965 -0.690000
v 0.371118 0.371118 -0.690000
v 0.309711 0.403623 -0.690000
v 0.244757 0.423931 -0.690000
v 0.179803 0.434083 -0.690000
v 0.117115 0.437080 -0.690000
v 0.057405 0.436036 -0.690000
v 0.000000 0.433327 -0.690000
v -0.056606 0.429963 -0.690000
v -0.113972 0.425348 -0.690000
v -0.172931 0.417492 -0.690000
v -0.233025 0.403611 -0.690000
v -0.292320 0.380959 -0.690000
v -0.347655 0.347655 -0.690000
v -0.395270 0.303301 -0.690000
v -0.431645 0.249210 -0.690000
v -0.454325 0.188188 -0.690000
v -0.462516 0.123931 -0.690000
v -0.457277 0.060202 -0.690000
v -0.441271 0.000000 -0.690000
v -0.418113 -0.055046 -0.690000
v -0.391499 -0.104902 -0.690000
v -0.364337 -0.150913 -0.690000
v -0.338103 -0.195204 -0.690000
v -0.312591 -0.239859 -0.690000
v -0.286115 -0.286115 -0.690000
v -0.256114 -0.333774 -0.690000
v -0.219978 -0.381012 -0.690000
v -0.175889 -0.424634 -0.690000
v -0.123449 -0.460718 -0.690000
v -0.063915 -0.485482 -0.690000
v -0.000000 -0.496142 -0.690000
v 0.064714 -0.491554 -0.690000
v 0.126593 -0.472450 -0.690000
v 0.182762 -0.441226 -0.690000
v 0.231709 -0.401333 -0.690000
v 0.273505 -0.356439 -0.690000
v 0.309579 -0.309579 -0.690000
v 0.342127 -0.262524 -0.690000
v 0.373299 -0.215524 -0.690000
v 0.404392 -0.167505 -0.690000
v 0.435282 -0.116634 -0.690000
v 0.464240 -0.061118 -0.690000
v 0.544826 0.000000 -0.644000
v 0.561796 0.073962 -0.644000
v 0.565027 0.151398 -0.644000
v 0.551725 0.228532 -0.644000
v 0.520991 0.300794 -0.644000
v 0.474081 0.363775 -0.644000
v 0.414166 0.414166 -0.644000
v 0.345635 0.450440 -0.644000
v 0.273147 0.473104 -0.644000
v 0.200659 0.484434 -0.644000
v 0.130700 0.487778 -0.644000
v 0.064064 0.486613 -0.644000
v 0.000000 0.483590 -0.644000
v -0.063172 0.479836 -0.644000
v -0.127192 0.474685 -0.644000
v -0.192989 0.465918 -0.644000
v -0.260054 0.450427 -0.644000
v -0.326227 0.425147 -0.644000
v -0.387980 0.387980 -0.644000
v -0.441119 0.338482 -0.644000
v -0.481713 0.278117 -0.644000
v -0.507024 0.210016 -0.644000
v -0.516164 0.138306 -0.644000
v -0.510318 0.067185 -0.644000
v -0.492455 0.000000 -0.644000
v -0.466611 -0.061430 -0.644000
v -0.436910 -0.117070 -0.644000
v -0.406598 -0.168418 -0.644000
v -0.377321 -0.217846 -0.644000
v -0.348849 -0.267681 -0.644000
v -0.319303 -0.319303 -0.644000
v -0.285822 -0.372490 -0.644000
v -0.245494 -0.425207 -0.644000
v -0.196291 -0.473889 -0.644000
v -0.137768 -0.514159 -0.644000
v -0.071329 -0.541794 -0.644000
v -0.000000 -0.553691 -0.644000
v 0.072221 -0.548571 -0.644000
v 0.141277 -0.527251 -0.644000
v 0.203961 -0.492405 -0.644000
v 0.258586 -0.447884 -0.644000
v 0.305230 -0.397783 -0.644000
v 0.345488 -0.345488 -0.644000
v 0.381812 -0.292974 -0.644000
v 0.416599 -0.240523 -0.644000
v 0.451299 -0.186934 -0.644000
v 0.485772 -0.130162 -0.644000
v 0.518089 -0.068208 -0.644000
v 0.598356 0.000000 -0.598000
v 0.616994 0.081229 -0.598000
v 0.620542 0.166274 -0.598000
v 0.605933 0.250986 -0.598000
v 0.572179 0.330348 -0.598000
v 0.520661 0.399517 -0.598000
v 0.454858 0.454858 -0.598000
v 0.379594 0.494697 -0.598000
v 0.299984 0.519588 -0.598000
v 0.220374 0.532030 -0.598000
v 0.143541 0.535703 -0.598000
v 0.070358 0.534424 -0.598000
v 0.000000 0.531104 -0.598000
v -0.069378 0.526980 -0.598000
v -0.139688 0.521324 -0.598000
v -0.211951 0.511695 -0.598000
v -0.285605 0.494683 -0.598000
v -0.358279 0.466919 -0.598000
v -0.426100 0.426100 -0.598000
v -0.484459 0.371739 -0.598000
v -0.529042 0.305443 -0.598000
v -0.556840 0.230651 -0.598000
v -0.566878 0.151895 -0.598000
v -0.560458 0.073786 -0.598000
v -0.540840 0.000000 -0.598000
v -0.512456 -0.067466 -0.598000
v -0.479837 -0.128572 -0.598000
v -0.446547 -0.184966 -0.598000
v -0.414394 -0.239250 -0.598000
v -0.383124 -0.293982 -0.598000
v -0.350675 -0.350675 -0.598000
v -0.313904 -0.409088 -0.598000
v -0.269614 -0.466985 -0.598000
v -0.215577 -0.520450 -0.598000
v -0.151304 -0.564676 -0.598000
v -0.078337 -0.595027 -0.598000
v -0.000000 -0.608093 -0.598000
v 0.079317 -0.602470 -0.598000
v 0.155157 -0.579055 -0.598000
v 0.224000 -0.540785 -0.598000
v 0.283993 -0.491890 -0.598000
v 0.335219 -0.436866 -0.598000
v 0.379433 -0.379433 -0.598000
v 0.419326 -0.321760 -0.598000
v 0.457531 -0.264155 -0.598000
v 0.495640 -0.205301 -0.598000
v 0.533500 -0.142951 -0.598000
v 0.568992 -0.074909 -0.598000
v 0.649180 0.000000 -0.552000
v 0.669401 0.088128 -0.552000
v 0.673250 0.180397 -0.552000
v 0.657401 0.272304 -0.552000
v 0.620780 0.358407 -0.552000
v 0.564885 0.433452 -0.552000
v 0.493494 0.493494 -0.552000
v 0.411837 0.536716 -0.552000
v 0.325465 0.563721 -0.552000
v 0.239093 0.577221 -0.552000
v 0.155733 0.581205 -0.552000
v 0.076334 0.579817 -0.552000
v 0.000000 0.576215 -0.552000
v -0.075271 0.571742 -0.552000
v -0.151553 0.565605 -0.552000
v -0.229954 0.555158 -0.552000
v -0.309864 0.536701 -0.552000
v -0.388711 0.506579 -0.552000
v -0.462293 0.462293 -0.552000
v -0.525609 0.403314 -0.552000
v -0.573979 0.331387 -0.552000
v -0.604138 0.250242 -0.552000
v -0.615029 0.164796 -0.552000
v -0.608063 0.080053 -0.552000
v -0.586779 0.000000 -0.552000
v -0.555984 -0.073197 -0.552000
v -0.520594 -0.139493 -0.552000
v -0.484476 -0.200677 -0.552000
v -0.449592 -0.259572 -0.552000
v -0.415667 -0.318952 -0.552000
v -0.380461 -0.380461 -0.552000
v -0.340567 -0.443836 -0.552000
v -0.292515 -0.506650 -0.552000
v -0.233888 -0.564656 -0.552000
v -0.164156 -0.612639 -0.552000
v -0.084991 -0.645568 -0.552000
v -0.000000 -0.659743 -0.552000
v 0.086054 -0.653643 -0.552000
v 0.168336 -0.628239 -0.552000
v 0.243027 -0.586719 -0.552000
v 0.308115 -0.533671 -0.552000
v 0.363692 -0.473973 -0.552000
v 0.411662 -0.411662 -0.552000
v 0.454943 -0.349090 -0.552000
v 0.496393 -0.286593 -0.552000
v 0.537739 -0.222739 -0.552000
v 0.578816 -0.155093 -0.552000
v 0.617322 -0.081272 -0.552000
v 0.697507 0.000000 -0.506000
v 0.719233 0.094689 -0.506000
v 0.723368 0.193826 -0.506000
v 0.706339 0.292575 -0.506000
v 0.666992 0.385088 -0.506000
v 0.606937 0.465719 -0.506000
v 0.530230 0.530230 -0.506000
v 0.442495 0.576671 -0.506000
v 0.349693 0.605686 -0.506000
v 0.256891 0.620190 -0.506000
v 0.167327 0.624472 -0.506000
v 0.082017 0.622980 -0.506000
v 0.000000 0.619110 -0.506000
v -0.080875 0.614304 -0.506000
v -0.162835 0.607710 -0.506000
v -0.247072 0.596486 -0.506000
v -0.332931 0.576654 -0.506000
v -0.417648 0.544290 -0.506000
v -0.496707 0.496707 -0.506000
v -0.564737 0.433338 -0.506000
v -0.616707 0.356056 -0.506000
v -0.649111 0.268871 -0.506000
v -0.660813 0.177064 -0.506000
v -0.653328 0.086012 -0.506000
v -0.630460 0.000000 -0.506000
v -0.597373 -0.078646 -0.506000
v -0.559349 -0.149877 -0.506000
v -0.520542 -0.215615 -0.506000
v -0.483061 -0.278895 -0.506000
v -0.446610 -0.342696 -0.506000
v -0.408784 -0.408784 -0.506000
v -0.365920 -0.476876 -0.506000
v -0.314290 -0.544366 -0.506000
v -0.251300 -0.606691 -0.506000
v -0.176376 -0.658245 -0.506000
v -0.091318 -0.693625 -0.506000
v -0.000000 -0.708856 -0.506000
v 0.092460 -0.702302 -0.506000
v 0.180868 -0.675007 -0.506000
v 0.261118 -0.630395 -0.506000
v 0.331052 -0.573399 -0.506000
v 0.390767 -0.509257 -0.506000
v 0.442307 -0.442307 -0.506000
v 0.488810 -0.375077 -0.506000
v 0.533346 -0.307927 -0.506000
v 0.577770 -0.239320 -0.506000
v 0.621904 -0.166639 -0.506000
v 0.663277 -0.087322 -0.506000
v 0.743433 0.000000 -0.460000
v 0.766590 0.100923 -0.460000
v 0.770998 0.206588 -0.460000
v 0.752847 0.311840 -0.460000
v 0.710909 0.410444 -0.460000
v 0.646900 0.496384 -0.460000
v 0.565143 0.565143 -0.460000
v 0.471631 0.614641 -0.460000
v 0.372718 0.645567 -0.460000
v 0.273806 0.661026 -0.460000
v 0.178344 0.665589 -0.460000
v 0.087417 0.664000 -0.460000
v 0.000000 0.659875 -0.460000
v -0.086200 0.654752 -0.460000
v -0.173557 0.647724 -0.460000
v -0.263341 0.635761 -0.460000
v -0.354853 0.614623 -0.460000
v -0.445148 0.580128 -0.460000
v -0.529412 0.529412 -0.460000
v -0.601921 0.461870 -0.460000
v -0.657313 0.379500 -0.460000
v -0.691851 0.286574 -0.460000
v -0.704323 0.188723 -0.460000
v -0.696346 0.091676 -0.460000
v -0.671972 0.000000 -0.460000
v -0.636706 -0.083824 -0.460000
v -0.596178 -0.159745 -0.460000
v -0.554816 -0.229812 -0.460000
v -0.514867 -0.297259 -0.460000
v -0.476017 -0.365260 -0.460000
v -0.435700 -0.435700 -0.460000
v -0.390013 -0.508275 -0.460000
v -0.334984 -0.580210 -0.460000
v -0.267846 -0.646638 -0.460000
v -0.187990 -0.701587 -0.460000
v -0.097330 -0.739296 -0.460000
v -0.000000 -0.755530 -0.460000
v 0.098548 -0.748544 -0.460000
v 0.192777 -0.719452 -0.460000
v 0.278311 -0.671903 -0.460000
v 0.352850 -0.611153 -0.460000
v 0.416496 -0.542788 -0.460000
v 0.471430 -0.471430 -0.460000
v 0.520995 -0.399774 -0.460000
v 0.568463 -0.328202 -0.460000
v 0.615812 -0.255078 -0.460000
v 0.662853 -0.177611 -0.460000
v 0.706950 -0.093072 -0.460000
v 0.786982 0.000000 -0.414000
v 0.811496 0.106835 -0.414000
v 0.816162 0.218690 -0.414000
v 0.796948 0.330107 -0.414000
v 0.752554 0.434487 -0.414000
v 0.684794 0.525461 -0.414000
v 0.598248 0.598248 -0.414000
v 0.499258 0.650646 -0.414000
v 0.394552 0.683383 -0.414000
v 0.289845 0.699748 -0.414000
v 0.188791 0.704579 -0.414000
v 0.092538 0.702896 -0.414000
v 0.000000 0.698529 -0.414000
v -0.091249 0.693106 -0.414000
v -0.183724 0.685667 -0.414000
v -0.278767 0.673003 -0.414000
v -0.375640 0.650627 -0.414000
v -0.471224 0.614111 -0.414000
v -0.560424 0.560424 -0.414000
v -0.637181 0.488926 -0.414000
v -0.695818 0.401731 -0.414000
v -0.732379 0.303361 -0.414000
v -0.745582 0.199778 -0.414000
v -0.737137 0.097046 -0.414000
v -0.711335 0.000000 -0.414000
v -0.674004 -0.088734 -0.414000
v -0.631102 -0.169103 -0.414000
v -0.587317 -0.243275 -0.414000
v -0.545027 -0.314672 -0.414000
v -0.503901 -0.386657 -0.414000
v -0.461222 -0.461222 -0.414000
v -0.412860 -0.538049 -0.414000
v -0.354607 -0.614198 -0.414000
v -0.283536 -0.684517 -0.414000
v -0.199002 -0.742685 -0.414000
v -0.103032 -0.782603 -0.414000
v -0.000000 -0.799788 -0.414000
v 0.104321 -0.792393 -0.414000
v 0.204069 -0.761597 -0.414000
v 0.294614 -0.711262 -0.414000
v 0.373519 -0.646954 -0.414000
v 0.440894 -0.574584 -0.414000
v 0.499046 -0.499046 -0.414000
v 0.551514 -0.423192 -0.414000
v 0.601763 -0.347428 -0.414000
v 0.651886 -0.270020 -0.414000
v 0.701682 -0.188015 -0.414000
v 0.748362 -0.098524 -0.414000
v 0.828124 0.000000 -0.368000
v 0.853919 0.112421 -0.368000
v 0.858829 0.230123 -0.368000
v 0.838611 0.347364 -0.368000
v 0.791896 0.457201 -0.368000
v 0.720594 0.552931 -0.368000
v 0.629523 0.629523 -0.368000
v 0.525358 0.684660 -0.368000
v 0.415178 0.719109 -0.368000
v 0.304998 0.736329 -0.368000
v 0.198661 0.741413 -0.368000
v 0.097376 0.739642 -0.368000
v 0.000000 0.735047 -0.368000
v -0.096019 0.729340 -0.368000
v -0.193329 0.721512 -0.368000
v -0.293340 0.708186 -0.368000
v -0.395277 0.684640 -0.368000
v -0.495858 0.646215 -0.368000
v -0.589722 0.589722 -0.368000
v -0.670491 0.514486 -0.368000
v -0.732194 0.422732 -0.368000
v -0.770666 0.319220 -0.368000
v -0.784559 0.210222 -0.368000
v -0.775673 0.102119 -0.368000
v -0.748522 0.000000 -0.368000
v -0.709239 -0.093373 -0.368000
v -0.664094 -0.177944 -0.368000
v -0.618020 -0.255992 -0.368000
v -0.573520 -0.331122 -0.368000
v -0.530244 -0.406870 -0.368000
v -0.485334 -0.485334 -0.368000
v -0.434443 -0.566177 -0.368000
v -0.373145 -0.646307 -0.368000
v -0.298359 -0.720302 -0.368000
v -0.209405 -0.781511 -0.368000
v -0.108418 -0.823516 -0.368000
v -0.000000 -0.841599 -0.368000
v 0.109774 -0.833817 -0.368000
v 0.214738 -0.801411 -0.368000
v 0.310016 -0.748445 -0.368000
v 0.393046 -0.680775 -0.368000
v 0.463943 -0.604622 -0.368000
v 0.525135 -0.525135 -0.368000
v 0.580346 -0.445315 -0.368000
v 0.633222 -0.365591 -0.368000
v 0.685965 -0.284136 -0.368000
v 0.738364 -0.197844 -0.368000
v 0.787485 -0.103674 -0.368000
v 0.866786 0.000000 -0.322000
v 0.893785 0.117669 -0.322000
v 0.898924 0.240866 -0.322000
v 0.877762 0.363581 -0.322000
v 0.828866 0.478546 -0.322000
v 0.754235 0.578745 -0.322000
v 0.658913 0.658913 -0.322000
v 0.549885 0.716624 -0.322000
v 0.434561 0.752681 -0.322000
v 0.319237 0.770705 -0.322000
v 0.207935 0.776026 -0.322000
v 0.101922 0.774172 -0.322000
v 0.000000 0.769363 -0.322000
v -0.100502 0.763390 -0.322000
v -0.202354 0.755196 -0.322000
v -0.307035 0.741248 -0.322000
v -0.413731 0.716603 -0.322000
v -0.519008 0.676384 -0.322000
v -0.617254 0.617254 -0.322000
v -0.701794 0.538505 -0.322000
v -0.766377 0.442468 -0.322000
v -0.806645 0.334123 -0.322000
v -0.821187 0.220036 -0.322000
v -0.811886 0.106887 -0.322000
v -0.783467 0.000000 -0.322000
v -0.742350 -0.097732 -0.322000
v -0.695098 -0.186251 -0.322000
v -0.646873 -0.267944 -0.322000
v -0.600295 -0.346581 -0.322000
v -0.554999 -0.425865 -0.322000
v -0.507992 -0.507992 -0.322000
v -0.454725 -0.592610 -0.322000
v -0.390566 -0.676480 -0.322000
v -0.312288 -0.753930 -0.322000
v -0.219181 -0.817996 -0.322000
v -0.113480 -0.861963 -0.322000
v -0.000000 -0.880890 -0.322000
v 0.114899 -0.872745 -0.322000
v 0.224763 -0.838826 -0.322000
v 0.324490 -0.783387 -0.322000
v 0.411395 -0.712558 -0.322000
v 0.485602 -0.632849 -0.322000
v 0.549651 -0.549651 -0.322000
v 0.607440 -0.466105 -0.322000
v 0.662784 -0.382659 -0.322000
v 0.717990 -0.297401 -0.322000
v 0.772835 -0.207081 -0.322000
v 0.824249 -0.108514 -0.322000
v 0.902857 0.000000 -0.276000
v 0.930980 0.122566 -0.276000
v 0.936333 0.250890 -0.276000
v 0.914290 0.378712 -0.276000
v 0.863359 0.498461 -0.276000
v 0.785623 0.602830 -0.276000
v 0.686334 0.686334 -0.276000
v 0.572769 0.746447 -0.276000
v 0.452645 0.784004 -0.276000
v 0.332522 0.802779 -0.276000
v 0.216589 0.808320 -0.276000
v 0.106163 0.806390 -0.276000
v 0.000000 0.801380 -0.276000
v -0.104685 0.795159 -0.276000
v -0.210775 0.786624 -0.276000
v -0.319812 0.772095 -0.276000
v -0.430949 0.746425 -0.276000
v -0.540607 0.704532 -0.276000
v -0.642941 0.642941 -0.276000
v -0.730999 0.560915 -0.276000
v -0.798270 0.460881 -0.276000
v -0.840214 0.348028 -0.276000
v -0.855361 0.229193 -0.276000
v -0.845673 0.111335 -0.276000
v -0.816072 0.000000 -0.276000
v -0.773244 -0.101799 -0.276000
v -0.724025 -0.194002 -0.276000
v -0.673793 -0.279094 -0.276000
v -0.625277 -0.361004 -0.276000
v -0.578095 -0.443588 -0.276000
v -0.529132 -0.529132 -0.276000
v -0.473649 -0.617272 -0.276000
v -0.406819 -0.704632 -0.276000
v -0.325284 -0.785305 -0.276000
v -0.228303 -0.852037 -0.276000
v -0.118202 -0.897834 -0.276000
v -0.000000 -0.917549 -0.276000
v 0.119681 -0.909064 -0.276000
v 0.234116 -0.873734 -0.276000
v 0.337993 -0.815988 -0.276000
v 0.428516 -0.742211 -0.276000
v 0.505811 -0.659186 -0.276000
v 0.572525 -0.572525 -0.276000
v 0.632719 -0.485502 -0.276000
v 0.690366 -0.398583 -0.276000
v 0.747869 -0.309778 -0.276000
v 0.804997 -0.215698 -0.276000
v 0.858551 -0.113030 -0.276000
v 0.936193 0.000000 -0.230000
v 0.965353 0.127091 -0.230000
v 0.970904 0.260153 -0.230000
v 0.948048 0.392694 -0.230000
v 0.895236 0.516865 -0.230000
v 0.814630 0.625087 -0.230000
v 0.711675 0.711675 -0.230000
v 0.593916 0.774007 -0.230000
v 0.469358 0.812951 -0.230000
v 0.344799 0.832419 -0.230000
v 0.224586 0.838165 -0.230000
v 0.110083 0.836163 -0.230000
v 0.000000 0.830969 -0.230000
v -0.108550 0.824518 -0.230000
v -0.218558 0.815668 -0.230000
v -0.331620 0.800602 -0.230000
v -0.446860 0.773985 -0.230000
v -0.560567 0.730545 -0.230000
v -0.666680 0.666680 -0.230000
v -0.757989 0.581625 -0.230000
v -0.827744 0.477898 -0.230000
v -0.871237 0.360878 -0.230000
v -0.886942 0.237656 -0.230000
v -0.876896 0.115446 -0.230000
v -0.846203 0.000000 -0.230000
v -0.801793 -0.105558 -0.230000
v -0.750757 -0.201165 -0.230000
v -0.698671 -0.289399 -0.230000
v -0.648363 -0.374333 -0.230000
v -0.599440 -0.459966 -0.230000
v -0.548669 -0.548669 -0.230000
v -0.491137 -0.640062 -0.230000
v -0.421840 -0.730648 -0.230000
v -0.337294 -0.814300 -0.230000
v -0.236732 -0.883496 -0.230000
v -0.122566 -0.930983 -0.230000
v -0.000000 -0.951426 -0.230000
v 0.124099 -0.942629 -0.230000
v 0.242760 -0.905994 -0.230000
v 0.350473 -0.846116 -0.230000
v 0.444337 -0.769615 -0.230000
v 0.524487 -0.683524 -0.230000
v 0.593664 -0.593664 -0.230000
v 0.656080 -0.503428 -0.230000
v 0.715856 -0.413300 -0.230000
v 0.775482 -0.321215 -0.230000
v 0.834719 -0.223662 -0.230000
v 0.890250 -0.117204 -0.230000
v 0.966601 0.000000 -0.184000
v 0.996709 0.131219 -0.184000
v 1.002440 0.268603 -0.184000
v 0.978841 0.405449 -0.184000
v 0.924314 0.533653 -0.184000
v 0.841089 0.645391 -0.184000
v 0.734791 0.734791 -0.184000
v 0.613207 0.799147 -0.184000
v 0.484603 0.839357 -0.184000
v 0.355999 0.859456 -0.184000
v 0.231880 0.865390 -0.184000
v 0.113659 0.863323 -0.184000
v 0.000000 0.857959 -0.184000
v -0.112076 0.851299 -0.184000
v -0.225656 0.842161 -0.184000
v -0.342392 0.826607 -0.184000
v -0.461375 0.799124 -0.184000
v -0.578775 0.754274 -0.184000
v -0.688334 0.688334 -0.184000
v -0.782609 0.600517 -0.184000
v -0.854629 0.493421 -0.184000
v -0.899535 0.372600 -0.184000
v -0.915751 0.245375 -0.184000
v -0.905379 0.119195 -0.184000
v -0.873688 0.000000 -0.184000
v -0.827836 -0.108987 -0.184000
v -0.775142 -0.207699 -0.184000
v -0.721364 -0.298799 -0.184000
v -0.669423 -0.386491 -0.184000
v -0.618910 -0.474906 -0.184000
v -0.566490 -0.566490 -0.184000
v -0.507090 -0.660852 -0.184000
v -0.435542 -0.754380 -0.184000
v -0.348250 -0.840749 -0.184000
v -0.244421 -0.912193 -0.184000
v -0.126547 -0.961222 -0.184000
v -0.000000 -0.982330 -0.184000
v 0.128130 -0.973246 -0.184000
v 0.250645 -0.935421 -0.184000
v 0.361856 -0.873599 -0.184000
v 0.458770 -0.794613 -0.184000
v 0.541522 -0.705726 -0.184000
v 0.612947 -0.612947 -0.184000
v 0.677390 -0.519780 -0.184000
v 0.739108 -0.426724 -0.184000
v 0.800670 -0.331648 -0.184000
v 0.861831 -0.230927 -0.184000
v 0.919166 -0.121011 -0.184000
v 0.993831 0.000000 -0.138000
v 1.024787 0.134916 -0.138000
v 1.030680 0.276170 -0.138000
v 1.006416 0.416871 -0.138000
v 0.950353 0.548686 -0.138000
v 0.864784 0.663572 -0.138000
v 0.755490 0.755490 -0.138000
v 0.630482 0.821660 -0.138000
v 0.498254 0.863002 -0.138000
v 0.366027 0.883668 -0.138000
v 0.238413 0.889768 -0.138000
v 0.116860 0.887643 -0.138000
v 0.000000 0.882129 -0.138000
v -0.115233 0.875280 -0.138000
v -0.232013 0.865886 -0.138000
v -0.352037 0.849893 -0.138000
v -0.474372 0.821636 -0.138000
v -0.595079 0.775522 -0.138000
v -0.707725 0.707725 -0.138000
v -0.804656 0.617434 -0.138000
v -0.878705 0.507321 -0.138000
v -0.924876 0.383096 -0.138000
v -0.941549 0.252287 -0.138000
v -0.930884 0.122553 -0.138000
v -0.898300 0.000000 -0.138000
v -0.851157 -0.112057 -0.138000
v -0.796979 -0.213550 -0.138000
v -0.741685 -0.307216 -0.138000
v -0.688281 -0.397379 -0.138000
v -0.636345 -0.488285 -0.138000
v -0.582449 -0.582449 -0.138000
v -0.521375 -0.679469 -0.138000
v -0.447811 -0.775632 -0.138000
v -0.358060 -0.864433 -0.138000
v -0.251307 -0.937890 -0.138000
v -0.130112 -0.988301 -0.138000
v -0.000000 -1.010003 -0.138000
v 0.131740 -1.000663 -0.138000
v 0.257706 -0.961773 -0.138000
v 0.372050 -0.898208 -0.138000
v 0.471694 -0.816998 -0.138000
v 0.556777 -0.725607 -0.138000
v 0.630214 -0.630214 -0.138000
v 0.696473 -0.534422 -0.138000
v 0.759929 -0.438745 -0.138000
v 0.823226 -0.340991 -0.138000
v 0.886110 -0.237432 -0.138000
v 0.945060 -0.124419 -0.138000
v 1.017524 0.000000 -0.092000
v 1.049218 0.138132 -0.092000
v 1.055251 0.282754 -0.092000
v 1.030409 0.426809 -0.092000
v 0.973009 0.561767 -0.092000
v 0.885400 0.679392 -0.092000
v 0.773501 0.773501 -0.092000
v 0.645513 0.841248 -0.092000
v 0.510133 0.883576 -0.092000
v 0.374753 0.904735 -0.092000
v 0.244096 0.910981 -0.092000
v 0.119646 0.908805 -0.092000
v 0.000000 0.903159 -0.092000
v -0.117980 0.896147 -0.092000
v -0.237545 0.886529 -0.092000
v -0.360430 0.870155 -0.092000
v -0.485681 0.841224 -0.092000
v -0.609266 0.794011 -0.092000
v -0.724597 0.724597 -0.092000
v -0.823839 0.632154 -0.092000
v -0.899654 0.519415 -0.092000
v -0.946925 0.392229 -0.092000
v -0.963995 0.258302 -0.092000
v -0.953077 0.125475 -0.092000
v -0.919716 0.000000 -0.092000
v -0.871449 -0.114728 -0.092000
v -0.815979 -0.218641 -0.092000
v -0.759367 -0.314540 -0.092000
v -0.704690 -0.406853 -0.092000
v -0.651516 -0.499926 -0.092000
v -0.596334 -0.596334 -0.092000
v -0.533804 -0.695668 -0.092000
v -0.458487 -0.794123 -0.092000
v -0.366596 -0.885042 -0.092000
v -0.257298 -0.960250 -0.092000
v -0.133214 -1.011862 -0.092000
v -0.000000 -1.034081 -0.092000
v 0.134881 -1.024519 -0.092000
v 0.263850 -0.984702 -0.092000
v 0.380920 -0.919622 -0.092000
v 0.482939 -0.836475 -0.092000
v 0.570051 -0.742905 -0.092000
v 0.645238 -0.645238 -0.092000
v 0.713077 -0.547163 -0.092000
v 0.778046 -0.449205 -0.092000
v 0.842852 -0.349121 -0.092000
v 0.907235 -0.243093 -0.092000
v 0.967590 -0.127386 -0.092000
v 1.037072 0.000000 -0.046000
v 1.069375 0.140786 -0.046000
v 1.075524 0.288186 -0.046000
v 1.050205 0.435009 -0.046000
v 0.991702 0.572560 -0.046000
v 0.902410 0.692444 -0.046000
v 0.788361 0.788361 -0.046000
v 0.657914 0.857410 -0.046000
v 0.519933 0.900551 -0.046000
v 0.381953 0.922116 -0.046000
v 0.248786 0.928482 -0.046000
v 0.121945 0.926264 -0.046000
v 0.000000 0.920510 -0.046000
v -0.120247 0.913364 -0.046000
v -0.242108 0.903560 -0.046000
v -0.367354 0.886872 -0.046000
v -0.495012 0.857385 -0.046000
v -0.620971 0.809265 -0.046000
v -0.738518 0.738518 -0.046000
v -0.839666 0.644299 -0.046000
v -0.916937 0.529394 -0.046000
v -0.965117 0.399764 -0.046000
v -0.982515 0.263264 -0.046000
v -0.971387 0.127885 -0.046000
v -0.937385 0.000000 -0.046000
v -0.888191 -0.116933 -0.046000
v -0.831655 -0.222841 -0.046000
v -0.773956 -0.320583 -0.046000
v -0.718228 -0.414669 -0.046000
v -0.664032 -0.509530 -0.046000
v -0.607791 -0.607791 -0.046000
v -0.544060 -0.709032 -0.046000
v -0.467295 -0.809379 -0.046000
v -0.373639 -0.902045 -0.046000
v -0.262241 -0.978698 -0.046000
v -0.135773 -1.031302 -0.046000
v -0.000000 -1.053948 -0.046000
v 0.137472 -1.044202 -0.046000
v 0.268919 -1.003619 -0.046000
v 0.388238 -0.937289 -0.046000
v 0.492217 -0.852545 -0.046000
v 0.581003 -0.757178 -0.046000
v 0.657634 -0.657634 -0.046000
v 0.726776 -0.557675 -0.046000
v 0.792993 -0.457835 -0.046000
v 0.859044 -0.355828 -0.046000
v 0.924664 -0.247763 -0.046000
v 0.986179 -0.129833 -0.046000
v 1.050488 0.000000 0.000000
v 1.083209 0.142607 0.000000
v 1.089438 0.291914 0.000000
v 1.063791 0.440637 0.000000
v 1.004532 0.579967 0.000000
v 0.914084 0.701401 0.000000
v 0.798560 0.798560 0.000000
v 0.666425 0.868502 0.000000
v 0.526660 0.912201 0.000000
v 0.386894 0.934045 0.000000
v 0.252004 0.940493 0.000000
v 0.123523 0.938247 0.000000
v 0.000000 0.932418 0.000000
v -0.121802 0.925179 0.000000
v -0.245240 0.915249 0.000000
v -0.372106 0.898345 0.000000
v -0.501415 0.868477 0.000000
v -0.629004 0.819734 0.000000
v -0.748072 0.748072 0.000000
v -0.850529 0.652634 0.000000
v -0.928799 0.536242 0.000000
v -0.977602 0.404936 0.000000
v -0.995225 0.266670 0.000000
v -0.983953 0.129540 0.000000
v -0.949512 0.000000 0.000000
v -0.899681 -0.118445 0.000000
v -0.842414 -0.225724 0.000000
v -0.783968 -0.324730 0.000000
v -0.727519 -0.420033 0.000000
v -0.672622 -0.516121 0.000000
v -0.615654 -0.615654 0.000000
v -0.551098 -0.718205 0.000000
v -0.473340 -0.819850 0.000000
v -0.378473 -0.913714 0.000000
v -0.265634 -0.991358 0.000000
v -0.137530 -1.044643 0.000000
v -0.000000 -1.067582 0.000000
v 0.139250 -1.057710 0.000000
v 0.272398 -1.016603 0.000000
v 0.393260 -0.949415 0.000000
v 0.498585 -0.863574 0.000000
v 0.588519 -0.766973 0.000000
v 0.666142 -0.666142 0.000000
v 0.736178 -0.564889 0.000000
v 0.803252 -0.463758 0.000000
v 0.870157 -0.360431 0.000000
v 0.936626 -0.250968 0.000000
v 0.998937 -0.131513 0.000000
v 1.049174 0.000000 0.046000
v 1.081854 0.142429 0.046000
v 1.088075 0.291549 0.046000
v 1.062460 0.440085 0.046000
v 1.003275 0.579241 0.046000
v 0.912941 0.700524 0.046000
v 0.797561 0.797561 0.046000
v 0.665591 0.867416 0.046000
v 0.526001 0.911060 0.046000
v 0.386410 0.932877 0.046000
v 0.251689 0.939317 0.046000
v 0.123368 0.937073 0.046000
v 0.000000 0.931252 0.046000
v -0.121650 0.924022 0.046000
v -0.244933 0.914104 0.046000
v -0.371641 0.897221 0.046000
v -0.500788 0.867391 0.046000
v -0.628217 0.818709 0.046000
v -0.747136 0.747136 0.046000
v -0.849465 0.651817 0.046000
v -0.927637 0.535572 0.046000
v -0.976379 0.404430 0.046000
v -0.993981 0.266336 0.046000
v -0.982722 0.129378 0.046000
v -0.948324 0.000000 0.046000
v -0.898555 -0.118297 0.046000
v -0.841360 -0.225442 0.046000
v -0.782988 -0.324324 0.046000
v -0.726609 -0.419508 0.046000
v -0.671781 -0.515476 0.046000
v -0.614884 -0.614884 0.046000
v -0.550409 -0.717306 0.046000
v -0.472748 -0.818824 0.046000
v -0.377999 -0.912571 0.046000
v -0.265301 -0.990119 0.046000
v -0.137358 -1.043336 0.046000
v -0.000000 -1.066247 0.046000
v 0.139076 -1.056387 0.046000
v 0.272057 -1.015331 0.046000
v 0.392769 -0.948227 0.046000
v 0.497961 -0.862494 0.046000
v 0.587783 -0.766013 0.046000
v 0.665309 -0.665309 0.046000
v 0.735257 -0.564183 0.046000
v 0.802247 -0.463177 0.046000
v 0.869069 -0.359980 0.046000
v 0.935455 -0.250654 0.046000
v 0.997687 -0.131348 0.046000
v 1.045223 0.000000 0.092000
v 1.077779 0.141892 0.092000
v 1.083977 0.290451 0.092000
v 1.058459 0.438428 0.092000
v 0.999496 0.577059 0.092000
v 0.909502 0.697886 0.092000
v 0.794557 0.794557 0.092000
v 0.663084 0.864148 0.092000
v 0.524020 0.907629 0.092000
v 0.384955 0.929363 0.092000
v 0.250741 0.935779 0.092000
v 0.122903 0.933544 0.092000
v 0.000000 0.927744 0.092000
v -0.121192 0.920542 0.092000
v -0.244011 0.910661 0.092000
v -0.370241 0.893842 0.092000
v -0.498902 0.864124 0.092000
v -0.625851 0.815625 0.092000
v -0.744322 0.744322 0.092000
v -0.846265 0.649362 0.092000
v -0.924144 0.533555 0.092000
v -0.972702 0.402906 0.092000
v -0.990237 0.265333 0.092000
v -0.979021 0.128891 0.092000
v -0.944752 0.000000 0.092000
v -0.895171 -0.117851 0.092000
v -0.838191 -0.224593 0.092000
v -0.780039 -0.323103 0.092000
v -0.723872 -0.417928 0.092000
v -0.669251 -0.513534 0.092000
v -0.612568 -0.612568 0.092000
v -0.548335 -0.714605 0.092000
v -0.470968 -0.815740 0.092000
v -0.376576 -0.909134 0.092000
v -0.264302 -0.986389 0.092000
v -0.136840 -1.039407 0.092000
v -0.000000 -1.062231 0.092000
v 0.138552 -1.052408 0.092000
v 0.271032 -1.011507 0.092000
v 0.391289 -0.944656 0.092000
v 0.496085 -0.859245 0.092000
v 0.585569 -0.763128 0.092000
v 0.662803 -0.662803 0.092000
v 0.732488 -0.562058 0.092000
v 0.799225 -0.461433 0.092000
v 0.865795 -0.358624 0.092000
v 0.931931 -0.249710 0.092000
v 0.993930 -0.130853 0.092000
v 1.038603 0.000000 0.138000
v 1.070954 0.140994 0.138000
v 1.077112 0.288611 0.138000
v 1.051755 0.435651 0.138000
v 0.993166 0.573405 0.138000
v 0.903742 0.693466 0.138000
v 0.789525 0.789525 0.138000
v 0.658885 0.858676 0.138000
v 0.520701 0.901880 0.138000
v 0.382517 0.923477 0.138000
v 0.249153 0.929852 0.138000
v 0.122125 0.927631 0.138000
v 0.000000 0.921869 0.138000
v -0.120424 0.914712 0.138000
v -0.242466 0.904894 0.138000
v -0.367896 0.888181 0.138000
v -0.495742 0.858651 0.138000
v -0.621887 0.810460 0.138000
v -0.739608 0.739608 0.138000
v -0.840906 0.645250 0.138000
v -0.918291 0.530175 0.138000
v -0.966541 0.400355 0.138000
v -0.983965 0.263653 0.138000
v -0.972820 0.128074 0.138000
v -0.938769 0.000000 0.138000
v -0.889502 -0.117105 0.138000
v -0.832883 -0.223170 0.138000
v -0.775098 -0.321056 0.138000
v -0.719288 -0.415281 0.138000
v -0.665012 -0.510282 0.138000
v -0.608688 -0.608688 0.138000
v -0.544863 -0.710079 0.138000
v -0.467985 -0.810574 0.138000
v -0.374191 -0.903376 0.138000
v -0.262628 -0.980142 0.138000
v -0.135974 -1.032824 0.138000
v -0.000000 -1.055503 0.138000
v 0.137675 -1.045743 0.138000
v 0.269316 -1.005101 0.138000
v 0.388811 -0.938673 0.138000
v 0.492944 -0.853803 0.138000
v 0.581860 -0.758295 0.138000
v 0.658605 -0.658605 0.138000
v 0.727849 -0.558498 0.138000
v 0.794164 -0.458511 0.138000
v 0.860312 -0.356353 0.138000
v 0.926029 -0.248129 0.138000
v 0.987635 -0.130025 0.138000
v 1.029264 0.000000 0.184000
v 1.061324 0.139726 0.184000
v 1.067427 0.286016 0.184000
v 1.042298 0.431734 0.184000
v 0.984236 0.568249 0.184000
v 0.895616 0.687230 0.184000
v 0.782426 0.782426 0.184000
v 0.652960 0.850955 0.184000
v 0.516019 0.893771 0.184000
v 0.379077 0.915174 0.184000
v 0.246913 0.921491 0.184000
v 0.121027 0.919290 0.184000
v 0.000000 0.913579 0.184000
v -0.119341 0.906487 0.184000
v -0.240285 0.896757 0.184000
v -0.364588 0.880194 0.184000
v -0.491285 0.850930 0.184000
v -0.616296 0.803172 0.184000
v -0.732958 0.732958 0.184000
v -0.833344 0.639448 0.184000
v -0.910034 0.525408 0.184000
v -0.957850 0.396755 0.184000
v -0.975118 0.261282 0.184000
v -0.964073 0.126923 0.184000
v -0.930328 0.000000 0.184000
v -0.881503 -0.116052 0.184000
v -0.825394 -0.221164 0.184000
v -0.768129 -0.318169 0.184000
v -0.712820 -0.411547 0.184000
v -0.659033 -0.505694 0.184000
v -0.603215 -0.603215 0.184000
v -0.539963 -0.703694 0.184000
v -0.463777 -0.803285 0.184000
v -0.370826 -0.895253 0.184000
v -0.260267 -0.971329 0.184000
v -0.134751 -1.023537 0.184000
v -0.000000 -1.046012 0.184000
v 0.136437 -1.036340 0.184000
v 0.266894 -0.996063 0.184000
v 0.385315 -0.930232 0.184000
v 0.488511 -0.846126 0.184000
v 0.576628 -0.751477 0.184000
v 0.652683 -0.652683 0.184000
v 0.721304 -0.553476 0.184000
v 0.787023 -0.454388 0.184000
v 0.852576 -0.353149 0.184000
v 0.917703 -0.245898 0.184000
v 0.978754 -0.128855 0.184000
v 1.017131 0.000000 0.230000
v 1.048813 0.138079 0.230000
v 1.054844 0.282644 0.230000
v 1.030011 0.426645 0.230000
v 0.972634 0.561550 0.230000
v 0.885058 0.679129 0.230000
v 0.773202 0.773202 0.230000
v 0.645263 0.840923 0.230000
v 0.509936 0.883235 0.230000
v 0.374609 0.904385 0.230000
v 0.244002 0.910629 0.230000
v 0.119600 0.908454 0.230000
v 0.000000 0.902810 0.230000
v -0.117934 0.895801 0.230000
v -0.237453 0.886186 0.230000
v -0.360291 0.869818 0.230000
v -0.485493 0.840899 0.230000
v -0.609031 0.793704 0.230000
v -0.724317 0.724317 0.230000
v -0.823521 0.631910 0.230000
v -0.899306 0.519215 0.230000
v -0.946559 0.392078 0.230000
v -0.963623 0.258202 0.230000
v -0.952708 0.125426 0.230000
v -0.919361 0.000000 0.230000
v -0.871112 -0.114684 0.230000
v -0.815664 -0.218556 0.230000
v -0.759074 -0.314419 0.230000
v -0.704417 -0.406696 0.230000
v -0.651264 -0.499732 0.230000
v -0.596104 -0.596104 0.230000
v -0.533598 -0.695399 0.230000
v -0.458310 -0.793816 0.230000
v -0.366455 -0.884700 0.230000
v -0.257199 -0.959879 0.230000
v -0.133163 -1.011471 0.230000
v -0.000000 -1.033682 0.230000
v 0.134828 -1.024124 0.230000
v 0.263748 -0.984321 0.230000
v 0.380773 -0.919267 0.230000
v 0.482752 -0.836152 0.230000
v 0.569831 -0.742618 0.230000
v 0.644989 -0.644989 0.230000
v 0.712801 -0.546952 0.230000
v 0.777745 -0.449031 0.230000
v 0.842526 -0.348986 0.230000
v 0.906884 -0.242999 0.230000
v 0.967216 -0.127336 0.230000
v 1.002102 0.000000 0.276000
v 1.033316 0.136039 0.276000
v 1.039257 0.278468 0.276000
v 1.014792 0.420341 0.276000
v 0.958262 0.553253 0.276000
v 0.871981 0.669094 0.276000
v 0.761778 0.761778 0.276000
v 0.635729 0.828498 0.276000
v 0.502401 0.870184 0.276000
v 0.369073 0.891022 0.276000
v 0.240397 0.897173 0.276000
v 0.117833 0.895030 0.276000
v 0.000000 0.889470 0.276000
v -0.116192 0.882565 0.276000
v -0.233944 0.873092 0.276000
v -0.354967 0.856966 0.276000
v -0.478320 0.828474 0.276000
v -0.600032 0.781976 0.276000
v -0.713615 0.713615 0.276000
v -0.811353 0.622573 0.276000
v -0.886018 0.511543 0.276000
v -0.932573 0.386284 0.276000
v -0.949385 0.254387 0.276000
v -0.938631 0.123573 0.276000
v -0.905776 0.000000 0.276000
v -0.858241 -0.112990 0.276000
v -0.803612 -0.215327 0.276000
v -0.747858 -0.309773 0.276000
v -0.694009 -0.400686 0.276000
v -0.641641 -0.492348 0.276000
v -0.587296 -0.587296 0.276000
v -0.525714 -0.685124 0.276000
v -0.451538 -0.782087 0.276000
v -0.361040 -0.871628 0.276000
v -0.253398 -0.945696 0.276000
v -0.131195 -0.996526 0.276000
v -0.000000 -1.018408 0.276000
v 0.132836 -1.008991 0.276000
v 0.259851 -0.969777 0.276000
v 0.375146 -0.905684 0.276000
v 0.475619 -0.823797 0.276000
v 0.561411 -0.731645 0.276000
v 0.635459 -0.635459 0.276000
v 0.702269 -0.538870 0.276000
v 0.766253 -0.442396 0.276000
v 0.830077 -0.343829 0.276000
v 0.893484 -0.239408 0.276000
v 0.952925 -0.125455 0.276000
v 0.984045 0.000000 0.322000
v 1.014696 0.133587 0.322000
v 1.020531 0.273450 0.322000
v 0.996506 0.412766 0.322000
v 0.940995 0.543284 0.322000
v 0.856268 0.657038 0.322000
v 0.748051 0.748051 0.322000
v 0.624273 0.813569 0.322000
v 0.493348 0.854504 0.322000
v 0.362423 0.874966 0.322000
v 0.236065 0.881007 0.322000
v 0.115710 0.878902 0.322000
v 0.000000 0.873442 0.322000
v -0.114098 0.866662 0.322000
v -0.229729 0.857359 0.322000
v -0.348571 0.841524 0.322000
v -0.469701 0.813546 0.322000
v -0.589219 0.767886 0.322000
v -0.700756 0.700756 0.322000
v -0.796732 0.611354 0.322000
v -0.870052 0.502325 0.322000
v -0.915768 0.379324 0.322000
v -0.932277 0.249803 0.322000
v -0.921718 0.121346 0.322000
v -0.889455 0.000000 0.322000
v -0.842776 -0.110954 0.322000
v -0.789131 -0.211447 0.322000
v -0.734382 -0.304191 0.322000
v -0.681503 -0.393466 0.322000
v -0.630079 -0.483477 0.322000
v -0.576713 -0.576713 0.322000
v -0.516241 -0.672778 0.322000
v -0.443402 -0.767994 0.322000
v -0.354534 -0.855921 0.322000
v -0.248832 -0.928655 0.322000
v -0.128831 -0.978569 0.322000
v -0.000000 -1.000057 0.322000
v 0.130443 -0.990810 0.322000
v 0.255169 -0.952302 0.322000
v 0.368387 -0.889364 0.322000
v 0.467049 -0.808953 0.322000
v 0.551295 -0.718461 0.322000
v 0.624008 -0.624008 0.322000
v 0.689615 -0.529160 0.322000
v 0.752446 -0.434425 0.322000
v 0.815119 -0.337634 0.322000
v 0.877384 -0.235094 0.322000
v 0.935754 -0.123194 0.322000
v 0.962788 0.000000 0.368000
v 0.992778 0.130702 0.368000
v 0.998486 0.267544 0.368000
v 0.974980 0.403850 0.368000
v 0.920668 0.531548 0.368000
v 0.837772 0.642845 0.368000
v 0.731892 0.731892 0.368000
v 0.610789 0.795995 0.368000
v 0.482691 0.836046 0.368000
v 0.354594 0.856066 0.368000
v 0.230966 0.861976 0.368000
v 0.113210 0.859917 0.368000
v 0.000000 0.854575 0.368000
v -0.111634 0.847941 0.368000
v -0.224766 0.838840 0.368000
v -0.341041 0.823346 0.368000
v -0.459555 0.795972 0.368000
v -0.576492 0.751299 0.368000
v -0.685619 0.685619 0.368000
v -0.779522 0.598149 0.368000
v -0.851259 0.491474 0.368000
v -0.895987 0.371130 0.368000
v -0.912139 0.244407 0.368000
v -0.901808 0.118725 0.368000
v -0.870242 0.000000 0.368000
v -0.824571 -0.108557 0.368000
v -0.772085 -0.206880 0.368000
v -0.718519 -0.297620 0.368000
v -0.666782 -0.384967 0.368000
v -0.616469 -0.473033 0.368000
v -0.564256 -0.564256 0.368000
v -0.505090 -0.658246 0.368000
v -0.433824 -0.751405 0.368000
v -0.346876 -0.837433 0.368000
v -0.243457 -0.908595 0.368000
v -0.126048 -0.957431 0.368000
v -0.000000 -0.978455 0.368000
v 0.127625 -0.969407 0.368000
v 0.249657 -0.931732 0.368000
v 0.360429 -0.870153 0.368000
v 0.456960 -0.791479 0.368000
v 0.539386 -0.702942 0.368000
v 0.610529 -0.610529 0.368000
v 0.674718 -0.517730 0.368000
v 0.736192 -0.425041 0.368000
v 0.797512 -0.330340 0.368000
v 0.858432 -0.230016 0.368000
v 0.915541 -0.120533 0.368000
v 0.938116 0.000000 0.414000
v 0.967337 0.127352 0.414000
v 0.972899 0.260688 0.414000
v 0.949996 0.393501 0.414000
v 0.897075 0.517927 0.414000
v 0.816303 0.626372 0.414000
v 0.713137 0.713137 0.414000
v 0.595137 0.775597 0.414000
v 0.470322 0.814622 0.414000
v 0.345508 0.834129 0.414000
v 0.225047 0.839887 0.414000
v 0.110309 0.837881 0.414000
v 0.000000 0.832676 0.414000
v -0.108773 0.826212 0.414000
v -0.219007 0.817344 0.414000
v -0.332302 0.802247 0.414000
v -0.447778 0.775575 0.414000
v -0.561719 0.732046 0.414000
v -0.668049 0.668049 0.414000
v -0.759546 0.582820 0.414000
v -0.829444 0.478880 0.414000
v -0.873026 0.361619 0.414000
v -0.888765 0.238144 0.414000
v -0.878698 0.115683 0.414000
v -0.847941 0.000000 0.414000
v -0.803440 -0.105775 0.414000
v -0.752300 -0.201578 0.414000
v -0.700106 -0.289993 0.414000
v -0.649695 -0.375102 0.414000
v -0.600671 -0.460911 0.414000
v -0.549796 -0.549796 0.414000
v -0.492146 -0.641377 0.414000
v -0.422707 -0.732149 0.414000
v -0.337987 -0.815973 0.414000
v -0.237218 -0.885311 0.414000
v -0.122818 -0.932896 0.414000
v -0.000000 -0.953381 0.414000
v 0.124354 -0.944565 0.414000
v 0.243259 -0.907855 0.414000
v 0.351193 -0.847854 0.414000
v 0.445250 -0.771196 0.414000
v 0.525564 -0.684929 0.414000
v 0.594884 -0.594884 0.414000
v 0.657428 -0.504462 0.414000
v 0.717327 -0.414149 0.414000
v 0.777075 -0.321875 0.414000
v 0.836434 -0.224122 0.414000
v 0.892079 -0.117444 0.414000
v 0.909750 0.000000 0.460000
v 0.938087 0.123501 0.460000
v 0.943481 0.252805 0.460000
v 0.921270 0.381602 0.460000
v 0.869950 0.502266 0.460000
v 0.791620 0.607431 0.460000
v 0.691573 0.691573 0.460000
v 0.577141 0.752145 0.460000
v 0.456101 0.789989 0.460000
v 0.335060 0.808907 0.460000
v 0.218242 0.814491 0.460000
v 0.106974 0.812546 0.460000
v 0.000000 0.807498 0.460000
v -0.105484 0.801229 0.460000
v -0.212384 0.792629 0.460000
v -0.322254 0.777989 0.460000
v -0.434238 0.752123 0.460000
v -0.544733 0.709910 0.460000
v -0.647849 0.647849 0.460000
v -0.736579 0.565197 0.460000
v -0.804364 0.464400 0.460000
v -0.846628 0.350685 0.460000
v -0.861891 0.230943 0.460000
v -0.852128 0.112185 0.460000
v -0.822301 0.000000 0.460000
v -0.779146 -0.102577 0.460000
v -0.729552 -0.195483 0.460000
v -0.678936 -0.281225 0.460000
v -0.630050 -0.363760 0.460000
v -0.582508 -0.446974 0.460000
v -0.533172 -0.533172 0.460000
v -0.477265 -0.621984 0.460000
v -0.409925 -0.710011 0.460000
v -0.327767 -0.791300 0.460000
v -0.230046 -0.858542 0.460000
v -0.119104 -0.904687 0.460000
v -0.000000 -0.924553 0.460000
v 0.120594 -0.916004 0.460000
v 0.235903 -0.880404 0.460000
v 0.340573 -0.822217 0.460000
v 0.431787 -0.747877 0.460000
v 0.509672 -0.664218 0.460000
v 0.576896 -0.576896 0.460000
v 0.637549 -0.489208 0.460000
v 0.695636 -0.401626 0.460000
v 0.753578 -0.312142 0.460000
v 0.811142 -0.217345 0.460000
v 0.865105 -0.113893 0.460000
v 0.877331 0.000000 0.506000
v 0.904658 0.119100 0.506000
v 0.909860 0.243796 0.506000
v 0.888441 0.368004 0.506000
v 0.838949 0.484368 0.506000
v 0.763411 0.585786 0.506000
v 0.666929 0.666929 0.506000
v 0.556575 0.725342 0.506000
v 0.439847 0.761838 0.506000
v 0.323120 0.780081 0.506000
v 0.210465 0.785467 0.506000
v 0.103162 0.783591 0.506000
v 0.000000 0.778723 0.506000
v -0.101725 0.772677 0.506000
v -0.204816 0.764384 0.506000
v -0.310770 0.750266 0.506000
v -0.418764 0.725321 0.506000
v -0.525322 0.684613 0.506000
v -0.624763 0.624763 0.506000
v -0.710331 0.545056 0.506000
v -0.775700 0.447851 0.506000
v -0.816459 0.338188 0.506000
v -0.831177 0.222713 0.506000
v -0.821763 0.108187 0.506000
v -0.792999 0.000000 0.506000
v -0.751381 -0.098921 0.506000
v -0.703554 -0.188517 0.506000
v -0.654743 -0.271203 0.506000
v -0.607598 -0.350797 0.506000
v -0.561751 -0.431046 0.506000
v -0.514172 -0.514172 0.506000
v -0.460257 -0.599819 0.506000
v -0.395317 -0.684710 0.506000
v -0.316087 -0.763102 0.506000
v -0.221848 -0.827948 0.506000
v -0.114860 -0.872449 0.506000
v -0.000000 -0.891607 0.506000
v 0.116297 -0.883362 0.506000
v 0.227497 -0.849031 0.506000
v 0.328437 -0.792917 0.506000
v 0.416400 -0.721226 0.506000
v 0.491510 -0.640548 0.506000
v 0.556338 -0.556338 0.506000
v 0.614830 -0.471776 0.506000
v 0.670847 -0.387314 0.506000
v 0.726724 -0.301019 0.506000
v 0.782237 -0.209600 0.506000
v 0.834277 -0.109835 0.506000
v 0.840391 0.000000 0.552000
v 0.866567 0.114086 0.552000
v 0.871550 0.233531 0.552000
v 0.851033 0.352509 0.552000
v 0.803625 0.463973 0.552000
v 0.731267 0.561121 0.552000
v 0.638848 0.638848 0.552000
v 0.533140 0.694802 0.552000
v 0.421328 0.729761 0.552000
v 0.309515 0.747236 0.552000
v 0.201604 0.752395 0.552000
v 0.098818 0.750597 0.552000
v 0.000000 0.745935 0.552000
v -0.097442 0.740144 0.552000
v -0.196192 0.732199 0.552000
v -0.297685 0.718676 0.552000
v -0.401132 0.694782 0.552000
v -0.503203 0.655787 0.552000
v -0.598457 0.598457 0.552000
v -0.680423 0.522107 0.552000
v -0.743039 0.428994 0.552000
v -0.782082 0.323949 0.552000
v -0.796180 0.213336 0.552000
v -0.787162 0.103632 0.552000
v -0.759609 0.000000 0.552000
v -0.719744 -0.094756 0.552000
v -0.673931 -0.180579 0.552000
v -0.627175 -0.259784 0.552000
v -0.582015 -0.336027 0.552000
v -0.538098 -0.412897 0.552000
v -0.492523 -0.492523 0.552000
v -0.440878 -0.574564 0.552000
v -0.378672 -0.655880 0.552000
v -0.302778 -0.730971 0.552000
v -0.212507 -0.793087 0.552000
v -0.110024 -0.835714 0.552000
v -0.000000 -0.854065 0.552000
v 0.111400 -0.846168 0.552000
v 0.217918 -0.813282 0.552000
v 0.314608 -0.759532 0.552000
v 0.398868 -0.690859 0.552000
v 0.470815 -0.613578 0.552000
v 0.532913 -0.532913 0.552000
v 0.588942 -0.451911 0.552000
v 0.642601 -0.371006 0.552000
v 0.696126 -0.288345 0.552000
v 0.749301 -0.200775 0.552000
v 0.799149 -0.105210 0.552000
v 0.798302 0.000000 0.598000
v 0.823168 0.108372 0.598000
v 0.827901 0.221835 0.598000
v 0.808411 0.334855 0.598000
v 0.763378 0.440736 0.598000
v 0.694644 0.533019 0.598000
v 0.606853 0.606853 0.598000
v 0.506439 0.660004 0.598000
v 0.400227 0.693213 0.598000
v 0.294014 0.709813 0.598000
v 0.191507 0.714713 0.598000
v 0.093869 0.713006 0.598000
v 0.000000 0.708576 0.598000
v -0.092562 0.703076 0.598000
v -0.186366 0.695529 0.598000
v -0.282776 0.682683 0.598000
v -0.381043 0.659985 0.598000
v -0.478002 0.622944 0.598000
v -0.568485 0.568485 0.598000
v -0.646346 0.495959 0.598000
v -0.705826 0.407509 0.598000
v -0.742913 0.307725 0.598000
v -0.756306 0.202652 0.598000
v -0.747740 0.098442 0.598000
v -0.721566 0.000000 0.598000
v -0.683698 -0.090011 0.598000
v -0.640179 -0.171535 0.598000
v -0.595764 -0.246774 0.598000
v -0.552867 -0.319198 0.598000
v -0.511149 -0.392218 0.598000
v -0.467856 -0.467856 0.598000
v -0.418798 -0.545788 0.598000
v -0.359708 -0.623032 0.598000
v -0.287614 -0.694362 0.598000
v -0.201864 -0.753367 0.598000
v -0.104514 -0.793860 0.598000
v -0.000000 -0.811292 0.598000
v 0.105821 -0.803790 0.598000
v 0.207004 -0.772551 0.598000
v 0.298852 -0.721493 0.598000
v 0.378891 -0.656259 0.598000
v 0.447236 -0.582849 0.598000
v 0.506224 -0.506224 0.598000
v 0.559447 -0.429279 0.598000
v 0.610418 -0.352425 0.598000
v 0.661262 -0.273904 0.598000
v 0.711774 -0.190719 0.598000
v 0.759126 -0.099941 0.598000
v 0.750199 0.000000 0.644000
v 0.773566 0.101842 0.644000
v 0.778014 0.208468 0.644000
v 0.759699 0.314677 0.644000
v 0.717379 0.414179 0.644000
v 0.652787 0.500901 0.644000
v 0.570286 0.570286 0.644000
v 0.475923 0.620234 0.644000
v 0.376110 0.651442 0.644000
v 0.276298 0.667042 0.644000
v 0.179967 0.671646 0.644000
v 0.088213 0.670042 0.644000
v 0.000000 0.665880 0.644000
v -0.086984 0.660710 0.644000
v -0.175137 0.653619 0.644000
v -0.265737 0.641546 0.644000
v -0.358082 0.620217 0.644000
v -0.449199 0.585407 0.644000
v -0.534230 0.534230 0.644000
v -0.607399 0.466074 0.644000
v -0.663295 0.382954 0.644000
v -0.698147 0.289182 0.644000
v -0.710733 0.190440 0.644000
v -0.702683 0.092510 0.644000
v -0.678087 0.000000 0.644000
v -0.642500 -0.084587 0.644000
v -0.601604 -0.161199 0.644000
v -0.559865 -0.231904 0.644000
v -0.519553 -0.299964 0.644000
v -0.480349 -0.368584 0.644000
v -0.439665 -0.439665 0.644000
v -0.393563 -0.512901 0.644000
v -0.338033 -0.585490 0.644000
v -0.270284 -0.652522 0.644000
v -0.189700 -0.707972 0.644000
v -0.098216 -0.746024 0.644000
v -0.000000 -0.762406 0.644000
v 0.099445 -0.755356 0.644000
v 0.194531 -0.725999 0.644000
v 0.280844 -0.678018 0.644000
v 0.356061 -0.616715 0.644000
v 0.420287 -0.547728 0.644000
v 0.475720 -0.475720 0.644000
v 0.525736 -0.403412 0.644000
v 0.573636 -0.331189 0.644000
v 0.621416 -0.257399 0.644000
v 0.668885 -0.179227 0.644000
v 0.713384 -0.093919 0.644000
v 0.694833 0.000000 0.690000
v 0.716475 0.094326 0.690000
v 0.720595 0.193083 0.690000
v 0.703632 0.291454 0.690000
v 0.664435 0.383612 0.690000
v 0.604610 0.463933 0.690000
v 0.528198 0.528198 0.690000
v 0.440799 0.574460 0.690000
v 0.348353 0.603364 0.690000
v 0.255906 0.617813 0.690000
v 0.166685 0.622078 0.690000
v 0.081702 0.620592 0.690000
v 0.000000 0.616737 0.690000
v -0.080565 0.611949 0.690000
v -0.162211 0.605380 0.690000
v -0.246125 0.594199 0.690000
v -0.331655 0.574444 0.690000
v -0.416047 0.542203 0.690000
v -0.494803 0.494803 0.690000
v -0.562572 0.431677 0.690000
v -0.614343 0.354691 0.690000
v -0.646623 0.267840 0.690000
v -0.658280 0.176386 0.690000
v -0.650824 0.085683 0.690000
v -0.628043 0.000000 0.690000
v -0.595083 -0.078344 0.690000
v -0.557204 -0.149302 0.690000
v -0.518546 -0.214789 0.690000
v -0.481209 -0.277826 0.690000
v -0.444898 -0.341382 0.690000
v -0.407217 -0.407217 0.690000
v -0.364517 -0.475048 0.690000
v -0.313085 -0.542280 0.690000
v -0.250336 -0.604365 0.690000
v -0.175700 -0.655722 0.690000
v -0.090967 -0.690966 0.690000
v -0.000000 -0.706139 0.690000
v 0.092105 -0.699610 0.690000
v 0.180174 -0.672419 0.690000
v 0.260117 -0.627979 0.690000
v 0.329783 -0.571200 0.690000
v 0.389269 -0.507305 0.690000
v 0.440611 -0.440611 0.690000
v 0.486936 -0.373639 0.690000
v 0.531301 -0.306747 0.690000
v 0.575555 -0.238403 0.690000
v 0.619520 -0.166000 0.690000
v 0.660735 -0.086987 0.690000
v 0.630293 0.000000 0.736000
v 0.649925 0.085564 0.736000
v 0.653663 0.175148 0.736000
v 0.638275 0.264382 0.736000
v 0.602719 0.347980 0.736000
v 0.548451 0.420841 0.736000
v 0.479136 0.479136 0.736000
v 0.399855 0.521101 0.736000
v 0.315996 0.547321 0.736000
v 0.232136 0.560427 0.736000
v 0.151203 0.564296 0.736000
v 0.074114 0.562948 0.736000
v 0.000000 0.559451 0.736000
v -0.073081 0.555108 0.736000
v -0.147144 0.549149 0.736000
v -0.223264 0.539007 0.736000
v -0.300849 0.521086 0.736000
v -0.377402 0.491840 0.736000
v -0.448843 0.448843 0.736000
v -0.510317 0.391580 0.736000
v -0.557280 0.321745 0.736000
v -0.586561 0.242962 0.736000
v -0.597135 0.160002 0.736000
v -0.590372 0.077724 0.736000
v -0.569707 0.000000 0.736000
v -0.539808 -0.071067 0.736000
v -0.505448 -0.135434 0.736000
v -0.470381 -0.194838 0.736000
v -0.436512 -0.252020 0.736000
v -0.403573 -0.309673 0.736000
v -0.369392 -0.369392 0.736000
v -0.330659 -0.430923 0.736000
v -0.284004 -0.491910 0.736000
v -0.227084 -0.548228 0.736000
v -0.159380 -0.594815 0.736000
v -0.082518 -0.626786 0.736000
v -0.000000 -0.640549 0.736000
v 0.083550 -0.634626 0.736000
v 0.163439 -0.609962 0.736000
v 0.235956 -0.569649 0.736000
v 0.299151 -0.518144 0.736000
v 0.353111 -0.460184 0.736000
v 0.399685 -0.399685 0.736000
v 0.441707 -0.338934 0.736000
v 0.481951 -0.278255 0.736000
v 0.522094 -0.216259 0.736000
v 0.561976 -0.150581 0.736000
v 0.599362 -0.078908 0.736000
v 0.517064 0.000000 0.782000
v 0.533169 0.070193 0.782000
v 0.536235 0.143684 0.782000
v 0.523611 0.216887 0.782000
v 0.494443 0.285467 0.782000
v 0.449924 0.345239 0.782000
v 0.393061 0.393061 0.782000
v 0.328023 0.427488 0.782000
v 0.259228 0.448997 0.782000
v 0.190434 0.459749 0.782000
v 0.124040 0.462923 0.782000
v 0.060799 0.461817 0.782000
v 0.000000 0.458948 0.782000
v -0.059953 0.455385 0.782000
v -0.120710 0.450497 0.782000
v -0.183155 0.442176 0.782000
v -0.246803 0.427475 0.782000
v -0.309604 0.403483 0.782000
v -0.368210 0.368210 0.782000
v -0.418641 0.321234 0.782000
v -0.457167 0.263945 0.782000
v -0.481188 0.199315 0.782000
v -0.489862 0.131258 0.782000
v -0.484314 0.063761 0.782000
v -0.467362 0.000000 0.782000
v -0.442834 -0.058300 0.782000
v -0.414647 -0.111104 0.782000
v -0.385879 -0.159836 0.782000
v -0.358094 -0.206746 0.782000
v -0.331073 -0.254041 0.782000
v -0.303032 -0.303032 0.782000
v -0.271257 -0.353509 0.782000
v -0.232984 -0.403540 0.782000
v -0.186289 -0.449742 0.782000
v -0.130748 -0.487959 0.782000
v -0.067694 -0.514186 0.782000
v -0.000000 -0.525477 0.782000
v 0.068541 -0.520618 0.782000
v 0.134078 -0.500385 0.782000
v 0.193568 -0.467314 0.782000
v 0.245410 -0.425062 0.782000
v 0.289676 -0.377514 0.782000
v 0.327883 -0.327883 0.782000
v 0.362356 -0.278046 0.782000
v 0.395371 -0.228267 0.782000
v 0.428302 -0.177409 0.782000
v 0.461019 -0.123530 0.782000
v 0.491689 -0.064732 0.782000
v 0.361739 0.000000 0.828000
v 0.373006 0.049107 0.828000
v 0.375151 0.100521 0.828000
v 0.366320 0.151735 0.828000
v 0.345913 0.199713 0.828000
v 0.314768 0.241530 0.828000
v 0.274987 0.274987 0.828000
v 0.229485 0.299071 0.828000
v 0.181357 0.314119 0.828000
v 0.133228 0.321641 0.828000
v 0.086778 0.323862 0.828000
v 0.042535 0.323088 0.828000
v 0.000000 0.321081 0.828000
v -0.041943 0.318588 0.828000
v -0.084449 0.315169 0.828000
v -0.128136 0.309348 0.828000
v -0.172664 0.299063 0.828000
v -0.216599 0.282278 0.828000
v -0.257601 0.257601 0.828000
v -0.292882 0.224736 0.828000
v -0.319835 0.184657 0.828000
v -0.336640 0.139441 0.828000
v -0.342709 0.091829 0.828000
v -0.338827 0.044607 0.828000
v -0.326967 0.000000 0.828000
v -0.309808 -0.040787 0.828000
v -0.290088 -0.077729 0.828000
v -0.269962 -0.111822 0.828000
v -0.250523 -0.144640 0.828000
v -0.231620 -0.177728 0.828000
v -0.212002 -0.212002 0.828000
v -0.189772 -0.247316 0.828000
v -0.162996 -0.282318 0.828000
v -0.130328 -0.314640 0.828000
v -0.091472 -0.341377 0.828000
v -0.047359 -0.359726 0.828000
v -0.000000 -0.367625 0.828000
v 0.047951 -0.364226 0.828000
v 0.093801 -0.350070 0.828000
v 0.135420 -0.326934 0.828000
v 0.171689 -0.297374 0.828000
v 0.202658 -0.264109 0.828000
v 0.229388 -0.229388 0.828000
v 0.253505 -0.194521 0.828000
v 0.276602 -0.159696 0.828000
v 0.299641 -0.124115 0.828000
v 0.322530 -0.086422 0.828000
v 0.343987 -0.045287 0.828000
v 0.211775 0.000000 0.874000
v 0.218371 0.028749 0.874000
v 0.219627 0.058849 0.874000
v 0.214456 0.088831 0.874000
v 0.202510 0.116919 0.874000
v 0.184276 0.141400 0.874000
v 0.160987 0.160987 0.874000
v 0.134349 0.175087 0.874000
v 0.106173 0.183896 0.874000
v 0.077996 0.188300 0.874000
v 0.050803 0.189600 0.874000
v 0.024902 0.189147 0.874000
v 0.000000 0.187972 0.874000
v -0.024555 0.186513 0.874000
v -0.049440 0.184511 0.874000
v -0.075015 0.181103 0.874000
v -0.101084 0.175082 0.874000
v -0.126805 0.165255 0.874000
v -0.150809 0.150809 0.874000
v -0.171463 0.131569 0.874000
v -0.187243 0.108105 0.874000
v -0.197081 0.081634 0.874000
v -0.200634 0.053760 0.874000
v -0.198361 0.026115 0.874000
v -0.191418 0.000000 0.874000
v -0.181372 -0.023878 0.874000
v -0.169828 -0.045505 0.874000
v -0.158045 -0.065464 0.874000
v -0.146665 -0.084677 0.874000
v -0.135598 -0.104048 0.874000
v -0.124114 -0.124114 0.874000
v -0.111099 -0.144787 0.874000
v -0.095424 -0.165279 0.874000
v -0.076299 -0.184201 0.874000
v -0.053551 -0.199854 0.874000
v -0.027726 -0.210596 0.874000
v -0.000000 -0.215221 0.874000
v 0.028072 -0.213231 0.874000
v 0.054914 -0.204943 0.874000
v 0.079280 -0.191399 0.874000
v 0.100513 -0.174093 0.874000
v 0.118643 -0.154619 0.874000
v 0.134292 -0.134292 0.874000
v 0.148411 -0.113880 0.874000
v 0.161933 -0.093492 0.874000
v 0.175420 -0.072662 0.874000
v 0.188820 -0.050594 0.874000
v 0.201382 -0.026512 0.874000
v 0.000000 0.000000 0.920000
v 0.000000 0.000000 0.920000
v 0.000000 0.000000 0.920000
v 0.000000 0.000000 0.920000
v 0.000000 0.000000 0.920000
v 0.000000 0.000000 0.920000
v 0.000000 0.000000 0.920000
v 0.000000 0.000000 0.920000
v 0.000000 0.000000 0.920000
v 0.000000 0.000000 0.920000
v 0.000000 0.000000 0.920000
v 0.000000 0.000000 0.920000
v 0.000000 0.000000 0.920000
v -0.000000 0.000000 0.920000
v -0.000000 0.000000 0.920000
v -0.000000 0.000000 0.920000
v -0.000000 0.000000 0.920000
v -0.000000 0.000000 0.920000
v -0.000000 0.000000 0.920000
v -0.000000 0.000000 0.920000
v -0.000000 0.000000 0.920000
v -0.000000 0.000000 0.920000
v -0.000000 0.000000 0.920000
v -0.000000 0.000000 0.920000
v -0.000000 0.000000 0.920000
v -0.000000 -0.000000 0.920000
v -0.000000 -0.000000 0.920000
v -0.000000 -0.000000 0.920000
v -0.000000 -0.000000 0.920000
v -0.000000 -0.000000 0.920000
v -0.000000 -0.000000 0.920000
v -0.000000 -0.000000 0.920000
v -0.000000 -0.000000 0.920000
v -0.000000 -0.000000 0.920000
v -0.000000 -0.000000 0.920000
v -0.000000 -0.000000 0.920000
v -0.000000 -0.000000 0.920000
v 0.000000 -0.000000 0.920000
v 0.000000 -0.000000 0.920000
v 0.000000 -0.000000 0.920000
v 0.000000 -0.000000 0.920000
v 0.000000 -0.000000 0.920000
v 0.000000 -0.000000 0.920000
v 0.000000 -0.000000 0.920000
v 0.000000 -0.000000 0.920000
v 0.000000 -0.000000 0.920000
v 0.000000 -0.000000 0.920000
v 0.000000 -0.000000 0.920000
v 0.045000 0.000000 0.900000
v 0.031820 0.031820 0.900000
v 0.000000 0.045000 0.900000
v -0.031820 0.031820 0.900000
v -0.045000 0.000000 0.900000
v -0.031820 -0.031820 0.900000
v -0.000000 -0.045000 0.900000
v 0.031820 -0.031820 0.900000
v 0.022500 0.000000 1.120000
v 0.015910 0.015910 1.120000
v 0.000000 0.022500 1.120000
v -0.015910 0.015910 1.120000
v -0.022500 0.000000 1.120000
v -0.015910 -0.015910 1.120000
v -0.000000 -0.022500 1.120000
v 0.015910 -0.015910 1.120000
vt 0.000000 0.000000
vt 0.020833 0.000000
vt 0.041667 0.000000
vt 0.062500 0.000000
vt 0.083333 0.000000
vt 0.104167 0.000000
vt 0.125000 0.000000
vt 0.145833 0.000000
vt 0.166667 0.000000
vt 0.187500 0.000000
vt 0.208333 0.000000
vt 0.229167 0.000000
vt 0.250000 0.000000
vt 0.270833 0.000000
vt 0.291667 0.000000
vt 0.312500 0.000000
vt 0.333333 0.000000
vt 0.354167 0.000000
vt 0.375000 0.000000
vt 0.395833 0.000000
vt 0.416667 0.000000
vt 0.437500 0.000000
vt 0.458333 0.000000
vt 0.479167 0.000000
vt 0.500000 0.000000
vt 0.520833 0.000000
vt 0.541667 0.000000
vt 0.562500 0.000000
vt 0.583333 0.000000
vt 0.604167 0.000000
vt 0.625000 0.000000
vt 0.645833 0.000000
vt 0.666667 0.000000
vt 0.687500 0.000000
vt 0.708333 0.000000
vt 0.729167 0.000000
vt 0.750000 0.000000
vt 0.770833 0.000000
vt 0.791667 0.000000
vt 0.812500 0.000000
vt 0.833333 0.000000
vt 0.854167 0.000000
vt 0.875000 0.000000
vt 0.895833 0.000000
vt 0.916667 0.000000
vt 0.937500 0.000000
vt 0.958333 0.000000
vt 0.979167 0.000000
vt 0.000000 0.025000
vt 0.020833 0.025000
vt 0.041667 0.025000
vt 0.062500 0.025000
vt 0.083333 0.025000
vt 0.104167 0.025000
vt 0.125000 0.025000
vt 0.145833 0.025000
vt 0.166667 0.025000
vt 0.187500 0.025000
vt 0.208333 0.025000
vt 0.229167 0.025000
vt 0.250000 0.025000
vt 0.270833 0.025000
vt 0.291667 0.025000
vt 0.312500 0.025000
vt 0.333333 0.025000
vt 0.354167 0.025000
vt 0.375000 0.025000
vt 0.395833 0.025000
vt 0.416667 0.025000
vt 0.437500 0.025000
vt 0.458333 0.025000
vt 0.479167 0.025000
vt 0.500000 0.025000
vt 0.520833 0.025000
vt 0.541667 0.025000
vt 0.562500 0.025000
vt 0.583333 0.025000
vt 0.604167 0.025000
vt 0.625000 0.025000
vt 0.645833 0.025000
vt 0.666667 0.025000
vt 0.687500 0.025000
vt 0.708333 0.025000
vt 0.729167 0.025000
vt 0.750000 0.025000
vt 0.770833 0.025000
vt 0.791667 0.025000
vt 0.812500 0.025000
vt 0.833333 0.025000
vt 0.854167 0.025000
vt 0.875000 0.025000
vt 0.895833 0.025000
vt 0.916667 0.025000
vt 0.937500 0.025000
vt 0.958333 0.025000
vt 0.979167 0.025000
vt 0.000000 0.050000
vt 0.020833 0.050000
vt 0.041667 0.050000
vt 0.062500 0.050000
vt 0.083333 0.050000
vt 0.104167 0.050000
vt 0.125000 0.050000
vt 0.145833 0.050000
vt 0.166667 0.050000
vt 0.187500 0.050000
vt 0.208333 0.050000
vt 0.229167 0.050000
vt 0.250000 0.050000
vt 0.270833 0.050000
vt 0.291667 0.050000
vt 0.312500 0.050000
vt 0.333333 0.050000
vt 0.354167 0.050000
vt 0.375000 0.050000
vt 0.395833 0.050000
vt 0.416667 0.050000
vt 0.437500 0.050000
vt 0.458333 0.050000
vt 0.479167 0.050000
vt 0.500000 0.050000
vt 0.520833 0.050000
vt 0.541667 0.050000
vt 0.562500 0.050000
vt 0.583333 0.050000
vt 0.604167 0.050000
vt 0.625000 0.050000
vt 0.645833 0.050000
vt 0.666667 0.050000
vt 0.687500 0.050000
vt 0.708333 0.050000
vt 0.729167 0.050000
vt 0.750000 0.050000
vt 0.770833 0.050000
vt 0.791667 0.050000
vt 0.812500 0.050000
vt 0.833333 0.050000
vt 0.854167 0.050000
vt 0.875000 0.050000
vt 0.895833 0.050000
vt 0.916667 0.050000
vt 0.937500 0.050000
vt 0.958333 0.050000
vt 0.979167 0.050000
vt 0.000000 0.075000
vt 0.020833 0.075000
vt 0.041667 0.075000
vt 0.062500 0.075000
vt 0.083333 0.075000
vt 0.104167 0.075000
vt 0.125000 0.075000
vt 0.145833 0.075000
vt 0.166667 0.075000
vt 0.187500 0.075000
vt 0.208333 0.075000
vt 0.229167 0.075000
vt 0.250000 0.075000
vt 0.270833 0.075000
vt 0.291667 0.075000
vt 0.312500 0.075000
vt 0.333333 0.075000
vt 0.354167 0.075000
vt 0.375000 0.075000
vt 0.395833 0.075000
vt 0.416667 0.075000
vt 0.437500 0.075000
vt 0.458333 0.075000
vt 0.479167 0.075000
vt 0.500000 0.075000
vt 0.520833 0.075000
vt 0.541667 0.075000
vt 0.562500 0.075000
vt 0.583333 0.075000
vt 0.604167 0.075000
vt 0.625000 0.075000
vt 0.645833 0.075000
vt 0.666667 0.075000
vt 0.687500 0.075000
vt 0.708333 0.075000
vt 0.729167 0.075000
vt 0.750000 0.075000
vt 0.770833 0.075000
vt 0.791667 0.075000
vt 0.812500 0.075000
vt 0.833333 0.075000
vt 0.854167 0.075000
vt 0.875000 0.075000
vt 0.895833 0.075000
vt 0.916667 0.075000
vt 0.937500 0.075000
vt 0.958333 0.075000
vt 0.979167 0.075000
vt 0.000000 0.100000
vt 0.020833 0.100000
vt 0.041667 0.100000
vt 0.062500 0.100000
vt 0.083333 0.100000
vt 0.104167 0.100000
vt 0.125000 0.100000
vt 0.145833 0.100000
vt 0.166667 0.100000
vt 0.187500 0.100000
vt 0.208333 0.100000
vt 0.229167 0.100000
vt 0.250000 0.100000
vt 0.270833 0.100000
vt 0.291667 0.100000
vt 0.312500 0.100000
vt 0.333333 0.100000
vt 0.354167 0.100000
vt 0.375000 0.100000
vt 0.395833 0.100000
vt 0.416667 0.100000
vt 0.437500 0.100000
vt 0.458333 0.100000
vt 0.479167 0.100000
vt 0.500000 0.100000
vt 0.520833 0.100000
vt 0.541667 0.100000
vt 0.562500 0.100000
vt 0.583333 0.100000
vt 0.604167 0.100000
vt 0.625000 0.100000
vt 0.645833 0.100000
vt 0.666667 0.100000
vt 0.687500 0.100000
vt 0.708333 0.100000
vt 0.729167 0.100000
vt 0.750000 0.100000
vt 0.770833 0.100000
vt 0.791667 0.100000
vt 0.812500 0.100000
vt 0.833333 0.100000
vt 0.854167 0.100000
vt 0.875000 0.100000
vt 0.895833 0.100000
vt 0.916667 0.100000
vt 0.937500 0.100000
vt 0.958333 0.100000
vt 0.979167 0.100000
vt 0.000000 0.125000
vt 0.020833 0.125000
vt 0.041667 0.125000
vt 0.062500 0.125000
vt 0.083333 0.125000
vt 0.104167 0.125000
vt 0.125000 0.125000
vt 0.145833 0.125000
vt 0.166667 0.125000
vt 0.187500 0.125000
vt 0.208333 0.125000
vt 0.229167 0.125000
vt 0.250000 0.125000
vt 0.270833 0.125000
vt 0.291667 0.125000
vt 0.312500 0.125000
vt 0.333333 0.125000
vt 0.354167 0.125000
vt 0.375000 0.125000
vt 0.395833 0.125000
vt 0.416667 0.125000
vt 0.437500 0.125000
vt 0.458333 0.125000
vt 0.479167 0.125000
vt 0.500000 0.125000
vt 0.520833 0.125000
vt 0.541667 0.125000
vt 0.562500 0.125000
vt 0.583333 0.125000
vt 0.604167 0.125000
vt 0.625000 0.125000
vt 0.645833 0.125000
vt 0.666667 0.125000
vt 0.687500 0.125000
vt 0.708333 0.125000
vt 0.729167 0.125000
vt 0.750000 0.125000
vt 0.770833 0.125000
vt 0.791667 0.125000
vt 0.812500 0.125000
vt 0.833333 0.125000
vt 0.854167 0.125000
vt 0.875000 0.125000
vt 0.895833 0.125000
vt 0.916667 0.125000
vt 0.937500 0.125000
vt 0.958333 0.125000
vt 0.979167 0.125000
vt 0.000000 0.150000
vt 0.020833 0.150000
vt 0.041667 0.150000
vt 0.062500 0.150000
vt 0.083333 0.150000
vt 0.104167 0.150000
vt 0.125000 0.150000
vt 0.145833 0.150000
vt 0.166667 0.150000
vt 0.187500 0.150000
vt 0.208333 0.150000
vt 0.229167 0.150000
vt 0.250000 0.150000
vt 0.270833 0.150000
vt 0.291667 0.150000
vt 0.312500 0.150000
vt 0.333333 0.150000
vt 0.354167 0.150000
vt 0.375000 0.150000
vt 0.395833 0.150000
vt 0.416667 0.150000
vt 0.437500 0.150000
vt 0.458333 0.150000
vt 0.479167 0.150000
vt 0.500000 0.150000
vt 0.520833 0.150000
vt 0.541667 0.150000
vt 0.562500 0.150000
vt 0.583333 0.150000
vt 0.604167 0.150000
vt 0.625000 0.150000
vt 0.645833 0.150000
vt 0.666667 0.150000
vt 0.687500 0.150000
vt 0.708333 0.150000
vt 0.729167 0.150000
vt 0.750000 0.150000
vt 0.770833 0.150000
vt 0.791667 0.150000
vt 0.812500 0.150000
vt 0.833333 0.150000
vt 0.854167 0.150000
vt 0.875000 0.150000
vt 0.895833 0.150000
vt 0.916667 0.150000
vt 0.937500 0.150000
vt 0.958333 0.150000
vt 0.979167 0.150000
vt 0.000000 0.175000
vt 0.020833 0.175000
vt 0.041667 0.175000
vt 0.062500 0.175000
vt 0.083333 0.175000
vt 0.104167 0.175000
vt 0.125000 0.175000
vt 0.145833 0.175000
vt 0.166667 0.175000
vt 0.187500 0.175000
vt 0.208333 0.175000
vt 0.229167 0.175000
vt 0.250000 0.175000
vt 0.270833 0.175000
vt 0.291667 0.175000
vt 0.312500 0.175000
vt 0.333333 0.175000
vt 0.354167 0.175000
vt 0.375000 0.175000
vt 0.395833 0.175000
vt 0.416667 0.175000
vt 0.437500 0.175000
vt 0.458333 0.175000
vt 0.479167 0.175000
vt 0.500000 0.175000
vt 0.520833 0.175000
vt 0.541667 0.175000
vt 0.562500 0.175000
vt 0.583333 0.175000
vt 0.604167 0.175000
vt 0.625000 0.175000
vt 0.645833 0.175000
vt 0.666667 0.175000
vt 0.687500 0.175000
vt 0.708333 0.175000
vt 0.729167 0.175000
vt 0.750000 0.175000
vt 0.770833 0.175000
vt 0.791667 0.175000
vt 0.812500 0.175000
vt 0.833333 0.175000
vt 0.854167 0.175000
vt 0.875000 0.175000
vt 0.895833 0.175000
vt 0.916667 0.175000
vt 0.937500 0.175000
vt 0.958333 0.175000
vt 0.979167 0.175000
vt 0.000000 0.200000
vt 0.020833 0.200000
vt 0.041667 0.200000
vt 0.062500 0.200000
vt 0.083333 0.200000
vt 0.104167 0.200000
vt 0.125000 0.200000
vt 0.145833 0.200000
vt 0.166667 0.200000
vt 0.187500 0.200000
vt 0.208333 0.200000
vt 0.229167 0.200000
vt 0.250000 0.200000
vt 0.270833 0.200000
vt 0.291667 0.200000
vt 0.312500 0.200000
vt 0.333333 0.200000
vt 0.354167 0.200000
vt 0.375000 0.200000
vt 0.395833 0.200000
vt 0.416667 0.200000
vt 0.437500 0.200000
vt 0.458333 0.200000
vt 0.479167 0.200000
vt 0.500000 0.200000
vt 0.520833 0.200000
vt 0.541667 0.200000
vt 0.562500 0.200000
vt 0.583333 0.200000
vt 0.604167 0.200000
vt 0.625000 0.200000
vt 0.645833 0.200000
vt 0.666667 0.200000
vt 0.687500 0.200000
vt 0.708333 0.200000
vt 0.729167 0.200000
vt 0.750000 0.200000
vt 0.770833 0.200000
vt 0.791667 0.200000
vt 0.812500 0.200000
vt 0.833333 0.200000
vt 0.854167 0.200000
vt 0.875000 0.200000
vt 0.895833 0.200000
vt 0.916667 0.200000
vt 0.937500 0.200000
vt 0.958333 0.200000
vt 0.979167 0.200000
vt 0.000000 0.225000
vt 0.020833 0.225000
vt 0.041667 0.225000
vt 0.062500 0.225000
vt 0.083333 0.225000
vt 0.104167 0.225000
vt 0.125000 0.225000
vt 0.145833 0.225000
vt 0.166667 0.225000
vt 0.187500 0.225000
vt 0.208333 0.225000
vt 0.229167 0.225000
vt 0.250000 0.225000
vt 0.270833 0.225000
vt 0.291667 0.225000
vt 0.312500 0.225000
vt 0.333333 0.225000
vt 0.354167 0.225000
vt 0.375000 0.225000
vt 0.395833 0.225000
vt 0.416667 0.225000
vt 0.437500 0.225000
vt 0.458333 0.225000
vt 0.479167 0.225000
vt 0.500000 0.225000
vt 0.520833 0.225000
vt 0.541667 0.225000
vt 0.562500 0.225000
vt 0.583333 0.225000
vt 0.604167 0.225000
vt 0.625000 0.225000
vt 0.645833 0.225000
vt 0.666667 0.225000
vt 0.687500 0.225000
vt 0.708333 0.225000
vt 0.729167 0.225000
vt 0.750000 0.225000
vt 0.770833 0.225000
vt 0.791667 0.225000
vt 0.812500 0.225000
vt 0.833333 0.225000
vt 0.854167 0.225000
vt 0.875000 0.225000
vt 0.895833 0.225000
vt 0.916667 0.225000
vt 0.937500 0.225000
vt 0.958333 0.225000
vt 0.979167 0.225000
vt 0.000000 0.250000
vt 0.020833 0.250000
vt 0.041667 0.250000
vt 0.062500 0.250000
vt 0.083333 0.250000
vt 0.104167 0.250000
vt 0.125000 0.250000
vt 0.145833 0.250000
vt 0.166667 0.250000
vt 0.187500 0.250000
vt 0.208333 0.250000
vt 0.229167 0.250000
vt 0.250000 0.250000
vt 0.270833 0.250000
vt 0.291667 0.250000
vt 0.312500 0.250000
vt 0.333333 0.250000
vt 0.354167 0.250000
vt 0.375000 0.250000
vt 0.395833 0.250000
vt 0.416667 0.250000
vt 0.437500 0.250000
vt 0.458333 0.250000
vt 0.479167 0.250000
vt 0.500000 0.250000
vt 0.520833 0.250000
vt 0.541667 0.250000
vt 0.562500 0.250000
vt 0.583333 0.250000
vt 0.604167 0.250000
vt 0.625000 0.250000
vt 0.645833 0.250000
vt 0.666667 0.250000
vt 0.687500 0.250000
vt 0.708333 0.250000
vt 0.729167 0.250000
vt 0.750000 0.250000
vt 0.770833 0.250000
vt 0.791667 0.250000
vt 0.812500 0.250000
vt 0.833333 0.250000
vt 0.854167 0.250000
vt 0.875000 0.250000
vt 0.895833 0.250000
vt 0.916667 0.250000
vt 0.937500 0.250000
vt 0.958333 0.250000
vt 0.979167 0.250000
vt 0.000000 0.275000
vt 0.020833 0.275000
vt 0.041667 0.275000
vt 0.062500 0.275000
vt 0.083333 0.275000
vt 0.104167 0.275000
vt 0.125000 0.275000
vt 0.145833 0.275000
vt 0.166667 0.275000
vt 0.187500 0.275000
vt 0.208333 0.275000
vt 0.229167 0.275000
vt 0.250000 0.275000
vt 0.270833 0.275000
vt 0.291667 0.275000
vt 0.312500 0.275000
vt 0.333333 0.275000
vt 0.354167 0.275000
vt 0.375000 0.275000
vt 0.395833 0.275000
vt 0.416667 0.275000
vt 0.437500 0.275000
vt 0.458333 0.275000
vt 0.479167 0.275000
vt 0.500000 0.275000
vt 0.520833 0.275000
vt 0.541667 0.275000
vt 0.562500 0.275000
vt 0.583333 0.275000
vt 0.604167 0.275000
vt 0.625000 0.275000
vt 0.645833 0.275000
vt 0.666667 0.275000
vt 0.687500 0.275000
vt 0.708333 0.275000
vt 0.729167 0.275000
vt 0.750000 0.275000
vt 0.770833 0.275000
vt 0.791667 0.275000
vt 0.812500 0.275000
vt 0.833333 0.275000
vt 0.854167 0.275000
vt 0.875000 0.275000
vt 0.895833 0.275000
vt 0.916667 0.275000
vt 0.937500 0.275000
vt 0.958333 0.275000
vt 0.979167 0.275000
vt 0.000000 0.300000
vt 0.020833 0.300000
vt 0.041667 0.300000
vt 0.062500 0.300000
vt 0.083333 0.300000
vt 0.104167 0.300000
vt 0.125000 0.300000
vt 0.145833 0.300000
vt 0.166667 0.300000
vt 0.187500 0.300000
vt 0.208333 0.300000
vt 0.229167 0.300000
vt 0.250000 0.300000
vt 0.270833 0.300000
vt 0.291667 0.300000
vt 0.312500 0.300000
vt 0.333333 0.300000
vt 0.354167 0.300000
vt 0.375000 0.300000
vt 0.395833 0.300000
vt 0.416667 0.300000
vt 0.437500 0.300000
vt 0.458333 0.300000
vt 0.479167 0.300000
vt 0.500000 0.300000
vt 0.520833 0.300000
vt 0.541667 0.300000
vt 0.562500 0.300000
vt 0.583333 0.300000
vt 0.604167 0.300000
vt 0.625000 0.300000
vt 0.645833 0.300000
vt 0.666667 0.300000
vt 0.687500 0.300000
vt 0.708333 0.300000
vt 0.729167 0.300000
vt 0.750000 0.300000
vt 0.770833 0.300000
vt 0.791667 0.300000
vt 0.812500 0.300000
vt 0.833333 0.300000
vt 0.854167 0.300000
vt 0.875000 0.300000
vt 0.895833 0.300000
vt 0.916667 0.300000
vt 0.937500 0.300000
vt 0.958333 0.300000
vt 0.979167 0.300000
vt 0.000000 0.325000
vt 0.020833 0.325000
vt 0.041667 0.325000
vt 0.062500 0.325000
vt 0.083333 0.325000
vt 0.104167 0.325000
vt 0.125000 0.325000
vt 0.145833 0.325000
vt 0.166667 0.325000
vt 0.187500 0.325000
vt 0.208333 0.325000
vt 0.229167 0.325000
vt 0.250000 0.325000
vt 0.270833 0.325000
vt 0.291667 0.325000
vt 0.312500 0.325000
vt 0.333333 0.325000
vt 0.354167 0.325000
vt 0.375000 0.325000
vt 0.395833 0.325000
vt 0.416667 0.325000
vt 0.437500 0.325000
vt 0.458333 0.325000
vt 0.479167 0.325000
vt 0.500000 0.325000
vt 0.520833 0.325000
vt 0.541667 0.325000
vt 0.562500 0.325000
vt 0.583333 0.325000
vt 0.604167 0.325000
vt 0.625000 0.325000
vt 0.645833 0.325000
vt 0.666667 0.325000
vt 0.687500 0.325000
vt 0.708333 0.325000
vt 0.729167 0.325000
vt 0.750000 0.325000
vt 0.770833 0.325000
vt 0.791667 0.325000
vt 0.812500 0.325000
vt 0.833333 0.325000
vt 0.854167 0.325000
vt 0.875000 0.325000
vt 0.895833 0.325000
vt 0.916667 0.325000
vt 0.937500 0.325000
vt 0.958333 0.325000
vt 0.979167 0.325000
vt 0.000000 0.350000
vt 0.020833 0.350000
vt 0.041667 0.350000
vt 0.062500 0.350000
vt 0.083333 0.350000
vt 0.104167 0.350000
vt 0.125000 0.350000
vt 0.145833 0.350000
vt 0.166667 0.350000
vt 0.187500 0.350000
vt 0.208333 0.350000
vt 0.229167 0.350000
vt 0.250000 0.350000
vt 0.270833 0.350000
vt 0.291667 0.350000
vt 0.312500 0.350000
vt 0.333333 0.350000
vt 0.354167 0.350000
vt 0.375000 0.350000
vt 0.395833 0.350000
vt 0.416667 0.350000
vt 0.437500 0.350000
vt 0.458333 0.350000
vt 0.479167 0.350000
vt 0.500000 0.350000
vt 0.520833 0.350000
vt 0.541667 0.350000
vt 0.562500 0.350000
vt 0.583333 0.350000
vt 0.604167 0.350000
vt 0.625000 0.350000
vt 0.645833 0.350000
vt 0.666667 0.350000
vt 0.687500 0.350000
vt 0.708333 0.350000
vt 0.729167 0.350000
vt 0.750000 0.350000
vt 0.770833 0.350000
vt 0.791667 0.350000
vt 0.812500 0.350000
vt 0.833333 0.350000
vt 0.854167 0.350000
vt 0.875000 0.350000
vt 0.895833 0.350000
vt 0.916667 0.350000
vt 0.937500 0.350000
vt 0.958333 0.350000
vt 0.979167 0.350000
vt 0.000000 0.375000
vt 0.020833 0.375000
vt 0.041667 0.375000
vt 0.062500 0.375000
vt 0.083333 0.375000
vt 0.104167 0.375000
vt 0.125000 0.375000
vt 0.145833 0.375000
vt 0.166667 0.375000
vt 0.187500 0.375000
vt 0.208333 0.375000
vt 0.229167 0.375000
vt 0.250000 0.375000
vt 0.270833 0.375000
vt 0.291667 0.375000
vt 0.312500 0.375000
vt 0.333333 0.375000
vt 0.354167 0.375000
vt 0.375000 0.375000
vt 0.395833 0.375000
vt 0.416667 0.375000
vt 0.437500 0.375000
vt 0.458333 0.375000
vt 0.479167 0.375000
vt 0.500000 0.375000
vt 0.520833 0.375000
vt 0.541667 0.375000
vt 0.562500 0.375000
vt 0.583333 0.375000
vt 0.604167 0.375000
vt 0.625000 0.375000
vt 0.645833 0.375000
vt 0.666667 0.375000
vt 0.687500 0.375000
vt 0.708333 0.375000
vt 0.729167 0.375000
vt 0.750000 0.375000
vt 0.770833 0.375000
vt 0.791667 0.375000
vt 0.812500 0.375000
vt 0.833333 0.375000
vt 0.854167 0.375000
vt 0.875000 0.375000
vt 0.895833 0.375000
vt 0.916667 0.375000
vt 0.937500 0.375000
vt 0.958333 0.375000
vt 0.979167 0.375000
vt 0.000000 0.400000
vt 0.020833 0.400000
vt 0.041667 0.400000
vt 0.062500 0.400000
vt 0.083333 0.400000
vt 0.104167 0.400000
vt 0.125000 0.400000
vt 0.145833 0.400000
vt 0.166667 0.400000
vt 0.187500 0.400000
vt 0.208333 0.400000
vt 0.229167 0.400000
vt 0.250000 0.400000
vt 0.270833 0.400000
vt 0.291667 0.400000
vt 0.312500 0.400000
vt 0.333333 0.400000
vt 0.354167 0.400000
vt 0.375000 0.400000
vt 0.395833 0.400000
vt 0.416667 0.400000
vt 0.437500 0.400000
vt 0.458333 0.400000
vt 0.479167 0.400000
vt 0.500000 0.400000
vt 0.520833 0.400000
vt 0.541667 0.400000
vt 0.562500 0.400000
vt 0.583333 0.400000
vt 0.604167 0.400000
vt 0.625000 0.400000
vt 0.645833 0.400000
vt 0.666667 0.400000
vt 0.687500 0.400000
vt 0.708333 0.400000
vt 0.729167 0.400000
vt 0.750000 0.400000
vt 0.770833 0.400000
vt 0.791667 0.400000
vt 0.812500 0.400000
vt 0.833333 0.400000
vt 0.854167 0.400000
vt 0.875000 0.400000
vt 0.895833 0.400000
vt 0.916667 0.400000
vt 0.937500 0.400000
vt 0.958333 0.400000
vt 0.979167 0.400000
vt 0.000000 0.425000
vt 0.020833 0.425000
vt 0.041667 0.425000
vt 0.062500 0.425000
vt 0.083333 0.425000
vt 0.104167 0.425000
vt 0.125000 0.425000
vt 0.145833 0.425000
vt 0.166667 0.425000
vt 0.187500 0.425000
vt 0.208333 0.425000
vt 0.229167 0.425000
vt 0.250000 0.425000
vt 0.270833 0.425000
vt 0.291667 0.425000
vt 0.312500 0.425000
vt 0.333333 0.425000
vt 0.354167 0.425000
vt 0.375000 0.425000
vt 0.395833 0.425000
vt 0.416667 0.425000
vt 0.437500 0.425000
vt 0.458333 0.425000
vt 0.479167 0.425000
vt 0.500000 0.425000
vt 0.520833 0.425000
vt 0.541667 0.425000
vt 0.562500 0.425000
vt 0.583333 0.425000
vt 0.604167 0.425000
vt 0.625000 0.425000
vt 0.645833 0.425000
vt 0.666667 0.425000
vt 0.687500 0.425000
vt 0.708333 0.425000
vt 0.729167 0.425000
vt 0.750000 0.425000
vt 0.770833 0.425000
vt 0.791667 0.425000
vt 0.812500 0.425000
vt 0.833333 0.425000
vt 0.854167 0.425000
vt 0.875000 0.425000
vt 0.895833 0.425000
vt 0.916667 0.425000
vt 0.937500 0.425000
vt 0.958333 0.425000
vt 0.979167 0.425000
vt 0.000000 0.450000
vt 0.020833 0.450000
vt 0.041667 0.450000
vt 0.062500 0.450000
vt 0.083333 0.450000
vt 0.104167 0.450000
vt 0.125000 0.450000
vt 0.145833 0.450000
vt 0.166667 0.450000
vt 0.187500 0.450000
vt 0.208333 0.450000
vt 0.229167 0.450000
vt 0.250000 0.450000
vt 0.270833 0.450000
vt 0.291667 0.450000
vt 0.312500 0.450000
vt 0.333333 0.450000
vt 0.354167 0.450000
vt 0.375000 0.450000
vt 0.395833 0.450000
vt 0.416667 0.450000
vt 0.437500 0.450000
vt 0.458333 0.450000
vt 0.479167 0.450000
vt 0.500000 0.450000
vt 0.520833 0.450000
vt 0.541667 0.450000
vt 0.562500 0.450000
vt 0.583333 0.450000
vt 0.604167 0.450000
vt 0.625000 0.450000
vt 0.645833 0.450000
vt 0.666667 0.450000
vt 0.687500 0.450000
vt 0.708333 0.450000
vt 0.729167 0.450000
vt 0.750000 0.450000
vt 0.770833 0.450000
vt 0.791667 0.450000
vt 0.812500 0.450000
vt 0.833333 0.450000
vt 0.854167 0.450000
vt 0.875000 0.450000
vt 0.895833 0.450000
vt 0.916667 0.450000
vt 0.937500 0.450000
vt 0.958333 0.450000
vt 0.979167 0.450000
vt 0.000000 0.475000
vt 0.020833 0.475000
vt 0.041667 0.475000
vt 0.062500 0.475000
vt 0.083333 0.475000
vt 0.104167 0.475000
vt 0.125000 0.475000
vt 0.145833 0.475000
vt 0.166667 0.475000
vt 0.187500 0.475000
vt 0.208333 0.475000
vt 0.229167 0.475000
vt 0.250000 0.475000
vt 0.270833 0.475000
vt 0.291667 0.475000
vt 0.312500 0.475000
vt 0.333333 0.475000
vt 0.354167 0.475000
vt 0.375000 0.475000
vt 0.395833 0.475000
vt 0.416667 0.475000
vt 0.437500 0.475000
vt 0.458333 0.475000
vt 0.479167 0.475000
vt 0.500000 0.475000
vt 0.520833 0.475000
vt 0.541667 0.475000
vt 0.562500 0.475000
vt 0.583333 0.475000
vt 0.604167 0.475000
vt 0.625000 0.475000
vt 0.645833 0.475000
vt 0.666667 0.475000
vt 0.687500 0.475000
vt 0.708333 0.475000
vt 0.729167 0.475000
vt 0.750000 0.475000
vt 0.770833 0.475000
vt 0.791667 0.475000
vt 0.812500 0.475000
vt 0.833333 0.475000
vt 0.854167 0.475000
vt 0.875000 0.475000
vt 0.895833 0.475000
vt 0.916667 0.475000
vt 0.937500 0.475000
vt 0.958333 0.475000
vt 0.979167 0.475000
vt 0.000000 0.500000
vt 0.020833 0.500000
vt 0.041667 0.500000
vt 0.062500 0.500000
vt 0.083333 0.500000
vt 0.104167 0.500000
vt 0.125000 0.500000
vt 0.145833 0.500000
vt 0.166667 0.500000
vt 0.187500 0.500000
vt 0.208333 0.500000
vt 0.229167 0.500000
vt 0.250000 0.500000
vt 0.270833 0.500000
vt 0.291667 0.500000
vt 0.312500 0.500000
vt 0.333333 0.500000
vt 0.354167 0.500000
vt 0.375000 0.500000
vt 0.395833 0.500000
vt 0.416667 0.500000
vt 0.437500 0.500000
vt 0.458333 0.500000
vt 0.479167 0.500000
vt 0.500000 0.500000
vt 0.520833 0.500000
vt 0.541667 0.500000
vt 0.562500 0.500000
vt 0.583333 0.500000
vt 0.604167 0.500000
vt 0.625000 0.500000
vt 0.645833 0.500000
vt 0.666667 0.500000
vt 0.687500 0.500000
vt 0.708333 0.500000
vt 0.729167 0.500000
vt 0.750000 0.500000
vt 0.770833 0.500000
vt 0.791667 0.500000
vt 0.812500 0.500000
vt 0.833333 0.500000
vt 0.854167 0.500000
vt 0.875000 0.500000
vt 0.895833 0.500000
vt 0.916667 0.500000
vt 0.937500 0.500000
vt 0.958333 0.500000
vt 0.979167 0.500000
vt 0.000000 0.525000
vt 0.020833 0.525000
vt 0.041667 0.525000
vt 0.062500 0.525000
vt 0.083333 0.525000
vt 0.104167 0.525000
vt 0.125000 0.525000
vt 0.145833 0.525000
vt 0.166667 0.525000
vt 0.187500 0.525000
vt 0.208333 0.525000
vt 0.229167 0.525000
vt 0.250000 0.525000
vt 0.270833 0.525000
vt 0.291667 0.525000
vt 0.312500 0.525000
vt 0.333333 0.525000
vt 0.354167 0.525000
vt 0.375000 0.525000
vt 0.395833 0.525000
vt 0.416667 0.525000
vt 0.437500 0.525000
vt 0.458333 0.525000
vt 0.479167 0.525000
vt 0.500000 0.525000
vt 0.520833 0.525000
vt 0.541667 0.525000
vt 0.562500 0.525000
vt 0.583333 0.525000
vt 0.604167 0.525000
vt 0.625000 0.525000
vt 0.645833 0.525000
vt 0.666667 0.525000
vt 0.687500 0.525000
vt 0.708333 0.525000
vt 0.729167 0.525000
vt 0.750000 0.525000
vt 0.770833 0.525000
vt 0.791667 0.525000
vt 0.812500 0.525000
vt 0.833333 0.525000
vt 0.854167 0.525000
vt 0.875000 0.525000
vt 0.895833 0.525000
vt 0.916667 0.525000
vt 0.937500 0.525000
vt 0.958333 0.525000
vt 0.979167 0.525000
vt 0.000000 0.550000
vt 0.020833 0.550000
vt 0.041667 0.550000
vt 0.062500 0.550000
vt 0.083333 0.550000
vt 0.104167 0.550000
vt 0.125000 0.550000
vt 0.145833 0.550000
vt 0.166667 0.550000
vt 0.187500 0.550000
vt 0.208333 0.550000
vt 0.229167 0.550000
vt 0.250000 0.550000
vt 0.270833 0.550000
vt 0.291667 0.550000
vt 0.312500 0.550000
vt 0.333333 0.550000
vt 0.354167 0.550000
vt 0.375000 0.550000
vt 0.395833 0.550000
vt 0.416667 0.550000
vt 0.437500 0.550000
vt 0.458333 0.550000
vt 0.479167 0.550000
vt 0.500000 0.550000
vt 0.520833 0.550000
vt 0.541667 0.550000
vt 0.562500 0.550000
vt 0.583333 0.550000
vt 0.604167 0.550000
vt 0.625000 0.550000
vt 0.645833 0.550000
vt 0.666667 0.550000
vt 0.687500 0.550000
vt 0.708333 0.550000
vt 0.729167 0.550000
vt 0.750000 0.550000
vt 0.770833 0.550000
vt 0.791667 0.550000
vt 0.812500 0.550000
vt 0.833333 0.550000
vt 0.854167 0.550000
vt 0.875000 0.550000
vt 0.895833 0.550000
vt 0.916667 0.550000
vt 0.937500 0.550000
vt 0.958333 0.550000
vt 0.979167 0.550000
vt 0.000000 0.575000
vt 0.020833 0.575000
vt 0.041667 0.575000
vt 0.062500 0.575000
vt 0.083333 0.575000
vt 0.104167 0.575000
vt 0.125000 0.575000
vt 0.145833 0.575000
vt 0.166667 0.575000
vt 0.187500 0.575000
vt 0.208333 0.575000
vt 0.229167 0.575000
vt 0.250000 0.575000
vt 0.270833 0.575000
vt 0.291667 0.575000
vt 0.312500 0.575000
vt 0.333333 0.575000
vt 0.354167 0.575000
vt 0.375000 0.575000
vt 0.395833 0.575000
vt 0.416667 0.575000
vt 0.437500 0.575000
vt 0.458333 0.575000
vt 0.479167 0.575000
vt 0.500000 0.575000
vt 0.520833 0.575000
vt 0.541667 0.575000
vt 0.562500 0.575000
vt 0.583333 0.575000
vt 0.604167 0.575000
vt 0.625000 0.575000
vt 0.645833 0.575000
vt 0.666667 0.575000
vt 0.687500 0.575000
vt 0.708333 0.575000
vt 0.729167 0.575000
vt 0.750000 0.575000
vt 0.770833 0.575000
vt 0.791667 0.575000
vt 0.812500 0.575000
vt 0.833333 0.575000
vt 0.854167 0.575000
vt 0.875000 0.575000
vt 0.895833 0.575000
vt 0.916667 0.575000
vt 0.937500 0.575000
vt 0.958333 0.575000
vt 0.979167 0.575000
vt 0.000000 0.600000
vt 0.020833 0.600000
vt 0.041667 0.600000
vt 0.062500 0.600000
vt 0.083333 0.600000
vt 0.104167 0.600000
vt 0.125000 0.600000
vt 0.145833 0.600000
vt 0.166667 0.600000
vt 0.187500 0.600000
vt 0.208333 0.600000
vt 0.229167 0.600000
vt 0.250000 0.600000
vt 0.270833 0.600000
vt 0.291667 0.600000
vt 0.312500 0.600000
vt 0.333333 0.600000
vt 0.354167 0.600000
vt 0.375000 0.600000
vt 0.395833 0.600000
vt 0.416667 0.600000
vt 0.437500 0.600000
vt 0.458333 0.600000
vt 0.479167 0.600000
vt 0.500000 0.600000
vt 0.520833 0.600000
vt 0.541667 0.600000
vt 0.562500 0.600000
vt 0.583333 0.600000
vt 0.604167 0.600000
vt 0.625000 0.600000
vt 0.645833 0.600000
vt 0.666667 0.600000
vt 0.687500 0.600000
vt 0.708333 0.600000
vt 0.729167 0.600000
vt 0.750000 0.600000
vt 0.770833 0.600000
vt 0.791667 0.600000
vt 0.812500 0.600000
vt 0.833333 0.600000
vt 0.854167 0.600000
vt 0.875000 0.600000
vt 0.895833 0.600000
vt 0.916667 0.600000
vt 0.937500 0.600000
vt 0.958333 0.600000
vt 0.979167 0.600000
vt 0.000000 0.625000
vt 0.020833 0.625000
vt 0.041667 0.625000
vt 0.062500 0.625000
vt 0.083333 0.625000
vt 0.104167 0.625000
vt 0.125000 0.625000
vt 0.145833 0.625000
vt 0.166667 0.625000
vt 0.187500 0.625000
vt 0.208333 0.625000
vt 0.229167 0.625000
vt 0.250000 0.625000
vt 0.270833 0.625000
vt 0.291667 0.625000
vt 0.312500 0.625000
vt 0.333333 0.625000
vt 0.354167 0.625000
vt 0.375000 0.625000
vt 0.395833 0.625000
vt 0.416667 0.625000
vt 0.437500 0.625000
vt 0.458333 0.625000
vt 0.479167 0.625000
vt 0.500000 0.625000
vt 0.520833 0.625000
vt 0.541667 0.625000
vt 0.562500 0.625000
vt 0.583333 0.625000
vt 0.604167 0.625000
vt 0.625000 0.625000
vt 0.645833 0.625000
vt 0.666667 0.625000
vt 0.687500 0.625000
vt 0.708333 0.625000
vt 0.729167 0.625000
vt 0.750000 0.625000
vt 0.770833 0.625000
vt 0.791667 0.625000
vt 0.812500 0.625000
vt 0.833333 0.625000
vt 0.854167 0.625000
vt 0.875000 0.625000
vt 0.895833 0.625000
vt 0.916667 0.625000
vt 0.937500 0.625000
vt 0.958333 0.625000
vt 0.979167 0.625000
vt 0.000000 0.650000
vt 0.020833 0.650000
vt 0.041667 0.650000
vt 0.062500 0.650000
vt 0.083333 0.650000
vt 0.104167 0.650000
vt 0.125000 0.650000
vt 0.145833 0.650000
vt 0.166667 0.650000
vt 0.187500 0.650000
vt 0.208333 0.650000
vt 0.229167 0.650000
vt 0.250000 0.650000
vt 0.270833 0.650000
vt 0.291667 0.650000
vt 0.312500 0.650000
vt 0.333333 0.650000
vt 0.354167 0.650000
vt 0.375000 0.650000
vt 0.395833 0.650000
vt 0.416667 0.650000
vt 0.437500 0.650000
vt 0.458333 0.650000
vt 0.479167 0.650000
vt 0.500000 0.650000
vt 0.520833 0.650000
vt 0.541667 0.650000
vt 0.562500 0.650000
vt 0.583333 0.650000
vt 0.604167 0.650000
vt 0.625000 0.650000
vt 0.645833 0.650000
vt 0.666667 0.650000
vt 0.687500 0.650000
vt 0.708333 0.650000
vt 0.729167 0.650000
vt 0.750000 0.650000
vt 0.770833 0.650000
vt 0.791667 0.650000
vt 0.812500 0.650000
vt 0.833333 0.650000
vt 0.854167 0.650000
vt 0.875000 0.650000
vt 0.895833 0.650000
vt 0.916667 0.650000
vt 0.937500 0.650000
vt 0.958333 0.650000
vt 0.979167 0.650000
vt 0.000000 0.675000
vt 0.020833 0.675000
vt 0.041667 0.675000
vt 0.062500 0.675000
vt 0.083333 0.675000
vt 0.104167 0.675000
vt 0.125000 0.675000
vt 0.145833 0.675000
vt 0.166667 0.675000
vt 0.187500 0.675000
vt 0.208333 0.675000
vt 0.229167 0.675000
vt 0.250000 0.675000
vt 0.270833 0.675000
vt 0.291667 0.675000
vt 0.312500 0.675000
vt 0.333333 0.675000
vt 0.354167 0.675000
vt 0.375000 0.675000
vt 0.395833 0.675000
vt 0.416667 0.675000
vt 0.437500 0.675000
vt 0.458333 0.675000
vt 0.479167 0.675000
vt 0.500000 0.675000
vt 0.520833 0.675000
vt 0.541667 0.675000
vt 0.562500 0.675000
vt 0.583333 0.675000
vt 0.604167 0.675000
vt 0.625000 0.675000
vt 0.645833 0.675000
vt 0.666667 0.675000
vt 0.687500 0.675000
vt 0.708333 0.675000
vt 0.729167 0.675000
vt 0.750000 0.675000
vt 0.770833 0.675000
vt 0.791667 0.675000
vt 0.812500 0.675000
vt 0.833333 0.675000
vt 0.854167 0.675000
vt 0.875000 0.675000
vt 0.895833 0.675000
vt 0.916667 0.675000
vt 0.937500 0.675000
vt 0.958333 0.675000
vt 0.979167 0.675000
vt 0.000000 0.700000
vt 0.020833 0.700000
vt 0.041667 0.700000
vt 0.062500 0.700000
vt 0.083333 0.700000
vt 0.104167 0.700000
vt 0.125000 0.700000
vt 0.145833 0.700000
vt 0.166667 0.700000
vt 0.187500 0.700000
vt 0.208333 0.700000
vt 0.229167 0.700000
vt 0.250000 0.700000
vt 0.270833 0.700000
vt 0.291667 0.700000
vt 0.312500 0.700000
vt 0.333333 0.700000
vt 0.354167 0.700000
vt 0.375000 0.700000
vt 0.395833 0.700000
vt 0.416667 0.700000
vt 0.437500 0.700000
vt 0.458333 0.700000
vt 0.479167 0.700000
vt 0.500000 0.700000
vt 0.520833 0.700000
vt 0.541667 0.700000
vt 0.562500 0.700000
vt 0.583333 0.700000
vt 0.604167 0.700000
vt 0.625000 0.700000
vt 0.645833 0.700000
vt 0.666667 0.700000
vt 0.687500 0.700000
vt 0.708333 0.700000
vt 0.729167 0.700000
vt 0.750000 0.700000
vt 0.770833 0.700000
vt 0.791667 0.700000
vt 0.812500 0.700000
vt 0.833333 0.700000
vt 0.854167 0.700000
vt 0.875000 0.700000
vt 0.895833 0.700000
vt 0.916667 0.700000
vt 0.937500 0.700000
vt 0.958333 0.700000
vt 0.979167 0.700000
vt 0.000000 0.725000
vt 0.020833 0.725000
vt 0.041667 0.725000
vt 0.062500 0.725000
vt 0.083333 0.725000
vt 0.104167 0.725000
vt 0.125000 0.725000
vt 0.145833 0.725000
vt 0.166667 0.725000
vt 0.187500 0.725000
vt 0.208333 0.725000
vt 0.229167 0.725000
vt 0.250000 0.725000
vt 0.270833 0.725000
vt 0.291667 0.725000
vt 0.312500 0.725000
vt 0.333333 0.725000
vt 0.354167 0.725000
vt 0.375000 0.725000
vt 0.395833 0.725000
vt 0.416667 0.725000
vt 0.437500 0.725000
vt 0.458333 0.725000
vt 0.479167 0.725000
vt 0.500000 0.725000
vt 0.520833 0.725000
vt 0.541667 0.725000
vt 0.562500 0.725000
vt 0.583333 0.725000
vt 0.604167 0.725000
vt 0.625000 0.725000
vt 0.645833 0.725000
vt 0.666667 0.725000
vt 0.687500 0.725000
vt 0.708333 0.725000
vt 0.729167 0.725000
vt 0.750000 0.725000
vt 0.770833 0.725000
vt 0.791667 0.725000
vt 0.812500 0.725000
vt 0.833333 0.725000
vt 0.854167 0.725000
vt 0.875000 0.725000
vt 0.895833 0.725000
vt 0.916667 0.725000
vt 0.937500 0.725000
vt 0.958333 0.725000
vt 0.979167 0.725000
vt 0.000000 0.750000
vt 0.020833 0.750000
vt 0.041667 0.750000
vt 0.062500 0.750000
vt 0.083333 0.750000
vt 0.104167 0.750000
vt 0.125000 0.750000
vt 0.145833 0.750000
vt 0.166667 0.750000
vt 0.187500 0.750000
vt 0.208333 0.750000
vt 0.229167 0.750000
vt 0.250000 0.750000
vt 0.270833 0.750000
vt 0.291667 0.750000
vt 0.312500 0.750000
vt 0.333333 0.750000
vt 0.354167 0.750000
vt 0.375000 0.750000
vt 0.395833 0.750000
vt 0.416667 0.750000
vt 0.437500 0.750000
vt 0.458333 0.750000
vt 0.479167 0.750000
vt 0.500000 0.750000
vt 0.520833 0.750000
vt 0.541667 0.750000
vt 0.562500 0.750000
vt 0.583333 0.750000
vt 0.604167 0.750000
vt 0.625000 0.750000
vt 0.645833 0.750000
vt 0.666667 0.750000
vt 0.687500 0.750000
vt 0.708333 0.750000
vt 0.729167 0.750000
vt 0.750000 0.750000
vt 0.770833 0.750000
vt 0.791667 0.750000
vt 0.812500 0.750000
vt 0.833333 0.750000
vt 0.854167 0.750000
vt 0.875000 0.750000
vt 0.895833 0.750000
vt 0.916667 0.750000
vt 0.937500 0.750000
vt 0.958333 0.750000
vt 0.979167 0.750000
vt 0.000000 0.775000
vt 0.020833 0.775000
vt 0.041667 0.775000
vt 0.062500 0.775000
vt 0.083333 0.775000
vt 0.104167 0.775000
vt 0.125000 0.775000
vt 0.145833 0.775000
vt 0.166667 0.775000
vt 0.187500 0.775000
vt 0.208333 0.775000
vt 0.229167 0.775000
vt 0.250000 0.775000
vt 0.270833 0.775000
vt 0.291667 0.775000
vt 0.312500 0.775000
vt 0.333333 0.775000
vt 0.354167 0.775000
vt 0.375000 0.775000
vt 0.395833 0.775000
vt 0.416667 0.775000
vt 0.437500 0.775000
vt 0.458333 0.775000
vt 0.479167 0.775000
vt 0.500000 0.775000
vt 0.520833 0.775000
vt 0.541667 0.775000
vt 0.562500 0.775000
vt 0.583333 0.775000
vt 0.604167 0.775000
vt 0.625000 0.775000
vt 0.645833 0.775000
vt 0.666667 0.775000
vt 0.687500 0.775000
vt 0.708333 0.775000
vt 0.729167 0.775000
vt 0.750000 0.775000
vt 0.770833 0.775000
vt 0.791667 0.775000
vt 0.812500 0.775000
vt 0.833333 0.775000
vt 0.854167 0.775000
vt 0.875000 0.775000
vt 0.895833 0.775000
vt 0.916667 0.775000
vt 0.937500 0.775000
vt 0.958333 0.775000
vt 0.979167 0.775000
vt 0.000000 0.800000
vt 0.020833 0.800000
vt 0.041667 0.800000
vt 0.062500 0.800000
vt 0.083333 0.800000
vt 0.104167 0.800000
vt 0.125000 0.800000
vt 0.145833 0.800000
vt 0.166667 0.800000
vt 0.187500 0.800000
vt 0.208333 0.800000
vt 0.229167 0.800000
vt 0.250000 0.800000
vt 0.270833 0.800000
vt 0.291667 0.800000
vt 0.312500 0.800000
vt 0.333333 0.800000
vt 0.354167 0.800000
vt 0.375000 0.800000
vt 0.395833 0.800000
vt 0.416667 0.800000
vt 0.437500 0.800000
vt 0.458333 0.800000
vt 0.479167 0.800000
vt 0.500000 0.800000
vt 0.520833 0.800000
vt 0.541667 0.800000
vt 0.562500 0.800000
vt 0.583333 0.800000
vt 0.604167 0.800000
vt 0.625000 0.800000
vt 0.645833 0.800000
vt 0.666667 0.800000
vt 0.687500 0.800000
vt 0.708333 0.800000
vt 0.729167 0.800000
vt 0.750000 0.800000
vt 0.770833 0.800000
vt 0.791667 0.800000
vt 0.812500 0.800000
vt 0.833333 0.800000
vt 0.854167 0.800000
vt 0.875000 0.800000
vt 0.895833 0.800000
vt 0.916667 0.800000
vt 0.937500 0.800000
vt 0.958333 0.800000
vt 0.979167 0.800000
vt 0.000000 0.825000
vt 0.020833 0.825000
vt 0.041667 0.825000
vt 0.062500 0.825000
vt 0.083333 0.825000
vt 0.104167 0.825000
vt 0.125000 0.825000
vt 0.145833 0.825000
vt 0.166667 0.825000
vt 0.187500 0.825000
vt 0.208333 0.825000
vt 0.229167 0.825000
vt 0.250000 0.825000
vt 0.270833 0.825000
vt 0.291667 0.825000
vt 0.312500 0.825000
vt 0.333333 0.825000
vt 0.354167 0.825000
vt 0.375000 0.825000
vt 0.395833 0.825000
vt 0.416667 0.825000
vt 0.437500 0.825000
vt 0.458333 0.825000
vt 0.479167 0.825000
vt 0.500000 0.825000
vt 0.520833 0.825000
vt 0.541667 0.825000
vt 0.562500 0.825000
vt 0.583333 0.825000
vt 0.604167 0.825000
vt 0.625000 0.825000
vt 0.645833 0.825000
vt 0.666667 0.825000
vt 0.687500 0.825000
vt 0.708333 0.825000
vt 0.729167 0.825000
vt 0.750000 0.825000
vt 0.770833 0.825000
vt 0.791667 0.825000
vt 0.812500 0.825000
vt 0.833333 0.825000
vt 0.854167 0.825000
vt 0.875000 0.825000
vt 0.895833 0.825000
vt 0.916667 0.825000
vt 0.937500 0.825000
vt 0.958333 0.825000
vt 0.979167 0.825000
vt 0.000000 0.850000
vt 0.020833 0.850000
vt 0.041667 0.850000
vt 0.062500 0.850000
vt 0.083333 0.850000
vt 0.104167 0.850000
vt 0.125000 0.850000
vt 0.145833 0.850000
vt 0.166667 0.850000
vt 0.187500 0.850000
vt 0.208333 0.850000
vt 0.229167 0.850000
vt 0.250000 0.850000
vt 0.270833 0.850000
vt 0.291667 0.850000
vt 0.312500 0.850000
vt 0.333333 0.850000
vt 0.354167 0.850000
vt 0.375000 0.850000
vt 0.395833 0.850000
vt 0.416667 0.850000
vt 0.437500 0.850000
vt 0.458333 0.850000
vt 0.479167 0.850000
vt 0.500000 0.850000
vt 0.520833 0.850000
vt 0.541667 0.850000
vt 0.562500 0.850000
vt 0.583333 0.850000
vt 0.604167 0.850000
vt 0.625000 0.850000
vt 0.645833 0.850000
vt 0.666667 0.850000
vt 0.687500 0.850000
vt 0.708333 0.850000
vt 0.729167 0.850000
vt 0.750000 0.850000
vt 0.770833 0.850000
vt 0.791667 0.850000
vt 0.812500 0.850000
vt 0.833333 0.850000
vt 0.854167 0.850000
vt 0.875000 0.850000
vt 0.895833 0.850000
vt 0.916667 0.850000
vt 0.937500 0.850000
vt 0.958333 0.850000
vt 0.979167 0.850000
vt 0.000000 0.875000
vt 0.020833 0.875000
vt 0.041667 0.875000
vt 0.062500 0.875000
vt 0.083333 0.875000
vt 0.104167 0.875000
vt 0.125000 0.875000
vt 0.145833 0.875000
vt 0.166667 0.875000
vt 0.187500 0.875000
vt 0.208333 0.875000
vt 0.229167 0.875000
vt 0.250000 0.875000
vt 0.270833 0.875000
vt 0.291667 0.875000
vt 0.312500 0.875000
vt 0.333333 0.875000
vt 0.354167 0.875000
vt 0.375000 0.875000
vt 0.395833 0.875000
vt 0.416667 0.875000
vt 0.437500 0.875000
vt 0.458333 0.875000
vt 0.479167 0.875000
vt 0.500000 0.875000
vt 0.520833 0.875000
vt 0.541667 0.875000
vt 0.562500 0.875000
vt 0.583333 0.875000
vt 0.604167 0.875000
vt 0.625000 0.875000
vt 0.645833 0.875000
vt 0.666667 0.875000
vt 0.687500 0.875000
vt 0.708333 0.875000
vt 0.729167 0.875000
vt 0.750000 0.875000
vt 0.770833 0.875000
vt 0.791667 0.875000
vt 0.812500 0.875000
vt 0.833333 0.875000
vt 0.854167 0.875000
vt 0.875000 0.875000
vt 0.895833 0.875000
vt 0.916667 0.875000
vt 0.937500 0.875000
vt 0.958333 0.875000
vt 0.979167 0.875000
vt 0.000000 0.900000
vt 0.020833 0.900000
vt 0.041667 0.900000
vt 0.062500 0.900000
vt 0.083333 0.900000
vt 0.104167 0.900000
vt 0.125000 0.900000
vt 0.145833 0.900000
vt 0.166667 0.900000
vt 0.187500 0.900000
vt 0.208333 0.900000
vt 0.229167 0.900000
vt 0.250000 0.900000
vt 0.270833 0.900000
vt 0.291667 0.900000
vt 0.312500 0.900000
vt 0.333333 0.900000
vt 0.354167 0.900000
vt 0.375000 0.900000
vt 0.395833 0.900000
vt 0.416667 0.900000
vt 0.437500 0.900000
vt 0.458333 0.900000
vt 0.479167 0.900000
vt 0.500000 0.900000
vt 0.520833 0.900000
vt 0.541667 0.900000
vt 0.562500 0.900000
vt 0.583333 0.900000
vt 0.604167 0.900000
vt 0.625000 0.900000
vt 0.645833 0.900000
vt 0.666667 0.900000
vt 0.687500 0.900000
vt 0.708333 0.900000
vt 0.729167 0.900000
vt 0.750000 0.900000
vt 0.770833 0.900000
vt 0.791667 0.900000
vt 0.812500 0.900000
vt 0.833333 0.900000
vt 0.854167 0.900000
vt 0.875000 0.900000
vt 0.895833 0.900000
vt 0.916667 0.900000
vt 0.937500 0.900000
vt 0.958333 0.900000
vt 0.979167 0.900000
vt 0.000000 0.925000
vt 0.020833 0.925000
vt 0.041667 0.925000
vt 0.062500 0.925000
vt 0.083333 0.925000
vt 0.104167 0.925000
vt 0.125000 0.925000
vt 0.145833 0.925000
vt 0.166667 0.925000
vt 0.187500 0.925000
vt 0.208333 0.925000
vt 0.229167 0.925000
vt 0.250000 0.925000
vt 0.270833 0.925000
vt 0.291667 0.925000
vt 0.312500 0.925000
vt 0.333333 0.925000
vt 0.354167 0.925000
vt 0.375000 0.925000
vt 0.395833 0.925000
vt 0.416667 0.925000
vt 0.437500 0.925000
vt 0.458333 0.925000
vt 0.479167 0.925000
vt 0.500000 0.925000
vt 0.520833 0.925000
vt 0.541667 0.925000
vt 0.562500 0.925000
vt 0.583333 0.925000
vt 0.604167 0.925000
vt 0.625000 0.925000
vt 0.645833 0.925000
vt 0.666667 0.925000
vt 0.687500 0.925000
vt 0.708333 0.925000
vt 0.729167 0.925000
vt 0.750000 0.925000
vt 0.770833 0.925000
vt 0.791667 0.925000
vt 0.812500 0.925000
vt 0.833333 0.925000
vt 0.854167 0.925000
vt 0.875000 0.925000
vt 0.895833 0.925000
vt 0.916667 0.925000
vt 0.937500 0.925000
vt 0.958333 0.925000
vt 0.979167 0.925000
vt 0.000000 0.950000
vt 0.020833 0.950000
vt 0.041667 0.950000
vt 0.062500 0.950000
vt 0.083333 0.950000
vt 0.104167 0.950000
vt 0.125000 0.950000
vt 0.145833 0.950000
vt 0.166667 0.950000
vt 0.187500 0.950000
vt 0.208333 0.950000
vt 0.229167 0.950000
vt 0.250000 0.950000
vt 0.270833 0.950000
vt 0.291667 0.950000
vt 0.312500 0.950000
vt 0.333333 0.950000
vt 0.354167 0.950000
vt 0.375000 0.950000
vt 0.395833 0.950000
vt 0.416667 0.950000
vt 0.437500 0.950000
vt 0.458333 0.950000
vt 0.479167 0.950000
vt 0.500000 0.950000
vt 0.520833 0.950000
vt 0.541667 0.950000
vt 0.562500 0.950000
vt 0.583333 0.950000
vt 0.604167 0.950000
vt 0.625000 0.950000
vt 0.645833 0.950000
vt 0.666667 0.950000
vt 0.687500 0.950000
vt 0.708333 0.950000
vt 0.729167 0.950000
vt 0.750000 0.950000
vt 0.770833 0.950000
vt 0.791667 0.950000
vt 0.812500 0.950000
vt 0.833333 0.950000
vt 0.854167 0.950000
vt 0.875000 0.950000
vt 0.895833 0.950000
vt 0.916667 0.950000
vt 0.937500 0.950000
vt 0.958333 0.950000
vt 0.979167 0.950000
vt 0.000000 0.975000
vt 0.020833 0.975000
vt 0.041667 0.975000
vt 0.062500 0.975000
vt 0.083333 0.975000
vt 0.104167 0.975000
vt 0.125000 0.975000
vt 0.145833 0.975000
vt 0.166667 0.975000
vt 0.187500 0.975000
vt 0.208333 0.975000
vt 0.229167 0.975000
vt 0.250000 0.975000
vt 0.270833 0.975000
vt 0.291667 0.975000
vt 0.312500 0.975000
vt 0.333333 0.975000
vt 0.354167 0.975000
vt 0.375000 0.975000
vt 0.395833 0.975000
vt 0.416667 0.975000
vt 0.437500 0.975000
vt 0.458333 0.975000
vt 0.479167 0.975000
vt 0.500000 0.975000
vt 0.520833 0.975000
vt 0.541667 0.975000
vt 0.562500 0.975000
vt 0.583333 0.975000
vt 0.604167 0.975000
vt 0.625000 0.975000
vt 0.645833 0.975000
vt 0.666667 0.975000
vt 0.687500 0.975000
vt 0.708333 0.975000
vt 0.729167 0.975000
vt 0.750000 0.975000
vt 0.770833 0.975000
vt 0.791667 0.975000
vt 0.812500 0.975000
vt 0.833333 0.975000
vt 0.854167 0.975000
vt 0.875000 0.975000
vt 0.895833 0.975000
vt 0.916667 0.975000
vt 0.937500 0.975000
vt 0.958333 0.975000
vt 0.979167 0.975000
vt 0.000000 1.000000
vt 0.020833 1.000000
vt 0.041667 1.000000
vt 0.062500 1.000000
vt 0.083333 1.000000
vt 0.104167 1.000000
vt 0.125000 1.000000
vt 0.145833 1.000000
vt 0.166667 1.000000
vt 0.187500 1.000000
vt 0.208333 1.000000
vt 0.229167 1.000000
vt 0.250000 1.000000
vt 0.270833 1.000000
vt 0.291667 1.000000
vt 0.312500 1.000000
vt 0.333333 1.000000
vt 0.354167 1.000000
vt 0.375000 1.000000
vt 0.395833 1.000000
vt 0.416667 1.000000
vt 0.437500 1.000000
vt 0.458333 1.000000
vt 0.479167 1.000000
vt 0.500000 1.000000
vt 0.520833 1.000000
vt 0.541667 1.000000
vt 0.562500 1.000000
vt 0.583333 1.000000
vt 0.604167 1.000000
vt 0.625000 1.000000
vt 0.645833 1.000000
vt 0.666667 1.000000
vt 0.687500 1.000000
vt 0.708333 1.000000
vt 0.729167 1.000000
vt 0.750000 1.000000
vt 0.770833 1.000000
vt 0.791667 1.000000
vt 0.812500 1.000000
vt 0.833333 1.000000
vt 0.854167 1.000000
vt 0.875000 1.000000
vt 0.895833 1.000000
vt 0.916667 1.000000
vt 0.937500 1.000000
vt 0.958333 1.000000
vt 0.979167 1.000000
vt 0.000000 0.000000
vt 0.125000 0.000000
vt 0.250000 0.000000
vt 0.375000 0.000000
vt 0.500000 0.000000
vt 0.625000 0.000000
vt 0.750000 0.000000
vt 0.875000 0.000000
vt 0.000000 1.000000
vt 0.125000 1.000000
vt 0.250000 1.000000
vt 0.375000 1.000000
vt 0.500000 1.000000
vt 0.625000 1.000000
vt 0.750000 1.000000
vt 0.875000 1.000000
vn 0.413745 -0.094933 -0.905430
vn 0.406964 -0.016977 -0.913287
vn 0.387276 0.066785 -0.919542
vn 0.354113 0.150610 -0.922996
vn 0.308460 0.229748 -0.923075
vn 0.252579 0.300324 -0.919788
vn 0.190105 0.359148 -0.913714
vn 0.126280 0.403887 -0.906051
vn 0.067782 0.433691 -0.898508
vn 0.021508 0.449928 -0.892806
vn -0.007978 0.456292 -0.889795
vn -0.021594 0.457619 -0.888886
vn -0.027192 0.457557 -0.888765
vn -0.036719 0.456426 -0.889003
vn -0.060089 0.450960 -0.890519
vn -0.100732 0.436111 -0.894237
vn -0.155674 0.407489 -0.899843
vn -0.218407 0.362886 -0.905877
vn -0.281782 0.302505 -0.910543
vn -0.339669 0.228421 -0.912386
vn -0.387464 0.144009 -0.910567
vn -0.422078 0.053798 -0.904962
vn -0.442034 -0.036337 -0.896262
vn -0.447964 -0.119102 -0.886083
vn -0.443261 -0.186484 -0.876780
vn -0.434016 -0.231683 -0.870605
vn -0.427196 -0.252184 -0.868278
vn -0.426892 -0.252852 -0.868233
vn -0.430788 -0.246117 -0.868244
vn -0.430558 -0.246437 -0.868267
vn -0.416527 -0.262203 -0.870491
vn -0.382325 -0.292475 -0.876519
vn -0.326551 -0.330043 -0.885684
vn -0.251995 -0.366218 -0.895758
vn -0.163884 -0.394002 -0.904381
vn -0.068241 -0.409138 -0.909917
vn 0.029060 -0.409921 -0.911658
vn 0.122489 -0.396741 -0.909721
vn 0.206748 -0.371912 -0.904951
vn 0.276905 -0.339755 -0.898827
vn 0.329158 -0.306441 -0.893168
vn 0.362152 -0.278797 -0.889448
vn 0.378246 -0.261632 -0.887963
vn 0.383628 -0.254433 -0.887746
vn 0.386213 -0.250078 -0.887863
vn 0.391765 -0.237892 -0.888779
vn 0.401035 -0.209188 -0.891858
vn 0.410213 -0.160799 -0.897702
vn 0.450355 -0.127068 -0.883761
vn 0.447453 -0.046552 -0.893095
vn 0.431276 0.042681 -0.901210
vn 0.400373 0.134136 -0.906482
vn 0.355243 0.222165 -0.907990
vn 0.297946 0.302115 -0.905513
vn 0.232037 0.370205 -0.899504
vn 0.162711 0.423622 -0.891105
vn 0.096726 0.461028 -0.882098
vn 0.041465 0.483262 -0.874493
vn 0.002754 0.493596 -0.869687
vn -0.018263 0.496862 -0.867637
vn -0.027456 0.497378 -0.867099
vn -0.036415 0.496663 -0.867179
vn -0.056886 0.492513 -0.868444
vn -0.095045 0.480148 -0.872023
vn -0.149941 0.454531 -0.878020
vn -0.215725 0.412340 -0.885121
vn -0.284790 0.352774 -0.891316
vn -0.349993 0.277340 -0.894756
vn -0.405652 0.189283 -0.894214
vn -0.447779 0.093237 -0.889270
vn -0.474194 -0.004770 -0.880407
vn -0.484933 -0.097297 -0.869122
vn -0.482853 -0.176028 -0.857827
vn -0.473760 -0.233349 -0.849176
vn -0.465012 -0.265034 -0.844702
vn -0.462150 -0.273414 -0.843601
vn -0.464924 -0.268941 -0.843514
vn -0.466315 -0.266739 -0.843446
vn -0.456277 -0.278478 -0.845140
vn -0.426834 -0.306616 -0.850764
vn -0.374671 -0.345502 -0.860378
vn -0.301093 -0.386118 -0.871927
vn -0.210673 -0.420107 -0.882682
vn -0.109596 -0.441697 -0.890445
vn -0.004385 -0.448005 -0.894020
vn 0.098668 -0.438674 -0.893213
vn 0.193600 -0.415583 -0.888713
vn 0.274906 -0.382799 -0.881981
vn 0.338146 -0.346453 -0.875002
vn 0.381079 -0.313796 -0.869661
vn 0.404927 -0.290886 -0.866845
vn 0.414888 -0.279211 -0.865973
vn 0.418854 -0.273435 -0.865907
vn 0.423987 -0.263084 -0.866615
vn 0.433091 -0.237879 -0.869394
vn 0.443715 -0.192391 -0.875273
vn 0.422934 -0.124277 -0.897598
vn 0.420547 -0.049488 -0.905920
vn 0.406061 0.033789 -0.913221
vn 0.378040 0.119524 -0.918041
vn 0.336812 0.202499 -0.919539
vn 0.284109 0.278411 -0.917480
vn 0.223015 0.343705 -0.912212
vn 0.158157 0.395602 -0.904702
vn 0.095723 0.432558 -0.896510
vn 0.042696 0.454984 -0.889476
vn 0.004857 0.465641 -0.884961
vn -0.016206 0.468996 -0.883051
vn -0.025484 0.469329 -0.882655
vn -0.033624 0.468435 -0.882858
vn -0.051864 0.464526 -0.884039
vn -0.086475 0.453216 -0.887196
vn -0.136982 0.429753 -0.892496
vn -0.198126 0.390962 -0.898829
vn -0.262867 0.336018 -0.904429
vn -0.324550 0.266212 -0.907634
vn -0.377853 0.184396 -0.907317
vn -0.418979 0.094661 -0.903048
vn -0.445700 0.002397 -0.895179
vn -0.457713 -0.085577 -0.884972
vn -0.457263 -0.161392 -0.874564
vn -0.449421 -0.217544 -0.866427
vn -0.441013 -0.249491 -0.862126
vn -0.437595 -0.258822 -0.861117
vn -0.439588 -0.254962 -0.861253
vn -0.440897 -0.252167 -0.861407
vn -0.432081 -0.261910 -0.862965
vn -0.405317 -0.287115 -0.867919
vn -0.357216 -0.322840 -0.876453
vn -0.288900 -0.360728 -0.886799
vn -0.204633 -0.392923 -0.896514
vn -0.110153 -0.413954 -0.903609
vn -0.011452 -0.421012 -0.906983
vn 0.085722 -0.413590 -0.906419
vn 0.175873 -0.393189 -0.902481
vn 0.253798 -0.363322 -0.896428
vn 0.315100 -0.329479 -0.890031
vn 0.357287 -0.298390 -0.885048
vn 0.381096 -0.275952 -0.882392
vn 0.391149 -0.264054 -0.881634
vn 0.394856 -0.258222 -0.881709
vn 0.399196 -0.248865 -0.882445
vn 0.407162 -0.226141 -0.884918
vn 0.416747 -0.184568 -0.890088
vn 0.385754 -0.114734 -0.915440
vn 0.383148 -0.046683 -0.922506
vn 0.369632 0.028988 -0.928726
vn 0.344015 0.106806 -0.932870
vn 0.306644 0.182138 -0.934235
vn 0.259042 0.251222 -0.932622
vn 0.203875 0.310948 -0.928303
vn 0.145171 0.358813 -0.922051
vn 0.088410 0.393302 -0.915149
vn 0.039914 0.414571 -0.909141
vn 0.005057 0.424925 -0.905214
vn -0.014516 0.428363 -0.903490
vn -0.023170 0.428872 -0.903068
vn -0.030536 0.428207 -0.903164
vn -0.046924 0.424754 -0.904092
vn -0.078174 0.414442 -0.906712
vn -0.123913 0.392922 -0.911185
vn -0.179342 0.357391 -0.916574
vn -0.238055 0.307242 -0.921375
vn -0.294073 0.243749 -0.924179
vn -0.342684 0.169488 -0.924035
vn -0.380546 0.088038 -0.920562
vn -0.405656 0.004084 -0.914016
vn -0.417615 -0.076353 -0.905410
vn -0.418209 -0.146145 -0.896517
vn -0.411784 -0.198272 -0.889451
vn -0.404439 -0.228284 -0.885616
vn -0.401376 -0.237382 -0.884617
vn -0.403267 -0.234085 -0.884636
vn -0.404704 -0.231457 -0.884671
vn -0.396915 -0.240090 -0.885898
vn -0.372506 -0.262744 -0.890059
vn -0.328339 -0.294921 -0.897338
vn -0.265630 -0.328995 -0.906202
vn -0.188509 -0.357876 -0.914543
vn -0.102316 -0.376713 -0.920662
vn -0.012450 -0.383069 -0.923636
vn 0.076026 -0.376524 -0.923282
vn 0.158298 -0.358376 -0.920059
vn 0.229732 -0.331662 -0.914999
vn 0.286277 -0.301195 -0.909575
vn 0.325482 -0.272992 -0.905283
vn 0.347814 -0.252460 -0.902934
vn 0.357379 -0.241484 -0.902201
vn 0.360946 -0.236172 -0.902187
vn 0.364924 -0.227825 -0.902733
vn 0.372060 -0.207347 -0.904753
vn 0.380518 -0.169608 -0.909087
vn 0.425555 -0.128007 -0.895833
vn 0.423531 -0.053260 -0.904315
vn 0.409328 0.030263 -0.911885
vn 0.381468 0.116401 -0.917024
vn 0.340294 0.199824 -0.918842
vn 0.287568 0.276182 -0.917076
vn 0.226383 0.341931 -0.912049
vn 0.161323 0.394337 -0.904695
vn 0.098498 0.431881 -0.896536
vn 0.044839 0.454950 -0.889387
vn 0.006189 0.466235 -0.884639
vn -0.015638 0.470144 -0.882451
vn -0.025322 0.470959 -0.881792
vn -0.033347 0.470540 -0.881748
vn -0.051094 0.467167 -0.882692
vn -0.085164 0.456446 -0.885666
vn -0.135350 0.433545 -0.890909
vn -0.196475 0.395184 -0.897344
vn -0.261434 0.340481 -0.903175
vn -0.323452 0.270739 -0.906686
vn -0.377122 0.188861 -0.906703
vn -0.418614 0.098974 -0.902755
vn -0.445709 0.006448 -0.895155
vn -0.458106 -0.081984 -0.885109
vn -0.458006 -0.158554 -0.874695
vn -0.450403 -0.215791 -0.866355
vn -0.442096 -0.249012 -0.861710
vn -0.438753 -0.259469 -0.860332
vn -0.441033 -0.256201 -0.860146
vn -0.443000 -0.253349 -0.859980
vn -0.435130 -0.262686 -0.861196
vn -0.409344 -0.287563 -0.865878
vn -0.361993 -0.323273 -0.874332
vn -0.294050 -0.361438 -0.884815
vn -0.209774 -0.394052 -0.894829
vn -0.115002 -0.415497 -0.902295
vn -0.015848 -0.422887 -0.906044
vn 0.081856 -0.415701 -0.905810
vn 0.172608 -0.395445 -0.902125
vn 0.251247 -0.365616 -0.896215
vn 0.313412 -0.331659 -0.889817
vn 0.356587 -0.300280 -0.884691
vn 0.381384 -0.277450 -0.881798
vn 0.392243 -0.265276 -0.880780
vn 0.396454 -0.259536 -0.880605
vn 0.401043 -0.250711 -0.881084
vn 0.409183 -0.228761 -0.883311
vn 0.419020 -0.187893 -0.888323
vn 0.542272 -0.164568 -0.823929
vn 0.543109 -0.069983 -0.836741
vn 0.527983 0.037160 -0.848442
vn 0.494146 0.148704 -0.856567
vn 0.441678 0.257008 -0.859574
vn 0.373079 0.355552 -0.856969
vn 0.292989 0.439149 -0.849297
vn 0.208089 0.504241 -0.838117
vn 0.126742 0.549475 -0.825841
vn 0.057839 0.576303 -0.815187
vn 0.008457 0.588955 -0.808122
vn -0.019438 0.593210 -0.804813
vn -0.031824 0.594123 -0.803744
vn -0.041871 0.593725 -0.803578
vn -0.064016 0.590033 -0.804837
vn -0.106891 0.577908 -0.809072
vn -0.170699 0.551201 -0.816725
vn -0.249251 0.505051 -0.826315
vn -0.333423 0.437364 -0.835190
vn -0.413940 0.349172 -0.840674
vn -0.482985 0.244259 -0.840870
vn -0.534942 0.128636 -0.835039
vn -0.566836 0.010172 -0.823768
vn -0.578867 -0.101827 -0.809039
vn -0.574929 -0.197549 -0.793997
vn -0.562418 -0.268399 -0.782079
vn -0.550396 -0.309495 -0.775421
vn -0.545710 -0.322703 -0.773346
vn -0.548524 -0.318834 -0.772960
vn -0.551133 -0.315180 -0.772602
vn -0.542147 -0.326779 -0.774140
vn -0.512042 -0.358557 -0.780544
vn -0.455865 -0.405240 -0.792444
vn -0.373518 -0.456367 -0.807597
vn -0.269036 -0.501174 -0.822462
vn -0.149280 -0.531456 -0.833829
vn -0.022472 -0.542586 -0.839700
vn 0.102941 -0.533497 -0.839514
vn 0.218943 -0.506375 -0.834055
vn 0.318488 -0.466395 -0.825252
vn 0.396288 -0.421284 -0.815767
vn 0.449888 -0.380046 -0.808187
vn 0.480692 -0.350318 -0.803873
vn 0.494365 -0.334575 -0.802286
vn 0.499781 -0.327309 -0.801927
vn 0.505767 -0.316515 -0.802508
vn 0.516800 -0.289655 -0.805616
vn 0.531068 -0.239269 -0.812845
vn 0.629599 -0.191836 -0.752864
vn 0.634264 -0.082623 -0.768689
vn 0.620144 0.042646 -0.783328
vn 0.582973 0.174323 -0.793570
vn 0.522258 0.302639 -0.797281
vn 0.441052 0.418861 -0.793743
vn 0.345536 0.516113 -0.783730
vn 0.244486 0.590114 -0.769410
vn 0.148359 0.639923 -0.753982
vn 0.067614 0.668262 -0.740847
vn 0.010112 0.680875 -0.732330
vn -0.022282 0.684662 -0.728520
vn -0.036635 0.685126 -0.727503
vn -0.048152 0.684324 -0.727586
vn -0.073530 0.680205 -0.729325
vn -0.122938 0.667320 -0.734555
vn -0.197044 0.638616 -0.743870
vn -0.289113 0.587798 -0.755584
vn -0.388572 0.511371 -0.766493
vn -0.484009 0.409714 -0.773220
vn -0.565298 0.287157 -0.773291
vn -0.625023 0.151444 -0.765775
vn -0.659522 0.012877 -0.751575
vn -0.669681 -0.116874 -0.733395
vn -0.661203 -0.226421 -0.715223
vn -0.643722 -0.306650 -0.701134
vn -0.628114 -0.352929 -0.693479
vn -0.621932 -0.367768 -0.691337
vn -0.624693 -0.363207 -0.691259
vn -0.627316 -0.358742 -0.691216
vn -0.617341 -0.371838 -0.693272
vn -0.584564 -0.408744 -0.700866
vn -0.523092 -0.464032 -0.714877
vn -0.431596 -0.525890 -0.732915
vn -0.313282 -0.581400 -0.750885
vn -0.175298 -0.619959 -0.764802
vn -0.027437 -0.635049 -0.771984
vn 0.119444 -0.624829 -0.771571
vn 0.254874 -0.592029 -0.764553
vn 0.370054 -0.543462 -0.753465
vn 0.459041 -0.489010 -0.741722
vn 0.519730 -0.439675 -0.732507
vn 0.554398 -0.404360 -0.727417
vn 0.569699 -0.385682 -0.725736
vn 0.575628 -0.377049 -0.725594
vn 0.582367 -0.364628 -0.726564
vn 0.595568 -0.334184 -0.730493
vn 0.613698 -0.277093 -0.739321
vn 0.648635 -0.197880 -0.734926
vn 0.654334 -0.085522 -0.751354
vn 0.640615 0.043735 -0.766616
vn 0.602814 0.179902 -0.777336
vn 0.540277 0.312680 -0.781237
vn 0.456204 0.432783 -0.777545
vn 0.357173 0.532923 -0.767085
vn 0.252487 0.608689 -0.752162
vn 0.153089 0.659293 -0.736136
vn 0.069765 0.687806 -0.722534
vn 0.010508 0.700341 -0.713731
vn -0.022864 0.704034 -0.709798
vn -0.037649 0.704454 -0.708750
vn -0.049476 0.703633 -0.708839
vn -0.075530 0.699503 -0.710627
vn -0.126327 0.686563 -0.716011
vn -0.202661 0.657569 -0.725625
vn -0.297700 0.605887 -0.737750
vn -0.400552 0.527669 -0.749082
vn -0.499298 0.423113 -0.756093
vn -0.583243 0.296676 -0.756181
vn -0.644540 0.156537 -0.748375
vn -0.679393 0.013596 -0.733649
vn -0.688906 -0.119936 -0.714859
vn -0.679253 -0.232358 -0.696150
vn -0.660592 -0.314512 -0.681690
vn -0.644187 -0.361876 -0.673847
vn -0.637714 -0.377097 -0.671653
vn -0.640523 -0.372442 -0.671578
vn -0.643221 -0.367836 -0.671538
vn -0.633130 -0.381264 -0.673634
vn -0.599920 -0.419293 -0.681388
vn -0.537490 -0.476498 -0.695740
vn -0.444205 -0.540799 -0.714296
vn -0.323029 -0.598793 -0.732870
vn -0.181135 -0.639299 -0.747320
vn -0.028674 -0.655321 -0.754806
vn 0.122908 -0.644816 -0.754391
vn 0.262546 -0.610663 -0.747101
vn 0.381041 -0.560093 -0.735597
vn 0.472349 -0.503509 -0.723439
vn 0.534496 -0.452366 -0.713918
vn 0.569982 -0.415830 -0.708665
vn 0.585671 -0.396533 -0.706931
vn 0.591766 -0.387641 -0.706787
vn 0.598723 -0.374925 -0.707786
vn 0.612464 -0.343786 -0.711828
vn 0.631545 -0.285340 -0.720925
vn 0.666303 -0.203465 -0.717386
vn 0.673029 -0.088194 -0.734339
vn 0.659746 0.044786 -0.750153
vn 0.621397 0.185163 -0.761302
vn 0.557164 0.322132 -0.765375
vn 0.470382 0.445858 -0.761546
vn 0.368026 0.548659 -0.750686
vn 0.259915 0.626005 -0.735229
vn 0.157456 0.677276 -0.718683
vn 0.071738 0.705889 -0.704680
vn 0.010862 0.718312 -0.695637
vn -0.023405 0.721903 -0.691599
vn -0.038585 0.722280 -0.690524
vn -0.050701 0.721443 -0.690615
vn -0.077384 0.717310 -0.692444
vn -0.129474 0.704339 -0.697957
vn -0.207882 0.675110 -0.707822
vn -0.305698 0.622667 -0.720301
vn -0.411730 0.542819 -0.732001
vn -0.513576 0.435580 -0.739263
vn -0.599993 0.305521 -0.739368
vn -0.662715 0.161243 -0.731307
vn -0.697826 0.014229 -0.716126
vn -0.706659 -0.122791 -0.696818
vn -0.695847 -0.237840 -0.677664
vn -0.676051 -0.321734 -0.662905
vn -0.658892 -0.370069 -0.654913
vn -0.652151 -0.385632 -0.652677
vn -0.655007 -0.380889 -0.652602
vn -0.657774 -0.376157 -0.652564
vn -0.647581 -0.389899 -0.654688
vn -0.613992 -0.428977 -0.662566
vn -0.550717 -0.487979 -0.677191
vn -0.455826 -0.554583 -0.696176
vn -0.332038 -0.614936 -0.715265
vn -0.186531 -0.657302 -0.730178
vn -0.029791 -0.674218 -0.737932
vn 0.126172 -0.663439 -0.737515
vn 0.269714 -0.627990 -0.729988
vn 0.391261 -0.575512 -0.718123
vn 0.484680 -0.516911 -0.705611
vn 0.548139 -0.464072 -0.695831
vn 0.584359 -0.426400 -0.690440
vn 0.600396 -0.406534 -0.688661
vn 0.606644 -0.397405 -0.688514
vn 0.613811 -0.384417 -0.689536
vn 0.628066 -0.352641 -0.693670
vn 0.648059 -0.292952 -0.702993
vn 0.683418 -0.208854 -0.699514
vn 0.691204 -0.090766 -0.716937
vn 0.678406 0.045839 -0.733256
vn 0.639563 0.190339 -0.744802
vn 0.573681 0.331412 -0.749037
vn 0.484230 0.458670 -0.745079
vn 0.378593 0.564031 -0.733850
vn 0.267114 0.642853 -0.717907
vn 0.161667 0.694702 -0.700895
vn 0.073628 0.723354 -0.686540
vn 0.011195 0.735633 -0.677288
vn -0.023931 0.739110 -0.673159
vn -0.039489 0.739443 -0.672060
vn -0.051883 0.738594 -0.672152
vn -0.079178 0.734464 -0.674013
vn -0.132521 0.721480 -0.679635
vn -0.212947 0.692056 -0.689719
vn -0.313469 0.638917 -0.702511
vn -0.422612 0.557521 -0.714542
vn -0.527491 0.447687 -0.722031
vn -0.616310 0.314100 -0.722152
vn -0.680380 0.165785 -0.713862
vn -0.715677 0.014814 -0.698274
vn -0.723774 -0.125570 -0.678516
vn -0.711778 -0.243123 -0.658987
vn -0.690845 -0.328660 -0.643984
vn -0.672943 -0.377905 -0.635874
vn -0.665943 -0.393785 -0.633603
vn -0.668847 -0.388957 -0.633527
vn -0.671680 -0.384109 -0.633487
vn -0.661393 -0.398160 -0.635632
vn -0.627456 -0.438259 -0.643605
vn -0.563404 -0.499017 -0.658451
vn -0.467008 -0.567886 -0.677798
vn -0.340732 -0.630574 -0.697336
vn -0.191741 -0.674794 -0.712663
vn -0.030845 -0.692603 -0.720659
vn 0.129379 -0.681551 -0.720243
vn 0.276703 -0.644807 -0.712502
vn 0.401182 -0.590434 -0.700315
vn 0.496607 -0.529845 -0.687492
vn 0.561298 -0.475346 -0.677488
vn 0.598204 -0.436572 -0.671979
vn 0.614571 -0.416158 -0.670161
vn 0.620967 -0.406802 -0.670010
vn 0.628339 -0.393553 -0.671049
vn 0.643105 -0.361165 -0.675259
vn 0.664009 -0.300288 -0.684776
vn 0.700533 -0.214224 -0.680706
vn 0.709443 -0.093325 -0.698557
vn 0.697196 0.046925 -0.715343
vn 0.657899 0.195591 -0.727264
vn 0.590362 0.340817 -0.731654
vn 0.498198 0.471629 -0.727575
vn 0.389218 0.579530 -0.715998
vn 0.274321 0.659774 -0.699605
vn 0.165861 0.712134 -0.682170
vn 0.075500 0.740768 -0.667505
vn 0.011518 0.752867 -0.658071
vn -0.024457 0.756216 -0.653865
vn -0.040388 0.756501 -0.652744
vn -0.053061 0.755641 -0.652833
vn -0.080968 0.751521 -0.654722
vn -0.135566 0.738543 -0.660436
vn -0.218015 0.708957 -0.670709
vn -0.321262 0.655162 -0.683779
vn -0.433545 0.572250 -0.696109
vn -0.541488 0.459830 -0.703809
vn -0.632716 0.322694 -0.703945
vn -0.698104 0.170313 -0.695445
vn -0.733521 0.015372 -0.679492
vn -0.740807 -0.128357 -0.659341
vn -0.727565 -0.248376 -0.639498
vn -0.705461 -0.335515 -0.624303
vn -0.686804 -0.385641 -0.616101
vn -0.679545 -0.401827 -0.613803
vn -0.682498 -0.396914 -0.613723
vn -0.685397 -0.391952 -0.613681
vn -0.675020 -0.406316 -0.615838
vn -0.640757 -0.447442 -0.623880
vn -0.575967 -0.509970 -0.638899
vn -0.478117 -0.581135 -0.658548
vn -0.349397 -0.646210 -0.678480
vn -0.196938 -0.692337 -0.694180
vn -0.031875 -0.711069 -0.702400
vn 0.132625 -0.699735 -0.701984
vn 0.283733 -0.661659 -0.694048
vn 0.411119 -0.605343 -0.681572
vn 0.508512 -0.542731 -0.668475
vn 0.574400 -0.486556 -0.658277
vn 0.611969 -0.446677 -0.652667
vn 0.628655 -0.425717 -0.650813
vn 0.635198 -0.416137 -0.650657
vn 0.642779 -0.402629 -0.651709
vn 0.658068 -0.369638 -0.655983
vn 0.679910 -0.307588 -0.665666
vn 0.718045 -0.219703 -0.660410
vn 0.728176 -0.095934 -0.678643
vn 0.716565 0.048065 -0.695863
vn 0.676847 0.201042 -0.708139
vn 0.607613 0.350570 -0.712676
vn 0.512623 0.485046 -0.708483
vn 0.400157 0.595526 -0.696580
vn 0.281708 0.677166 -0.679770
vn 0.170138 0.729977 -0.661957
vn 0.077398 0.758533 -0.647022
vn 0.011840 0.770412 -0.637436
vn -0.024995 0.773614 -0.633164
vn -0.041304 0.773848 -0.632023
vn -0.054261 0.772977 -0.632109
vn -0.082795 0.768874 -0.634017
vn -0.138678 0.755921 -0.639806
vn -0.223202 0.726204 -0.650238
vn -0.329255 0.671783 -0.663550
vn -0.444784 0.587356 -0.676151
vn -0.555895 0.472298 -0.684043
vn -0.649598 0.331511 -0.684195
vn -0.716302 0.174939 -0.675505
vn -0.751775 0.015922 -0.659228
vn -0.758151 -0.131215 -0.638741
vn -0.743572 -0.253719 -0.618649
vn -0.720234 -0.342455 -0.603313
vn -0.700793 -0.393454 -0.595050
vn -0.693267 -0.409939 -0.592732
vn -0.696272 -0.404939 -0.592647
vn -0.699237 -0.399866 -0.592600
vn -0.688772 -0.414552 -0.594760
vn -0.654198 -0.456734 -0.602843
vn -0.588696 -0.521087 -0.617985
vn -0.489413 -0.594636 -0.637874
vn -0.358236 -0.662206 -0.658141
vn -0.202247 -0.710341 -0.674175
vn -0.032910 -0.730051 -0.682600
vn 0.135986 -0.718422 -0.682186
vn 0.290966 -0.678942 -0.674074
vn 0.421304 -0.620590 -0.661341
vn 0.520670 -0.555870 -0.648006
vn 0.587745 -0.497961 -0.637645
vn 0.625969 -0.456947 -0.631951
vn 0.642973 -0.435432 -0.630068
vn 0.649664 -0.425625 -0.629905
vn 0.657464 -0.411856 -0.630965
vn 0.673299 -0.378254 -0.635289
vn 0.696129 -0.315021 -0.645109
vn 0.736258 -0.225388 -0.638063
vn 0.747738 -0.098643 -0.656626
vn 0.736869 0.049279 -0.674237
vn 0.696765 0.206793 -0.686844
vn 0.625763 0.360855 -0.691523
vn 0.527781 0.499171 -0.687223
vn 0.411613 0.612312 -0.675018
vn 0.289409 0.695340 -0.657833
vn 0.174575 0.748543 -0.639693
vn 0.079356 0.776952 -0.624538
vn 0.012167 0.788564 -0.614833
vn -0.025554 0.791596 -0.610510
vn -0.042252 0.791774 -0.609351
vn -0.055503 0.790893 -0.609433
vn -0.084687 0.786814 -0.611352
vn -0.141906 0.773908 -0.617195
vn -0.228595 0.744093 -0.627750
vn -0.337586 0.689071 -0.641262
vn -0.456527 0.603109 -0.654096
vn -0.570970 0.485319 -0.662162
vn -0.667260 0.340711 -0.662329
vn -0.735298 0.179746 -0.653474
vn -0.770753 0.016476 -0.636921
vn -0.776099 -0.134187 -0.616169
vn -0.760063 -0.259235 -0.595903
vn -0.735405 -0.349590 -0.580488
vn -0.715133 -0.401467 -0.572197
vn -0.707330 -0.418254 -0.569867
vn -0.710388 -0.413163 -0.569776
vn -0.713422 -0.407977 -0.569722
vn -0.702871 -0.423000 -0.571877
vn -0.667996 -0.466283 -0.579967
vn -0.601801 -0.532548 -0.595171
vn -0.501087 -0.608613 -0.615225
vn -0.367406 -0.678839 -0.635760
vn -0.207765 -0.729126 -0.652080
vn -0.033972 -0.749892 -0.660688
vn 0.139517 -0.737949 -0.660278
vn 0.298529 -0.696965 -0.652013
vn 0.431910 -0.636440 -0.639060
vn 0.533286 -0.569487 -0.625531
vn 0.601558 -0.509754 -0.615044
vn 0.640439 -0.467557 -0.609286
vn 0.657762 -0.445465 -0.607379
vn 0.664607 -0.435425 -0.607209
vn 0.672636 -0.421386 -0.608272
vn 0.689052 -0.387159 -0.612630
vn 0.712941 -0.322715 -0.622552
vn 0.755415 -0.231356 -0.613044
vn 0.768405 -0.101491 -0.631865
vn 0.758412 0.050582 -0.649810
vn 0.717963 0.212931 -0.662714
vn 0.645100 0.371832 -0.667523
vn 0.543909 0.514221 -0.663129
vn 0.423761 0.630137 -0.650657
vn 0.297536 0.714553 -0.633156
vn 0.179233 0.768080 -0.614759
vn 0.081402 0.796264 -0.599448
vn 0.012504 0.807550 -0.589667
vn -0.026140 0.810387 -0.585312
vn -0.043243 0.810500 -0.584140
vn -0.056803 0.809609 -0.584214
vn -0.086670 0.805565 -0.586135
vn -0.145292 0.792731 -0.592003
vn -0.234263 0.762858 -0.602634
vn -0.346366 0.707260 -0.616291
vn -0.468937 0.619731 -0.629310
vn -0.586930 0.499081 -0.637520
vn -0.685953 0.350430 -0.637705
vn -0.755357 0.184805 -0.628716
vn -0.790710 0.017043 -0.611953
vn -0.794879 -0.137311 -0.591027
vn -0.777238 -0.264991 -0.570685
vn -0.751149 -0.357003 -0.555269
vn -0.729990 -0.409773 -0.546993
vn -0.721893 -0.426864 -0.544663
vn -0.725008 -0.421679 -0.544564
vn -0.728112 -0.416377 -0.544502
vn -0.717478 -0.431756 -0.546637
vn -0.682314 -0.476199 -0.554691
vn -0.615440 -0.544490 -0.569881
vn -0.513288 -0.623241 -0.590005
vn -0.377031 -0.696327 -0.610718
vn -0.213573 -0.748954 -0.627260
vn -0.035078 -0.770874 -0.636021
vn 0.143268 -0.758594 -0.635618
vn 0.306523 -0.715979 -0.627230
vn 0.443078 -0.653108 -0.614110
vn 0.546525 -0.583760 -0.600445
vn 0.616012 -0.522086 -0.589878
vn 0.655556 -0.478637 -0.584083
vn 0.673207 -0.455941 -0.582160
vn 0.680212 -0.445657 -0.581981
vn 0.688485 -0.431338 -0.583041
vn 0.705525 -0.396465 -0.587410
vn 0.730560 -0.330770 -0.597388
vn 0.775719 -0.237672 -0.584613
vn 0.790415 -0.104513 -0.603590
vn 0.781462 0.051989 -0.621783
vn 0.740723 0.219535 -0.634928
vn 0.665887 0.383648 -0.639850
vn 0.561221 0.530396 -0.635382
vn 0.436754 0.649224 -0.622699
vn 0.306186 0.735027 -0.604968
vn 0.184163 0.788798 -0.586415
vn 0.083556 0.816661 -0.571037
vn 0.012856 0.827554 -0.561239
vn -0.026759 0.830163 -0.556879
vn -0.044286 0.830204 -0.555698
vn -0.058171 0.829303 -0.555763
vn -0.088759 0.825303 -0.557671
vn -0.148867 0.812574 -0.563526
vn -0.240261 0.782691 -0.574169
vn -0.355687 0.726547 -0.587891
vn -0.482154 0.637414 -0.601025
vn -0.603960 0.513748 -0.609340
vn -0.705899 0.360784 -0.609542
vn -0.776706 0.190176 -0.600468
vn -0.811857 0.017631 -0.583590
vn -0.814673 -0.140613 -0.562616
vn -0.795248 -0.271036 -0.542328
vn -0.767600 -0.364754 -0.527015
vn -0.745484 -0.418438 -0.518809
vn -0.737074 -0.435840 -0.516494
vn -0.740249 -0.430556 -0.516384
vn -0.743426 -0.425134 -0.516312
vn -0.732711 -0.440890 -0.518411
vn -0.697271 -0.486564 -0.526374
vn -0.629736 -0.557017 -0.541446
vn -0.526135 -0.638660 -0.561511
vn -0.387213 -0.714855 -0.582278
vn -0.219736 -0.770046 -0.598953
vn -0.036242 -0.793245 -0.607823
vn 0.147279 -0.780601 -0.607430
vn 0.315039 -0.736201 -0.598965
vn 0.454928 -0.670773 -0.585751
vn 0.560516 -0.598834 -0.572031
vn 0.631245 -0.535075 -0.561449
vn 0.671464 -0.490292 -0.555652
vn 0.689450 -0.466957 -0.553723
vn 0.696622 -0.456417 -0.553535
vn 0.705157 -0.441805 -0.554582
vn 0.722872 -0.406262 -0.558934
vn 0.749162 -0.339268 -0.568905
vn 0.797347 -0.244393 -0.551824
vn 0.813985 -0.107742 -0.570807
vn 0.806276 0.053514 -0.589113
vn 0.765318 0.226683 -0.602414
vn 0.688381 0.396448 -0.607421
vn 0.579928 0.547889 -0.602910
vn 0.450738 0.669785 -0.590105
vn 0.315444 0.756965 -0.572275
vn 0.189412 0.810879 -0.553713
vn 0.085837 0.838308 -0.538398
vn 0.013226 0.848726 -0.528668
vn -0.027414 0.851069 -0.524338
vn -0.045389 0.851027 -0.523156
vn -0.059618 0.850118 -0.523207
vn -0.090971 0.846175 -0.525083
vn -0.152658 0.833588 -0.530874
vn -0.246637 0.803752 -0.541436
vn -0.365631 0.747106 -0.555109
vn -0.496305 0.656329 -0.568255
vn -0.622234 0.529474 -0.576613
vn -0.727301 0.371882 -0.576833
vn -0.799551 0.195912 -0.567747
vn -0.834378 0.018249 -0.550891
vn -0.835630 -0.144118 -0.530049
vn -0.814216 -0.277408 -0.509997
vn -0.784857 -0.372889 -0.494927
vn -0.761705 -0.427511 -0.486867
vn -0.752959 -0.445231 -0.484584
vn -0.756197 -0.439843 -0.484462
vn -0.759450 -0.434297 -0.484377
vn -0.748658 -0.450454 -0.486418
vn -0.712957 -0.497439 -0.494213
vn -0.644784 -0.570212 -0.509030
vn -0.539727 -0.654985 -0.528857
vn -0.398043 -0.734581 -0.549502
vn -0.226318 -0.792606 -0.566176
vn -0.037480 -0.817231 -0.575090
vn 0.151590 -0.804192 -0.574713
vn 0.324155 -0.757824 -0.566238
vn 0.467560 -0.689591 -0.553038
vn 0.575373 -0.614831 -0.539378
vn 0.647371 -0.548821 -0.528873
vn 0.688278 -0.502609 -0.523123
vn 0.706608 -0.478593 -0.521204
vn 0.713956 -0.467783 -0.521005
vn 0.722774 -0.452864 -0.522027
vn 0.741224 -0.416622 -0.526320
vn 0.768893 -0.348276 -0.536197
vn 0.820469 -0.251574 -0.513363
vn 0.839331 -0.111208 -0.532125
vn 0.833116 0.055169 -0.550340
vn 0.792037 0.234455 -0.563656
vn 0.712857 0.410383 -0.568700
vn 0.600251 0.566903 -0.564199
vn 0.465864 0.692037 -0.551412
vn 0.325400 0.780570 -0.533689
vn 0.195021 0.834500 -0.515341
vn 0.088263 0.861355 -0.500277
vn 0.013616 0.871203 -0.490735
vn -0.028110 0.873236 -0.486486
vn -0.046559 0.873099 -0.485315
vn -0.061152 0.872180 -0.485347
vn -0.093319 0.868311 -0.487163
vn -0.156687 0.855912 -0.492813
vn -0.253436 0.826196 -0.503161
vn -0.376278 0.769104 -0.516618
vn -0.511514 0.676649 -0.529622
vn -0.641926 0.546409 -0.537930
vn -0.750363 0.383833 -0.538171
vn -0.824097 0.202069 -0.529181
vn -0.858447 0.018902 -0.512553
vn -0.857889 -0.147846 -0.492105
vn -0.834245 -0.284141 -0.472546
vn -0.803003 -0.381447 -0.457913
vn -0.778724 -0.437032 -0.450102
vn -0.769616 -0.455080 -0.447878
vn -0.772920 -0.449581 -0.447740
vn -0.776253 -0.443905 -0.447637
vn -0.765388 -0.460490 -0.449589
vn -0.729448 -0.508875 -0.457113
vn -0.660668 -0.584144 -0.471481
vn -0.554153 -0.672320 -0.490817
vn -0.409607 -0.755655 -0.511085
vn -0.233379 -0.816831 -0.527561
vn -0.038806 -0.843060 -0.536418
vn 0.156239 -0.829592 -0.536066
vn 0.333950 -0.781042 -0.527685
vn 0.481074 -0.709714 -0.514659
vn 0.591199 -0.631865 -0.501229
vn 0.664494 -0.563413 -0.490931
vn 0.706100 -0.515662 -0.485300
vn 0.724785 -0.490919 -0.483410
vn 0.732319 -0.479822 -0.483198
vn 0.741442 -0.464582 -0.484177
vn 0.760696 -0.427612 -0.488354
vn 0.789888 -0.357858 -0.498011
vn 0.845297 -0.259283 -0.467166
vn 0.866725 -0.114951 -0.485360
vn 0.862315 0.056974 -0.503157
vn 0.821247 0.242957 -0.516261
vn 0.739665 0.425652 -0.521264
vn 0.622471 0.587697 -0.516857
vn 0.482323 0.716256 -0.504323
vn 0.336164 0.806097 -0.487033
vn 0.201046 0.859879 -0.469242
vn 0.090855 0.885992 -0.454712
vn 0.014031 0.895154 -0.445536
vn -0.028851 0.896825 -0.441445
vn -0.047804 0.896578 -0.440298
vn -0.062784 0.895651 -0.440303
vn -0.095818 0.891874 -0.442017
vn -0.160985 0.879718 -0.447415
vn -0.260713 0.850211 -0.457351
vn -0.387724 0.792749 -0.470340
vn -0.527939 0.698590 -0.482962
vn -0.663255 0.564748 -0.491073
vn -0.775344 0.396773 -0.491338
vn -0.850599 0.208712 -0.482618
vn -0.884285 0.019600 -0.466536
vn -0.881620 -0.151823 -0.446873
vn -0.855464 -0.291276 -0.428182
vn -0.822141 -0.390472 -0.414266
vn -0.796631 -0.447050 -0.406849
vn -0.787129 -0.465434 -0.404720
vn -0.790504 -0.459821 -0.404560
vn -0.793921 -0.454008 -0.404433
vn -0.782990 -0.471049 -0.406252
vn -0.746836 -0.520935 -0.413356
vn -0.677489 -0.598901 -0.426997
vn -0.569524 -0.690794 -0.445472
vn -0.422011 -0.778267 -0.464981
vn -0.240994 -0.842972 -0.480957
vn -0.040238 -0.871017 -0.489602
vn 0.161273 -0.857081 -0.489289
vn 0.344523 -0.806094 -0.481161
vn 0.495593 -0.731328 -0.468558
vn 0.608124 -0.650079 -0.455613
vn 0.682743 -0.578963 -0.445717
vn 0.725058 -0.529547 -0.440308
vn 0.744109 -0.504023 -0.438477
vn 0.751840 -0.492620 -0.438249
vn 0.761295 -0.477043 -0.439159
vn 0.781431 -0.439315 -0.443134
vn 0.812317 -0.368092 -0.452381
vn 0.872306 -0.267670 -0.409189
vn 0.896742 -0.119054 -0.426240
vn 0.894547 0.058964 -0.443068
vn 0.853673 0.252392 -0.455566
vn 0.769489 0.442636 -0.460392
vn 0.647143 0.610783 -0.456235
vn 0.500499 0.742999 -0.444357
vn 0.347965 0.834080 -0.428054
vn 0.207606 0.887501 -0.411389
vn 0.093661 0.912655 -0.397854
vn 0.014480 0.920985 -0.389329
vn -0.029648 0.922226 -0.385512
vn -0.049143 0.921853 -0.384410
vn -0.064542 0.920920 -0.384371
vn -0.098510 0.917259 -0.385916
vn -0.165623 0.905418 -0.390880
vn -0.268597 0.876235 -0.400084
vn -0.400188 0.818501 -0.412195
vn -0.545917 0.722607 -0.424045
vn -0.686677 0.584890 -0.431716
vn -0.802779 0.410988 -0.432013
vn -0.879601 0.215985 -0.423856
vn -0.912378 0.020363 -0.408842
vn -0.907228 -0.156111 -0.390598
vn -0.878203 -0.298919 -0.373371
vn -0.842548 -0.400095 -0.360606
vn -0.815676 -0.457704 -0.353806
vn -0.805745 -0.476441 -0.351823
vn -0.809194 -0.470705 -0.351628
vn -0.812701 -0.464747 -0.351463
vn -0.801713 -0.482279 -0.353077
vn -0.765379 -0.533793 -0.359529
vn -0.695514 -0.614710 -0.372009
vn -0.586108 -0.710722 -0.389040
vn -0.435494 -0.802840 -0.407177
vn -0.249326 -0.871562 -0.422157
vn -0.041812 -0.901702 -0.430332
vn 0.166796 -0.887247 -0.430084
vn 0.356084 -0.833495 -0.422482
vn 0.511390 -0.754849 -0.410710
vn 0.626446 -0.669800 -0.398665
vn 0.702425 -0.595736 -0.389484
vn 0.745465 -0.544493 -0.384460
vn 0.764897 -0.518119 -0.382733
vn 0.772840 -0.506389 -0.382478
vn 0.782660 -0.490453 -0.383274
vn 0.803780 -0.451929 -0.386907
vn 0.836576 -0.379164 -0.395443
vn 0.904713 -0.277746 -0.323034
vn 0.933072 -0.124034 -0.337628
vn 0.933902 0.061379 -0.352221
vn 0.893529 0.263975 -0.363212
vn 0.806237 0.463545 -0.367570
vn 0.677465 0.639136 -0.364069
vn 0.522690 0.775623 -0.353842
vn 0.362249 0.867917 -0.339846
vn 0.215481 0.920617 -0.325627
vn 0.097011 0.944409 -0.314135
vn 0.015017 0.951627 -0.306887
vn -0.030590 0.952314 -0.303581
vn -0.050728 0.951788 -0.302535
vn -0.066622 0.950857 -0.302377
vn -0.101699 0.947367 -0.303567
vn -0.171132 0.935977 -0.307670
vn -0.278003 0.907320 -0.315411
vn -0.415152 0.849447 -0.325712
vn -0.567631 0.751640 -0.335905
vn -0.715077 0.609334 -0.342603
vn -0.836044 0.428242 -0.342987
vn -0.914608 0.224780 -0.336104
vn -0.946025 0.021291 -0.323394
vn -0.937623 -0.161188 -0.308030
vn -0.904977 -0.307908 -0.293613
vn -0.866440 -0.411354 -0.282966
vn -0.837912 -0.470139 -0.277260
vn -0.827465 -0.489283 -0.275506
vn -0.831009 -0.483411 -0.275205
vn -0.834632 -0.477288 -0.274929
vn -0.823601 -0.495404 -0.276144
vn -0.787123 -0.548863 -0.281402
vn -0.716773 -0.633343 -0.291741
vn -0.605824 -0.734392 -0.306014
vn -0.451668 -0.832285 -0.321401
vn -0.259400 -0.906075 -0.334276
vn -0.043735 -0.938894 -0.341418
vn 0.173471 -0.923797 -0.341332
vn 0.370018 -0.866556 -0.334914
vn 0.530320 -0.783057 -0.324936
vn 0.648274 -0.693308 -0.314746
vn 0.725774 -0.615642 -0.306980
vn 0.769623 -0.562192 -0.302689
vn 0.789496 -0.534802 -0.301134
vn 0.797697 -0.522687 -0.300795
vn 0.807968 -0.506342 -0.301339
vn 0.830305 -0.466906 -0.304288
vn 0.865489 -0.392368 -0.311411
vn 0.948697 -0.291509 -0.122464
vn 0.982981 -0.130980 -0.128809
vn 0.988673 0.064621 -0.135463
vn 0.949579 0.280128 -0.140815
vn 0.858166 0.492941 -0.143393
vn 0.720227 0.678944 -0.142506
vn 0.553748 0.821072 -0.138576
vn 0.382043 0.914541 -0.132883
vn 0.226299 0.965749 -0.126957
vn 0.101600 0.987313 -0.122030
vn 0.015776 0.992803 -0.118712
vn -0.031836 0.992636 -0.116875
vn -0.052843 0.991858 -0.115866
vn -0.069393 0.990914 -0.115211
vn -0.105938 0.987676 -0.115210
vn -0.178473 0.977012 -0.116593
vn -0.290629 0.949317 -0.119715
vn -0.435431 0.891618 -0.124167
vn -0.597346 0.791568 -0.128834
vn -0.754210 0.643185 -0.132213
vn -0.881947 0.452201 -0.132981
vn -0.962691 0.236994 -0.130615
vn -0.991812 0.022672 -0.125679
vn -0.978530 -0.167917 -0.119510
vn -0.940650 -0.319799 -0.113602
vn -0.898036 -0.426183 -0.109086
vn -0.867187 -0.486482 -0.106408
vn -0.856006 -0.506156 -0.105163
vn -0.859651 -0.500102 -0.104393
vn -0.863411 -0.493743 -0.103633
vn -0.852348 -0.512613 -0.103591
vn -0.815791 -0.568666 -0.105374
vn -0.745024 -0.657996 -0.109457
vn -0.632329 -0.766053 -0.115425
vn -0.473711 -0.872168 -0.122152
vn -0.273336 -0.953353 -0.128085
vn -0.046522 -0.990193 -0.131732
vn 0.182555 -0.974255 -0.132293
vn 0.389040 -0.911996 -0.130043
vn 0.556025 -0.821541 -0.126122
vn 0.677721 -0.725139 -0.121934
vn 0.757114 -0.642433 -0.118570
vn 0.801958 -0.585918 -0.116458
vn 0.822386 -0.557121 -0.115314
vn 0.830914 -0.544475 -0.114581
vn 0.841784 -0.527591 -0.114229
vn 0.865803 -0.486993 -0.114988
vn 0.904376 -0.410195 -0.117665
vn 0.954386 -0.293471 0.054970
vn 0.989555 -0.132112 0.057691
vn 0.996068 0.064810 0.060393
vn 0.957358 0.282089 0.062380
vn 0.865565 0.496811 0.063049
vn 0.726465 0.684385 0.062169
vn 0.558379 0.827413 0.060012
vn 0.385064 0.921115 0.057210
vn 0.228006 0.972135 0.054471
vn 0.102371 0.993368 0.052344
vn 0.015958 0.998567 0.051083
vn -0.031973 0.998207 0.050608
vn -0.053117 0.997306 0.050585
vn -0.069740 0.996274 0.050730
vn -0.106438 0.993006 0.051094
vn -0.179328 0.982417 0.051944
vn -0.292134 0.954885 0.053412
vn -0.437936 0.897303 0.055307
vn -0.601151 0.797090 0.057141
vn -0.759391 0.648020 0.058275
vn -0.888194 0.455771 0.058175
vn -0.969372 0.238965 0.056691
vn -0.998265 0.023109 0.054152
vn -0.984342 -0.168665 0.051207
vn -0.945725 -0.321323 0.048540
vn -0.902498 -0.428160 0.046649
vn -0.871255 -0.488696 0.045723
vn -0.859886 -0.508448 0.045563
vn -0.863460 -0.502343 0.045700
vn -0.867173 -0.495893 0.045842
vn -0.856072 -0.514786 0.046216
vn -0.819513 -0.571108 0.047263
vn -0.748746 -0.661030 0.049177
vn -0.635919 -0.770017 0.051772
vn -0.476828 -0.877302 0.054551
vn -0.275465 -0.959629 0.056846
vn -0.047179 -0.997199 0.058039
vn 0.183554 -0.981306 0.057851
vn 0.391481 -0.918451 0.056481
vn 0.559466 -0.827060 0.054500
vn 0.681734 -0.729710 0.052562
vn 0.761411 -0.646248 0.051155
vn 0.806383 -0.589238 0.050459
vn 0.826845 -0.560174 0.050319
vn 0.835350 -0.547400 0.050432
vn 0.846219 -0.530418 0.050702
vn 0.870390 -0.489675 0.051379
vn 0.909372 -0.412623 0.052779
vn 0.950066 -0.292208 0.109493
vn 0.984630 -0.131533 0.114905
vn 0.990646 0.064367 0.120320
vn 0.951808 0.280352 0.124359
vn 0.860449 0.493758 0.125818
vn 0.722303 0.680329 0.124223
vn 0.555414 0.822859 0.120080
vn 0.383226 0.916515 0.114618
vn 0.227039 0.967741 0.109227
vn 0.101990 0.989229 0.104991
vn 0.015922 0.994613 0.102429
vn -0.031837 0.994337 0.101389
vn -0.052907 0.993456 0.101220
vn -0.069461 0.992420 0.101382
vn -0.105999 0.989121 0.102000
vn -0.178565 0.978457 0.103617
vn -0.290832 0.950828 0.106502
vn -0.435865 0.893230 0.110280
vn -0.598141 0.793244 0.113980
vn -0.755456 0.644790 0.116329
vn -0.883622 0.453537 0.116260
vn -0.964642 0.237899 0.113449
vn -0.993826 0.023094 0.108523
vn -0.980432 -0.167918 0.102744
vn -0.942352 -0.320115 0.097463
vn -0.899526 -0.426707 0.093675
vn -0.868497 -0.487128 0.091757
vn -0.857183 -0.506849 0.091326
vn -0.860737 -0.500767 0.091461
vn -0.864435 -0.494328 0.091605
vn -0.853344 -0.513125 0.092235
vn -0.816801 -0.569170 0.094241
vn -0.746082 -0.658601 0.098012
vn -0.633433 -0.766888 0.103175
vn -0.474785 -0.873358 0.108743
vn -0.274225 -0.954958 0.113384
vn -0.047040 -0.992150 0.115870
vn 0.182533 -0.976377 0.115624
vn 0.389514 -0.914060 0.113022
vn 0.556888 -0.823382 0.109168
vn 0.678836 -0.726693 0.105349
vn 0.758365 -0.643715 0.102533
vn 0.803263 -0.586985 0.101082
vn 0.823681 -0.558041 0.100699
vn 0.832152 -0.545310 0.100797
vn 0.842951 -0.528384 0.101210
vn 0.866941 -0.487767 0.102455
vn 0.905572 -0.410949 0.105168
vn 0.942875 -0.290063 0.163858
vn 0.976439 -0.130519 0.171849
vn 0.981630 0.063689 0.179848
vn 0.942574 0.277527 0.185831
vn 0.851921 0.488746 0.188038
vn 0.715339 0.673632 0.185769
vn 0.550426 0.815305 0.179749
vn 0.380109 0.908855 0.171754
vn 0.225383 0.960399 0.163821
vn 0.101323 0.982298 0.157556
vn 0.015844 0.987985 0.153737
vn -0.031616 0.987852 0.152148
vn -0.052558 0.987007 0.151839
vn -0.069000 0.985966 0.152018
vn -0.105280 0.982621 0.152879
vn -0.177314 0.971834 0.155238
vn -0.288694 0.944044 0.159491
vn -0.432454 0.886415 0.165079
vn -0.593170 0.786802 0.170566
vn -0.748943 0.639361 0.174077
vn -0.876031 0.449756 0.174039
vn -0.956760 0.236057 0.169963
vn -0.986399 0.023012 0.162747
vn -0.973867 -0.166716 0.154238
vn -0.936674 -0.318123 0.146423
vn -0.894517 -0.424287 0.140786
vn -0.863852 -0.484502 0.137901
vn -0.852640 -0.504162 0.137205
vn -0.856166 -0.498115 0.137338
vn -0.859842 -0.491701 0.137485
vn -0.848763 -0.510349 0.138364
vn -0.812243 -0.565946 0.141305
vn -0.741600 -0.654564 0.146881
vn -0.629241 -0.761693 0.154533
vn -0.471325 -0.866806 0.162790
vn -0.272098 -0.947191 0.169683
vn -0.046744 -0.983741 0.173404
vn 0.180894 -0.968149 0.173106
vn 0.386282 -0.906705 0.169327
vn 0.552618 -0.817205 0.163678
vn 0.674012 -0.721616 0.158048
vn 0.753278 -0.639450 0.153871
vn 0.798042 -0.583197 0.151689
vn 0.818383 -0.554461 0.151070
vn 0.826799 -0.541808 0.151153
vn 0.837489 -0.524974 0.151704
vn 0.861185 -0.484560 0.153499
vn 0.899240 -0.408126 0.157481
vn 0.932789 -0.287030 0.217990
vn 0.964976 -0.129070 0.228392
vn 0.969040 0.062777 0.238788
vn 0.929697 0.273629 0.246558
vn 0.840026 0.481799 0.249452
vn 0.705604 0.664324 0.246569
vn 0.543426 0.804767 0.238824
vn 0.375712 0.898129 0.228483
vn 0.223030 0.950083 0.218174
vn 0.100364 0.972537 0.209996
vn 0.015724 0.978639 0.204985
vn -0.031310 0.978704 0.202875
vn -0.052068 0.977911 0.202431
vn -0.068354 0.976868 0.202626
vn -0.104275 0.973460 0.203720
vn -0.175569 0.962505 0.206782
vn -0.285710 0.934498 0.212327
vn -0.427694 0.876838 0.219619
vn -0.586233 0.777755 0.226778
vn -0.739851 0.631734 0.231372
vn -0.865421 0.444428 0.231364
vn -0.945717 0.233438 0.226112
vn -0.975959 0.022863 0.216754
vn -0.964604 -0.165049 0.205664
vn -0.928640 -0.315329 0.195436
vn -0.887418 -0.420874 0.188027
vn -0.857269 -0.480788 0.184210
vn -0.846204 -0.500355 0.183258
vn -0.849693 -0.494358 0.183389
vn -0.853339 -0.487981 0.183539
vn -0.842278 -0.506427 0.184659
vn -0.805790 -0.561400 0.188499
vn -0.735260 -0.648886 0.195804
vn -0.623316 -0.754396 0.205826
vn -0.466437 -0.857620 0.216622
vn -0.269080 -0.936316 0.225626
vn -0.046290 -0.971971 0.230500
vn 0.178636 -0.956618 0.230154
vn 0.381781 -0.896377 0.225280
vn 0.546640 -0.808506 0.217951
vn 0.667235 -0.714450 0.210615
vn 0.746115 -0.633424 0.205149
vn 0.790683 -0.577847 0.202272
vn 0.810911 -0.549410 0.201427
vn 0.819251 -0.536867 0.201496
vn 0.829791 -0.520164 0.202179
vn 0.853082 -0.480034 0.204495
vn 0.890340 -0.404140 0.209678
vn 0.919768 -0.283096 0.271814
vn 0.950229 -0.127184 0.284411
vn 0.952899 0.061632 0.296958
vn 0.913229 0.268669 0.306316
vn 0.824822 0.472951 0.309815
vn 0.693140 0.652441 0.306395
vn 0.534430 0.791267 0.297123
vn 0.370032 0.884328 0.284677
vn 0.219973 0.936758 0.272207
vn 0.099110 0.959891 0.262271
vn 0.015560 0.966511 0.256154
vn -0.030916 0.966826 0.253559
vn -0.051433 0.966101 0.252990
vn -0.067518 0.965055 0.253200
vn -0.102976 0.961572 0.254509
vn -0.173318 0.950411 0.258223
vn -0.281865 0.922142 0.264963
vn -0.421567 0.864468 0.273818
vn -0.577320 0.766092 0.282498
vn -0.728179 0.621909 0.288071
vn -0.851792 0.437554 0.288092
vn -0.931495 0.230039 0.281779
vn -0.962462 0.022645 0.270470
vn -0.952582 -0.162906 0.257002
vn -0.918177 -0.311707 0.244520
vn -0.878153 -0.416431 0.235441
vn -0.848669 -0.475941 0.230741
vn -0.837797 -0.495384 0.229546
vn -0.841242 -0.489449 0.229676
vn -0.844848 -0.483125 0.229828
vn -0.833812 -0.501314 0.231176
vn -0.797374 -0.555484 0.235866
vn -0.727004 -0.641512 0.244800
vn -0.615619 -0.744948 0.257033
vn -0.460100 -0.845763 0.270173
vn -0.265169 -0.922316 0.281103
vn -0.045680 -0.956835 0.287021
vn 0.175756 -0.941781 0.286633
vn 0.376002 -0.883058 0.280770
vn 0.538933 -0.797255 0.271911
vn 0.658468 -0.705158 0.263007
vn 0.736827 -0.625597 0.256346
vn 0.781128 -0.570894 0.252821
vn 0.801206 -0.542846 0.251767
vn 0.809449 -0.530450 0.251823
vn 0.819798 -0.513916 0.252627
vn 0.842575 -0.474157 0.255428
vn 0.878821 -0.398966 0.261725
vn 0.903761 -0.278246 0.325260
vn 0.932178 -0.124860 0.339786
vn 0.933230 0.060255 0.354192
vn 0.893228 0.262666 0.364898
vn 0.806375 0.462239 0.368909
vn 0.677990 0.638024 0.365040
vn 0.523449 0.774822 0.354474
vn 0.363062 0.867433 0.340214
vn 0.216201 0.920371 0.325845
vn 0.097552 0.944285 0.314339
vn 0.015351 0.951513 0.307225
vn -0.030431 0.952125 0.304189
vn -0.050649 0.951482 0.303507
vn -0.066484 0.950436 0.303730
vn -0.101375 0.946866 0.305235
vn -0.170545 0.935468 0.309538
vn -0.277137 0.906909 0.317351
vn -0.414053 0.849259 0.327596
vn -0.566414 0.751792 0.337615
vn -0.713920 0.609880 0.344041
vn -0.835135 0.429129 0.344089
vn -0.914067 0.225852 0.336855
vn -0.945852 0.022358 0.323827
vn -0.937715 -0.160273 0.308227
vn -0.905184 -0.307222 0.293694
vn -0.866616 -0.410909 0.283074
vn -0.837947 -0.469903 0.277552
vn -0.827315 -0.489185 0.276130
vn -0.830707 -0.483329 0.276259
vn -0.834264 -0.477073 0.276415
vn -0.823261 -0.494946 0.277974
vn -0.786898 -0.548130 0.283453
vn -0.716752 -0.632374 0.293887
vn -0.606094 -0.733283 0.308133
vn -0.452287 -0.831183 0.323376
vn -0.260355 -0.905160 0.336006
vn -0.044914 -0.938321 0.342835
vn 0.172252 -0.923624 0.342415
vn 0.368932 -0.866719 0.335691
vn 0.529466 -0.783407 0.325483
vn 0.647660 -0.693684 0.315180
vn 0.725349 -0.615913 0.307443
vn 0.769303 -0.562284 0.303330
vn 0.789191 -0.534717 0.302084
vn 0.797313 -0.522504 0.302128
vn 0.807431 -0.506181 0.303044
vn 0.829584 -0.466884 0.306283
vn 0.864610 -0.392574 0.313583
vn 0.884696 -0.272459 0.378259
vn 0.910789 -0.122094 0.394405
vn 0.910047 0.058645 0.410334
vn 0.869750 0.255635 0.422121
vn 0.784752 0.449700 0.426537
vn 0.660200 0.621115 0.422318
vn 0.510496 0.755447 0.410722
vn 0.354790 0.847417 0.394978
vn 0.211697 0.900851 0.379016
vn 0.095682 0.925619 0.366162
vn 0.015096 0.933531 0.358179
vn -0.029851 0.934482 0.354757
vn -0.049708 0.933933 0.353974
vn -0.065246 0.932888 0.354208
vn -0.099458 0.929223 0.355884
vn -0.167229 0.917567 0.360702
vn -0.271497 0.888707 0.369444
vn -0.405118 0.831151 0.380877
vn -0.553491 0.734824 0.392022
vn -0.697059 0.595636 0.399156
vn -0.815433 0.419147 0.399230
vn -0.893393 0.220870 0.391235
vn -0.926050 0.022003 0.376758
vn -0.919891 -0.157130 0.359319
vn -0.889532 -0.301830 0.342975
vn -0.852670 -0.404241 0.330972
vn -0.824967 -0.462597 0.324704
vn -0.814622 -0.481678 0.323075
vn -0.817950 -0.475917 0.323204
vn -0.821449 -0.469744 0.323362
vn -0.810492 -0.487242 0.325114
vn -0.774238 -0.539251 0.331307
vn -0.704402 -0.621378 0.343085
vn -0.594671 -0.719311 0.359108
vn -0.442961 -0.813809 0.376166
vn -0.254628 -0.884806 0.390234
vn -0.043991 -0.916407 0.397823
vn 0.168118 -0.902124 0.397377
vn 0.360553 -0.847318 0.389940
vn 0.518196 -0.766902 0.378596
vn 0.634743 -0.679958 0.367094
vn 0.711590 -0.604297 0.358419
vn 0.755110 -0.551944 0.353791
vn 0.774762 -0.524953 0.352376
vn 0.782739 -0.512960 0.352409
vn 0.792585 -0.496892 0.353422
vn 0.814008 -0.458158 0.357046
vn 0.847615 -0.384921 0.365219
vn 0.862473 -0.265706 0.430744
vn 0.886010 -0.118880 0.448167
vn 0.883355 0.056803 0.465250
vn 0.842843 0.247589 0.477824
vn 0.760013 0.435367 0.482530
vn 0.639805 0.601747 0.478069
vn 0.495574 0.733147 0.465728
vn 0.345199 0.824232 0.448865
vn 0.206440 0.878101 0.431649
vn 0.093486 0.903762 0.417702
vn 0.014793 0.912415 0.408999
vn -0.029171 0.913740 0.405251
vn -0.048603 0.913297 0.404384
vn -0.063790 0.912254 0.404627
vn -0.097208 0.908489 0.406446
vn -0.163345 0.896565 0.411692
vn -0.264909 0.867419 0.421198
vn -0.394722 0.810058 0.433590
vn -0.538513 0.715140 0.445621
vn -0.677566 0.579154 0.453304
vn -0.792653 0.407591 0.453399
vn -0.869411 0.215078 0.444821
vn -0.902952 0.021576 0.429200
vn -0.898968 -0.153449 0.410256
vn -0.871052 -0.295473 0.392383
vn -0.836141 -0.396344 0.379182
vn -0.809553 -0.453924 0.372259
vn -0.799541 -0.472761 0.370447
vn -0.802796 -0.467110 0.370575
vn -0.806225 -0.461037 0.370736
vn -0.795330 -0.478098 0.372657
vn -0.759235 -0.528735 0.379475
vn -0.689821 -0.608406 0.392415
vn -0.581255 -0.702919 0.409937
vn -0.432071 -0.793546 0.428484
vn -0.247970 -0.861189 0.443694
vn -0.042911 -0.891050 0.451873
vn 0.163346 -0.877238 0.451411
vn 0.350838 -0.824796 0.443424
vn 0.505067 -0.747656 0.431183
vn 0.619629 -0.663886 0.418707
vn 0.695440 -0.590654 0.409257
vn 0.738419 -0.539781 0.404196
vn 0.757785 -0.513464 0.402638
vn 0.765592 -0.501730 0.402662
vn 0.775125 -0.485966 0.403756
vn 0.795714 -0.447905 0.407702
vn 0.827712 -0.375951 0.416598
vn 0.836964 -0.257948 0.482654
vn 0.857759 -0.115208 0.500976
vn 0.853132 0.054725 0.518817
vn 0.812535 0.238535 0.531872
vn 0.732200 0.419263 0.536751
vn 0.616831 0.579940 0.532155
vn 0.478673 0.707904 0.519369
vn 0.334258 0.797805 0.501776
vn 0.200400 0.851994 0.483680
vn 0.090948 0.878545 0.468921
vn 0.014439 0.887975 0.459665
vn -0.028384 0.889699 0.455664
vn -0.047321 0.889371 0.454730
vn -0.062104 0.888334 0.454980
vn -0.094603 0.884468 0.456910
vn -0.158858 0.872279 0.462486
vn -0.257323 0.842889 0.472571
vn -0.382808 0.785867 0.485666
vn -0.521425 0.692669 0.498323
vn -0.655392 0.560393 0.506380
vn -0.766737 0.394434 0.506494
vn -0.842031 0.208456 0.497524
vn -0.876416 0.021077 0.481093
vn -0.874758 -0.149198 0.461018
vn -0.849532 -0.288076 0.441936
vn -0.816806 -0.387110 0.427755
vn -0.791480 -0.443758 0.420284
vn -0.781851 -0.462299 0.418316
vn -0.785020 -0.456779 0.418445
vn -0.788368 -0.450825 0.418609
vn -0.777555 -0.467380 0.420671
vn -0.741687 -0.516440 0.428008
vn -0.672840 -0.593308 0.441896
vn -0.565727 -0.683958 0.460603
vn -0.419552 -0.770270 0.480272
vn -0.240356 -0.834216 0.496299
vn -0.041671 -0.862181 0.504884
vn 0.157920 -0.848897 0.504415
vn 0.339747 -0.799063 0.496055
vn 0.490002 -0.725559 0.483179
vn 0.602202 -0.645344 0.469983
vn 0.676750 -0.574861 0.459939
vn 0.719068 -0.525677 0.454538
vn 0.738090 -0.500134 0.452868
vn 0.745699 -0.488702 0.452884
vn 0.754877 -0.473294 0.454042
vn 0.774530 -0.436030 0.458238
vn 0.804742 -0.365595 0.467687
vn 0.807992 -0.249131 0.533931
vn 0.825913 -0.111064 0.552750
vn 0.819321 0.052406 0.570935
vn 0.778821 0.228469 0.584157
vn 0.701327 0.401394 0.589086
vn 0.591274 0.555690 0.584469
vn 0.459765 0.679673 0.571543
vn 0.321924 0.768025 0.553627
vn 0.193538 0.822353 0.535050
vn 0.088045 0.849746 0.519787
vn 0.014032 0.859963 0.510163
vn -0.027482 0.862104 0.505986
vn -0.045851 0.861898 0.505005
vn -0.060168 0.860867 0.505260
vn -0.091616 0.856907 0.507265
vn -0.153723 0.844474 0.513062
vn -0.248677 0.814914 0.523522
vn -0.369296 0.758422 0.537043
vn -0.502145 0.667307 0.550048
vn -0.630457 0.539287 0.558295
vn -0.737592 0.379631 0.558425
vn -0.811121 0.200974 0.549265
vn -0.846257 0.020504 0.532381
vn -0.847022 -0.144334 0.511586
vn -0.824699 -0.279546 0.491656
vn -0.794378 -0.376404 0.476742
vn -0.770463 -0.431937 0.468847
vn -0.761265 -0.450126 0.466758
vn -0.764335 -0.444757 0.466887
vn -0.767588 -0.438941 0.467054
vn -0.756886 -0.454919 0.469226
vn -0.721333 -0.502183 0.476960
vn -0.653244 -0.575890 0.491551
vn -0.547932 -0.662239 0.511088
vn -0.405313 -0.743811 0.531476
vn -0.231751 -0.803753 0.547972
vn -0.040270 -0.829691 0.556768
vn 0.151818 -0.816994 0.556302
vn 0.327224 -0.769991 0.547758
vn 0.472899 -0.700464 0.534525
vn 0.582310 -0.624175 0.520885
vn 0.655334 -0.556759 0.510447
vn 0.696847 -0.509479 0.504813
vn 0.715458 -0.484816 0.503063
vn 0.722839 -0.473731 0.503073
vn 0.731619 -0.458737 0.504275
vn 0.750237 -0.422409 0.508641
vn 0.778497 -0.353759 0.518456
vn 0.775320 -0.239186 0.584525
vn 0.790293 -0.106425 0.603415
vn 0.781810 0.049835 0.621521
vn 0.741646 0.217372 0.634595
vn 0.667361 0.381738 0.639457
vn 0.563095 0.528955 0.634926
vn 0.438790 0.648362 0.622166
vn 0.308129 0.734727 0.604344
vn 0.185801 0.788942 0.585703
vn 0.084751 0.817075 0.570268
vn 0.013567 0.828059 0.560477
vn -0.026453 0.830619 0.556212
vn -0.044172 0.830539 0.555206
vn -0.057959 0.829519 0.555462
vn -0.088211 0.825475 0.557503
vn -0.147883 0.812840 0.563402
vn -0.238886 0.783225 0.574014
vn -0.354082 0.727512 0.587667
vn -0.480557 0.638902 0.600724
vn -0.602637 0.515735 0.608971
vn -0.705076 0.363111 0.609112
vn -0.776494 0.192588 0.599973
vn -0.812220 0.019854 0.583013
vn -0.815447 -0.138801 0.561943
vn -0.796201 -0.269761 0.541566
vn -0.768492 -0.364050 0.526201
vn -0.746133 -0.418254 0.518024
vn -0.737415 -0.436022 0.515852
vn -0.740371 -0.430829 0.515982
vn -0.743515 -0.425175 0.516151
vn -0.732959 -0.440495 0.518396
vn -0.697841 -0.485732 0.526386
vn -0.630754 -0.555905 0.541405
vn -0.527669 -0.637512 0.561377
vn -0.389236 -0.713944 0.582048
vn -0.222102 -0.769609 0.598643
vn -0.038702 -0.793415 0.607449
vn 0.145008 -0.781363 0.606996
vn 0.313188 -0.737399 0.598461
vn 0.453619 -0.672167 0.585169
vn 0.559755 -0.600167 0.571379
vn 0.630945 -0.536142 0.560767
vn 0.671482 -0.490988 0.555016
vn 0.689607 -0.467319 0.553223
vn 0.696726 -0.456628 0.553230
vn 0.705064 -0.442116 0.554453
vn 0.722549 -0.406883 0.558900
vn 0.748707 -0.340321 0.568876
vn 0.738621 -0.228014 0.634389
vn 0.750635 -0.101261 0.652912
vn 0.740408 0.046998 0.670512
vn 0.700876 0.205202 0.683129
vn 0.630202 0.360232 0.687807
vn 0.532196 0.499638 0.683469
vn 0.415645 0.613810 0.671175
vn 0.292777 0.697669 0.653865
vn 0.177115 0.751434 0.635592
vn 0.081026 0.780141 0.620334
vn 0.013038 0.791836 0.610595
vn -0.025283 0.794806 0.606336
vn -0.042262 0.794852 0.605330
vn -0.055446 0.793847 0.605585
vn -0.084340 0.789738 0.607618
vn -0.141262 0.776966 0.613489
vn -0.227837 0.747459 0.624015
vn -0.337018 0.692843 0.637486
vn -0.456491 0.607236 0.650292
vn -0.571744 0.489581 0.658346
vn -0.668969 0.344768 0.658495
vn -0.737875 0.183235 0.649589
vn -0.773961 0.019121 0.632945
vn -0.779617 -0.132524 0.612074
vn -0.763577 -0.258560 0.591690
vn -0.738668 -0.349818 0.576191
vn -0.718009 -0.402439 0.567896
vn -0.709823 -0.419705 0.565684
vn -0.712646 -0.414714 0.565817
vn -0.715663 -0.409247 0.565989
vn -0.705302 -0.423824 0.568263
vn -0.670774 -0.466779 0.576350
vn -0.605005 -0.533027 0.591482
vn -0.504670 -0.609450 0.611457
vn -0.371157 -0.680359 0.631945
vn -0.211334 -0.731508 0.648255
vn -0.036960 -0.753103 0.656864
vn 0.137437 -0.741759 0.656433
vn 0.297523 -0.701026 0.648107
vn 0.431968 -0.640391 0.635062
vn 0.534269 -0.573039 0.621436
vn 0.603257 -0.512737 0.610886
vn 0.642615 -0.469943 0.605144
vn 0.660161 -0.447388 0.603350
vn 0.666982 -0.437147 0.603355
vn 0.674831 -0.423192 0.604575
vn 0.691088 -0.389240 0.609007
vn 0.715006 -0.325118 0.618922
vn 0.697437 -0.215480 0.683484
vn 0.706545 -0.095523 0.701192
vn 0.694799 0.043867 0.717865
vn 0.656264 0.191878 0.729726
vn 0.589643 0.336752 0.734111
vn 0.498392 0.467557 0.730066
vn 0.390160 0.575756 0.718527
vn 0.275720 0.656487 0.702142
vn 0.167375 0.709368 0.684677
vn 0.076818 0.738409 0.669963
vn 0.012438 0.750715 0.660509
vn -0.023952 0.754068 0.656359
vn -0.040088 0.754236 0.655379
vn -0.052585 0.753250 0.655629
vn -0.079938 0.749107 0.657608
vn -0.133753 0.736294 0.663311
vn -0.215371 0.707118 0.673497
vn -0.317897 0.653999 0.686460
vn -0.429697 0.571988 0.698706
vn -0.537491 0.460590 0.706371
vn -0.628940 0.324437 0.706523
vn -0.694865 0.172823 0.698065
vn -0.730994 0.018302 0.682139
vn -0.738968 -0.125399 0.661968
vn -0.726209 -0.245729 0.642057
vn -0.704266 -0.333400 0.626781
vn -0.685448 -0.384127 0.618553
vn -0.677844 -0.400795 0.616354
vn -0.680512 -0.396037 0.616488
vn -0.683383 -0.390787 0.616663
vn -0.673280 -0.404520 0.618917
vn -0.639551 -0.444914 0.626918
vn -0.575509 -0.506817 0.641814
vn -0.478573 -0.577603 0.661319
vn -0.350848 -0.642625 0.681130
vn -0.199339 -0.689049 0.696761
vn -0.035031 -0.708377 0.704965
vn 0.129032 -0.697808 0.704567
vn 0.280061 -0.660489 0.696649
vn 0.407678 -0.604745 0.684165
vn 0.505486 -0.542404 0.671030
vn 0.571829 -0.486170 0.660795
vn 0.609759 -0.445991 0.655199
vn 0.626618 -0.424684 0.653447
vn 0.633096 -0.414954 0.653455
vn 0.640407 -0.401645 0.654645
vn 0.655340 -0.369195 0.658958
vn 0.676897 -0.307928 0.668574
vn 0.651105 -0.201386 0.731783
vn 0.657432 -0.089141 0.748222
vn 0.644477 0.040402 0.763555
vn 0.607383 0.177267 0.774379
vn 0.545318 0.311077 0.778370
vn 0.461363 0.432399 0.774709
vn 0.362058 0.533775 0.764198
vn 0.256738 0.610634 0.749141
vn 0.156432 0.662075 0.732929
vn 0.072054 0.691119 0.719141
vn 0.011758 0.703884 0.710218
vn -0.022431 0.707570 0.706287
vn -0.037604 0.707850 0.705361
vn -0.049318 0.706890 0.705602
vn -0.074915 0.702754 0.707477
vn -0.125209 0.690036 0.712862
vn -0.201266 0.661490 0.722442
vn -0.296414 0.610378 0.734559
vn -0.399802 0.532677 0.745932
vn -0.499441 0.428399 0.753016
vn -0.584479 0.301868 0.753167
vn -0.646867 0.161215 0.745368
vn -0.682619 0.017389 0.730567
vn -0.692705 -0.117284 0.711621
vn -0.683237 -0.230969 0.692705
vn -0.664397 -0.314370 0.678048
vn -0.647557 -0.362817 0.670100
vn -0.640588 -0.378764 0.667970
vn -0.643076 -0.374278 0.668108
vn -0.645777 -0.369280 0.668285
vn -0.636014 -0.382054 0.670464
vn -0.603363 -0.419569 0.678171
vn -0.541586 -0.476666 0.692440
vn -0.448868 -0.541343 0.710960
vn -0.327982 -0.600120 0.729578
vn -0.185956 -0.641634 0.744127
vn -0.032899 -0.658661 0.751720
vn 0.119675 -0.648945 0.751364
vn 0.260551 -0.615221 0.744054
vn 0.380356 -0.564665 0.732450
vn 0.472883 -0.507711 0.720147
vn 0.536038 -0.455921 0.710493
vn 0.572233 -0.418637 0.705190
vn 0.588271 -0.398730 0.703528
vn 0.594355 -0.389581 0.703540
vn 0.601072 -0.377026 0.704672
vn 0.614585 -0.346344 0.708753
vn 0.633673 -0.288436 0.717818
vn 0.598619 -0.185435 0.779275
vn 0.602372 -0.082003 0.793992
vn 0.588616 0.036535 0.807587
vn 0.553505 0.161138 0.817109
vn 0.496595 0.282827 0.820611
vn 0.420567 0.393632 0.817421
vn 0.330889 0.487174 0.808192
vn 0.235484 0.559247 0.794852
vn 0.144060 0.608542 0.780336
vn 0.066627 0.637137 0.767866
vn 0.010983 0.650140 0.759735
vn -0.020679 0.654083 0.756140
vn -0.034745 0.654460 0.755298
vn -0.045555 0.653531 0.755528
vn -0.069134 0.649462 0.757244
vn -0.115410 0.637028 0.762152
vn -0.185184 0.609512 0.770845
vn -0.272108 0.561061 0.781772
vn -0.366223 0.488554 0.791957
vn -0.456898 0.392437 0.798271
vn -0.534777 0.276665 0.798417
vn -0.592949 0.148198 0.791485
vn -0.627779 0.016374 0.778219
vn -0.639651 -0.107961 0.761046
vn -0.633404 -0.213840 0.743688
vn -0.617771 -0.292107 0.730091
vn -0.603044 -0.337778 0.722664
vn -0.596767 -0.352850 0.720671
vn -0.599039 -0.348684 0.720813
vn -0.601538 -0.343981 0.720991
vn -0.592231 -0.355655 0.723030
vn -0.561038 -0.389916 0.730207
vn -0.502245 -0.441685 0.743414
vn -0.414805 -0.499737 0.760395
vn -0.302065 -0.551902 0.777278
vn -0.170935 -0.588337 0.790342
vn -0.030537 -0.603048 0.797120
vn 0.109184 -0.594276 0.796816
vn 0.238601 -0.564342 0.790309
vn 0.349405 -0.519292 0.779905
vn 0.435679 -0.468140 0.768784
vn 0.494963 -0.421216 0.759993
vn 0.529034 -0.387153 0.755139
vn 0.544082 -0.368824 0.753620
vn 0.549710 -0.360342 0.753640
vn 0.555770 -0.348675 0.754682
vn 0.567759 -0.320097 0.758411
vn 0.584284 -0.266175 0.766657
vn 0.458337 -0.142680 0.877251
vn 0.457837 -0.063136 0.886792
vn 0.444504 0.026695 0.895379
vn 0.416296 0.120207 0.901248
vn 0.373236 0.211460 0.903316
vn 0.317039 0.295439 0.901222
vn 0.251011 0.367981 0.895312
vn 0.180185 0.425855 0.886669
vn 0.111301 0.467261 0.877086
vn 0.052011 0.492572 0.868716
vn 0.008835 0.504720 0.863238
vn -0.015935 0.508511 0.860908
vn -0.026947 0.508688 0.860529
vn -0.035279 0.507553 0.860898
vn -0.053366 0.503682 0.862240
vn -0.088805 0.492675 0.865670
vn -0.141930 0.469337 0.871538
vn -0.207567 0.429806 0.878739
vn -0.278184 0.372629 0.885303
vn -0.346325 0.298766 0.889268
vn -0.405813 0.211094 0.889244
vn -0.452116 0.114038 0.884639
vn -0.482499 0.013535 0.875792
vn -0.496433 -0.082934 0.864104
vn -0.496252 -0.166818 0.852001
vn -0.487421 -0.229957 0.842342
vn -0.477412 -0.267157 0.837081
vn -0.472546 -0.279393 0.835847
vn -0.473878 -0.275925 0.836244
vn -0.475464 -0.271883 0.836668
vn -0.467438 -0.280462 0.838357
vn -0.441192 -0.306063 0.843608
vn -0.392448 -0.344225 0.852933
vn -0.321594 -0.386125 0.864572
vn -0.232565 -0.422941 0.875805
vn -0.131261 -0.448167 0.884261
vn -0.024226 -0.458194 0.888522
vn 0.082047 -0.452058 0.888207
vn 0.181292 -0.431149 0.883880
vn 0.267621 -0.399172 0.876950
vn 0.336089 -0.362066 0.869455
vn 0.383822 -0.327217 0.863487
vn 0.411329 -0.301317 0.860242
vn 0.423227 -0.287011 0.859362
vn 0.427321 -0.280178 0.859591
vn 0.431461 -0.270851 0.860512
vn 0.439623 -0.248209 0.863205
vn 0.450315 -0.205694 0.868853
vn 0.325800 -0.102488 0.939867
vn 0.323807 -0.045876 0.945010
vn 0.312960 0.017451 0.949606
vn 0.292230 0.082908 0.952748
vn 0.261812 0.146677 0.953908
vn 0.222810 0.205697 0.952914
vn 0.177202 0.257406 0.949917
vn 0.128081 0.299622 0.945421
vn 0.079834 0.330797 0.940319
vn 0.037784 0.350628 0.935752
vn 0.006784 0.360642 0.932680
vn -0.011192 0.364059 0.931308
vn -0.019218 0.364470 0.931017
vn -0.025133 0.363785 0.931144
vn -0.037862 0.360964 0.931811
vn -0.062872 0.352644 0.933643
vn -0.100318 0.335089 0.936831
vn -0.146376 0.305877 0.940751
vn -0.195718 0.264472 0.944325
vn -0.243341 0.211890 0.946513
vn -0.285319 0.150146 0.946599
vn -0.318839 0.081988 0.944256
vn -0.342094 0.011035 0.939601
vn -0.354435 -0.057912 0.933286
vn -0.356870 -0.118864 0.926561
vn -0.352554 -0.165536 0.921034
vn -0.346423 -0.193466 0.917912
vn -0.343203 -0.202905 0.917083
vn -0.344234 -0.200582 0.917208
vn -0.345578 -0.197603 0.917349
vn -0.339816 -0.203499 0.918212
vn -0.320233 -0.221281 0.921133
vn -0.283798 -0.247536 0.926383
vn -0.231476 -0.275912 0.932894
vn -0.166833 -0.300405 0.939108
vn -0.094403 -0.316894 0.943751
vn -0.018636 -0.323275 0.946121
vn 0.056391 -0.319064 0.946054
vn 0.126797 -0.305116 0.943836
vn 0.188721 -0.283657 0.940172
vn 0.238556 -0.258418 0.936115
vn 0.273810 -0.234317 0.932804
vn 0.294366 -0.216098 0.930941
vn 0.303343 -0.205885 0.930373
vn 0.306443 -0.201019 0.930421
vn 0.309361 -0.194452 0.930851
vn 0.314804 -0.178280 0.932263
vn 0.321516 -0.147701 0.935314
vn 0.286740 -0.091435 0.953635
vn 0.284750 -0.041754 0.957692
vn 0.275007 0.013787 0.961343
vn 0.256688 0.071133 0.963873
vn 0.230016 0.126971 0.964868
vn 0.195955 0.178701 0.964193
vn 0.156179 0.224172 0.961954
vn 0.113292 0.261525 0.958525
vn 0.071027 0.289380 0.954575
vn 0.033995 0.307367 0.950984
vn 0.006497 0.316684 0.948509
vn -0.009591 0.320077 0.947343
vn -0.016808 0.320725 0.947023
vn -0.021956 0.320375 0.947036
vn -0.032926 0.318125 0.947477
vn -0.054641 0.310964 0.948850
vn -0.087313 0.295563 0.951325
vn -0.127582 0.269833 0.954418
vn -0.170746 0.233398 0.957273
vn -0.212429 0.187241 0.959070
vn -0.249251 0.133156 0.959241
vn -0.278827 0.073498 0.957525
vn -0.299622 0.011314 0.953991
vn -0.311037 -0.049331 0.949117
vn -0.313830 -0.103267 0.943847
vn -0.310588 -0.144921 0.939432
vn -0.305528 -0.170179 0.936852
vn -0.302859 -0.179038 0.936067
vn -0.303953 -0.177279 0.936048
vn -0.305481 -0.174667 0.936041
vn -0.300814 -0.179689 0.936602
vn -0.283817 -0.195108 0.938819
vn -0.251728 -0.217955 0.942936
vn -0.205499 -0.242629 0.948104
vn -0.148450 -0.263869 0.953066
vn -0.084686 -0.278120 0.956806
vn -0.018123 -0.283613 0.958768
vn 0.047742 -0.279970 0.958821
vn 0.109626 -0.267928 0.957182
vn 0.164241 -0.249364 0.954381
vn 0.208445 -0.227438 0.951222
vn 0.239967 -0.206376 0.948591
vn 0.258563 -0.190346 0.947055
vn 0.266865 -0.181327 0.946522
vn 0.269848 -0.177126 0.946472
vn 0.272540 -0.171598 0.946719
vn 0.277344 -0.157695 0.947741
vn 0.283158 -0.131053 0.950077
vn 0.257574 -0.085516 0.962467
vn 0.256146 -0.041418 0.965750
vn 0.247921 0.008214 0.968745
vn 0.232092 0.059724 0.970858
vn 0.208786 0.110131 0.971740
vn 0.178782 0.157100 0.971266
vn 0.143474 0.198691 0.969503
vn 0.105080 0.233190 0.966737
vn 0.066852 0.259243 0.963496
vn 0.032925 0.276327 0.960500
vn 0.007317 0.285321 0.958404
vn -0.007973 0.288601 0.957416
vn -0.014872 0.289118 0.957178
vn -0.019301 0.288689 0.957228
vn -0.028466 0.286732 0.957588
vn -0.047121 0.280627 0.958660
vn -0.075773 0.267331 0.960621
vn -0.111570 0.244867 0.963116
vn -0.150321 0.212812 0.965461
vn -0.188072 0.171975 0.966982
vn -0.221751 0.123889 0.967201
vn -0.249169 0.070568 0.965885
vn -0.268874 0.014625 0.963064
vn -0.280189 -0.040402 0.959094
vn -0.283583 -0.089900 0.954724
vn -0.281149 -0.128718 0.950992
vn -0.276560 -0.152825 0.948767
vn -0.273741 -0.161781 0.948100
vn -0.274323 -0.160456 0.948157
vn -0.275716 -0.157625 0.948227
vn -0.272058 -0.161269 0.948671
vn -0.257611 -0.174325 0.950393
vn -0.229609 -0.194405 0.953670
vn -0.188743 -0.216533 0.957857
vn -0.137949 -0.235914 0.961933
vn -0.080907 -0.249266 0.965050
vn -0.021116 -0.254907 0.966735
vn 0.038320 -0.252405 0.966863
vn 0.094493 -0.242304 0.965588
vn 0.144451 -0.226145 0.963324
vn 0.185283 -0.206623 0.960717
vn 0.214754 -0.187467 0.958507
vn 0.232384 -0.172518 0.957202
vn 0.240324 -0.163836 0.956766
vn 0.243012 -0.159816 0.956767
vn 0.245140 -0.155141 0.956994
vn 0.249139 -0.143383 0.957795
vn 0.254230 -0.120333 0.959629
vn 0.211531 -0.082918 0.973848
vn 0.212011 -0.048645 0.976056
vn 0.207209 -0.008644 0.978259
vn 0.196188 0.033832 0.979982
vn 0.178889 0.076084 0.980923
vn 0.155816 0.116055 0.980945
vn 0.127928 0.152110 0.980050
vn 0.096760 0.182800 0.978377
vn 0.064675 0.206855 0.976232
vn 0.034930 0.223491 0.974080
vn 0.011135 0.232943 0.972427
vn -0.004141 0.236822 0.971544
vn -0.011216 0.237688 0.971277
vn -0.014125 0.237679 0.971241
vn -0.019070 0.237046 0.971311
vn -0.031168 0.233915 0.971757
vn -0.052091 0.225525 0.972844
vn -0.080135 0.209759 0.974464
vn -0.111875 0.185882 0.976182
vn -0.143792 0.154366 0.977494
vn -0.173072 0.116387 0.978008
vn -0.197716 0.073485 0.977501
vn -0.216364 0.027578 0.975923
vn -0.228209 -0.018759 0.973432
vn -0.233210 -0.062004 0.970448
vn -0.232539 -0.097831 0.967654
vn -0.228856 -0.122166 0.965764
vn -0.225695 -0.133233 0.965044
vn -0.225543 -0.133591 0.965030
vn -0.227599 -0.130031 0.965034
vn -0.227473 -0.130198 0.965041
vn -0.219655 -0.138272 0.965729
vn -0.200615 -0.153468 0.967575
vn -0.170058 -0.171877 0.970329
vn -0.130151 -0.189145 0.973286
vn -0.084049 -0.202067 0.975758
vn -0.034841 -0.208886 0.977319
vn 0.014816 -0.208990 0.977805
vn 0.062547 -0.202590 0.977264
vn 0.105983 -0.190649 0.975920
vn 0.142658 -0.175038 0.974172
vn 0.170366 -0.158608 0.972532
vn 0.188015 -0.144740 0.971442
vn 0.196610 -0.135995 0.971004
vn 0.199444 -0.132277 0.970940
vn 0.200768 -0.130000 0.970975
vn 0.203501 -0.123572 0.971245
vn 0.207790 -0.108388 0.972150
vn 0.991450 0.082134 0.101398
vn 0.642983 0.759139 0.101398
vn -0.082134 0.991450 0.101398
vn -0.759139 0.642983 0.101398
vn -0.991450 -0.082134 0.101398
vn -0.642983 -0.759139 0.101398
vn 0.082134 -0.991450 0.101398
vn 0.759139 -0.642983 0.101398
vn 0.974346 -0.201794 0.099649
vn 0.831656 0.546277 0.099649
vn 0.201794 0.974346 0.099649
vn -0.546277 0.831656 0.099649
vn -0.974346 0.201794 0.099649
vn -0.831656 -0.546277 0.099649
vn -0.201794 -0.974346 0.099649
vn 0.546277 -0.831656 0.099649
f 1/1/1 2/2/2 50/50/50
f 1/1/1 50/50/50 49/49/49
f 2/2/2 3/3/3 51/51/51
f 2/2/2 51/51/51 50/50/50
f 3/3/3 4/4/4 52/52/52
f 3/3/3 52/52/52 51/51/51
f 4/4/4 5/5/5 53/53/53
f 4/4/4 53/53/53 52/52/52
f 5/5/5 6/6/6 54/54/54
f 5/5/5 54/54/54 53/53/53
f 6/6/6 7/7/7 55/55/55
f 6/6/6 55/55/55 54/54/54
f 7/7/7 8/8/8 56/56/56
f 7/7/7 56/56/56 55/55/55
f 8/8/8 9/9/9 57/57/57
f 8/8/8 57/57/57 56/56/56
f 9/9/9 10/10/10 58/58/58
f 9/9/9 58/58/58 57/57/57
f 10/10/10 11/11/11 59/59/59
f 10/10/10 59/59/59 58/58/58
f 11/11/11 12/12/12 60/60/60
f 11/11/11 60/60/60 59/59/59
f 12/12/12 13/13/13 61/61/61
f 12/12/12 61/61/61 60/60/60
f 13/13/13 14/14/14 62/62/62
f 13/13/13 62/62/62 61/61/61
f 14/14/14 15/15/15 63/63/63
f 14/14/14 63/63/63 62/62/62
f 15/15/15 16/16/16 64/64/64
f 15/15/15 64/64/64 63/63/63
f 16/16/16 17/17/17 65/65/65
f 16/16/16 65/65/65 64/64/64
f 17/17/17 18/18/18 66/66/66
f 17/17/17 66/66/66 65/65/65
f 18/18/18 19/19/19 67/67/67
f 18/18/18 67/67/67 66/66/66
f 19/19/19 20/20/20 68/68/68
f 19/19/19 68/68/68 67/67/67
f 20/20/20 21/21/21 69/69/69
f 20/20/20 69/69/69 68/68/68
f 21/21/21 22/22/22 70/70/70
f 21/21/21 70/70/70 69/69/69
f 22/22/22 23/23/23 71/71/71
f 22/22/22 71/71/71 70/70/70
f 23/23/23 24/24/24 72/72/72
f 23/23/23 72/72/72 71/71/71
f 24/24/24 25/25/25 73/73/73
f 24/24/24 73/73/73 72/72/72
f 25/25/25 26/26/26 74/74/74
f 25/25/25 74/74/74 73/73/73
f 26/26/26 27/27/27 75/75/75
f 26/26/26 75/75/75 74/74/74
f 27/27/27 28/28/28 76/76/76
f 27/27/27 76/76/76 75/75/75
f 28/28/28 29/29/29 77/77/77
f 28/28/28 77/77/77 76/76/76
f 29/29/29 30/30/30 78/78/78
f 29/29/29 78/78/78 77/77/77
f 30/30/30 31/31/31 79/79/79
f 30/30/30 79/79/79 78/78/78
f 31/31/31 32/32/32 80/80/80
f 31/31/31 80/80/80 79/79/79
f 32/32/32 33/33/33 81/81/81
f 32/32/32 81/81/81 80/80/80
f 33/33/33 34/34/34 82/82/82
f 33/33/33 82/82/82 81/81/81
f 34/34/34 35/35/35 83/83/83
f 34/34/34 83/83/83 82/82/82
f 35/35/35 36/36/36 84/84/84
f 35/35/35 84/84/84 83/83/83
f 36/36/36 37/37/37 85/85/85
f 36/36/36 85/85/85 84/84/84
f 37/37/37 38/38/38 86/86/86
f 37/37/37 86/86/86 85/85/85
f 38/38/38 39/39/39 87/87/87
f 38/38/38 87/87/87 86/86/86
f 39/39/39 40/40/40 88/88/88
f 39/39/39 88/88/88 87/87/87
f 40/40/40 41/41/41 89/89/89
f 40/40/40 89/89/89 88/88/88
f 41/41/41 42/42/42 90/90/90
f 41/41/41 90/90/90 89/89/89
f 42/42/42 43/43/43 91/91/91
f 42/42/42 91/91/91 90/90/90
f 43/43/43 44/44/44 92/92/92
f 43/43/43 92/92/92 91/91/91
f 44/44/44 45/45/45 93/93/93
f 44/44/44 93/93/93 92/92/92
f 45/45/45 46/46/46 94/94/94
f 45/45/45 94/94/94 93/93/93
f 46/46/46 47/47/47 95/95/95
f 46/46/46 95/95/95 94/94/94
f 47/47/47 48/48/48 96/96/96
f 47/47/47 96/96/96 95/95/95
f 48/48/48 1/1/1 49/49/49
f 48/48/48 49/49/49 96/96/96
f 49/49/49 50/50/50 98/98/98
f 49/49/49 98/98/98 97/97/97
f 50/50/50 51/51/51 99/99/99
f 50/50/50 99/99/99 98/98/98
f 51/51/51 52/52/52 100/100/100
f 51/51/51 100/100/100 99/99/99
f 52/52/52 53/53/53 101/101/101
f 52/52/52 101/101/101 100/100/100
f 53/53/53 54/54/54 102/102/102
f 53/53/53 102/102/102 101/101/101
f 54/54/54 55/55/55 103/103/103
f 54/54/54 103/103/103 102/102/102
f 55/55/55 56/56/56 104/104/104
f 55/55/55 104/104/104 103/103/103
f 56/56/56 57/57/57 105/105/105
f 56/56/56 105/105/105 104/104/104
f 57/57/57 58/58/58 106/106/106
f 57/57/57 106/106/106 105/105/105
f 58/58/58 59/59/59 107/107/107
f 58/58/58 107/107/107 106/106/106
f 59/59/59 60/60/60 108/108/108
f 59/59/59 108/108/108 107/107/107
f 60/60/60 61/61/61 109/109/109
f 60/60/60 109/109/109 108/108/108
f 61/61/61 62/62/62 110/110/110
f 61/61/61 110/110/110 109/109/109
f 62/62/62 63/63/63 111/111/111
f 62/62/62 111/111/111 110/110/110
f 63/63/63 64/64/64 112/112/112
f 63/63/63 112/112/112 111/111/111
f 64/64/64 65/65/65 113/113/113
f 64/64/64 113/113/113 112/112/112
f 65/65/65 66/66/66 114/114/114
f 65/65/65 114/114/114 113/113/113
f 66/66/66 67/67/67 115/115/115
f 66/66/66 115/115/115 114/114/114
f 67/67/67 68/68/68 116/116/116
f 67/67/67 116/116/116 115/115/115
f 68/68/68 69/69/69 117/117/117
f 68/68/68 117/117/117 116/116/116
f 69/69/69 70/70/70 118/118/118
f 69/69/69 118/118/118 117/117/117
f 70/70/70 71/71/71 119/119/119
f 70/70/70 119/119/119 118/118/118
f 71/71/71 72/72/72 120/120/120
f 71/71/71 120/120/120 119/119/119
f 72/72/72 73/73/73 121/121/121
f 72/72/72 121/121/121 120/120/120
f 73/73/73 74/74/74 122/122/122
f 73/73/73 122/122/122 121/121/121
f 74/74/74 75/75/75 123/123/123
f 74/74/74 123/123/123 122/122/122
f 75/75/75 76/76/76 124/124/124
f 75/75/75 124/124/124 123/123/123
f 76/76/76 77/77/77 125/125/125
f 76/76/76 125/125/125 124/124/124
f 77/77/77 78/78/78 126/126/126
f 77/77/77 126/126/126 125/125/125
f 78/78/78 79/79/79 127/127/127
f 78/78/78 127/127/127 126/126/126
f 79/79/79 80/80/80 128/128/128
f 79/79/79 128/128/128 127/127/127
f 80/80/80 81/81/81 129/129/129
f 80/80/80 129/129/129 128/128/128
f 81/81/81 82/82/82 130/130/130
f 81/81/81 130/130/130 129/129/129
f 82/82/82 83/83/83 131/131/131
f 82/82/82 131/131/131 130/130/130
f 83/83/83 84/84/84 132/132/132
f 83/83/83 132/132/132 131/131/131
f 84/84/84 85/85/85 133/133/133
f 84/84/84 133/133/133 132/132/132
f 85/85/85 86/86/86 134/134/134
f 85/85/85 134/134/134 133/133/133
f 86/86/86 87/87/87 135/135/135
f 86/86/86 135/135/135 134/134/134
f 87/87/87 88/88/88 136/136/136
f 87/87/87 136/136/136 135/135/135
f 88/88/88 89/89/89 137/137/137
f 88/88/88 137/137/137 136/136/136
f 89/89/89 90/90/90 138/138/138
f 89/89/89 138/138/138 137/137/137
f 90/90/90 91/91/91 139/139/139
f 90/90/90 139/139/139 138/138/138
f 91/91/91 92/92/92 140/140/140
f 91/91/91 140/140/140 139/139/139
f 92/92/92 93/93/93 141/141/141
f 92/92/92 141/141/141 140/140/140
f 93/93/93 94/94/94 142/142/142
f 93/93/93 142/142/142 141/141/141
f 94/94/94 95/95/95 143/143/143
f 94/94/94 143/143/143 142/142/142
f 95/95/95 96/96/96 144/144/144
f 95/95/95 144/144/144 143/143/143
f 96/96/96 49/49/49 97/97/97
f 96/96/96 97/97/97 144/144/144
f 97/97/97 98/98/98 146/146/146
f 97/97/97 146/146/146 145/145/145
f 98/98/98 99/99/99 147/147/147
f 98/98/98 147/147/147 146/146/146
f 99/99/99 100/100/100 148/148/148
f 99/99/99 148/148/148 147/147/147
f 100/100/100 101/101/101 149/149/149
f 100/100/100 149/149/149 148/148/148
f 101/101/101 102/102/102 150/150/150
f 101/101/101 150/150/150 149/149/149
f 102/102/102 103/103/103 151/151/151
f 102/102/102 151/151/151 150/150/150
f 103/103/103 104/104/104 152/152/152
f 103/103/103 152/152/152 151/151/151
f 104/104/104 105/105/105 153/153/153
f 104/104/104 153/153/153 152/152/152
f 105/105/105 106/106/106 154/154/154
f 105/105/105 154/154/154 153/153/153
f 106/106/106 107/107/107 155/155/155
f 106/106/106 155/155/155 154/154/154
f 107/107/107 108/108/108 156/156/156
f 107/107/107 156/156/156 155/155/155
f 108/108/108 109/109/109 157/157/157
f 108/108/108 157/157/157 156/156/156
f 109/109/109 110/110/110 158/158/158
f 109/109/109 158/158/158 157/157/157
f 110/110/110 111/111/111 159/159/159
f 110/110/110 159/159/159 158/158/158
f 111/111/111 112/112/112 160/160/160
f 111/111/111 160/160/160 159/159/159
f 112/112/112 113/113/113 161/161/161
f 112/112/112 161/161/161 160/160/160
f 113/113/113 114/114/114 162/162/162
f 113/113/113 162/162/162 161/161/161
f 114/114/114 115/115/115 163/163/163
f 114/114/114 163/163/163 162/162/162
f 115/115/115 116/116/116 164/164/164
f 115/115/115 164/164/164 163/163/163
f 116/116/116 117/117/117 165/165/165
f 116/116/116 165/165/165 164/164/164
f 117/117/117 118/118/118 166/166/166
f 117/117/117 166/166/166 165/165/165
f 118/118/118 119/119/119 167/167/167
f 118/118/118 167/167/167 166/166/166
f 119/119/119 120/120/120 168/168/168
f 119/119/119 168/168/168 167/167/167
f 120/120/120 121/121/121 169/169/169
f 120/120/120 169/169/169 168/168/168
f 121/121/121 122/122/122 170/170/170
f 121/121/121 170/170/170 169/169/169
f 122/122/122 123/123/123 171/171/171
f 122/122/122 171/171/171 170/170/170
f 123/123/123 124/124/124 172/172/172
f 123/123/123 172/172/172 171/171/171
f 124/124/124 125/125/125 173/173/173
f 124/124/124 173/173/173 172/172/172
f 125/125/125 126/126/126 174/174/174
f 125/125/125 174/174/174 173/173/173
f 126/126/126 127/127/127 175/175/175
f 126/126/126 175/175/175 174/174/174
f 127/127/127 128/128/128 176/176/176
f 127/127/127 176/176/176 175/175/175
f 128/128/128 129/129/129 177/177/177
f 128/128/128 177/177/177 176/176/176
f 129/129/129 130/130/130 178/178/178
f 129/129/129 178/178/178 177/177/177
f 130/130/130 131/131/131 179/179/179
f 130/130/130 179/179/179 178/178/178
f 131/131/131 132/132/132 180/180/180
f 131/131/131 180/180/180 179/179/179
f 132/132/132 133/133/133 181/181/181
f 132/132/132 181/181/181 180/180/180
f 133/133/133 134/134/134 182/182/182
f 133/133/133 182/182/182 181/181/181
f 134/134/134 135/135/135 183/183/183
f 134/134/134 183/183/183 182/182/182
f 135/135/135 136/136/136 184/184/184
f 135/135/135 184/184/184 183/183/183
f 136/136/136 137/137/137 185/185/185
f 136/136/136 185/185/185 184/184/184
f 137/137/137 138/138/138 186/186/186
f 137/137/137 186/186/186 185/185/185
f 138/138/138 139/139/139 187/187/187
f 138/138/138 187/187/187 186/186/186
f 139/139/139 140/140/140 188/188/188
f 139/139/139 188/188/188 187/187/187
f 140/140/140 141/141/141 189/189/189
f 140/140/140 189/189/189 188/188/188
f 141/141/141 142/142/142 190/190/190
f 141/141/141 190/190/190 189/189/189
f 142/142/142 143/143/143 191/191/191
f 142/142/142 191/191/191 190/190/190
f 143/143/143 144/144/144 192/192/192
f 143/143/143 192/192/192 191/191/191
f 144/144/144 97/97/97 145/145/145
f 144/144/144 145/145/145 192/192/192
f 145/145/145 146/146/146 194/194/194
f 145/145/145 194/194/194 193/193/193
f 146/146/146 147/147/147 195/195/195
f 146/146/146 195/195/195 194/194/194
f 147/147/147 148/148/148 196/196/196
f 147/147/147 196/196/196 195/195/195
f 148/148/148 149/149/149 197/197/197
f 148/148/148 197/197/197 196/196/196
f 149/149/149 150/150/150 198/198/198
f 149/149/149 198/198/198 197/197/197
f 150/150/150 151/151/151 199/199/199
f 150/150/150 199/199/199 198/198/198
f 151/151/151 152/152/152 200/200/200
f 151/151/151 200/200/200 199/199/199
f 152/152/152 153/153/153 201/201/201
f 152/152/152 201/201/201 200/200/200
f 153/153/153 154/154/154 202/202/202
f 153/153/153 202/202/202 201/201/201
f 154/154/154 155/155/155 203/203/203
f 154/154/154 203/203/203 202/202/202
f 155/155/155 156/156/156 204/204/204
f 155/155/155 204/204/204 203/203/203
f 156/156/156 157/157/157 205/205/205
f 156/156/156 205/205/205 204/204/204
f 157/157/157 158/158/158 206/206/206
f 157/157/157 206/206/206 205/205/205
f 158/158/158 159/159/159 207/207/207
f 158/158/158 207/207/207 206/206/206
f 159/159/159 160/160/160 208/208/208
f 159/159/159 208/208/208 207/207/207
f 160/160/160 161/161/161 209/209/209
f 160/160/160 209/209/209 208/208/208
f 161/161/161 162/162/162 210/210/210
f 161/161/161 210/210/210 209/209/209
f 162/162/162 163/163/163 211/211/211
f 162/162/162 211/211/211 210/210/210
f 163/163/163 164/164/164 212/212/212
f 163/163/163 212/212/212 211/211/211
f 164/164/164 165/165/165 213/213/213
f 164/164/164 213/213/213 212/212/212
f 165/165/165 166/166/166 214/214/214
f 165/165/165 214/214/214 213/213/213
f 166/166/166 167/167/167 215/215/215
f 166/166/166 215/215/215 214/214/214
f 167/167/167 168/168/168 216/216/216
f 167/167/167 216/216/216 215/215/215
f 168/168/168 169/169/169 217/217/217
f 168/168/168 217/217/217 216/216/216
f 169/169/169 170/170/170 218/218/218
f 169/169/169 218/218/218 217/217/217
f 170/170/170 171/171/171 219/219/219
f 170/170/170 219/219/219 218/218/218
f 171/171/171 172/172/172 220/220/220
f 171/171/171 220/220/220 219/219/219
f 172/172/172 173/173/173 221/221/221
f 172/172/172 221/221/221 220/220/220
f 173/173/173 174/174/174 222/222/222
f 173/173/173 222/222/222 221/221/221
f 174/174/174 175/175/175 223/223/223
f 174/174/174 223/223/223 222/222/222
f 175/175/175 176/176/176 224/224/224
f 175/175/175 224/224/224 223/223/223
f 176/176/176 177/177/177 225/225/225
f 176/176/176 225/225/225 224/224/224
f 177/177/177 178/178/178 226/226/226
f 177/177/177 226/226/226 225/225/225
f 178/178/178 179/179/179 227/227/227
f 178/178/178 227/227/227 226/226/226
f 179/179/179 180/180/180 228/228/228
f 179/179/179 228/228/228 227/227/227
f 180/180/180 181/181/181 229/229/229
f 180/180/180 229/229/229 228/228/228
f 181/181/181 182/182/182 230/230/230
f 181/181/181 230/230/230 229/229/229
f 182/182/182 183/183/183 231/231/231
f 182/182/182 231/231/231 230/230/230
f 183/183/183 184/184/184 232/232/232
f 183/183/183 232/232/232 231/231/231
f 184/184/184 185/185/185 233/233/233
f 184/184/184 233/233/233 232/232/232
f 185/185/185 186/186/186 234/234/234
f 185/185/185 234/234/234 233/233/233
f 186/186/186 187/187/187 235/235/235
f 186/186/186 235/235/235 234/234/234
f 187/187/187 188/188/188 236/236/236
f 187/187/187 236/236/236 235/235/235
f 188/188/188 189/189/189 237/237/237
f 188/188/188 237/237/237 236/236/236
f 189/189/189 190/190/190 238/238/238
f 189/189/189 238/238/238 237/237/237
f 190/190/190 191/191/191 239/239/239
f 190/190/190 239/239/239 238/238/238
f 191/191/191 192/192/192 240/240/240
f 191/191/191 240/240/240 239/239/239
f 192/192/192 145/145/145 193/193/193
f 192/192/192 193/193/193 240/240/240
f 193/193/193 194/194/194 242/242/242
f 193/193/193 242/242/242 241/241/241
f 194/194/194 195/195/195 243/243/243
f 194/194/194 243/243/243 242/242/242
f 195/195/195 196/196/196 244/244/244
f 195/195/195 244/244/244 243/243/243
f 196/196/196 197/197/197 245/245/245
f 196/196/196 245/245/245 244/244/244
f 197/197/197 198/198/198 246/246/246
f 197/197/197 246/246/246 245/245/245
f 198/198/198 199/199/199 247/247/247
f 198/198/198 247/247/247 246/246/246
f 199/199/199 200/200/200 248/248/248
f 199/199/199 248/248/248 247/247/247
f 200/200/200 201/201/201 249/249/249
f 200/200/200 249/249/249 248/248/248
f 201/201/201 202/202/202 250/250/250
f 201/201/201 250/250/250 249/249/249
f 202/202/202 203/203/203 251/251/251
f 202/202/202 251/251/251 250/250/250
f 203/203/203 204/204/204 252/252/252
f 203/203/203 252/252/252 251/251/251
f 204/204/204 205/205/205 253/253/253
f 204/204/204 253/253/253 252/252/252
f 205/205/205 206/206/206 254/254/254
f 205/205/205 254/254/254 253/253/253
f 206/206/206 207/207/207 255/255/255
f 206/206/206 255/255/255 254/254/254
f 207/207/207 208/208/208 256/256/256
f 207/207/207 256/256/256 255/255/255
f 208/208/208 209/209/209 257/257/257
f 208/208/208 257/257/257 256/256/256
f 209/209/209 210/210/210 258/258/258
f 209/209/209 258/258/258 257/257/257
f 210/210/210 211/211/211 259/259/259
f 210/210/210 259/259/259 258/258/258
f 211/211/211 212/212/212 260/260/260
f 211/211/211 260/260/260 259/259/259
f 212/212/212 213/213/213 261/261/261
f 212/212/212 261/261/261 260/260/260
f 213/213/213 214/214/214 262/262/262
f 213/213/213 262/262/262 261/261/261
f 214/214/214 215/215/215 263/263/263
f 214/214/214 263/263/263 262/262/262
f 215/215/215 216/216/216 264/264/264
f 215/215/215 264/264/264 263/263/263
f 216/216/216 217/217/217 265/265/265
f 216/216/216 265/265/265 264/264/264
f 217/217/217 218/218/218 266/266/266
f 217/217/217 266/266/266 265/265/265
f 218/218/218 219/219/219 267/267/267
f 218/218/218 267/267/267 266/266/266
f 219/219/219 220/220/220 268/268/268
f 219/219/219 268/268/268 267/267/267
f 220/220/220 221/221/221 269/269/269
f 220/220/220 269/269/269 268/268/268
f 221/221/221 222/222/222 270/270/270
f 221/221/221 270/270/270 269/269/269
f 222/222/222 223/223/223 271/271/271
f 222/222/222 271/271/271 270/270/270
f 223/223/223 224/224/224 272/272/272
f 223/223/223 272/272/272 271/271/271
f 224/224/224 225/225/225 273/273/273
f 224/224/224 273/273/273 272/272/272
f 225/225/225 226/226/226 274/274/274
f 225/225/225 274/274/274 273/273/273
f 226/226/226 227/227/227 275/275/275
f 226/226/226 275/275/275 274/274/274
f 227/227/227 228/228/228 276/276/276
f 227/227/227 276/276/276 275/275/275
f 228/228/228 229/229/229 277/277/277
f 228/228/228 277/277/277 276/276/276
f 229/229/229 230/230/230 278/278/278
f 229/229/229 278/278/278 277/277/277
f 230/230/230 231/231/231 279/279/279
f 230/230/230 279/279/279 278/278/278
f 231/231/231 232/232/232 280/280/280
f 231/231/231 280/280/280 279/279/279
f 232/232/232 233/233/233 281/281/281
f 232/232/232 281/281/281 280/280/280
f 233/233/233 234/234/234 282/282/282
f 233/233/233 282/282/282 281/281/281
f 234/234/234 235/235/235 283/283/283
f 234/234/234 283/283/283 282/282/282
f 235/235/235 236/236/236 284/284/284
f 235/235/235 284/284/284 283/283/283
f 236/236/236 237/237/237 285/285/285
f 236/236/236 285/285/285 284/284/284
f 237/237/237 238/238/238 286/286/286
f 237/237/237 286/286/286 285/285/285
f 238/238/238 239/239/239 287/287/287
f 238/238/238 287/287/287 286/286/286
f 239/239/239 240/240/240 288/288/288
f 239/239/239 288/288/288 287/287/287
f 240/240/240 193/193/193 241/241/241
f 240/240/240 241/241/241 288/288/288
f 241/241/241 242/242/242 290/290/290
f 241/241/241 290/290/290 289/289/289
f 242/242/242 243/243/243 291/291/291
f 242/242/242 291/291/291 290/290/290
f 243/243/243 244/244/244 292/292/292
f 243/243/243 292/292/292 291/291/291
f 244/244/244 245/245/245 293/293/293
f 244/244/244 293/293/293 292/292/292
f 245/245/245 246/246/246 294/294/294
f 245/245/245 294/294/294 293/293/293
f 246/246/246 247/247/247 295/295/295
f 246/246/246 295/295/295 294/294/294
f 247/247/247 248/248/248 296/296/296
f 247/247/247 296/296/296 295/295/295
f 248/248/248 249/249/249 297/297/297
f 248/248/248 297/297/297 296/296/296
f 249/249/249 250/250/250 298/298/298
f 249/249/249 298/298/298 297/297/297
f 250/250/250 251/251/251 299/299/299
f 250/250/250 299/299/299 298/298/298
f 251/251/251 252/252/252 300/300/300
f 251/251/251 300/300/300 299/299/299
f 252/252/252 253/253/253 301/301/301
f 252/252/252 301/301/301 300/300/300
f 253/253/253 254/254/254 302/302/302
f 253/253/253 302/302/302 301/301/301
f 254/254/254 255/255/255 303/303/303
f 254/254/254 303/303/303 302/302/302
f 255/255/255 256/256/256 304/304/304
f 255/255/255 304/304/304 303/303/303
f 256/256/256 257/257/257 305/305/305
f 256/256/256 305/305/305 304/304/304
f 257/257/257 258/258/258 306/306/306
f 257/257/257 306/306/306 305/305/305
f 258/258/258 259/259/259 307/307/307
f 258/258/258 307/307/307 306/306/306
f 259/259/259 260/260/260 308/308/308
f 259/259/259 308/308/308 307/307/307
f 260/260/260 261/261/261 309/309/309
f 260/260/260 309/309/309 308/308/308
f 261/261/261 262/262/262 310/310/310
f 261/261/261 310/310/310 309/309/309
f 262/262/262 263/263/263 311/311/311
f 262/262/262 311/311/311 310/310/310
f 263/263/263 264/264/264 312/312/312
f 263/263/263 312/312/312 311/311/311
f 264/264/264 265/265/265 313/313/313
f 264/264/264 313/313/313 312/312/312
f 265/265/265 266/266/266 314/314/314
f 265/265/265 314/314/314 313/313/313
f 266/266/266 267/267/267 315/315/315
f 266/266/266 315/315/315 314/314/314
f 267/267/267 268/268/268 316/316/316
f 267/267/267 316/316/316 315/315/315
f 268/268/268 269/269/269 317/317/317
f 268/268/268 317/317/317 316/316/316
f 269/269/269 270/270/270 318/318/318
f 269/269/269 318/318/318 317/317/317
f 270/270/270 271/271/271 319/319/319
f 270/270/270 319/319/319 318/318/318
f 271/271/271 272/272/272 320/320/320
f 271/271/271 320/320/320 319/319/319
f 272/272/272 273/273/273 321/321/321
f 272/272/272 321/321/321 320/320/320
f 273/273/273 274/274/274 322/322/322
f 273/273/273 322/322/322 321/321/321
f 274/274/274 275/275/275 323/323/323
f 274/274/274 323/323/323 322/322/322
f 275/275/275 276/276/276 324/324/324
f 275/275/275 324/324/324 323/323/323
f 276/276/276 277/277/277 325/325/325
f 276/276/276 325/325/325 324/324/324
f 277/277/277 278/278/278 326/326/326
f 277/277/277 326/326/326 325/325/325
f 278/278/278 279/279/279 327/327/327
f 278/278/278 327/327/327 326/326/326
f 279/279/279 280/280/280 328/328/328
f 279/279/279 328/328/328 327/327/327
f 280/280/280 281/281/281 329/329/329
f 280/280/280 329/329/329 328/328/328
f 281/281/281 282/282/282 330/330/330
f 281/281/281 330/330/330 329/329/329
f 282/282/282 283/283/283 331/331/331
f 282/282/282 331/331/331 330/330/330
f 283/283/283 284/284/284 332/332/332
f 283/283/283 332/332/332 331/331/331
f 284/284/284 285/285/285 333/333/333
f 284/284/284 333/333/333 332/332/332
f 285/285/285 286/286/286 334/334/334
f 285/285/285 334/334/334 333/333/333
f 286/286/286 287/287/287 335/335/335
f 286/286/286 335/335/335 334/334/334
f 287/287/287 288/288/288 336/336/336
f 287/287/287 336/336/336 335/335/335
f 288/288/288 241/241/241 289/289/289
f 288/288/288 289/289/289 336/336/336
f 289/289/289 290/290/290 338/338/338
f 289/289/289 338/338/338 337/337/337
f 290/290/290 291/291/291 339/339/339
f 290/290/290 339/339/339 338/338/338
f 291/291/291 292/292/292 340/340/340
f 291/291/291 340/340/340 339/339/339
f 292/292/292 293/293/293 341/341/341
f 292/292/292 341/341/341 340/340/340
f 293/293/293 294/294/294 342/342/342
f 293/293/293 342/342/342 341/341/341
f 294/294/294 295/295/295 343/343/343
f 294/294/294 343/343/343 342/342/342
f 295/295/295 296/296/296 344/344/344
f 295/295/295 344/344/344 343/343/343
f 296/296/296 297/297/297 345/345/345
f 296/296/296 345/345/345 344/344/344
f 297/297/297 298/298/298 346/346/346
f 297/297/297 346/346/346 345/345/345
f 298/298/298 299/299/299 347/347/347
f 298/298/298 347/347/347 346/346/346
f 299/299/299 300/300/300 348/348/348
f 299/299/299 348/348/348 347/347/347
f 300/300/300 301/301/301 349/349/349
f 300/300/300 349/349/349 348/348/348
f 301/301/301 302/302/302 350/350/350
f 301/301/301 350/350/350 349/349/349
f 302/302/302 303/303/303 351/351/351
f 302/302/302 351/351/351 350/350/350
f 303/303/303 304/304/304 352/352/352
f 303/303/303 352/352/352 351/351/351
f 304/304/304 305/305/305 353/353/353
f 304/304/304 353/353/353 352/352/352
f 305/305/305 306/306/306 354/354/354
f 305/305/305 354/354/354 353/353/353
f 306/306/306 307/307/307 355/355/355
f 306/306/306 355/355/355 354/354/354
f 307/307/307 308/308/308 356/356/356
f 307/307/307 356/356/356 355/355/355
f 308/308/308 309/309/309 357/357/357
f 308/308/308 357/357/357 356/356/356
f 309/309/309 310/310/310 358/358/358
f 309/309/309 358/358/358 357/357/357
f 310/310/310 311/311/311 359/359/359
f 310/310/310 359/359/359 358/358/358
f 311/311/311 312/312/312 360/360/360
f 311/311/311 360/360/360 359/359/359
f 312/312/312 313/313/313 361/361/361
f 312/312/312 361/361/361 360/360/360
f 313/313/313 314/314/314 362/362/362
f 313/313/313 362/362/362 361/361/361
f 314/314/314 315/315/315 363/363/363
f 314/314/314 363/363/363 362/362/362
f 315/315/315 316/316/316 364/364/364
f 315/315/315 364/364/364 363/363/363
f 316/316/316 317/317/317 365/365/365
f 316/316/316 365/365/365 364/364/364
f 317/317/317 318/318/318 366/366/366
f 317/317/317 366/366/366 365/365/365
f 318/318/318 319/319/319 367/367/367
f 318/318/318 367/367/367 366/366/366
f 319/319/319 320/320/320 368/368/368
f 319/319/319 368/368/368 367/367/367
f 320/320/320 321/321/321 369/369/369
f 320/320/320 369/369/369 368/368/368
f 321/321/321 322/322/322 370/370/370
f 321/321/321 370/370/370 369/369/369
f 322/322/322 323/323/323 371/371/371
f 322/322/322 371/371/371 370/370/370
f 323/323/323 324/324/324 372/372/372
f 323/323/323 372/372/372 371/371/371
f 324/324/324 325/325/325 373/373/373
f 324/324/324 373/373/373 372/372/372
f 325/325/325 326/326/326 374/374/374
f 325/325/325 374/374/374 373/373/373
f 326/326/326 327/327/327 375/375/375
f 326/326/326 375/375/375 374/374/374
f 327/327/327 328/328/328 376/376/376
f 327/327/327 376/376/376 375/375/375
f 328/328/328 329/329/329 377/377/377
f 328/328/328 377/377/377 376/376/376
f 329/329/329 330/330/330 378/378/378
f 329/329/329 378/378/378 377/377/377
f 330/330/330 331/331/331 379/379/379
f 330/330/330 379/379/379 378/378/378
f 331/331/331 332/332/332 380/380/380
f 331/331/331 380/380/380 379/379/379
f 332/332/332 333/333/333 381/381/381
f 332/332/332 381/381/381 380/380/380
f 333/333/333 334/334/334 382/382/382
f 333/333/333 382/382/382 381/381/381
f 334/334/334 335/335/335 383/383/383
f 334/334/334 383/383/383 382/382/382
f 335/335/335 336/336/336 384/384/384
f 335/335/335 384/384/384 383/383/383
f 336/336/336 289/289/289 337/337/337
f 336/336/336 337/337/337 384/384/384
f 337/337/337 338/338/338 386/386/386
f 337/337/337 386/386/386 385/385/385
f 338/338/338 339/339/339 387/387/387
f 338/338/338 387/387/387 386/386/386
f 339/339/339 340/340/340 388/388/388
f 339/339/339 388/388/388 387/387/387
f 340/340/340 341/341/341 389/389/389
f 340/340/340 389/389/389 388/388/388
f 341/341/341 342/342/342 390/390/390
f 341/341/341 390/390/390 389/389/389
f 342/342/342 343/343/343 391/391/391
f 342/342/342 391/391/391 390/390/390
f 343/343/343 344/344/344 392/392/392
f 343/343/343 392/392/392 391/391/391
f 344/344/344 345/345/345 393/393/393
f 344/344/344 393/393/393 392/392/392
f 345/345/345 346/346/346 394/394/394
f 345/345/345 394/394/394 393/393/393
f 346/346/346 347/347/347 395/395/395
f 346/346/346 395/395/395 394/394/394
f 347/347/347 348/348/348 396/396/396
f 347/347/347 396/396/396 395/395/395
f 348/348/348 349/349/349 397/397/397
f 348/348/348 397/397/397 396/396/396
f 349/349/349 350/350/350 398/398/398
f 349/349/349 398/398/398 397/397/397
f 350/350/350 351/351/351 399/399/399
f 350/350/350 399/399/399 398/398/398
f 351/351/351 352/352/352 400/400/400
f 351/351/351 400/400/400 399/399/399
f 352/352/352 353/353/353 401/401/401
f 352/352/352 401/401/401 400/400/400
f 353/353/353 354/354/354 402/402/402
f 353/353/353 402/402/402 401/401/401
f 354/354/354 355/355/355 403/403/403
f 354/354/354 403/403/403 402/402/402
f 355/355/355 356/356/356 404/404/404
f 355/355/355 404/404/404 403/403/403
f 356/356/356 357/357/357 405/405/405
f 356/356/356 405/405/405 404/404/404
f 357/357/357 358/358/358 406/406/406
f 357/357/357 406/406/406 405/405/405
f 358/358/358 359/359/359 407/407/407
f 358/358/358 407/407/407 406/406/406
f 359/359/359 360/360/360 408/408/408
f 359/359/359 408/408/408 407/407/407
f 360/360/360 361/361/361 409/409/409
f 360/360/360 409/409/409 408/408/408
f 361/361/361 362/362/362 410/410/410
f 361/361/361 410/410/410 409/409/409
f 362/362/362 363/363/363 411/411/411
f 362/362/362 411/411/411 410/410/410
f 363/363/363 364/364/364 412/412/412
f 363/363/363 412/412/412 411/411/411
f 364/364/364 365/365/365 413/413/413
f 364/364/364 413/413/413 412/412/412
f 365/365/365 366/366/366 414/414/414
f 365/365/365 414/414/414 413/413/413
f 366/366/366 367/367/367 415/415/415
f 366/366/366 415/415/415 414/414/414
f 367/367/367 368/368/368 416/416/416
f 367/367/367 416/416/416 415/415/415
f 368/368/368 369/369/369 417/417/417
f 368/368/368 417/417/417 416/416/416
f 369/369/369 370/370/370 418/418/418
f 369/369/369 418/418/418 417/417/417
f 370/370/370 371/371/371 419/419/419
f 370/370/370 419/419/419 418/418/418
f 371/371/371 372/372/372 420/420/420
f 371/371/371 420/420/420 419/419/419
f 372/372/372 373/373/373 421/421/421
f 372/372/372 421/421/421 420/420/420
f 373/373/373 374/374/374 422/422/422
f 373/373/373 422/422/422 421/421/421
f 374/374/374 375/375/375 423/423/423
f 374/374/374 423/423/423 422/422/422
f 375/375/375 376/376/376 424/424/424
f 375/375/375 424/424/424 423/423/423
f 376/376/376 377/377/377 425/425/425
f 376/376/376 425/425/425 424/424/424
f 377/377/377 378/378/378 426/426/426
f 377/377/377 426/426/426 425/425/425
f 378/378/378 379/379/379 427/427/427
f 378/378/378 427/427/427 426/426/426
f 379/379/379 380/380/380 428/428/428
f 379/379/379 428/428/428 427/427/427
f 380/380/380 381/381/381 429/429/429
f 380/380/380 429/429/429 428/428/428
f 381/381/381 382/382/382 430/430/430
f 381/381/381 430/430/430 429/429/429
f 382/382/382 383/383/383 431/431/431
f 382/382/382 431/431/431 430/430/430
f 383/383/383 384/384/384 432/432/432
f 383/383/383 432/432/432 431/431/431
f 384/384/384 337/337/337 385/385/385
f 384/384/384 385/385/385 432/432/432
f 385/385/385 386/386/386 434/434/434
f 385/385/385 434/434/434 433/433/433
f 386/386/386 387/387/387 435/435/435
f 386/386/386 435/435/435 434/434/434
f 387/387/387 388/388/388 436/436/436
f 387/387/387 436/436/436 435/435/435
f 388/388/388 389/389/389 437/437/437
f 388/388/388 437/437/437 436/436/436
f 389/389/389 390/390/390 438/438/438
f 389/389/389 438/438/438 437/437/437
f 390/390/390 391/391/391 439/439/439
f 390/390/390 439/439/439 438/438/438
f 391/391/391 392/392/392 440/440/440
f 391/391/391 440/440/440 439/439/439
f 392/392/392 393/393/393 441/441/441
f 392/392/392 441/441/441 440/440/440
f 393/393/393 394/394/394 442/442/442
f 393/393/393 442/442/442 441/441/441
f 394/394/394 395/395/395 443/443/443
f 394/394/394 443/443/443 442/442/442
f 395/395/395 396/396/396 444/444/444
f 395/395/395 444/444/444 443/443/443
f 396/396/396 397/397/397 445/445/445
f 396/396/396 445/445/445 444/444/444
f 397/397/397 398/398/398 446/446/446
f 397/397/397 446/446/446 445/445/445
f 398/398/398 399/399/399 447/447/447
f 398/398/398 447/447/447 446/446/446
f 399/399/399 400/400/400 448/448/448
f 399/399/399 448/448/448 447/447/447
f 400/400/400 401/401/401 449/449/449
f 400/400/400 449/449/449 448/448/448
f 401/401/401 402/402/402 450/450/450
f 401/401/401 450/450/450 449/449/449
f 402/402/402 403/403/403 451/451/451
f 402/402/402 451/451/451 450/450/450
f 403/403/403 404/404/404 452/452/452
f 403/403/403 452/452/452 451/451/451
f 404/404/404 405/405/405 453/453/453
f 404/404/404 453/453/453 452/452/452
f 405/405/405 406/406/406 454/454/454
f 405/405/405 454/454/454 453/453/453
f 406/406/406 407/407/407 455/455/455
f 406/406/406 455/455/455 454/454/454
f 407/407/407 408/408/408 456/456/456
f 407/407/407 456/456/456 455/455/455
f 408/408/408 409/409/409 457/457/457
f 408/408/408 457/457/457 456/456/456
f 409/409/409 410/410/410 458/458/458
f 409/409/409 458/458/458 457/457/457
f 410/410/410 411/411/411 459/459/459
f 410/410/410 459/459/459 458/458/458
f 411/411/411 412/412/412 460/460/460
f 411/411/411 460/460/460 459/459/459
f 412/412/412 413/413/413 461/461/461
f 412/412/412 461/461/461 460/460/460
f 413/413/413 414/414/414 462/462/462
f 413/413/413 462/462/462 461/461/461
f 414/414/414 415/415/415 463/463/463
f 414/414/414 463/463/463 462/462/462
f 415/415/415 416/416/416 464/464/464
f 415/415/415 464/464/464 463/463/463
f 416/416/416 417/417/417 465/465/465
f 416/416/416 465/465/465 464/464/464
f 417/417/417 418/418/418 466/466/466
f 417/417/417 466/466/466 465/465/465
f 418/418/418 419/419/419 467/467/467
f 418/418/418 467/467/467 466/466/466
f 419/419/419 420/420/420 468/468/468
f 419/419/419 468/468/468 467/467/467
f 420/420/420 421/421/421 469/469/469
f 420/420/420 469/469/469 468/468/468
f 421/421/421 422/422/422 470/470/470
f 421/421/421 470/470/470 469/469/469
f 422/422/422 423/423/423 471/471/471
f 422/422/422 471/471/471 470/470/470
f 423/423/423 424/424/424 472/472/472
f 423/423/423 472/472/472 471/471/471
f 424/424/424 425/425/425 473/473/473
f 424/424/424 473/473/473 472/472/472
f 425/425/425 426/426/426 474/474/474
f 425/425/425 474/474/474 473/473/473
f 426/426/426 427/427/427 475/475/475
f 426/426/426 475/475/475 474/474/474
f 427/427/427 428/428/428 476/476/476
f 427/427/427 476/476/476 475/475/475
f 428/428/428 429/429/429 477/477/477
f 428/428/428 477/477/477 476/476/476
f 429/429/429 430/430/430 478/478/478
f 429/429/429 478/478/478 477/477/477
f 430/430/430 431/431/431 479/479/479
f 430/430/430 479/479/479 478/478/478
f 431/431/431 432/432/432 480/480/480
f 431/431/431 480/480/480 479/479/479
f 432/432/432 385/385/385 433/433/433
f 432/432/432 433/433/433 480/480/480
f 433/433/433 434/434/434 482/482/482
f 433/433/433 482/482/482 481/481/481
f 434/434/434 435/435/435 483/483/483
f 434/434/434 483/483/483 482/482/482
f 435/435/435 436/436/436 484/484/484
f 435/435/435 484/484/484 483/483/483
f 436/436/436 437/437/437 485/485/485
f 436/436/436 485/485/485 484/484/484
f 437/437/437 438/438/438 486/486/486
f 437/437/437 486/486/486 485/485/485
f 438/438/438 439/439/439 487/487/487
f 438/438/438 487/487/487 486/486/486
f 439/439/439 440/440/440 488/488/488
f 439/439/439 488/488/488 487/487/487
f 440/440/440 441/441/441 489/489/489
f 440/440/440 489/489/489 488/488/488
f 441/441/441 442/442/442 490/490/490
f 441/441/441 490/490/490 489/489/489
f 442/442/442 443/443/443 491/491/491
f 442/442/442 491/491/491 490/490/490
f 443/443/443 444/444/444 492/492/492
f 443/443/443 492/492/492 491/491/491
f 444/444/444 445/445/445 493/493/493
f 444/444/444 493/493/493 492/492/492
f 445/445/445 446/446/446 494/494/494
f 445/445/445 494/494/494 493/493/493
f 446/446/446 447/447/447 495/495/495
f 446/446/446 495/495/495 494/494/494
f 447/447/447 448/448/448 496/496/496
f 447/447/447 496/496/496 495/495/495
f 448/448/448 449/449/449 497/497/497
f 448/448/448 497/497/497 496/496/496
f 449/449/449 450/450/450 498/498/498
f 449/449/449 498/498/498 497/497/497
f 450/450/450 451/451/451 499/499/499
f 450/450/450 499/499/499 498/498/498
f 451/451/451 452/452/452 500/500/500
f 451/451/451 500/500/500 499/499/499
f 452/452/452 453/453/453 501/501/501
f 452/452/452 501/501/501 500/500/500
f 453/453/453 454/454/454 502/502/502
f 453/453/453 502/502/502 501/501/501
f 454/454/454 455/455/455 503/503/503
f 454/454/454 503/503/503 502/502/502
f 455/455/455 456/456/456 504/504/504
f 455/455/455 504/504/504 503/503/503
f 456/456/456 457/457/457 505/505/505
f 456/456/456 505/505/505 504/504/504
f 457/457/457 458/458/458 506/506/506
f 457/457/457 506/506/506 505/505/505
f 458/458/458 459/459/459 507/507/507
f 458/458/458 507/507/507 506/506/506
f 459/459/459 460/460/460 508/508/508
f 459/459/459 508/508/508 507/507/507
f 460/460/460 461/461/461 509/509/509
f 460/460/460 509/509/509 508/508/508
f 461/461/461 462/462/462 510/510/510
f 461/461/461 510/510/510 509/509/509
f 462/462/462 463/463/463 511/511/511
f 462/462/462 511/511/511 510/510/510
f 463/463/463 464/464/464 512/512/512
f 463/463/463 512/512/512 511/511/511
f 464/464/464 465/465/465 513/513/513
f 464/464/464 513/513/513 512/512/512
f 465/465/465 466/466/466 514/514/514
f 465/465/465 514/514/514 513/513/513
f 466/466/466 467/467/467 515/515/515
f 466/466/466 515/515/515 514/514/514
f 467/467/467 468/468/468 516/516/516
f 467/467/467 516/516/516 515/515/515
f 468/468/468 469/469/469 517/517/517
f 468/468/468 517/517/517 516/516/516
f 469/469/469 470/470/470 518/518/518
f 469/469/469 518/518/518 517/517/517
f 470/470/470 471/471/471 519/519/519
f 470/470/470 519/519/519 518/518/518
f 471/471/471 472/472/472 520/520/520
f 471/471/471 520/520/520 519/519/519
f 472/472/472 473/473/473 521/521/521
f 472/472/472 521/521/521 520/520/520
f 473/473/473 474/474/474 522/522/522
f 473/473/473 522/522/522 521/521/521
f 474/474/474 475/475/475 523/523/523
f 474/474/474 523/523/523 522/522/522
f 475/475/475 476/476/476 524/524/524
f 475/475/475 524/524/524 523/523/523
f 476/476/476 477/477/477 525/525/525
f 476/476/476 525/525/525 524/524/524
f 477/477/477 478/478/478 526/526/526
f 477/477/477 526/526/526 525/525/525
f 478/478/478 479/479/479 527/527/527
f 478/478/478 527/527/527 526/526/526
f 479/479/479 480/480/480 528/528/528
f 479/479/479 528/528/528 527/527/527
f 480/480/480 433/433/433 481/481/481
f 480/480/480 481/481/481 528/528/528
f 481/481/481 482/482/482 530/530/530
f 481/481/481 530/530/530 529/529/529
f 482/482/482 483/483/483 531/531/531
f 482/482/482 531/531/531 530/530/530
f 483/483/483 484/484/484 532/532/532
f 483/483/483 532/532/532 531/531/531
f 484/484/484 485/485/485 533/533/533
f 484/484/484 533/533/533 532/532/532
f 485/485/485 486/486/486 534/534/534
f 485/485/485 534/534/534 533/533/533
f 486/486/486 487/487/487 535/535/535
f 486/486/486 535/535/535 534/534/534
f 487/487/487 488/488/488 536/536/536
f 487/487/487 536/536/536 535/535/535
f 488/488/488 489/489/489 537/537/537
f 488/488/488 537/537/537 536/536/536
f 489/489/489 490/490/490 538/538/538
f 489/489/489 538/538/538 537/537/537
f 490/490/490 491/491/491 539/539/539
f 490/490/490 539/539/539 538/538/538
f 491/491/491 492/492/492 540/540/540
f 491/491/491 540/540/540 539/539/539
f 492/492/492 493/493/493 541/541/541
f 492/492/492 541/541/541 540/540/540
f 493/493/493 494/494/494 542/542/542
f 493/493/493 542/542/542 541/541/541
f 494/494/494 495/495/495 543/543/543
f 494/494/494 543/543/543 542/542/542
f 495/495/495 496/496/496 544/544/544
f 495/495/495 544/544/544 543/543/543
f 496/496/496 497/497/497 545/545/545
f 496/496/496 545/545/545 544/544/544
f 497/497/497 498/498/498 546/546/546
f 497/497/497 546/546/546 545/545/545
f 498/498/498 499/499/499 547/547/547
f 498/498/498 547/547/547 546/546/546
f 499/499/499 500/500/500 548/548/548
f 499/499/499 548/548/548 547/547/547
f 500/500/500 501/501/501 549/549/549
f 500/500/500 549/549/549 548/548/548
f 501/501/501 502/502/502 550/550/550
f 501/501/501 550/550/550 549/549/549
f 502/502/502 503/503/503 551/551/551
f 502/502/502 551/551/551 550/550/550
f 503/503/503 504/504/504 552/552/552
f 503/503/503 552/552/552 551/551/551
f 504/504/504 505/505/505 553/553/553
f 504/504/504 553/553/553 552/552/552
f 505/505/505 506/506/506 554/554/554
f 505/505/505 554/554/554 553/553/553
f 506/506/506 507/507/507 555/555/555
f 506/506/506 555/555/555 554/554/554
f 507/507/507 508/508/508 556/556/556
f 507/507/507 556/556/556 555/555/555
f 508/508/508 509/509/509 557/557/557
f 508/508/508 557/557/557 556/556/556
f 509/509/509 510/510/510 558/558/558
f 509/509/509 558/558/558 557/557/557
f 510/510/510 511/511/511 559/559/559
f 510/510/510 559/559/559 558/558/558
f 511/511/511 512/512/512 560/560/560
f 511/511/511 560/560/560 559/559/559
f 512/512/512 513/513/513 561/561/561
f 512/512/512 561/561/561 560/560/560
f 513/513/513 514/514/514 562/562/562
f 513/513/513 562/562/562 561/561/561
f 514/514/514 515/515/515 563/563/563
f 514/514/514 563/563/563 562/562/562
f 515/515/515 516/516/516 564/564/564
f 515/515/515 564/564/564 563/563/563
f 516/516/516 517/517/517 565/565/565
f 516/516/516 565/565/565 564/564/564
f 517/517/517 518/518/518 566/566/566
f 517/517/517 566/566/566 565/565/565
f 518/518/518 519/519/519 567/567/567
f 518/518/518 567/567/567 566/566/566
f 519/519/519 520/520/520 568/568/568
f 519/519/519 568/568/568 567/567/567
f 520/520/520 521/521/521 569/569/569
f 520/520/520 569/569/569 568/568/568
f 521/521/521 522/522/522 570/570/570
f 521/521/521 570/570/570 569/569/569
f 522/522/522 523/523/523 571/571/571
f 522/522/522 571/571/571 570/570/570
f 523/523/523 524/524/524 572/572/572
f 523/523/523 572/572/572 571/571/571
f 524/524/524 525/525/525 573/573/573
f 524/524/524 573/573/573 572/572/572
f 525/525/525 526/526/526 574/574/574
f 525/525/525 574/574/574 573/573/573
f 526/526/526 527/527/527 575/575/575
f 526/526/526 575/575/575 574/574/574
f 527/527/527 528/528/528 576/576/576
f 527/527/527 576/576/576 575/575/575
f 528/528/528 481/481/481 529/529/529
f 528/528/528 529/529/529 576/576/576
f 529/529/529 530/530/530 578/578/578
f 529/529/529 578/578/578 577/577/577
f 530/530/530 531/531/531 579/579/579
f 530/530/530 579/579/579 578/578/578
f 531/531/531 532/532/532 580/580/580
f 531/531/531 580/580/580 579/579/579
f 532/532/532 533/533/533 581/581/581
f 532/532/532 581/581/581 580/580/580
f 533/533/533 534/534/534 582/582/582
f 533/533/533 582/582/582 581/581/581
f 534/534/534 535/535/535 583/583/583
f 534/534/534 583/583/583 582/582/582
f 535/535/535 536/536/536 584/584/584
f 535/535/535 584/584/584 583/583/583
f 536/536/536 537/537/537 585/585/585
f 536/536/536 585/585/585 584/584/584
f 537/537/537 538/538/538 586/586/586
f 537/537/537 586/586/586 585/585/585
f 538/538/538 539/539/539 587/587/587
f 538/538/538 587/587/587 586/586/586
f 539/539/539 540/540/540 588/588/588
f 539/539/539 588/588/588 587/587/587
f 540/540/540 541/541/541 589/589/589
f 540/540/540 589/589/589 588/588/588
f 541/541/541 542/542/542 590/590/590
f 541/541/541 590/590/590 589/589/589
f 542/542/542 543/543/543 591/591/591
f 542/542/542 591/591/591 590/590/590
f 543/543/543 544/544/544 592/592/592
f 543/543/543 592/592/592 591/591/591
f 544/544/544 545/545/545 593/593/593
f 544/544/544 593/593/593 592/592/592
f 545/545/545 546/546/546 594/594/594
f 545/545/545 594/594/594 593/593/593
f 546/546/546 547/547/547 595/595/595
f 546/546/546 595/595/595 594/594/594
f 547/547/547 548/548/548 596/596/596
f 547/547/547 596/596/596 595/595/595
f 548/548/548 549/549/549 597/597/597
f 548/548/548 597/597/597 596/596/596
f 549/549/549 550/550/550 598/598/598
f 549/549/549 598/598/598 597/597/597
f 550/550/550 551/551/551 599/599/599
f 550/550/550 599/599/599 598/598/598
f 551/551/551 552/552/552 600/600/600
f 551/551/551 600/600/600 599/599/599
f 552/552/552 553/553/553 601/601/601
f 552/552/552 601/601/601 600/600/600
f 553/553/553 554/554/554 602/602/602
f 553/553/553 602/602/602 601/601/601
f 554/554/554 555/555/555 603/603/603
f 554/554/554 603/603/603 602/602/602
f 555/555/555 556/556/556 604/604/604
f 555/555/555 604/604/604 603/603/603
f 556/556/556 557/557/557 605/605/605
f 556/556/556 605/605/605 604/604/604
f 557/557/557 558/558/558 606/606/606
f 557/557/557 606/606/606 605/605/605
f 558/558/558 559/559/559 607/607/607
f 558/558/558 607/607/607 606/606/606
f 559/559/559 560/560/560 608/608/608
f 559/559/559 608/608/608 607/607/607
f 560/560/560 561/561/561 609/609/609
f 560/560/560 609/609/609 608/608/608
f 561/561/561 562/562/562 610/610/610
f 561/561/561 610/610/610 609/609/609
f 562/562/562 563/563/563 611/611/611
f 562/562/562 611/611/611 610/610/610
f 563/563/563 564/564/564 612/612/612
f 563/563/563 612/612/612 611/611/611
f 564/564/564 565/565/565 613/613/613
f 564/564/564 613/613/613 612/612/612
f 565/565/565 566/566/566 614/614/614
f 565/565/565 614/614/614 613/613/613
f 566/566/566 567/567/567 615/615/615
f 566/566/566 615/615/615 614/614/614
f 567/567/567 568/568/568 616/616/616
f 567/567/567 616/616/616 615/615/615
f 568/568/568 569/569/569 617/617/617
f 568/568/568 617/617/617 616/616/616
f 569/569/569 570/570/570 618/618/618
f 569/569/569 618/618/618 617/617/617
f 570/570/570 571/571/571 619/619/619
f 570/570/570 619/619/619 618/618/618
f 571/571/571 572/572/572 620/620/620
f 571/571/571 620/620/620 619/619/619
f 572/572/572 573/573/573 621/621/621
f 572/572/572 621/621/621 620/620/620
f 573/573/573 574/574/574 622/622/622
f 573/573/573 622/622/622 621/621/621
f 574/574/574 575/575/575 623/623/623
f 574/574/574 623/623/623 622/622/622
f 575/575/575 576/576/576 624/624/624
f 575/575/575 624/624/624 623/623/623
f 576/576/576 529/529/529 577/577/577
f 576/576/576 577/577/577 624/624/624
f 577/577/577 578/578/578 626/626/626
f 577/577/577 626/626/626 625/625/625
f 578/578/578 579/579/579 627/627/627
f 578/578/578 627/627/627 626/626/626
f 579/579/579 580/580/580 628/628/628
f 579/579/579 628/628/628 627/627/627
f 580/580/580 581/581/581 629/629/629
f 580/580/580 629/629/629 628/628/628
f 581/581/581 582/582/582 630/630/630
f 581/581/581 630/630/630 629/629/629
f 582/582/582 583/583/583 631/631/631
f 582/582/582 631/631/631 630/630/630
f 583/583/583 584/584/584 632/632/632
f 583/583/583 632/632/632 631/631/631
f 584/584/584 585/585/585 633/633/633
f 584/584/584 633/633/633 632/632/632
f 585/585/585 586/586/586 634/634/634
f 585/585/585 634/634/634 633/633/633
f 586/586/586 587/587/587 635/635/635
f 586/586/586 635/635/635 634/634/634
f 587/587/587 588/588/588 636/636/636
f 587/587/587 636/636/636 635/635/635
f 588/588/588 589/589/589 637/637/637
f 588/588/588 637/637/637 636/636/636
f 589/589/589 590/590/590 638/638/638
f 589/589/589 638/638/638 637/637/637
f 590/590/590 591/591/591 639/639/639
f 590/590/590 639/639/639 638/638/638
f 591/591/591 592/592/592 640/640/640
f 591/591/591 640/640/640 639/639/639
f 592/592/592 593/593/593 641/641/641
f 592/592/592 641/641/641 640/640/640
f 593/593/593 594/594/594 642/642/642
f 593/593/593 642/642/642 641/641/641
f 594/594/594 595/595/595 643/643/643
f 594/594/594 643/643/643 642/642/642
f 595/595/595 596/596/596 644/644/644
f 595/595/595 644/644/644 643/643/643
f 596/596/596 597/597/597 645/645/645
f 596/596/596 645/645/645 644/644/644
f 597/597/597 598/598/598 646/646/646
f 597/597/597 646/646/646 645/645/645
f 598/598/598 599/599/599 647/647/647
f 598/598/598 647/647/647 646/646/646
f 599/599/599 600/600/600 648/648/648
f 599/599/599 648/648/648 647/647/647
f 600/600/600 601/601/601 649/649/649
f 600/600/600 649/649/649 648/648/648
f 601/601/601 602/602/602 650/650/650
f 601/601/601 650/650/650 649/649/649
f 602/602/602 603/603/603 651/651/651
f 602/602/602 651/651/651 650/650/650
f 603/603/603 604/604/604 652/652/652
f 603/603/603 652/652/652 651/651/651
f 604/604/604 605/605/605 653/653/653
f 604/604/604 653/653/653 652/652/652
f 605/605/605 606/606/606 654/654/654
f 605/605/605 654/654/654 653/653/653
f 606/606/606 607/607/607 655/655/655
f 606/606/606 655/655/655 654/654/654
f 607/607/607 608/608/608 656/656/656
f 607/607/607 656/656/656 655/655/655
f 608/608/608 609/609/609 657/657/657
f 608/608/608 657/657/657 656/656/656
f 609/609/609 610/610/610 658/658/658
f 609/609/609 658/658/658 657/657/657
f 610/610/610 611/611/611 659/659/659
f 610/610/610 659/659/659 658/658/658
f 611/611/611 612/612/612 660/660/660
f 611/611/611 660/660/660 659/659/659
f 612/612/612 613/613/613 661/661/661
f 612/612/612 661/661/661 660/660/660
f 613/613/613 614/614/614 662/662/662
f 613/613/613 662/662/662 661/661/661
f 614/614/614 615/615/615 663/663/663
f 614/614/614 663/663/663 662/662/662
f 615/615/615 616/616/616 664/664/664
f 615/615/615 664/664/664 663/663/663
f 616/616/616 617/617/617 665/665/665
f 616/616/616 665/665/665 664/664/664
f 617/617/617 618/618/618 666/666/666
f 617/617/617 666/666/666 665/665/665
f 618/618/618 619/619/619 667/667/667
f 618/618/618 667/667/667 666/666/666
f 619/619/619 620/620/620 668/668/668
f 619/619/619 668/668/668 667/667/667
f 620/620/620 621/621/621 669/669/669
f 620/620/620 669/669/669 668/668/668
f 621/621/621 622/622/622 670/670/670
f 621/621/621 670/670/670 669/669/669
f 622/622/622 623/623/623 671/671/671
f 622/622/622 671/671/671 670/670/670
f 623/623/623 624/624/624 672/672/672
f 623/623/623 672/672/672 671/671/671
f 624/624/624 577/577/577 625/625/625
f 624/624/624 625/625/625 672/672/672
f 625/625/625 626/626/626 674/674/674
f 625/625/625 674/674/674 673/673/673
f 626/626/626 627/627/627 675/675/675
f 626/626/626 675/675/675 674/674/674
f 627/627/627 628/628/628 676/676/676
f 627/627/627 676/676/676 675/675/675
f 628/628/628 629/629/629 677/677/677
f 628/628/628 677/677/677 676/676/676
f 629/629/629 630/630/630 678/678/678
f 629/629/629 678/678/678 677/677/677
f 630/630/630 631/631/631 679/679/679
f 630/630/630 679/679/679 678/678/678
f 631/631/631 632/632/632 680/680/680
f 631/631/631 680/680/680 679/679/679
f 632/632/632 633/633/633 681/681/681
f 632/632/632 681/681/681 680/680/680
f 633/633/633 634/634/634 682/682/682
f 633/633/633 682/682/682 681/681/681
f 634/634/634 635/635/635 683/683/683
f 634/634/634 683/683/683 682/682/682
f 635/635/635 636/636/636 684/684/684
f 635/635/635 684/684/684 683/683/683
f 636/636/636 637/637/637 685/685/685
f 636/636/636 685/685/685 684/684/684
f 637/637/637 638/638/638 686/686/686
f 637/637/637 686/686/686 685/685/685
f 638/638/638 639/639/639 687/687/687
f 638/638/638 687/687/687 686/686/686
f 639/639/639 640/640/640 688/688/688
f 639/639/639 688/688/688 687/687/687
f 640/640/640 641/641/641 689/689/689
f 640/640/640 689/689/689 688/688/688
f 641/641/641 642/642/642 690/690/690
f 641/641/641 690/690/690 689/689/689
f 642/642/642 643/643/643 691/691/691
f 642/642/642 691/691/691 690/690/690
f 643/643/643 644/644/644 692/692/692
f 643/643/643 692/692/692 691/691/691
f 644/644/644 645/645/645 693/693/693
f 644/644/644 693/693/693 692/692/692
f 645/645/645 646/646/646 694/694/694
f 645/645/645 694/694/694 693/693/693
f 646/646/646 647/647/647 695/695/695
f 646/646/646 695/695/695 694/694/694
f 647/647/647 648/648/648 696/696/696
f 647/647/647 696/696/696 695/695/695
f 648/648/648 649/649/649 697/697/697
f 648/648/648 697/697/697 696/696/696
f 649/649/649 650/650/650 698/698/698
f 649/649/649 698/698/698 697/697/697
f 650/650/650 651/651/651 699/699/699
f 650/650/650 699/699/699 698/698/698
f 651/651/651 652/652/652 700/700/700
f 651/651/651 700/700/700 699/699/699
f 652/652/652 653/653/653 701/701/701
f 652/652/652 701/701/701 700/700/700
f 653/653/653 654/654/654 702/702/702
f 653/653/653 702/702/702 701/701/701
f 654/654/654 655/655/655 703/703/703
f 654/654/654 703/703/703 702/702/702
f 655/655/655 656/656/656 704/704/704
f 655/655/655 704/704/704 703/703/703
f 656/656/656 657/657/657 705/705/705
f 656/656/656 705/705/705 704/704/704
f 657/657/657 658/658/658 706/706/706
f 657/657/657 706/706/706 705/705/705
f 658/658/658 659/659/659 707/707/707
f 658/658/658 707/707/707 706/706/706
f 659/659/659 660/660/660 708/708/708
f 659/659/659 708/708/708 707/707/707
f 660/660/660 661/661/661 709/709/709
f 660/660/660 709/709/709 708/708/708
f 661/661/661 662/662/662 710/710/710
f 661/661/661 710/710/710 709/709/709
f 662/662/662 663/663/663 711/711/711
f 662/662/662 711/711/711 710/710/710
f 663/663/663 664/664/664 712/712/712
f 663/663/663 712/712/712 711/711/711
f 664/664/664 665/665/665 713/713/713
f 664/664/664 713/713/713 712/712/712
f 665/665/665 666/666/666 714/714/714
f 665/665/665 714/714/714 713/713/713
f 666/666/666 667/667/667 715/715/715
f 666/666/666 715/715/715 714/714/714
f 667/667/667 668/668/668 716/716/716
f 667/667/667 716/716/716 715/715/715
f 668/668/668 669/669/669 717/717/717
f 668/668/668 717/717/717 716/716/716
f 669/669/669 670/670/670 718/718/718
f 669/669/669 718/718/718 717/717/717
f 670/670/670 671/671/671 719/719/719
f 670/670/670 719/719/719 718/718/718
f 671/671/671 672/672/672 720/720/720
f 671/671/671 720/720/720 719/719/719
f 672/672/672 625/625/625 673/673/673
f 672/672/672 673/673/673 720/720/720
f 673/673/673 674/674/674 722/722/722
f 673/673/673 722/722/722 721/721/721
f 674/674/674 675/675/675 723/723/723
f 674/674/674 723/723/723 722/722/722
f 675/675/675 676/676/676 724/724/724
f 675/675/675 724/724/724 723/723/723
f 676/676/676 677/677/677 725/725/725
f 676/676/676 725/725/725 724/724/724
f 677/677/677 678/678/678 726/726/726
f 677/677/677 726/726/726 725/725/725
f 678/678/678 679/679/679 727/727/727
f 678/678/678 727/727/727 726/726/726
f 679/679/679 680/680/680 728/728/728
f 679/679/679 728/728/728 727/727/727
f 680/680/680 681/681/681 729/729/729
f 680/680/680 729/729/729 728/728/728
f 681/681/681 682/682/682 730/730/730
f 681/681/681 730/730/730 729/729/729
f 682/682/682 683/683/683 731/731/731
f 682/682/682 731/731/731 730/730/730
f 683/683/683 684/684/684 732/732/732
f 683/683/683 732/732/732 731/731/731
f 684/684/684 685/685/685 733/733/733
f 684/684/684 733/733/733 732/732/732
f 685/685/685 686/686/686 734/734/734
f 685/685/685 734/734/734 733/733/733
f 686/686/686 687/687/687 735/735/735
f 686/686/686 735/735/735 734/734/734
f 687/687/687 688/688/688 736/736/736
f 687/687/687 736/736/736 735/735/735
f 688/688/688 689/689/689 737/737/737
f 688/688/688 737/737/737 736/736/736
f 689/689/689 690/690/690 738/738/738
f 689/689/689 738/738/738 737/737/737
f 690/690/690 691/691/691 739/739/739
f 690/690/690 739/739/739 738/738/738
f 691/691/691 692/692/692 740/740/740
f 691/691/691 740/740/740 739/739/739
f 692/692/692 693/693/693 741/741/741
f 692/692/692 741/741/741 740/740/740
f 693/693/693 694/694/694 742/742/742
f 693/693/693 742/742/742 741/741/741
f 694/694/694 695/695/695 743/743/743
f 694/694/694 743/743/743 742/742/742
f 695/695/695 696/696/696 744/744/744
f 695/695/695 744/744/744 743/743/743
f 696/696/696 697/697/697 745/745/745
f 696/696/696 745/745/745 744/744/744
f 697/697/697 698/698/698 746/746/746
f 697/697/697 746/746/746 745/745/745
f 698/698/698 699/699/699 747/747/747
f 698/698/698 747/747/747 746/746/746
f 699/699/699 700/700/700 748/748/748
f 699/699/699 748/748/748 747/747/747
f 700/700/700 701/701/701 749/749/749
f 700/700/700 749/749/749 748/748/748
f 701/701/701 702/702/702 750/750/750
f 701/701/701 750/750/750 749/749/749
f 702/702/702 703/703/703 751/751/751
f 702/702/702 751/751/751 750/750/750
f 703/703/703 704/704/704 752/752/752
f 703/703/703 752/752/752 751/751/751
f 704/704/704 705/705/705 753/753/753
f 704/704/704 753/753/753 752/752/752
f 705/705/705 706/706/706 754/754/754
f 705/705/705 754/754/754 753/753/753
f 706/706/706 707/707/707 755/755/755
f 706/706/706 755/755/755 754/754/754
f 707/707/707 708/708/708 756/756/756
f 707/707/707 756/756/756 755/755/755
f 708/708/708 709/709/709 757/757/757
f 708/708/708 757/757/757 756/756/756
f 709/709/709 710/710/710 758/758/758
f 709/709/709 758/758/758 757/757/757
f 710/710/710 711/711/711 759/759/759
f 710/710/710 759/759/759 758/758/758
f 711/711/711 712/712/712 760/760/760
f 711/711/711 760/760/760 759/759/759
f 712/712/712 713/713/713 761/761/761
f 712/712/712 761/761/761 760/760/760
f 713/713/713 714/714/714 762/762/762
f 713/713/713 762/762/762 761/761/761
f 714/714/714 715/715/715 763/763/763
f 714/714/714 763/763/763 762/762/762
f 715/715/715 716/716/716 764/764/764
f 715/715/715 764/764/764 763/763/763
f 716/716/716 717/717/717 765/765/765
f 716/716/716 765/765/765 764/764/764
f 717/717/717 718/718/718 766/766/766
f 717/717/717 766/766/766 765/765/765
f 718/718/718 719/719/719 767/767/767
f 718/718/718 767/767/767 766/766/766
f 719/719/719 720/720/720 768/768/768
f 719/719/719 768/768/768 767/767/767
f 720/720/720 673/673/673 721/721/721
f 720/720/720 721/721/721 768/768/768
f 721/721/721 722/722/722 770/770/770
f 721/721/721 770/770/770 769/769/769
f 722/722/722 723/723/723 771/771/771
f 722/722/722 771/771/771 770/770/770
f 723/723/723 724/724/724 772/772/772
f 723/723/723 772/772/772 771/771/771
f 724/724/724 725/725/725 773/773/773
f 724/724/724 773/773/773 772/772/772
f 725/725/725 726/726/726 774/774/774
f 725/725/725 774/774/774 773/773/773
f 726/726/726 727/727/727 775/775/775
f 726/726/726 775/775/775 774/774/774
f 727/727/727 728/728/728 776/776/776
f 727/727/727 776/776/776 775/775/775
f 728/728/728 729/729/729 777/777/777
f 728/728/728 777/777/777 776/776/776
f 729/729/729 730/730/730 778/778/778
f 729/729/729 778/778/778 777/777/777
f 730/730/730 731/731/731 779/779/779
f 730/730/730 779/779/779 778/778/778
f 731/731/731 732/732/732 780/780/780
f 731/731/731 780/780/780 779/779/779
f 732/732/732 733/733/733 781/781/781
f 732/732/732 781/781/781 780/780/780
f 733/733/733 734/734/734 782/782/782
f 733/733/733 782/782/782 781/781/781
f 734/734/734 735/735/735 783/783/783
f 734/734/734 783/783/783 782/782/782
f 735/735/735 736/736/736 784/784/784
f 735/735/735 784/784/784 783/783/783
f 736/736/736 737/737/737 785/785/785
f 736/736/736 785/785/785 784/784/784
f 737/737/737 738/738/738 786/786/786
f 737/737/737 786/786/786 785/785/785
f 738/738/738 739/739/739 787/787/787
f 738/738/738 787/787/787 786/786/786
f 739/739/739 740/740/740 788/788/788
f 739/739/739 788/788/788 787/787/787
f 740/740/740 741/741/741 789/789/789
f 740/740/740 789/789/789 788/788/788
f 741/741/741 742/742/742 790/790/790
f 741/741/741 790/790/790 789/789/789
f 742/742/742 743/743/743 791/791/791
f 742/742/742 791/791/791 790/790/790
f 743/743/743 744/744/744 792/792/792
f 743/743/743 792/792/792 791/791/791
f 744/744/744 745/745/745 793/793/793
f 744/744/744 793/793/793 792/792/792
f 745/745/745 746/746/746 794/794/794
f 745/745/745 794/794/794 793/793/793
f 746/746/746 747/747/747 795/795/795
f 746/746/746 795/795/795 794/794/794
f 747/747/747 748/748/748 796/796/796
f 747/747/747 796/796/796 795/795/795
f 748/748/748 749/749/749 797/797/797
f 748/748/748 797/797/797 796/796/796
f 749/749/749 750/750/750 798/798/798
f 749/749/749 798/798/798 797/797/797
f 750/750/750 751/751/751 799/799/799
f 750/750/750 799/799/799 798/798/798
f 751/751/751 752/752/752 800/800/800
f 751/751/751 800/800/800 799/799/799
f 752/752/752 753/753/753 801/801/801
f 752/752/752 801/801/801 800/800/800
f 753/753/753 754/754/754 802/802/802
f 753/753/753 802/802/802 801/801/801
f 754/754/754 755/755/755 803/803/803
f 754/754/754 803/803/803 802/802/802
f 755/755/755 756/756/756 804/804/804
f 755/755/755 804/804/804 803/803/803
f 756/756/756 757/757/757 805/805/805
f 756/756/756 805/805/805 804/804/804
f 757/757/757 758/758/758 806/806/806
f 757/757/757 806/806/806 805/805/805
f 758/758/758 759/759/759 807/807/807
f 758/758/758 807/807/807 806/806/806
f 759/759/759 760/760/760 808/808/808
f 759/759/759 808/808/808 807/807/807
f 760/760/760 761/761/761 809/809/809
f 760/760/760 809/809/809 808/808/808
f 761/761/761 762/762/762 810/810/810
f 761/761/761 810/810/810 809/809/809
f 762/762/762 763/763/763 811/811/811
f 762/762/762 811/811/811 810/810/810
f 763/763/763 764/764/764 812/812/812
f 763/763/763 812/812/812 811/811/811
f 764/764/764 765/765/765 813/813/813
f 764/764/764 813/813/813 812/812/812
f 765/765/765 766/766/766 814/814/814
f 765/765/765 814/814/814 813/813/813
f 766/766/766 767/767/767 815/815/815
f 766/766/766 815/815/815 814/814/814
f 767/767/767 768/768/768 816/816/816
f 767/767/767 816/816/816 815/815/815
f 768/768/768 721/721/721 769/769/769
f 768/768/768 769/769/769 816/816/816
f 769/769/769 770/770/770 818/818/818
f 769/769/769 818/818/818 817/817/817
f 770/770/770 771/771/771 819/819/819
f 770/770/770 819/819/819 818/818/818
f 771/771/771 772/772/772 820/820/820
f 771/771/771 820/820/820 819/819/819
f 772/772/772 773/773/773 821/821/821
f 772/772/772 821/821/821 820/820/820
f 773/773/773 774/774/774 822/822/822
f 773/773/773 822/822/822 821/821/821
f 774/774/774 775/775/775 823/823/823
f 774/774/774 823/823/823 822/822/822
f 775/775/775 776/776/776 824/824/824
f 775/775/775 824/824/824 823/823/823
f 776/776/776 777/777/777 825/825/825
f 776/776/776 825/825/825 824/824/824
f 777/777/777 778/778/778 826/826/826
f 777/777/777 826/826/826 825/825/825
f 778/778/778 779/779/779 827/827/827
f 778/778/778 827/827/827 826/826/826
f 779/779/779 780/780/780 828/828/828
f 779/779/779 828/828/828 827/827/827
f 780/780/780 781/781/781 829/829/829
f 780/780/780 829/829/829 828/828/828
f 781/781/781 782/782/782 830/830/830
f 781/781/781 830/830/830 829/829/829
f 782/782/782 783/783/783 831/831/831
f 782/782/782 831/831/831 830/830/830
f 783/783/783 784/784/784 832/832/832
f 783/783/783 832/832/832 831/831/831
f 784/784/784 785/785/785 833/833/833
f 784/784/784 833/833/833 832/832/832
f 785/785/785 786/786/786 834/834/834
f 785/785/785 834/834/834 833/833/833
f 786/786/786 787/787/787 835/835/835
f 786/786/786 835/835/835 834/834/834
f 787/787/787 788/788/788 836/836/836
f 787/787/787 836/836/836 835/835/835
f 788/788/788 789/789/789 837/837/837
f 788/788/788 837/837/837 836/836/836
f 789/789/789 790/790/790 838/838/838
f 789/789/789 838/838/838 837/837/837
f 790/790/790 791/791/791 839/839/839
f 790/790/790 839/839/839 838/838/838
f 791/791/791 792/792/792 840/840/840
f 791/791/791 840/840/840 839/839/839
f 792/792/792 793/793/793 841/841/841
f 792/792/792 841/841/841 840/840/840
f 793/793/793 794/794/794 842/842/842
f 793/793/793 842/842/842 841/841/841
f 794/794/794 795/795/795 843/843/843
f 794/794/794 843/843/843 842/842/842
f 795/795/795 796/796/796 844/844/844
f 795/795/795 844/844/844 843/843/843
f 796/796/796 797/797/797 845/845/845
f 796/796/796 845/845/845 844/844/844
f 797/797/797 798/798/798 846/846/846
f 797/797/797 846/846/846 845/845/845
f 798/798/798 799/799/799 847/847/847
f 798/798/798 847/847/847 846/846/846
f 799/799/799 800/800/800 848/848/848
f 799/799/799 848/848/848 847/847/847
f 800/800/800 801/801/801 849/849/849
f 800/800/800 849/849/849 848/848/848
f 801/801/801 802/802/802 850/850/850
f 801/801/801 850/850/850 849/849/849
f 802/802/802 803/803/803 851/851/851
f 802/802/802 851/851/851 850/850/850
f 803/803/803 804/804/804 852/852/852
f 803/803/803 852/852/852 851/851/851
f 804/804/804 805/805/805 853/853/853
f 804/804/804 853/853/853 852/852/852
f 805/805/805 806/806/806 854/854/854
f 805/805/805 854/854/854 853/853/853
f 806/806/806 807/807/807 855/855/855
f 806/806/806 855/855/855 854/854/854
f 807/807/807 808/808/808 856/856/856
f 807/807/807 856/856/856 855/855/855
f 808/808/808 809/809/809 857/857/857
f 808/808/808 857/857/857 856/856/856
f 809/809/809 810/810/810 858/858/858
f 809/809/809 858/858/858 857/857/857
f 810/810/810 811/811/811 859/859/859
f 810/810/810 859/859/859 858/858/858
f 811/811/811 812/812/812 860/860/860
f 811/811/811 860/860/860 859/859/859
f 812/812/812 813/813/813 861/861/861
f 812/812/812 861/861/861 860/860/860
f 813/813/813 814/814/814 862/862/862
f 813/813/813 862/862/862 861/861/861
f 814/814/814 815/815/815 863/863/863
f 814/814/814 863/863/863 862/862/862
f 815/815/815 816/816/816 864/864/864
f 815/815/815 864/864/864 863/863/863
f 816/816/816 769/769/769 817/817/817
f 816/816/816 817/817/817 864/864/864
f 817/817/817 818/818/818 866/866/866
f 817/817/817 866/866/866 865/865/865
f 818/818/818 819/819/819 867/867/867
f 818/818/818 867/867/867 866/866/866
f 819/819/819 820/820/820 868/868/868
f 819/819/819 868/868/868 867/867/867
f 820/820/820 821/821/821 869/869/869
f 820/820/820 869/869/869 868/868/868
f 821/821/821 822/822/822 870/870/870
f 821/821/821 870/870/870 869/869/869
f 822/822/822 823/823/823 871/871/871
f 822/822/822 871/871/871 870/870/870
f 823/823/823 824/824/824 872/872/872
f 823/823/823 872/872/872 871/871/871
f 824/824/824 825/825/825 873/873/873
f 824/824/824 873/873/873 872/872/872
f 825/825/825 826/826/826 874/874/874
f 825/825/825 874/874/874 873/873/873
f 826/826/826 827/827/827 875/875/875
f 826/826/826 875/875/875 874/874/874
f 827/827/827 828/828/828 876/876/876
f 827/827/827 876/876/876 875/875/875
f 828/828/828 829/829/829 877/877/877
f 828/828/828 877/877/877 876/876/876
f 829/829/829 830/830/830 878/878/878
f 829/829/829 878/878/878 877/877/877
f 830/830/830 831/831/831 879/879/879
f 830/830/830 879/879/879 878/878/878
f 831/831/831 832/832/832 880/880/880
f 831/831/831 880/880/880 879/879/879
f 832/832/832 833/833/833 881/881/881
f 832/832/832 881/881/881 880/880/880
f 833/833/833 834/834/834 882/882/882
f 833/833/833 882/882/882 881/881/881
f 834/834/834 835/835/835 883/883/883
f 834/834/834 883/883/883 882/882/882
f 835/835/835 836/836/836 884/884/884
f 835/835/835 884/884/884 883/883/883
f 836/836/836 837/837/837 885/885/885
f 836/836/836 885/885/885 884/884/884
f 837/837/837 838/838/838 886/886/886
f 837/837/837 886/886/886 885/885/885
f 838/838/838 839/839/839 887/887/887
f 838/838/838 887/887/887 886/886/886
f 839/839/839 840/840/840 888/888/888
f 839/839/839 888/888/888 887/887/887
f 840/840/840 841/841/841 889/889/889
f 840/840/840 889/889/889 888/888/888
f 841/841/841 842/842/842 890/890/890
f 841/841/841 890/890/890 889/889/889
f 842/842/842 843/843/843 891/891/891
f 842/842/842 891/891/891 890/890/890
f 843/843/843 844/844/844 892/892/892
f 843/843/843 892/892/892 891/891/891
f 844/844/844 845/845/845 893/893/893
f 844/844/844 893/893/893 892/892/892
f 845/845/845 846/846/846 894/894/894
f 845/845/845 894/894/894 893/893/893
f 846/846/846 847/847/847 895/895/895
f 846/846/846 895/895/895 894/894/894
f 847/847/847 848/848/848 896/896/896
f 847/847/847 896/896/896 895/895/895
f 848/848/848 849/849/849 897/897/897
f 848/848/848 897/897/897 896/896/896
f 849/849/849 850/850/850 898/898/898
f 849/849/849 898/898/898 897/897/897
f 850/850/850 851/851/851 899/899/899
f 850/850/850 899/899/899 898/898/898
f 851/851/851 852/852/852 900/900/900
f 851/851/851 900/900/900 899/899/899
f 852/852/852 853/853/853 901/901/901
f 852/852/852 901/901/901 900/900/900
f 853/853/853 854/854/854 902/902/902
f 853/853/853 902/902/902 901/901/901
f 854/854/854 855/855/855 903/903/903
f 854/854/854 903/903/903 902/902/902
f 855/855/855 856/856/856 904/904/904
f 855/855/855 904/904/904 903/903/903
f 856/856/856 857/857/857 905/905/905
f 856/856/856 905/905/905 904/904/904
f 857/857/857 858/858/858 906/906/906
f 857/857/857 906/906/906 905/905/905
f 858/858/858 859/859/859 907/907/907
f 858/858/858 907/907/907 906/906/906
f 859/859/859 860/860/860 908/908/908
f 859/859/859 908/908/908 907/907/907
f 860/860/860 861/861/861 909/909/909
f 860/860/860 909/909/909 908/908/908
f 861/861/861 862/862/862 910/910/910
f 861/861/861 910/910/910 909/909/909
f 862/862/862 863/863/863 911/911/911
f 862/862/862 911/911/911 910/910/910
f 863/863/863 864/864/864 912/912/912
f 863/863/863 912/912/912 911/911/911
f 864/864/864 817/817/817 865/865/865
f 864/864/864 865/865/865 912/912/912
f 865/865/865 866/866/866 914/914/914
f 865/865/865 914/914/914 913/913/913
f 866/866/866 867/867/867 915/915/915
f 866/866/866 915/915/915 914/914/914
f 867/867/867 868/868/868 916/916/916
f 867/867/867 916/916/916 915/915/915
f 868/868/868 869/869/869 917/917/917
f 868/868/868 917/917/917 916/916/916
f 869/869/869 870/870/870 918/918/918
f 869/869/869 918/918/918 917/917/917
f 870/870/870 871/871/871 919/919/919
f 870/870/870 919/919/919 918/918/918
f 871/871/871 872/872/872 920/920/920
f 871/871/871 920/920/920 919/919/919
f 872/872/872 873/873/873 921/921/921
f 872/872/872 921/921/921 920/920/920
f 873/873/873 874/874/874 922/922/922
f 873/873/873 922/922/922 921/921/921
f 874/874/874 875/875/875 923/923/923
f 874/874/874 923/923/923 922/922/922
f 875/875/875 876/876/876 924/924/924
f 875/875/875 924/924/924 923/923/923
f 876/876/876 877/877/877 925/925/925
f 876/876/876 925/925/925 924/924/924
f 877/877/877 878/878/878 926/926/926
f 877/877/877 926/926/926 925/925/925
f 878/878/878 879/879/879 927/927/927
f 878/878/878 927/927/927 926/926/926
f 879/879/879 880/880/880 928/928/928
f 879/879/879 928/928/928 927/927/927
f 880/880/880 881/881/881 929/929/929
f 880/880/880 929/929/929 928/928/928
f 881/881/881 882/882/882 930/930/930
f 881/881/881 930/930/930 929/929/929
f 882/882/882 883/883/883 931/931/931
f 882/882/882 931/931/931 930/930/930
f 883/883/883 884/884/884 932/932/932
f 883/883/883 932/932/932 931/931/931
f 884/884/884 885/885/885 933/933/933
f 884/884/884 933/933/933 932/932/932
f 885/885/885 886/886/886 934/934/934
f 885/885/885 934/934/934 933/933/933
f 886/886/886 887/887/887 935/935/935
f 886/886/886 935/935/935 934/934/934
f 887/887/887 888/888/888 936/936/936
f 887/887/887 936/936/936 935/935/935
f 888/888/888 889/889/889 937/937/937
f 888/888/888 937/937/937 936/936/936
f 889/889/889 890/890/890 938/938/938
f 889/889/889 938/938/938 937/937/937
f 890/890/890 891/891/891 939/939/939
f 890/890/890 939/939/939 938/938/938
f 891/891/891 892/892/892 940/940/940
f 891/891/891 940/940/940 939/939/939
f 892/892/892 893/893/893 941/941/941
f 892/892/892 941/941/941 940/940/940
f 893/893/893 894/894/894 942/942/942
f 893/893/893 942/942/942 941/941/941
f 894/894/894 895/895/895 943/943/943
f 894/894/894 943/943/943 942/942/942
f 895/895/895 896/896/896 944/944/944
f 895/895/895 944/944/944 943/943/943
f 896/896/896 897/897/897 945/945/945
f 896/896/896 945/945/945 944/944/944
f 897/897/897 898/898/898 946/946/946
f 897/897/897 946/946/946 945/945/945
f 898/898/898 899/899/899 947/947/947
f 898/898/898 947/947/947 946/946/946
f 899/899/899 900/900/900 948/948/948
f 899/899/899 948/948/948 947/947/947
f 900/900/900 901/901/901 949/949/949
f 900/900/900 949/949/949 948/948/948
f 901/901/901 902/902/902 950/950/950
f 901/901/901 950/950/950 949/949/949
f 902/902/902 903/903/903 951/951/951
f 902/902/902 951/951/951 950/950/950
f 903/903/903 904/904/904 952/952/952
f 903/903/903 952/952/952 951/951/951
f 904/904/904 905/905/905 953/953/953
f 904/904/904 953/953/953 952/952/952
f 905/905/905 906/906/906 954/954/954
f 905/905/905 954/954/954 953/953/953
f 906/906/906 907/907/907 955/955/955
f 906/906/906 955/955/955 954/954/954
f 907/907/907 908/908/908 956/956/956
f 907/907/907 956/956/956 955/955/955
f 908/908/908 909/909/909 957/957/957
f 908/908/908 957/957/957 956/956/956
f 909/909/909 910/910/910 958/958/958
f 909/909/909 958/958/958 957/957/957
f 910/910/910 911/911/911 959/959/959
f 910/910/910 959/959/959 958/958/958
f 911/911/911 912/912/912 960/960/960
f 911/911/911 960/960/960 959/959/959
f 912/912/912 865/865/865 913/913/913
f 912/912/912 913/913/913 960/960/960
f 913/913/913 914/914/914 962/962/962
f 913/913/913 962/962/962 961/961/961
f 914/914/914 915/915/915 963/963/963
f 914/914/914 963/963/963 962/962/962
f 915/915/915 916/916/916 964/964/964
f 915/915/915 964/964/964 963/963/963
f 916/916/916 917/917/917 965/965/965
f 916/916/916 965/965/965 964/964/964
f 917/917/917 918/918/918 966/966/966
f 917/917/917 966/966/966 965/965/965
f 918/918/918 919/919/919 967/967/967
f 918/918/918 967/967/967 966/966/966
f 919/919/919 920/920/920 968/968/968
f 919/919/919 968/968/968 967/967/967
f 920/920/920 921/921/921 969/969/969
f 920/920/920 969/969/969 968/968/968
f 921/921/921 922/922/922 970/970/970
f 921/921/921 970/970/970 969/969/969
f 922/922/922 923/923/923 971/971/971
f 922/922/922 971/971/971 970/970/970
f 923/923/923 924/924/924 972/972/972
f 923/923/923 972/972/972 971/971/971
f 924/924/924 925/925/925 973/973/973
f 924/924/924 973/973/973 972/972/972
f 925/925/925 926/926/926 974/974/974
f 925/925/925 974/974/974 973/973/973
f 926/926/926 927/927/927 975/975/975
f 926/926/926 975/975/975 974/974/974
f 927/927/927 928/928/928 976/976/976
f 927/927/927 976/976/976 975/975/975
f 928/928/928 929/929/929 977/977/977
f 928/928/928 977/977/977 976/976/976
f 929/929/929 930/930/930 978/978/978
f 929/929/929 978/978/978 977/977/977
f 930/930/930 931/931/931 979/979/979
f 930/930/930 979/979/979 978/978/978
f 931/931/931 932/932/932 980/980/980
f 931/931/931 980/980/980 979/979/979
f 932/932/932 933/933/933 981/981/981
f 932/932/932 981/981/981 980/980/980
f 933/933/933 934/934/934 982/982/982
f 933/933/933 982/982/982 981/981/981
f 934/934/934 935/935/935 983/983/983
f 934/934/934 983/983/983 982/982/982
f 935/935/935 936/936/936 984/984/984
f 935/935/935 984/984/984 983/983/983
f 936/936/936 937/937/937 985/985/985
f 936/936/936 985/985/985 984/984/984
f 937/937/937 938/938/938 986/986/986
f 937/937/937 986/986/986 985/985/985
f 938/938/938 939/939/939 987/987/987
f 938/938/938 987/987/987 986/986/986
f 939/939/939 940/940/940 988/988/988
f 939/939/939 988/988/988 987/987/987
f 940/940/940 941/941/941 989/989/989
f 940/940/940 989/989/989 988/988/988
f 941/941/941 942/942/942 990/990/990
f 941/941/941 990/990/990 989/989/989
f 942/942/942 943/943/943 991/991/991
f 942/942/942 991/991/991 990/990/990
f 943/943/943 944/944/944 992/992/992
f 943/943/943 992/992/992 991/991/991
f 944/944/944 945/945/945 993/993/993
f 944/944/944 993/993/993 992/992/992
f 945/945/945 946/946/946 994/994/994
f 945/945/945 994/994/994 993/993/993
f 946/946/946 947/947/947 995/995/995
f 946/946/946 995/995/995 994/994/994
f 947/947/947 948/948/948 996/996/996
f 947/947/947 996/996/996 995/995/995
f 948/948/948 949/949/949 997/997/997
f 948/948/948 997/997/997 996/996/996
f 949/949/949 950/950/950 998/998/998
f 949/949/949 998/998/998 997/997/997
f 950/950/950 951/951/951 999/999/999
f 950/950/950 999/999/999 998/998/998
f 951/951/951 952/952/952 1000/1000/1000
f 951/951/951 1000/1000/1000 999/999/999
f 952/952/952 953/953/953 1001/1001/1001
f 952/952/952 1001/1001/1001 1000/1000/1000
f 953/953/953 954/954/954 1002/1002/1002
f 953/953/953 1002/1002/1002 1001/1001/1001
f 954/954/954 955/955/955 1003/1003/1003
f 954/954/954 1003/1003/1003 1002/1002/1002
f 955/955/955 956/956/956 1004/1004/1004
f 955/955/955 1004/1004/1004 1003/1003/1003
f 956/956/956 957/957/957 1005/1005/1005
f 956/956/956 1005/1005/1005 1004/1004/1004
f 957/957/957 958/958/958 1006/1006/1006
f 957/957/957 1006/1006/1006 1005/1005/1005
f 958/958/958 959/959/959 1007/1007/1007
f 958/958/958 1007/1007/1007 1006/1006/1006
f 959/959/959 960/960/960 1008/1008/1008
f 959/959/959 1008/1008/1008 1007/1007/1007
f 960/960/960 913/913/913 961/961/961
f 960/960/960 961/961/961 1008/1008/1008
f 961/961/961 962/962/962 1010/1010/1010
f 961/961/961 1010/1010/1010 1009/1009/1009
f 962/962/962 963/963/963 1011/1011/1011
f 962/962/962 1011/1011/1011 1010/1010/1010
f 963/963/963 964/964/964 1012/1012/1012
f 963/963/963 1012/1012/1012 1011/1011/1011
f 964/964/964 965/965/965 1013/1013/1013
f 964/964/964 1013/1013/1013 1012/1012/1012
f 965/965/965 966/966/966 1014/1014/1014
f 965/965/965 1014/1014/1014 1013/1013/1013
f 966/966/966 967/967/967 1015/1015/1015
f 966/966/966 1015/1015/1015 1014/1014/1014
f 967/967/967 968/968/968 1016/1016/1016
f 967/967/967 1016/1016/1016 1015/1015/1015
f 968/968/968 969/969/969 1017/1017/1017
f 968/968/968 1017/1017/1017 1016/1016/1016
f 969/969/969 970/970/970 1018/1018/1018
f 969/969/969 1018/1018/1018 1017/1017/1017
f 970/970/970 971/971/971 1019/1019/1019
f 970/970/970 1019/1019/1019 1018/1018/1018
f 971/971/971 972/972/972 1020/1020/1020
f 971/971/971 1020/1020/1020 1019/1019/1019
f 972/972/972 973/973/973 1021/1021/1021
f 972/972/972 1021/1021/1021 1020/1020/1020
f 973/973/973 974/974/974 1022/1022/1022
f 973/973/973 1022/1022/1022 1021/1021/1021
f 974/974/974 975/975/975 1023/1023/1023
f 974/974/974 1023/1023/1023 1022/1022/1022
f 975/975/975 976/976/976 1024/1024/1024
f 975/975/975 1024/1024/1024 1023/1023/1023
f 976/976/976 977/977/977 1025/1025/1025
f 976/976/976 1025/1025/1025 1024/1024/1024
f 977/977/977 978/978/978 1026/1026/1026
f 977/977/977 1026/1026/1026 1025/1025/1025
f 978/978/978 979/979/979 1027/1027/1027
f 978/978/978 1027/1027/1027 1026/1026/1026
f 979/979/979 980/980/980 1028/1028/1028
f 979/979/979 1028/1028/1028 1027/1027/1027
f 980/980/980 981/981/981 1029/1029/1029
f 980/980/980 1029/1029/1029 1028/1028/1028
f 981/981/981 982/982/982 1030/1030/1030
f 981/981/981 1030/1030/1030 1029/1029/1029
f 982/982/982 983/983/983 1031/1031/1031
f 982/982/982 1031/1031/1031 1030/1030/1030
f 983/983/983 984/984/984 1032/1032/1032
f 983/983/983 1032/1032/1032 1031/1031/1031
f 984/984/984 985/985/985 1033/1033/1033
f 984/984/984 1033/1033/1033 1032/1032/1032
f 985/985/985 986/986/986 1034/1034/1034
f 985/985/985 1034/1034/1034 1033/1033/1033
f 986/986/986 987/987/987 1035/1035/1035
f 986/986/986 1035/1035/1035 1034/1034/1034
f 987/987/987 988/988/988 1036/1036/1036
f 987/987/987 1036/1036/1036 1035/1035/1035
f 988/988/988 989/989/989 1037/1037/1037
f 988/988/988 1037/1037/1037 1036/1036/1036
f 989/989/989 990/990/990 1038/1038/1038
f 989/989/989 1038/1038/1038 1037/1037/1037
f 990/990/990 991/991/991 1039/1039/1039
f 990/990/990 1039/1039/1039 1038/1038/1038
f 991/991/991 992/992/992 1040/1040/1040
f 991/991/991 1040/1040/1040 1039/1039/1039
f 992/992/992 993/993/993 1041/1041/1041
f 992/992/992 1041/1041/1041 1040/1040/1040
f 993/993/993 994/994/994 1042/1042/1042
f 993/993/993 1042/1042/1042 1041/1041/1041
f 994/994/994 995/995/995 1043/1043/1043
f 994/994/994 1043/1043/1043 1042/1042/1042
f 995/995/995 996/996/996 1044/1044/1044
f 995/995/995 1044/1044/1044 1043/1043/1043
f 996/996/996 997/997/997 1045/1045/1045
f 996/996/996 1045/1045/1045 1044/1044/1044
f 997/997/997 998/998/998 1046/1046/1046
f 997/997/997 1046/1046/1046 1045/1045/1045
f 998/998/998 999/999/999 1047/1047/1047
f 998/998/998 1047/1047/1047 1046/1046/1046
f 999/999/999 1000/1000/1000 1048/1048/1048
f 999/999/999 1048/1048/1048 1047/1047/1047
f 1000/1000/1000 1001/1001/1001 1049/1049/1049
f 1000/1000/1000 1049/1049/1049 1048/1048/1048
f 1001/1001/1001 1002/1002/1002 1050/1050/1050
f 1001/1001/1001 1050/1050/1050 1049/1049/1049
f 1002/1002/1002 1003/1003/1003 1051/1051/1051
f 1002/1002/1002 1051/1051/1051 1050/1050/1050
f 1003/1003/1003 1004/1004/1004 1052/1052/1052
f 1003/1003/1003 1052/1052/1052 1051/1051/1051
f 1004/1004/1004 1005/1005/1005 1053/1053/1053
f 1004/1004/1004 1053/1053/1053 1052/1052/1052
f 1005/1005/1005 1006/1006/1006 1054/1054/1054
f 1005/1005/1005 1054/1054/1054 1053/1053/1053
f 1006/1006/1006 1007/1007/1007 1055/1055/1055
f 1006/1006/1006 1055/1055/1055 1054/1054/1054
f 1007/1007/1007 1008/1008/1008 1056/1056/1056
f 1007/1007/1007 1056/1056/1056 1055/1055/1055
f 1008/1008/1008 961/961/961 1009/1009/1009
f 1008/1008/1008 1009/1009/1009 1056/1056/1056
f 1009/1009/1009 1010/1010/1010 1058/1058/1058
f 1009/1009/1009 1058/1058/1058 1057/1057/1057
f 1010/1010/1010 1011/1011/1011 1059/1059/1059
f 1010/1010/1010 1059/1059/1059 1058/1058/1058
f 1011/1011/1011 1012/1012/1012 1060/1060/1060
f 1011/1011/1011 1060/1060/1060 1059/1059/1059
f 1012/1012/1012 1013/1013/1013 1061/1061/1061
f 1012/1012/1012 1061/1061/1061 1060/1060/1060
f 1013/1013/1013 1014/1014/1014 1062/1062/1062
f 1013/1013/1013 1062/1062/1062 1061/1061/1061
f 1014/1014/1014 1015/1015/1015 1063/1063/1063
f 1014/1014/1014 1063/1063/1063 1062/1062/1062
f 1015/1015/1015 1016/1016/1016 1064/1064/1064
f 1015/1015/1015 1064/1064/1064 1063/1063/1063
f 1016/1016/1016 1017/1017/1017 1065/1065/1065
f 1016/1016/1016 1065/1065/1065 1064/1064/1064
f 1017/1017/1017 1018/1018/1018 1066/1066/1066
f 1017/1017/1017 1066/1066/1066 1065/1065/1065
f 1018/1018/1018 1019/1019/1019 1067/1067/1067
f 1018/1018/1018 1067/1067/1067 1066/1066/1066
f 1019/1019/1019 1020/1020/1020 1068/1068/1068
f 1019/1019/1019 1068/1068/1068 1067/1067/1067
f 1020/1020/1020 1021/1021/1021 1069/1069/1069
f 1020/1020/1020 1069/1069/1069 1068/1068/1068
f 1021/1021/1021 1022/1022/1022 1070/1070/1070
f 1021/1021/1021 1070/1070/1070 1069/1069/1069
f 1022/1022/1022 1023/1023/1023 1071/1071/1071
f 1022/1022/1022 1071/1071/1071 1070/1070/1070
f 1023/1023/1023 1024/1024/1024 1072/1072/1072
f 1023/1023/1023 1072/1072/1072 1071/1071/1071
f 1024/1024/1024 1025/1025/1025 1073/1073/1073
f 1024/1024/1024 1073/1073/1073 1072/1072/1072
f 1025/1025/1025 1026/1026/1026 1074/1074/1074
f 1025/1025/1025 1074/1074/1074 1073/1073/1073
f 1026/1026/1026 1027/1027/1027 1075/1075/1075
f 1026/1026/1026 1075/1075/1075 1074/1074/1074
f 1027/1027/1027 1028/1028/1028 1076/1076/1076
f 1027/1027/1027 1076/1076/1076 1075/1075/1075
f 1028/1028/1028 1029/1029/1029 1077/1077/1077
f 1028/1028/1028 1077/1077/1077 1076/1076/1076
f 1029/1029/1029 1030/1030/1030 1078/1078/1078
f 1029/1029/1029 1078/1078/1078 1077/1077/1077
f 1030/1030/1030 1031/1031/1031 1079/1079/1079
f 1030/1030/1030 1079/1079/1079 1078/1078/1078
f 1031/1031/1031 1032/1032/1032 1080/1080/1080
f 1031/1031/1031 1080/1080/1080 1079/1079/1079
f 1032/1032/1032 1033/1033/1033 1081/1081/1081
f 1032/1032/1032 1081/1081/1081 1080/1080/1080
f 1033/1033/1033 1034/1034/1034 1082/1082/1082
f 1033/1033/1033 1082/1082/1082 1081/1081/1081
f 1034/1034/1034 1035/1035/1035 1083/1083/1083
f 1034/1034/1034 1083/1083/1083 1082/1082/1082
f 1035/1035/1035 1036/1036/1036 1084/1084/1084
f 1035/1035/1035 1084/1084/1084 1083/1083/1083
f 1036/1036/1036 1037/1037/1037 1085/1085/1085
f 1036/1036/1036 1085/1085/1085 1084/1084/1084
f 1037/1037/1037 1038/1038/1038 1086/1086/1086
f 1037/1037/1037 1086/1086/1086 1085/1085/1085
f 1038/1038/1038 1039/1039/1039 1087/1087/1087
f 1038/1038/1038 1087/1087/1087 1086/1086/1086
f 1039/1039/1039 1040/1040/1040 1088/1088/1088
f 1039/1039/1039 1088/1088/1088 1087/1087/1087
f 1040/1040/1040 1041/1041/1041 1089/1089/1089
f 1040/1040/1040 1089/1089/1089 1088/1088/1088
f 1041/1041/1041 1042/1042/1042 1090/1090/1090
f 1041/1041/1041 1090/1090/1090 1089/1089/1089
f 1042/1042/1042 1043/1043/1043 1091/1091/1091
f 1042/1042/1042 1091/1091/1091 1090/1090/1090
f 1043/1043/1043 1044/1044/1044 1092/1092/1092
f 1043/1043/1043 1092/1092/1092 1091/1091/1091
f 1044/1044/1044 1045/1045/1045 1093/1093/1093
f 1044/1044/1044 1093/1093/1093 1092/1092/1092
f 1045/1045/1045 1046/1046/1046 1094/1094/1094
f 1045/1045/1045 1094/1094/1094 1093/1093/1093
f 1046/1046/1046 1047/1047/1047 1095/1095/1095
f 1046/1046/1046 1095/1095/1095 1094/1094/1094
f 1047/1047/1047 1048/1048/1048 1096/1096/1096
f 1047/1047/1047 1096/1096/1096 1095/1095/1095
f 1048/1048/1048 1049/1049/1049 1097/1097/1097
f 1048/1048/1048 1097/1097/1097 1096/1096/1096
f 1049/1049/1049 1050/1050/1050 1098/1098/1098
f 1049/1049/1049 1098/1098/1098 1097/1097/1097
f 1050/1050/1050 1051/1051/1051 1099/1099/1099
f 1050/1050/1050 1099/1099/1099 1098/1098/1098
f 1051/1051/1051 1052/1052/1052 1100/1100/1100
f 1051/1051/1051 1100/1100/1100 1099/1099/1099
f 1052/1052/1052 1053/1053/1053 1101/1101/1101
f 1052/1052/1052 1101/1101/1101 1100/1100/1100
f 1053/1053/1053 1054/1054/1054 1102/1102/1102
f 1053/1053/1053 1102/1102/1102 1101/1101/1101
f 1054/1054/1054 1055/1055/1055 1103/1103/1103
f 1054/1054/1054 1103/1103/1103 1102/1102/1102
f 1055/1055/1055 1056/1056/1056 1104/1104/1104
f 1055/1055/1055 1104/1104/1104 1103/1103/1103
f 1056/1056/1056 1009/1009/1009 1057/1057/1057
f 1056/1056/1056 1057/1057/1057 1104/1104/1104
f 1057/1057/1057 1058/1058/1058 1106/1106/1106
f 1057/1057/1057 1106/1106/1106 1105/1105/1105
f 1058/1058/1058 1059/1059/1059 1107/1107/1107
f 1058/1058/1058 1107/1107/1107 1106/1106/1106
f 1059/1059/1059 1060/1060/1060 1108/1108/1108
f 1059/1059/1059 1108/1108/1108 1107/1107/1107
f 1060/1060/1060 1061/1061/1061 1109/1109/1109
f 1060/1060/1060 1109/1109/1109 1108/1108/1108
f 1061/1061/1061 1062/1062/1062 1110/1110/1110
f 1061/1061/1061 1110/1110/1110 1109/1109/1109
f 1062/1062/1062 1063/1063/1063 1111/1111/1111
f 1062/1062/1062 1111/1111/1111 1110/1110/1110
f 1063/1063/1063 1064/1064/1064 1112/1112/1112
f 1063/1063/1063 1112/1112/1112 1111/1111/1111
f 1064/1064/1064 1065/1065/1065 1113/1113/1113
f 1064/1064/1064 1113/1113/1113 1112/1112/1112
f 1065/1065/1065 1066/1066/1066 1114/1114/1114
f 1065/1065/1065 1114/1114/1114 1113/1113/1113
f 1066/1066/1066 1067/1067/1067 1115/1115/1115
f 1066/1066/1066 1115/1115/1115 1114/1114/1114
f 1067/1067/1067 1068/1068/1068 1116/1116/1116
f 1067/1067/1067 1116/1116/1116 1115/1115/1115
f 1068/1068/1068 1069/1069/1069 1117/1117/1117
f 1068/1068/1068 1117/1117/1117 1116/1116/1116
f 1069/1069/1069 1070/1070/1070 1118/1118/1118
f 1069/1069/1069 1118/1118/1118 1117/1117/1117
f 1070/1070/1070 1071/1071/1071 1119/1119/1119
f 1070/1070/1070 1119/1119/1119 1118/1118/1118
f 1071/1071/1071 1072/1072/1072 1120/1120/1120
f 1071/1071/1071 1120/1120/1120 1119/1119/1119
f 1072/1072/1072 1073/1073/1073 1121/1121/1121
f 1072/1072/1072 1121/1121/1121 1120/1120/1120
f 1073/1073/1073 1074/1074/1074 1122/1122/1122
f 1073/1073/1073 1122/1122/1122 1121/1121/1121
f 1074/1074/1074 1075/1075/1075 1123/1123/1123
f 1074/1074/1074 1123/1123/1123 1122/1122/1122
f 1075/1075/1075 1076/1076/1076 1124/1124/1124
f 1075/1075/1075 1124/1124/1124 1123/1123/1123
f 1076/1076/1076 1077/1077/1077 1125/1125/1125
f 1076/1076/1076 1125/1125/1125 1124/1124/1124
f 1077/1077/1077 1078/1078/1078 1126/1126/1126
f 1077/1077/1077 1126/1126/1126 1125/1125/1125
f 1078/1078/1078 1079/1079/1079 1127/1127/1127
f 1078/1078/1078 1127/1127/1127 1126/1126/1126
f 1079/1079/1079 1080/1080/1080 1128/1128/1128
f 1079/1079/1079 1128/1128/1128 1127/1127/1127
f 1080/1080/1080 1081/1081/1081 1129/1129/1129
f 1080/1080/1080 1129/1129/1129 1128/1128/1128
f 1081/1081/1081 1082/1082/1082 1130/1130/1130
f 1081/1081/1081 1130/1130/1130 1129/1129/1129
f 1082/1082/1082 1083/1083/1083 1131/1131/1131
f 1082/1082/1082 1131/1131/1131 1130/1130/1130
f 1083/1083/1083 1084/1084/1084 1132/1132/1132
f 1083/1083/1083 1132/1132/1132 1131/1131/1131
f 1084/1084/1084 1085/1085/1085 1133/1133/1133
f 1084/1084/1084 1133/1133/1133 1132/1132/1132
f 1085/1085/1085 1086/1086/1086 1134/1134/1134
f 1085/1085/1085 1134/1134/1134 1133/1133/1133
f 1086/1086/1086 1087/1087/1087 1135/1135/1135
f 1086/1086/1086 1135/1135/1135 1134/1134/1134
f 1087/1087/1087 1088/1088/1088 1136/1136/1136
f 1087/1087/1087 1136/1136/1136 1135/1135/1135
f 1088/1088/1088 1089/1089/1089 1137/1137/1137
f 1088/1088/1088 1137/1137/1137 1136/1136/1136
f 1089/1089/1089 1090/1090/1090 1138/1138/1138
f 1089/1089/1089 1138/1138/1138 1137/1137/1137
f 1090/1090/1090 1091/1091/1091 1139/1139/1139
f 1090/1090/1090 1139/1139/1139 1138/1138/1138
f 1091/1091/1091 1092/1092/1092 1140/1140/1140
f 1091/1091/1091 1140/1140/1140 1139/1139/1139
f 1092/1092/1092 1093/1093/1093 1141/1141/1141
f 1092/1092/1092 1141/1141/1141 1140/1140/1140
f 1093/1093/1093 1094/1094/1094 1142/1142/1142
f 1093/1093/1093 1142/1142/1142 1141/1141/1141
f 1094/1094/1094 1095/1095/1095 1143/1143/1143
f 1094/1094/1094 1143/1143/1143 1142/1142/1142
f 1095/1095/1095 1096/1096/1096 1144/1144/1144
f 1095/1095/1095 1144/1144/1144 1143/1143/1143
f 1096/1096/1096 1097/1097/1097 1145/1145/1145
f 1096/1096/1096 1145/1145/1145 1144/1144/1144
f 1097/1097/1097 1098/1098/1098 1146/1146/1146
f 1097/1097/1097 1146/1146/1146 1145/1145/1145
f 1098/1098/1098 1099/1099/1099 1147/1147/1147
f 1098/1098/1098 1147/1147/1147 1146/1146/1146
f 1099/1099/1099 1100/1100/1100 1148/1148/1148
f 1099/1099/1099 1148/1148/1148 1147/1147/1147
f 1100/1100/1100 1101/1101/1101 1149/1149/1149
f 1100/1100/1100 1149/1149/1149 1148/1148/1148
f 1101/1101/1101 1102/1102/1102 1150/1150/1150
f 1101/1101/1101 1150/1150/1150 1149/1149/1149
f 1102/1102/1102 1103/1103/1103 1151/1151/1151
f 1102/1102/1102 1151/1151/1151 1150/1150/1150
f 1103/1103/1103 1104/1104/1104 1152/1152/1152
f 1103/1103/1103 1152/1152/1152 1151/1151/1151
f 1104/1104/1104 1057/1057/1057 1105/1105/1105
f 1104/1104/1104 1105/1105/1105 1152/1152/1152
f 1105/1105/1105 1106/1106/1106 1154/1154/1154
f 1105/1105/1105 1154/1154/1154 1153/1153/1153
f 1106/1106/1106 1107/1107/1107 1155/1155/1155
f 1106/1106/1106 1155/1155/1155 1154/1154/1154
f 1107/1107/1107 1108/1108/1108 1156/1156/1156
f 1107/1107/1107 1156/1156/1156 1155/1155/1155
f 1108/1108/1108 1109/1109/1109 1157/1157/1157
f 1108/1108/1108 1157/1157/1157 1156/1156/1156
f 1109/1109/1109 1110/1110/1110 1158/1158/1158
f 1109/1109/1109 1158/1158/1158 1157/1157/1157
f 1110/1110/1110 1111/1111/1111 1159/1159/1159
f 1110/1110/1110 1159/1159/1159 1158/1158/1158
f 1111/1111/1111 1112/1112/1112 1160/1160/1160
f 1111/1111/1111 1160/1160/1160 1159/1159/1159
f 1112/1112/1112 1113/1113/1113 1161/1161/1161
f 1112/1112/1112 1161/1161/1161 1160/1160/1160
f 1113/1113/1113 1114/1114/1114 1162/1162/1162
f 1113/1113/1113 1162/1162/1162 1161/1161/1161
f 1114/1114/1114 1115/1115/1115 1163/1163/1163
f 1114/1114/1114 1163/1163/1163 1162/1162/1162
f 1115/1115/1115 1116/1116/1116 1164/1164/1164
f 1115/1115/1115 1164/1164/1164 1163/1163/1163
f 1116/1116/1116 1117/1117/1117 1165/1165/1165
f 1116/1116/1116 1165/1165/1165 1164/1164/1164
f 1117/1117/1117 1118/1118/1118 1166/1166/1166
f 1117/1117/1117 1166/1166/1166 1165/1165/1165
f 1118/1118/1118 1119/1119/1119 1167/1167/1167
f 1118/1118/1118 1167/1167/1167 1166/1166/1166
f 1119/1119/1119 1120/1120/1120 1168/1168/1168
f 1119/1119/1119 1168/1168/1168 1167/1167/1167
f 1120/1120/1120 1121/1121/1121 1169/1169/1169
f 1120/1120/1120 1169/1169/1169 1168/1168/1168
f 1121/1121/1121 1122/1122/1122 1170/1170/1170
f 1121/1121/1121 1170/1170/1170 1169/1169/1169
f 1122/1122/1122 1123/1123/1123 1171/1171/1171
f 1122/1122/1122 1171/1171/1171 1170/1170/1170
f 1123/1123/1123 1124/1124/1124 1172/1172/1172
f 1123/1123/1123 1172/1172/1172 1171/1171/1171
f 1124/1124/1124 1125/1125/1125 1173/1173/1173
f 1124/1124/1124 1173/1173/1173 1172/1172/1172
f 1125/1125/1125 1126/1126/1126 1174/1174/1174
f 1125/1125/1125 1174/1174/1174 1173/1173/1173
f 1126/1126/1126 1127/1127/1127 1175/1175/1175
f 1126/1126/1126 1175/1175/1175 1174/1174/1174
f 1127/1127/1127 1128/1128/1128 1176/1176/1176
f 1127/1127/1127 1176/1176/1176 1175/1175/1175
f 1128/1128/1128 1129/1129/1129 1177/1177/1177
f 1128/1128/1128 1177/1177/1177 1176/1176/1176
f 1129/1129/1129 1130/1130/1130 1178/1178/1178
f 1129/1129/1129 1178/1178/1178 1177/1177/1177
f 1130/1130/1130 1131/1131/1131 1179/1179/1179
f 1130/1130/1130 1179/1179/1179 1178/1178/1178
f 1131/1131/1131 1132/1132/1132 1180/1180/1180
f 1131/1131/1131 1180/1180/1180 1179/1179/1179
f 1132/1132/1132 1133/1133/1133 1181/1181/1181
f 1132/1132/1132 1181/1181/1181 1180/1180/1180
f 1133/1133/1133 1134/1134/1134 1182/1182/1182
f 1133/1133/1133 1182/1182/1182 1181/1181/1181
f 1134/1134/1134 1135/1135/1135 1183/1183/1183
f 1134/1134/1134 1183/1183/1183 1182/1182/1182
f 1135/1135/1135 1136/1136/1136 1184/1184/1184
f 1135/1135/1135 1184/1184/1184 1183/1183/1183
f 1136/1136/1136 1137/1137/1137 1185/1185/1185
f 1136/1136/1136 1185/1185/1185 1184/1184/1184
f 1137/1137/1137 1138/1138/1138 1186/1186/1186
f 1137/1137/1137 1186/1186/1186 1185/1185/1185
f 1138/1138/1138 1139/1139/1139 1187/1187/1187
f 1138/1138/1138 1187/1187/1187 1186/1186/1186
f 1139/1139/1139 1140/1140/1140 1188/1188/1188
f 1139/1139/1139 1188/1188/1188 1187/1187/1187
f 1140/1140/1140 1141/1141/1141 1189/1189/1189
f 1140/1140/1140 1189/1189/1189 1188/1188/1188
f 1141/1141/1141 1142/1142/1142 1190/1190/1190
f 1141/1141/1141 1190/1190/1190 1189/1189/1189
f 1142/1142/1142 1143/1143/1143 1191/1191/1191
f 1142/1142/1142 1191/1191/1191 1190/1190/1190
f 1143/1143/1143 1144/1144/1144 1192/1192/1192
f 1143/1143/1143 1192/1192/1192 1191/1191/1191
f 1144/1144/1144 1145/1145/1145 1193/1193/1193
f 1144/1144/1144 1193/1193/1193 1192/1192/1192
f 1145/1145/1145 1146/1146/1146 1194/1194/1194
f 1145/1145/1145 1194/1194/1194 1193/1193/1193
f 1146/1146/1146 1147/1147/1147 1195/1195/1195
f 1146/1146/1146 1195/1195/1195 1194/1194/1194
f 1147/1147/1147 1148/1148/1148 1196/1196/1196
f 1147/1147/1147 1196/1196/1196 1195/1195/1195
f 1148/1148/1148 1149/1149/1149 1197/1197/1197
f 1148/1148/1148 1197/1197/1197 1196/1196/1196
f 1149/1149/1149 1150/1150/1150 1198/1198/1198
f 1149/1149/1149 1198/1198/1198 1197/1197/1197
f 1150/1150/1150 1151/1151/1151 1199/1199/1199
f 1150/1150/1150 1199/1199/1199 1198/1198/1198
f 1151/1151/1151 1152/1152/1152 1200/1200/1200
f 1151/1151/1151 1200/1200/1200 1199/1199/1199
f 1152/1152/1152 1105/1105/1105 1153/1153/1153
f 1152/1152/1152 1153/1153/1153 1200/1200/1200
f 1153/1153/1153 1154/1154/1154 1202/1202/1202
f 1153/1153/1153 1202/1202/1202 1201/1201/1201
f 1154/1154/1154 1155/1155/1155 1203/1203/1203
f 1154/1154/1154 1203/1203/1203 1202/1202/1202
f 1155/1155/1155 1156/1156/1156 1204/1204/1204
f 1155/1155/1155 1204/1204/1204 1203/1203/1203
f 1156/1156/1156 1157/1157/1157 1205/1205/1205
f 1156/1156/1156 1205/1205/1205 1204/1204/1204
f 1157/1157/1157 1158/1158/1158 1206/1206/1206
f 1157/1157/1157 1206/1206/1206 1205/1205/1205
f 1158/1158/1158 1159/1159/1159 1207/1207/1207
f 1158/1158/1158 1207/1207/1207 1206/1206/1206
f 1159/1159/1159 1160/1160/1160 1208/1208/1208
f 1159/1159/1159 1208/1208/1208 1207/1207/1207
f 1160/1160/1160 1161/1161/1161 1209/1209/1209
f 1160/1160/1160 1209/1209/1209 1208/1208/1208
f 1161/1161/1161 1162/1162/1162 1210/1210/1210
f 1161/1161/1161 1210/1210/1210 1209/1209/1209
f 1162/1162/1162 1163/1163/1163 1211/1211/1211
f 1162/1162/1162 1211/1211/1211 1210/1210/1210
f 1163/1163/1163 1164/1164/1164 1212/1212/1212
f 1163/1163/1163 1212/1212/1212 1211/1211/1211
f 1164/1164/1164 1165/1165/1165 1213/1213/1213
f 1164/1164/1164 1213/1213/1213 1212/1212/1212
f 1165/1165/1165 1166/1166/1166 1214/1214/1214
f 1165/1165/1165 1214/1214/1214 1213/1213/1213
f 1166/1166/1166 1167/1167/1167 1215/1215/1215
f 1166/1166/1166 1215/1215/1215 1214/1214/1214
f 1167/1167/1167 1168/1168/1168 1216/1216/1216
f 1167/1167/1167 1216/1216/1216 1215/1215/1215
f 1168/1168/1168 1169/1169/1169 1217/1217/1217
f 1168/1168/1168 1217/1217/1217 1216/1216/1216
f 1169/1169/1169 1170/1170/1170 1218/1218/1218
f 1169/1169/1169 1218/1218/1218 1217/1217/1217
f 1170/1170/1170 1171/1171/1171 1219/1219/1219
f 1170/1170/1170 1219/1219/1219 1218/1218/1218
f 1171/1171/1171 1172/1172/1172 1220/1220/1220
f 1171/1171/1171 1220/1220/1220 1219/1219/1219
f 1172/1172/1172 1173/1173/1173 1221/1221/1221
f 1172/1172/1172 1221/1221/1221 1220/1220/1220
f 1173/1173/1173 1174/1174/1174 1222/1222/1222
f 1173/1173/1173 1222/1222/1222 1221/1221/1221
f 1174/1174/1174 1175/1175/1175 1223/1223/1223
f 1174/1174/1174 1223/1223/1223 1222/1222/1222
f 1175/1175/1175 1176/1176/1176 1224/1224/1224
f 1175/1175/1175 1224/1224/1224 1223/1223/1223
f 1176/1176/1176 1177/1177/1177 1225/1225/1225
f 1176/1176/1176 1225/1225/1225 1224/1224/1224
f 1177/1177/1177 1178/1178/1178 1226/1226/1226
f 1177/1177/1177 1226/1226/1226 1225/1225/1225
f 1178/1178/1178 1179/1179/1179 1227/1227/1227
f 1178/1178/1178 1227/1227/1227 1226/1226/1226
f 1179/1179/1179 1180/1180/1180 1228/1228/1228
f 1179/1179/1179 1228/1228/1228 1227/1227/1227
f 1180/1180/1180 1181/1181/1181 1229/1229/1229
f 1180/1180/1180 1229/1229/1229 1228/1228/1228
f 1181/1181/1181 1182/1182/1182 1230/1230/1230
f 1181/1181/1181 1230/1230/1230 1229/1229/1229
f 1182/1182/1182 1183/1183/1183 1231/1231/1231
f 1182/1182/1182 1231/1231/1231 1230/1230/1230
f 1183/1183/1183 1184/1184/1184 1232/1232/1232
f 1183/1183/1183 1232/1232/1232 1231/1231/1231
f 1184/1184/1184 1185/1185/1185 1233/1233/1233
f 1184/1184/1184 1233/1233/1233 1232/1232/1232
f 1185/1185/1185 1186/1186/1186 1234/1234/1234
f 1185/1185/1185 1234/1234/1234 1233/1233/1233
f 1186/1186/1186 1187/1187/1187 1235/1235/1235
f 1186/1186/1186 1235/1235/1235 1234/1234/1234
f 1187/1187/1187 1188/1188/1188 1236/1236/1236
f 1187/1187/1187 1236/1236/1236 1235/1235/1235
f 1188/1188/1188 1189/1189/1189 1237/1237/1237
f 1188/1188/1188 1237/1237/1237 1236/1236/1236
f 1189/1189/1189 1190/1190/1190 1238/1238/1238
f 1189/1189/1189 1238/1238/1238 1237/1237/1237
f 1190/1190/1190 1191/1191/1191 1239/1239/1239
f 1190/1190/1190 1239/1239/1239 1238/1238/1238
f 1191/1191/1191 1192/1192/1192 1240/1240/1240
f 1191/1191/1191 1240/1240/1240 1239/1239/1239
f 1192/1192/1192 1193/1193/1193 1241/1241/1241
f 1192/1192/1192 1241/1241/1241 1240/1240/1240
f 1193/1193/1193 1194/1194/1194 1242/1242/1242
f 1193/1193/1193 1242/1242/1242 1241/1241/1241
f 1194/1194/1194 1195/1195/1195 1243/1243/1243
f 1194/1194/1194 1243/1243/1243 1242/1242/1242
f 1195/1195/1195 1196/1196/1196 1244/1244/1244
f 1195/1195/1195 1244/1244/1244 1243/1243/1243
f 1196/1196/1196 1197/1197/1197 1245/1245/1245
f 1196/1196/1196 1245/1245/1245 1244/1244/1244
f 1197/1197/1197 1198/1198/1198 1246/1246/1246
f 1197/1197/1197 1246/1246/1246 1245/1245/1245
f 1198/1198/1198 1199/1199/1199 1247/1247/1247
f 1198/1198/1198 1247/1247/1247 1246/1246/1246
f 1199/1199/1199 1200/1200/1200 1248/1248/1248
f 1199/1199/1199 1248/1248/1248 1247/1247/1247
f 1200/1200/1200 1153/1153/1153 1201/1201/1201
f 1200/1200/1200 1201/1201/1201 1248/1248/1248
f 1201/1201/1201 1202/1202/1202 1250/1250/1250
f 1201/1201/1201 1250/1250/1250 1249/1249/1249
f 1202/1202/1202 1203/1203/1203 1251/1251/1251
f 1202/1202/1202 1251/1251/1251 1250/1250/1250
f 1203/1203/1203 1204/1204/1204 1252/1252/1252
f 1203/1203/1203 1252/1252/1252 1251/1251/1251
f 1204/1204/1204 1205/1205/1205 1253/1253/1253
f 1204/1204/1204 1253/1253/1253 1252/1252/1252
f 1205/1205/1205 1206/1206/1206 1254/1254/1254
f 1205/1205/1205 1254/1254/1254 1253/1253/1253
f 1206/1206/1206 1207/1207/1207 1255/1255/1255
f 1206/1206/1206 1255/1255/1255 1254/1254/1254
f 1207/1207/1207 1208/1208/1208 1256/1256/1256
f 1207/1207/1207 1256/1256/1256 1255/1255/1255
f 1208/1208/1208 1209/1209/1209 1257/1257/1257
f 1208/1208/1208 1257/1257/1257 1256/1256/1256
f 1209/1209/1209 1210/1210/1210 1258/1258/1258
f 1209/1209/1209 1258/1258/1258 1257/1257/1257
f 1210/1210/1210 1211/1211/1211 1259/1259/1259
f 1210/1210/1210 1259/1259/1259 1258/1258/1258
f 1211/1211/1211 1212/1212/1212 1260/1260/1260
f 1211/1211/1211 1260/1260/1260 1259/1259/1259
f 1212/1212/1212 1213/1213/1213 1261/1261/1261
f 1212/1212/1212 1261/1261/1261 1260/1260/1260
f 1213/1213/1213 1214/1214/1214 1262/1262/1262
f 1213/1213/1213 1262/1262/1262 1261/1261/1261
f 1214/1214/1214 1215/1215/1215 1263/1263/1263
f 1214/1214/1214 1263/1263/1263 1262/1262/1262
f 1215/1215/1215 1216/1216/1216 1264/1264/1264
f 1215/1215/1215 1264/1264/1264 1263/1263/1263
f 1216/1216/1216 1217/1217/1217 1265/1265/1265
f 1216/1216/1216 1265/1265/1265 1264/1264/1264
f 1217/1217/1217 1218/1218/1218 1266/1266/1266
f 1217/1217/1217 1266/1266/1266 1265/1265/1265
f 1218/1218/1218 1219/1219/1219 1267/1267/1267
f 1218/1218/1218 1267/1267/1267 1266/1266/1266
f 1219/1219/1219 1220/1220/1220 1268/1268/1268
f 1219/1219/1219 1268/1268/1268 1267/1267/1267
f 1220/1220/1220 1221/1221/1221 1269/1269/1269
f 1220/1220/1220 1269/1269/1269 1268/1268/1268
f 1221/1221/1221 1222/1222/1222 1270/1270/1270
f 1221/1221/1221 1270/1270/1270 1269/1269/1269
f 1222/1222/1222 1223/1223/1223 1271/1271/1271
f 1222/1222/1222 1271/1271/1271 1270/1270/1270
f 1223/1223/1223 1224/1224/1224 1272/1272/1272
f 1223/1223/1223 1272/1272/1272 1271/1271/1271
f 1224/1224/1224 1225/1225/1225 1273/1273/1273
f 1224/1224/1224 1273/1273/1273 1272/1272/1272
f 1225/1225/1225 1226/1226/1226 1274/1274/1274
f 1225/1225/1225 1274/1274/1274 1273/1273/1273
f 1226/1226/1226 1227/1227/1227 1275/1275/1275
f 1226/1226/1226 1275/1275/1275 1274/1274/1274
f 1227/1227/1227 1228/1228/1228 1276/1276/1276
f 1227/1227/1227 1276/1276/1276 1275/1275/1275
f 1228/1228/1228 1229/1229/1229 1277/1277/1277
f 1228/1228/1228 1277/1277/1277 1276/1276/1276
f 1229/1229/1229 1230/1230/1230 1278/1278/1278
f 1229/1229/1229 1278/1278/1278 1277/1277/1277
f 1230/1230/1230 1231/1231/1231 1279/1279/1279
f 1230/1230/1230 1279/1279/1279 1278/1278/1278
f 1231/1231/1231 1232/1232/1232 1280/1280/1280
f 1231/1231/1231 1280/1280/1280 1279/1279/1279
f 1232/1232/1232 1233/1233/1233 1281/1281/1281
f 1232/1232/1232 1281/1281/1281 1280/1280/1280
f 1233/1233/1233 1234/1234/1234 1282/1282/1282
f 1233/1233/1233 1282/1282/1282 1281/1281/1281
f 1234/1234/1234 1235/1235/1235 1283/1283/1283
f 1234/1234/1234 1283/1283/1283 1282/1282/1282
f 1235/1235/1235 1236/1236/1236 1284/1284/1284
f 1235/1235/1235 1284/1284/1284 1283/1283/1283
f 1236/1236/1236 1237/1237/1237 1285/1285/1285
f 1236/1236/1236 1285/1285/1285 1284/1284/1284
f 1237/1237/1237 1238/1238/1238 1286/1286/1286
f 1237/1237/1237 1286/1286/1286 1285/1285/1285
f 1238/1238/1238 1239/1239/1239 1287/1287/1287
f 1238/1238/1238 1287/1287/1287 1286/1286/1286
f 1239/1239/1239 1240/1240/1240 1288/1288/1288
f 1239/1239/1239 1288/1288/1288 1287/1287/1287
f 1240/1240/1240 1241/1241/1241 1289/1289/1289
f 1240/1240/1240 1289/1289/1289 1288/1288/1288
f 1241/1241/1241 1242/1242/1242 1290/1290/1290
f 1241/1241/1241 1290/1290/1290 1289/1289/1289
f 1242/1242/1242 1243/1243/1243 1291/1291/1291
f 1242/1242/1242 1291/1291/1291 1290/1290/1290
f 1243/1243/1243 1244/1244/1244 1292/1292/1292
f 1243/1243/1243 1292/1292/1292 1291/1291/1291
f 1244/1244/1244 1245/1245/1245 1293/1293/1293
f 1244/1244/1244 1293/1293/1293 1292/1292/1292
f 1245/1245/1245 1246/1246/1246 1294/1294/1294
f 1245/1245/1245 1294/1294/1294 1293/1293/1293
f 1246/1246/1246 1247/1247/1247 1295/1295/1295
f 1246/1246/1246 1295/1295/1295 1294/1294/1294
f 1247/1247/1247 1248/1248/1248 1296/1296/1296
f 1247/1247/1247 1296/1296/1296 1295/1295/1295
f 1248/1248/1248 1201/1201/1201 1249/1249/1249
f 1248/1248/1248 1249/1249/1249 1296/1296/1296
f 1249/1249/1249 1250/1250/1250 1298/1298/1298
f 1249/1249/1249 1298/1298/1298 1297/1297/1297
f 1250/1250/1250 1251/1251/1251 1299/1299/1299
f 1250/1250/1250 1299/1299/1299 1298/1298/1298
f 1251/1251/1251 1252/1252/1252 1300/1300/1300
f 1251/1251/1251 1300/1300/1300 1299/1299/1299
f 1252/1252/1252 1253/1253/1253 1301/1301/1301
f 1252/1252/1252 1301/1301/1301 1300/1300/1300
f 1253/1253/1253 1254/1254/1254 1302/1302/1302
f 1253/1253/1253 1302/1302/1302 1301/1301/1301
f 1254/1254/1254 1255/1255/1255 1303/1303/1303
f 1254/1254/1254 1303/1303/1303 1302/1302/1302
f 1255/1255/1255 1256/1256/1256 1304/1304/1304
f 1255/1255/1255 1304/1304/1304 1303/1303/1303
f 1256/1256/1256 1257/1257/1257 1305/1305/1305
f 1256/1256/1256 1305/1305/1305 1304/1304/1304
f 1257/1257/1257 1258/1258/1258 1306/1306/1306
f 1257/1257/1257 1306/1306/1306 1305/1305/1305
f 1258/1258/1258 1259/1259/1259 1307/1307/1307
f 1258/1258/1258 1307/1307/1307 1306/1306/1306
f 1259/1259/1259 1260/1260/1260 1308/1308/1308
f 1259/1259/1259 1308/1308/1308 1307/1307/1307
f 1260/1260/1260 1261/1261/1261 1309/1309/1309
f 1260/1260/1260 1309/1309/1309 1308/1308/1308
f 1261/1261/1261 1262/1262/1262 1310/1310/1310
f 1261/1261/1261 1310/1310/1310 1309/1309/1309
f 1262/1262/1262 1263/1263/1263 1311/1311/1311
f 1262/1262/1262 1311/1311/1311 1310/1310/1310
f 1263/1263/1263 1264/1264/1264 1312/1312/1312
f 1263/1263/1263 1312/1312/1312 1311/1311/1311
f 1264/1264/1264 1265/1265/1265 1313/1313/1313
f 1264/1264/1264 1313/1313/1313 1312/1312/1312
f 1265/1265/1265 1266/1266/1266 1314/1314/1314
f 1265/1265/1265 1314/1314/1314 1313/1313/1313
f 1266/1266/1266 1267/1267/1267 1315/1315/1315
f 1266/1266/1266 1315/1315/1315 1314/1314/1314
f 1267/1267/1267 1268/1268/1268 1316/1316/1316
f 1267/1267/1267 1316/1316/1316 1315/1315/1315
f 1268/1268/1268 1269/1269/1269 1317/1317/1317
f 1268/1268/1268 1317/1317/1317 1316/1316/1316
f 1269/1269/1269 1270/1270/1270 1318/1318/1318
f 1269/1269/1269 1318/1318/1318 1317/1317/1317
f 1270/1270/1270 1271/1271/1271 1319/1319/1319
f 1270/1270/1270 1319/1319/1319 1318/1318/1318
f 1271/1271/1271 1272/1272/1272 1320/1320/1320
f 1271/1271/1271 1320/1320/1320 1319/1319/1319
f 1272/1272/1272 1273/1273/1273 1321/1321/1321
f 1272/1272/1272 1321/1321/1321 1320/1320/1320
f 1273/1273/1273 1274/1274/1274 1322/1322/1322
f 1273/1273/1273 1322/1322/1322 1321/1321/1321
f 1274/1274/1274 1275/1275/1275 1323/1323/1323
f 1274/1274/1274 1323/1323/1323 1322/1322/1322
f 1275/1275/1275 1276/1276/1276 1324/1324/1324
f 1275/1275/1275 1324/1324/1324 1323/1323/1323
f 1276/1276/1276 1277/1277/1277 1325/1325/1325
f 1276/1276/1276 1325/1325/1325 1324/1324/1324
f 1277/1277/1277 1278/1278/1278 1326/1326/1326
f 1277/1277/1277 1326/1326/1326 1325/1325/1325
f 1278/1278/1278 1279/1279/1279 1327/1327/1327
f 1278/1278/1278 1327/1327/1327 1326/1326/1326
f 1279/1279/1279 1280/1280/1280 1328/1328/1328
f 1279/1279/1279 1328/1328/1328 1327/1327/1327
f 1280/1280/1280 1281/1281/1281 1329/1329/1329
f 1280/1280/1280 1329/1329/1329 1328/1328/1328
f 1281/1281/1281 1282/1282/1282 1330/1330/1330
f 1281/1281/1281 1330/1330/1330 1329/1329/1329
f 1282/1282/1282 1283/1283/1283 1331/1331/1331
f 1282/1282/1282 1331/1331/1331 1330/1330/1330
f 1283/1283/1283 1284/1284/1284 1332/1332/1332
f 1283/1283/1283 1332/1332/1332 1331/1331/1331
f 1284/1284/1284 1285/1285/1285 1333/1333/1333
f 1284/1284/1284 1333/1333/1333 1332/1332/1332
f 1285/1285/1285 1286/1286/1286 1334/1334/1334
f 1285/1285/1285 1334/1334/1334 1333/1333/1333
f 1286/1286/1286 1287/1287/1287 1335/1335/1335
f 1286/1286/1286 1335/1335/1335 1334/1334/1334
f 1287/1287/1287 1288/1288/1288 1336/1336/1336
f 1287/1287/1287 1336/1336/1336 1335/1335/1335
f 1288/1288/1288 1289/1289/1289 1337/1337/1337
f 1288/1288/1288 1337/1337/1337 1336/1336/1336
f 1289/1289/1289 1290/1290/1290 1338/1338/1338
f 1289/1289/1289 1338/1338/1338 1337/1337/1337
f 1290/1290/1290 1291/1291/1291 1339/1339/1339
f 1290/1290/1290 1339/1339/1339 1338/1338/1338
f 1291/1291/1291 1292/1292/1292 1340/1340/1340
f 1291/1291/1291 1340/1340/1340 1339/1339/1339
f 1292/1292/1292 1293/1293/1293 1341/1341/1341
f 1292/1292/1292 1341/1341/1341 1340/1340/1340
f 1293/1293/1293 1294/1294/1294 1342/1342/1342
f 1293/1293/1293 1342/1342/1342 1341/1341/1341
f 1294/1294/1294 1295/1295/1295 1343/1343/1343
f 1294/1294/1294 1343/1343/1343 1342/1342/1342
f 1295/1295/1295 1296/1296/1296 1344/1344/1344
f 1295/1295/1295 1344/1344/1344 1343/1343/1343
f 1296/1296/1296 1249/1249/1249 1297/1297/1297
f 1296/1296/1296 1297/1297/1297 1344/1344/1344
f 1297/1297/1297 1298/1298/1298 1346/1346/1346
f 1297/1297/1297 1346/1346/1346 1345/1345/1345
f 1298/1298/1298 1299/1299/1299 1347/1347/1347
f 1298/1298/1298 1347/1347/1347 1346/1346/1346
f 1299/1299/1299 1300/1300/1300 1348/1348/1348
f 1299/1299/1299 1348/1348/1348 1347/1347/1347
f 1300/1300/1300 1301/1301/1301 1349/1349/1349
f 1300/1300/1300 1349/1349/1349 1348/1348/1348
f 1301/1301/1301 1302/1302/1302 1350/1350/1350
f 1301/1301/1301 1350/1350/1350 1349/1349/1349
f 1302/1302/1302 1303/1303/1303 1351/1351/1351
f 1302/1302/1302 1351/1351/1351 1350/1350/1350
f 1303/1303/1303 1304/1304/1304 1352/1352/1352
f 1303/1303/1303 1352/1352/1352 1351/1351/1351
f 1304/1304/1304 1305/1305/1305 1353/1353/1353
f 1304/1304/1304 1353/1353/1353 1352/1352/1352
f 1305/1305/1305 1306/1306/1306 1354/1354/1354
f 1305/1305/1305 1354/1354/1354 1353/1353/1353
f 1306/1306/1306 1307/1307/1307 1355/1355/1355
f 1306/1306/1306 1355/1355/1355 1354/1354/1354
f 1307/1307/1307 1308/1308/1308 1356/1356/1356
f 1307/1307/1307 1356/1356/1356 1355/1355/1355
f 1308/1308/1308 1309/1309/1309 1357/1357/1357
f 1308/1308/1308 1357/1357/1357 1356/1356/1356
f 1309/1309/1309 1310/1310/1310 1358/1358/1358
f 1309/1309/1309 1358/1358/1358 1357/1357/1357
f 1310/1310/1310 1311/1311/1311 1359/1359/1359
f 1310/1310/1310 1359/1359/1359 1358/1358/1358
f 1311/1311/1311 1312/1312/1312 1360/1360/1360
f 1311/1311/1311 1360/1360/1360 1359/1359/1359
f 1312/1312/1312 1313/1313/1313 1361/1361/1361
f 1312/1312/1312 1361/1361/1361 1360/1360/1360
f 1313/1313/1313 1314/1314/1314 1362/1362/1362
f 1313/1313/1313 1362/1362/1362 1361/1361/1361
f 1314/1314/1314 1315/1315/1315 1363/1363/1363
f 1314/1314/1314 1363/1363/1363 1362/1362/1362
f 1315/1315/1315 1316/1316/1316 1364/1364/1364
f 1315/1315/1315 1364/1364/1364 1363/1363/1363
f 1316/1316/1316 1317/1317/1317 1365/1365/1365
f 1316/1316/1316 1365/1365/1365 1364/1364/1364
f 1317/1317/1317 1318/1318/1318 1366/1366/1366
f 1317/1317/1317 1366/1366/1366 1365/1365/1365
f 1318/1318/1318 1319/1319/1319 1367/1367/1367
f 1318/1318/1318 1367/1367/1367 1366/1366/1366
f 1319/1319/1319 1320/1320/1320 1368/1368/1368
f 1319/1319/1319 1368/1368/1368 1367/1367/1367
f 1320/1320/1320 1321/1321/1321 1369/1369/1369
f 1320/1320/1320 1369/1369/1369 1368/1368/1368
f 1321/1321/1321 1322/1322/1322 1370/1370/1370
f 1321/1321/1321 1370/1370/1370 1369/1369/1369
f 1322/1322/1322 1323/1323/1323 1371/1371/1371
f 1322/1322/1322 1371/1371/1371 1370/1370/1370
f 1323/1323/1323 1324/1324/1324 1372/1372/1372
f 1323/1323/1323 1372/1372/1372 1371/1371/1371
f 1324/1324/1324 1325/1325/1325 1373/1373/1373
f 1324/1324/1324 1373/1373/1373 1372/1372/1372
f 1325/1325/1325 1326/1326/1326 1374/1374/1374
f 1325/1325/1325 1374/1374/1374 1373/1373/1373
f 1326/1326/1326 1327/1327/1327 1375/1375/1375
f 1326/1326/1326 1375/1375/1375 1374/1374/1374
f 1327/1327/1327 1328/1328/1328 1376/1376/1376
f 1327/1327/1327 1376/1376/1376 1375/1375/1375
f 1328/1328/1328 1329/1329/1329 1377/1377/1377
f 1328/1328/1328 1377/1377/1377 1376/1376/1376
f 1329/1329/1329 1330/1330/1330 1378/1378/1378
f 1329/1329/1329 1378/1378/1378 1377/1377/1377
f 1330/1330/1330 1331/1331/1331 1379/1379/1379
f 1330/1330/1330 1379/1379/1379 1378/1378/1378
f 1331/1331/1331 1332/1332/1332 1380/1380/1380
f 1331/1331/1331 1380/1380/1380 1379/1379/1379
f 1332/1332/1332 1333/1333/1333 1381/1381/1381
f 1332/1332/1332 1381/1381/1381 1380/1380/1380
f 1333/1333/1333 1334/1334/1334 1382/1382/1382
f 1333/1333/1333 1382/1382/1382 1381/1381/1381
f 1334/1334/1334 1335/1335/1335 1383/1383/1383
f 1334/1334/1334 1383/1383/1383 1382/1382/1382
f 1335/1335/1335 1336/1336/1336 1384/1384/1384
f 1335/1335/1335 1384/1384/1384 1383/1383/1383
f 1336/1336/1336 1337/1337/1337 1385/1385/1385
f 1336/1336/1336 1385/1385/1385 1384/1384/1384
f 1337/1337/1337 1338/1338/1338 1386/1386/1386
f 1337/1337/1337 1386/1386/1386 1385/1385/1385
f 1338/1338/1338 1339/1339/1339 1387/1387/1387
f 1338/1338/1338 1387/1387/1387 1386/1386/1386
f 1339/1339/1339 1340/1340/1340 1388/1388/1388
f 1339/1339/1339 1388/1388/1388 1387/1387/1387
f 1340/1340/1340 1341/1341/1341 1389/1389/1389
f 1340/1340/1340 1389/1389/1389 1388/1388/1388
f 1341/1341/1341 1342/1342/1342 1390/1390/1390
f 1341/1341/1341 1390/1390/1390 1389/1389/1389
f 1342/1342/1342 1343/1343/1343 1391/1391/1391
f 1342/1342/1342 1391/1391/1391 1390/1390/1390
f 1343/1343/1343 1344/1344/1344 1392/1392/1392
f 1343/1343/1343 1392/1392/1392 1391/1391/1391
f 1344/1344/1344 1297/1297/1297 1345/1345/1345
f 1344/1344/1344 1345/1345/1345 1392/1392/1392
f 1345/1345/1345 1346/1346/1346 1394/1394/1394
f 1345/1345/1345 1394/1394/1394 1393/1393/1393
f 1346/1346/1346 1347/1347/1347 1395/1395/1395
f 1346/1346/1346 1395/1395/1395 1394/1394/1394
f 1347/1347/1347 1348/1348/1348 1396/1396/1396
f 1347/1347/1347 1396/1396/1396 1395/1395/1395
f 1348/1348/1348 1349/1349/1349 1397/1397/1397
f 1348/1348/1348 1397/1397/1397 1396/1396/1396
f 1349/1349/1349 1350/1350/1350 1398/1398/1398
f 1349/1349/1349 1398/1398/1398 1397/1397/1397
f 1350/1350/1350 1351/1351/1351 1399/1399/1399
f 1350/1350/1350 1399/1399/1399 1398/1398/1398
f 1351/1351/1351 1352/1352/1352 1400/1400/1400
f 1351/1351/1351 1400/1400/1400 1399/1399/1399
f 1352/1352/1352 1353/1353/1353 1401/1401/1401
f 1352/1352/1352 1401/1401/1401 1400/1400/1400
f 1353/1353/1353 1354/1354/1354 1402/1402/1402
f 1353/1353/1353 1402/1402/1402 1401/1401/1401
f 1354/1354/1354 1355/1355/1355 1403/1403/1403
f 1354/1354/1354 1403/1403/1403 1402/1402/1402
f 1355/1355/1355 1356/1356/1356 1404/1404/1404
f 1355/1355/1355 1404/1404/1404 1403/1403/1403
f 1356/1356/1356 1357/1357/1357 1405/1405/1405
f 1356/1356/1356 1405/1405/1405 1404/1404/1404
f 1357/1357/1357 1358/1358/1358 1406/1406/1406
f 1357/1357/1357 1406/1406/1406 1405/1405/1405
f 1358/1358/1358 1359/1359/1359 1407/1407/1407
f 1358/1358/1358 1407/1407/1407 1406/1406/1406
f 1359/1359/1359 1360/1360/1360 1408/1408/1408
f 1359/1359/1359 1408/1408/1408 1407/1407/1407
f 1360/1360/1360 1361/1361/1361 1409/1409/1409
f 1360/1360/1360 1409/1409/1409 1408/1408/1408
f 1361/1361/1361 1362/1362/1362 1410/1410/1410
f 1361/1361/1361 1410/1410/1410 1409/1409/1409
f 1362/1362/1362 1363/1363/1363 1411/1411/1411
f 1362/1362/1362 1411/1411/1411 1410/1410/1410
f 1363/1363/1363 1364/1364/1364 1412/1412/1412
f 1363/1363/1363 1412/1412/1412 1411/1411/1411
f 1364/1364/1364 1365/1365/1365 1413/1413/1413
f 1364/1364/1364 1413/1413/1413 1412/1412/1412
f 1365/1365/1365 1366/1366/1366 1414/1414/1414
f 1365/1365/1365 1414/1414/1414 1413/1413/1413
f 1366/1366/1366 1367/1367/1367 1415/1415/1415
f 1366/1366/1366 1415/1415/1415 1414/1414/1414
f 1367/1367/1367 1368/1368/1368 1416/1416/1416
f 1367/1367/1367 1416/1416/1416 1415/1415/1415
f 1368/1368/1368 1369/1369/1369 1417/1417/1417
f 1368/1368/1368 1417/1417/1417 1416/1416/1416
f 1369/1369/1369 1370/1370/1370 1418/1418/1418
f 1369/1369/1369 1418/1418/1418 1417/1417/1417
f 1370/1370/1370 1371/1371/1371 1419/1419/1419
f 1370/1370/1370 1419/1419/1419 1418/1418/1418
f 1371/1371/1371 1372/1372/1372 1420/1420/1420
f 1371/1371/1371 1420/1420/1420 1419/1419/1419
f 1372/1372/1372 1373/1373/1373 1421/1421/1421
f 1372/1372/1372 1421/1421/1421 1420/1420/1420
f 1373/1373/1373 1374/1374/1374 1422/1422/1422
f 1373/1373/1373 1422/1422/1422 1421/1421/1421
f 1374/1374/1374 1375/1375/1375 1423/1423/1423
f 1374/1374/1374 1423/1423/1423 1422/1422/1422
f 1375/1375/1375 1376/1376/1376 1424/1424/1424
f 1375/1375/1375 1424/1424/1424 1423/1423/1423
f 1376/1376/1376 1377/1377/1377 1425/1425/1425
f 1376/1376/1376 1425/1425/1425 1424/1424/1424
f 1377/1377/1377 1378/1378/1378 1426/1426/1426
f 1377/1377/1377 1426/1426/1426 1425/1425/1425
f 1378/1378/1378 1379/1379/1379 1427/1427/1427
f 1378/1378/1378 1427/1427/1427 1426/1426/1426
f 1379/1379/1379 1380/1380/1380 1428/1428/1428
f 1379/1379/1379 1428/1428/1428 1427/1427/1427
f 1380/1380/1380 1381/1381/1381 1429/1429/1429
f 1380/1380/1380 1429/1429/1429 1428/1428/1428
f 1381/1381/1381 1382/1382/1382 1430/1430/1430
f 1381/1381/1381 1430/1430/1430 1429/1429/1429
f 1382/1382/1382 1383/1383/1383 1431/1431/1431
f 1382/1382/1382 1431/1431/1431 1430/1430/1430
f 1383/1383/1383 1384/1384/1384 1432/1432/1432
f 1383/1383/1383 1432/1432/1432 1431/1431/1431
f 1384/1384/1384 1385/1385/1385 1433/1433/1433
f 1384/1384/1384 1433/1433/1433 1432/1432/1432
f 1385/1385/1385 1386/1386/1386 1434/1434/1434
f 1385/1385/1385 1434/1434/1434 1433/1433/1433
f 1386/1386/1386 1387/1387/1387 1435/1435/1435
f 1386/1386/1386 1435/1435/1435 1434/1434/1434
f 1387/1387/1387 1388/1388/1388 1436/1436/1436
f 1387/1387/1387 1436/1436/1436 1435/1435/1435
f 1388/1388/1388 1389/1389/1389 1437/1437/1437
f 1388/1388/1388 1437/1437/1437 1436/1436/1436
f 1389/1389/1389 1390/1390/1390 1438/1438/1438
f 1389/1389/1389 1438/1438/1438 1437/1437/1437
f 1390/1390/1390 1391/1391/1391 1439/1439/1439
f 1390/1390/1390 1439/1439/1439 1438/1438/1438
f 1391/1391/1391 1392/1392/1392 1440/1440/1440
f 1391/1391/1391 1440/1440/1440 1439/1439/1439
f 1392/1392/1392 1345/1345/1345 1393/1393/1393
f 1392/1392/1392 1393/1393/1393 1440/1440/1440
f 1393/1393/1393 1394/1394/1394 1442/1442/1442
f 1393/1393/1393 1442/1442/1442 1441/1441/1441
f 1394/1394/1394 1395/1395/1395 1443/1443/1443
f 1394/1394/1394 1443/1443/1443 1442/1442/1442
f 1395/1395/1395 1396/1396/1396 1444/1444/1444
f 1395/1395/1395 1444/1444/1444 1443/1443/1443
f 1396/1396/1396 1397/1397/1397 1445/1445/1445
f 1396/1396/1396 1445/1445/1445 1444/1444/1444
f 1397/1397/1397 1398/1398/1398 1446/1446/1446
f 1397/1397/1397 1446/1446/1446 1445/1445/1445
f 1398/1398/1398 1399/1399/1399 1447/1447/1447
f 1398/1398/1398 1447/1447/1447 1446/1446/1446
f 1399/1399/1399 1400/1400/1400 1448/1448/1448
f 1399/1399/1399 1448/1448/1448 1447/1447/1447
f 1400/1400/1400 1401/1401/1401 1449/1449/1449
f 1400/1400/1400 1449/1449/1449 1448/1448/1448
f 1401/1401/1401 1402/1402/1402 1450/1450/1450
f 1401/1401/1401 1450/1450/1450 1449/1449/1449
f 1402/1402/1402 1403/1403/1403 1451/1451/1451
f 1402/1402/1402 1451/1451/1451 1450/1450/1450
f 1403/1403/1403 1404/1404/1404 1452/1452/1452
f 1403/1403/1403 1452/1452/1452 1451/1451/1451
f 1404/1404/1404 1405/1405/1405 1453/1453/1453
f 1404/1404/1404 1453/1453/1453 1452/1452/1452
f 1405/1405/1405 1406/1406/1406 1454/1454/1454
f 1405/1405/1405 1454/1454/1454 1453/1453/1453
f 1406/1406/1406 1407/1407/1407 1455/1455/1455
f 1406/1406/1406 1455/1455/1455 1454/1454/1454
f 1407/1407/1407 1408/1408/1408 1456/1456/1456
f 1407/1407/1407 1456/1456/1456 1455/1455/1455
f 1408/1408/1408 1409/1409/1409 1457/1457/1457
f 1408/1408/1408 1457/1457/1457 1456/1456/1456
f 1409/1409/1409 1410/1410/1410 1458/1458/1458
f 1409/1409/1409 1458/1458/1458 1457/1457/1457
f 1410/1410/1410 1411/1411/1411 1459/1459/1459
f 1410/1410/1410 1459/1459/1459 1458/1458/1458
f 1411/1411/1411 1412/1412/1412 1460/1460/1460
f 1411/1411/1411 1460/1460/1460 1459/1459/1459
f 1412/1412/1412 1413/1413/1413 1461/1461/1461
f 1412/1412/1412 1461/1461/1461 1460/1460/1460
f 1413/1413/1413 1414/1414/1414 1462/1462/1462
f 1413/1413/1413 1462/1462/1462 1461/1461/1461
f 1414/1414/1414 1415/1415/1415 1463/1463/1463
f 1414/1414/1414 1463/1463/1463 1462/1462/1462
f 1415/1415/1415 1416/1416/1416 1464/1464/1464
f 1415/1415/1415 1464/1464/1464 1463/1463/1463
f 1416/1416/1416 1417/1417/1417 1465/1465/1465
f 1416/1416/1416 1465/1465/1465 1464/1464/1464
f 1417/1417/1417 1418/1418/1418 1466/1466/1466
f 1417/1417/1417 1466/1466/1466 1465/1465/1465
f 1418/1418/1418 1419/1419/1419 1467/1467/1467
f 1418/1418/1418 1467/1467/1467 1466/1466/1466
f 1419/1419/1419 1420/1420/1420 1468/1468/1468
f 1419/1419/1419 1468/1468/1468 1467/1467/1467
f 1420/1420/1420 1421/1421/1421 1469/1469/1469
f 1420/1420/1420 1469/1469/1469 1468/1468/1468
f 1421/1421/1421 1422/1422/1422 1470/1470/1470
f 1421/1421/1421 1470/1470/1470 1469/1469/1469
f 1422/1422/1422 1423/1423/1423 1471/1471/1471
f 1422/1422/1422 1471/1471/1471 1470/1470/1470
f 1423/1423/1423 1424/1424/1424 1472/1472/1472
f 1423/1423/1423 1472/1472/1472 1471/1471/1471
f 1424/1424/1424 1425/1425/1425 1473/1473/1473
f 1424/1424/1424 1473/1473/1473 1472/1472/1472
f 1425/1425/1425 1426/1426/1426 1474/1474/1474
f 1425/1425/1425 1474/1474/1474 1473/1473/1473
f 1426/1426/1426 1427/1427/1427 1475/1475/1475
f 1426/1426/1426 1475/1475/1475 1474/1474/1474
f 1427/1427/1427 1428/1428/1428 1476/1476/1476
f 1427/1427/1427 1476/1476/1476 1475/1475/1475
f 1428/1428/1428 1429/1429/1429 1477/1477/1477
f 1428/1428/1428 1477/1477/1477 1476/1476/1476
f 1429/1429/1429 1430/1430/1430 1478/1478/1478
f 1429/1429/1429 1478/1478/1478 1477/1477/1477
f 1430/1430/1430 1431/1431/1431 1479/1479/1479
f 1430/1430/1430 1479/1479/1479 1478/1478/1478
f 1431/1431/1431 1432/1432/1432 1480/1480/1480
f 1431/1431/1431 1480/1480/1480 1479/1479/1479
f 1432/1432/1432 1433/1433/1433 1481/1481/1481
f 1432/1432/1432 1481/1481/1481 1480/1480/1480
f 1433/1433/1433 1434/1434/1434 1482/1482/1482
f 1433/1433/1433 1482/1482/1482 1481/1481/1481
f 1434/1434/1434 1435/1435/1435 1483/1483/1483
f 1434/1434/1434 1483/1483/1483 1482/1482/1482
f 1435/1435/1435 1436/1436/1436 1484/1484/1484
f 1435/1435/1435 1484/1484/1484 1483/1483/1483
f 1436/1436/1436 1437/1437/1437 1485/1485/1485
f 1436/1436/1436 1485/1485/1485 1484/1484/1484
f 1437/1437/1437 1438/1438/1438 1486/1486/1486
f 1437/1437/1437 1486/1486/1486 1485/1485/1485
f 1438/1438/1438 1439/1439/1439 1487/1487/1487
f 1438/1438/1438 1487/1487/1487 1486/1486/1486
f 1439/1439/1439 1440/1440/1440 1488/1488/1488
f 1439/1439/1439 1488/1488/1488 1487/1487/1487
f 1440/1440/1440 1393/1393/1393 1441/1441/1441
f 1440/1440/1440 1441/1441/1441 1488/1488/1488
f 1441/1441/1441 1442/1442/1442 1490/1490/1490
f 1441/1441/1441 1490/1490/1490 1489/1489/1489
f 1442/1442/1442 1443/1443/1443 1491/1491/1491
f 1442/1442/1442 1491/1491/1491 1490/1490/1490
f 1443/1443/1443 1444/1444/1444 1492/1492/1492
f 1443/1443/1443 1492/1492/1492 1491/1491/1491
f 1444/1444/1444 1445/1445/1445 1493/1493/1493
f 1444/1444/1444 1493/1493/1493 1492/1492/1492
f 1445/1445/1445 1446/1446/1446 1494/1494/1494
f 1445/1445/1445 1494/1494/1494 1493/1493/1493
f 1446/1446/1446 1447/1447/1447 1495/1495/1495
f 1446/1446/1446 1495/1495/1495 1494/1494/1494
f 1447/1447/1447 1448/1448/1448 1496/1496/1496
f 1447/1447/1447 1496/1496/1496 1495/1495/1495
f 1448/1448/1448 1449/1449/1449 1497/1497/1497
f 1448/1448/1448 1497/1497/1497 1496/1496/1496
f 1449/1449/1449 1450/1450/1450 1498/1498/1498
f 1449/1449/1449 1498/1498/1498 1497/1497/1497
f 1450/1450/1450 1451/1451/1451 1499/1499/1499
f 1450/1450/1450 1499/1499/1499 1498/1498/1498
f 1451/1451/1451 1452/1452/1452 1500/1500/1500
f 1451/1451/1451 1500/1500/1500 1499/1499/1499
f 1452/1452/1452 1453/1453/1453 1501/1501/1501
f 1452/1452/1452 1501/1501/1501 1500/1500/1500
f 1453/1453/1453 1454/1454/1454 1502/1502/1502
f 1453/1453/1453 1502/1502/1502 1501/1501/1501
f 1454/1454/1454 1455/1455/1455 1503/1503/1503
f 1454/1454/1454 1503/1503/1503 1502/1502/1502
f 1455/1455/1455 1456/1456/1456 1504/1504/1504
f 1455/1455/1455 1504/1504/1504 1503/1503/1503
f 1456/1456/1456 1457/1457/1457 1505/1505/1505
f 1456/1456/1456 1505/1505/1505 1504/1504/1504
f 1457/1457/1457 1458/1458/1458 1506/1506/1506
f 1457/1457/1457 1506/1506/1506 1505/1505/1505
f 1458/1458/1458 1459/1459/1459 1507/1507/1507
f 1458/1458/1458 1507/1507/1507 1506/1506/1506
f 1459/1459/1459 1460/1460/1460 1508/1508/1508
f 1459/1459/1459 1508/1508/1508 1507/1507/1507
f 1460/1460/1460 1461/1461/1461 1509/1509/1509
f 1460/1460/1460 1509/1509/1509 1508/1508/1508
f 1461/1461/1461 1462/1462/1462 1510/1510/1510
f 1461/1461/1461 1510/1510/1510 1509/1509/1509
f 1462/1462/1462 1463/1463/1463 1511/1511/1511
f 1462/1462/1462 1511/1511/1511 1510/1510/1510
f 1463/1463/1463 1464/1464/1464 1512/1512/1512
f 1463/1463/1463 1512/1512/1512 1511/1511/1511
f 1464/1464/1464 1465/1465/1465 1513/1513/1513
f 1464/1464/1464 1513/1513/1513 1512/1512/1512
f 1465/1465/1465 1466/1466/1466 1514/1514/1514
f 1465/1465/1465 1514/1514/1514 1513/1513/1513
f 1466/1466/1466 1467/1467/1467 1515/1515/1515
f 1466/1466/1466 1515/1515/1515 1514/1514/1514
f 1467/1467/1467 1468/1468/1468 1516/1516/1516
f 1467/1467/1467 1516/1516/1516 1515/1515/1515
f 1468/1468/1468 1469/1469/1469 1517/1517/1517
f 1468/1468/1468 1517/1517/1517 1516/1516/1516
f 1469/1469/1469 1470/1470/1470 1518/1518/1518
f 1469/1469/1469 1518/1518/1518 1517/1517/1517
f 1470/1470/1470 1471/1471/1471 1519/1519/1519
f 1470/1470/1470 1519/1519/1519 1518/1518/1518
f 1471/1471/1471 1472/1472/1472 1520/1520/1520
f 1471/1471/1471 1520/1520/1520 1519/1519/1519
f 1472/1472/1472 1473/1473/1473 1521/1521/1521
f 1472/1472/1472 1521/1521/1521 1520/1520/1520
f 1473/1473/1473 1474/1474/1474 1522/1522/1522
f 1473/1473/1473 1522/1522/1522 1521/1521/1521
f 1474/1474/1474 1475/1475/1475 1523/1523/1523
f 1474/1474/1474 1523/1523/1523 1522/1522/1522
f 1475/1475/1475 1476/1476/1476 1524/1524/1524
f 1475/1475/1475 1524/1524/1524 1523/1523/1523
f 1476/1476/1476 1477/1477/1477 1525/1525/1525
f 1476/1476/1476 1525/1525/1525 1524/1524/1524
f 1477/1477/1477 1478/1478/1478 1526/1526/1526
f 1477/1477/1477 1526/1526/1526 1525/1525/1525
f 1478/1478/1478 1479/1479/1479 1527/1527/1527
f 1478/1478/1478 1527/1527/1527 1526/1526/1526
f 1479/1479/1479 1480/1480/1480 1528/1528/1528
f 1479/1479/1479 1528/1528/1528 1527/1527/1527
f 1480/1480/1480 1481/1481/1481 1529/1529/1529
f 1480/1480/1480 1529/1529/1529 1528/1528/1528
f 1481/1481/1481 1482/1482/1482 1530/1530/1530
f 1481/1481/1481 1530/1530/1530 1529/1529/1529
f 1482/1482/1482 1483/1483/1483 1531/1531/1531
f 1482/1482/1482 1531/1531/1531 1530/1530/1530
f 1483/1483/1483 1484/1484/1484 1532/1532/1532
f 1483/1483/1483 1532/1532/1532 1531/1531/1531
f 1484/1484/1484 1485/1485/1485 1533/1533/1533
f 1484/1484/1484 1533/1533/1533 1532/1532/1532
f 1485/1485/1485 1486/1486/1486 1534/1534/1534
f 1485/1485/1485 1534/1534/1534 1533/1533/1533
f 1486/1486/1486 1487/1487/1487 1535/1535/1535
f 1486/1486/1486 1535/1535/1535 1534/1534/1534
f 1487/1487/1487 1488/1488/1488 1536/1536/1536
f 1487/1487/1487 1536/1536/1536 1535/1535/1535
f 1488/1488/1488 1441/1441/1441 1489/1489/1489
f 1488/1488/1488 1489/1489/1489 1536/1536/1536
f 1489/1489/1489 1490/1490/1490 1538/1538/1538
f 1489/1489/1489 1538/1538/1538 1537/1537/1537
f 1490/1490/1490 1491/1491/1491 1539/1539/1539
f 1490/1490/1490 1539/1539/1539 1538/1538/1538
f 1491/1491/1491 1492/1492/1492 1540/1540/1540
f 1491/1491/1491 1540/1540/1540 1539/1539/1539
f 1492/1492/1492 1493/1493/1493 1541/1541/1541
f 1492/1492/1492 1541/1541/1541 1540/1540/1540
f 1493/1493/1493 1494/1494/1494 1542/1542/1542
f 1493/1493/1493 1542/1542/1542 1541/1541/1541
f 1494/1494/1494 1495/1495/1495 1543/1543/1543
f 1494/1494/1494 1543/1543/1543 1542/1542/1542
f 1495/1495/1495 1496/1496/1496 1544/1544/1544
f 1495/1495/1495 1544/1544/1544 1543/1543/1543
f 1496/1496/1496 1497/1497/1497 1545/1545/1545
f 1496/1496/1496 1545/1545/1545 1544/1544/1544
f 1497/1497/1497 1498/1498/1498 1546/1546/1546
f 1497/1497/1497 1546/1546/1546 1545/1545/1545
f 1498/1498/1498 1499/1499/1499 1547/1547/1547
f 1498/1498/1498 1547/1547/1547 1546/1546/1546
f 1499/1499/1499 1500/1500/1500 1548/1548/1548
f 1499/1499/1499 1548/1548/1548 1547/1547/1547
f 1500/1500/1500 1501/1501/1501 1549/1549/1549
f 1500/1500/1500 1549/1549/1549 1548/1548/1548
f 1501/1501/1501 1502/1502/1502 1550/1550/1550
f 1501/1501/1501 1550/1550/1550 1549/1549/1549
f 1502/1502/1502 1503/1503/1503 1551/1551/1551
f 1502/1502/1502 1551/1551/1551 1550/1550/1550
f 1503/1503/1503 1504/1504/1504 1552/1552/1552
f 1503/1503/1503 1552/1552/1552 1551/1551/1551
f 1504/1504/1504 1505/1505/1505 1553/1553/1553
f 1504/1504/1504 1553/1553/1553 1552/1552/1552
f 1505/1505/1505 1506/1506/1506 1554/1554/1554
f 1505/1505/1505 1554/1554/1554 1553/1553/1553
f 1506/1506/1506 1507/1507/1507 1555/1555/1555
f 1506/1506/1506 1555/1555/1555 1554/1554/1554
f 1507/1507/1507 1508/1508/1508 1556/1556/1556
f 1507/1507/1507 1556/1556/1556 1555/1555/1555
f 1508/1508/1508 1509/1509/1509 1557/1557/1557
f 1508/1508/1508 1557/1557/1557 1556/1556/1556
f 1509/1509/1509 1510/1510/1510 1558/1558/1558
f 1509/1509/1509 1558/1558/1558 1557/1557/1557
f 1510/1510/1510 1511/1511/1511 1559/1559/1559
f 1510/1510/1510 1559/1559/1559 1558/1558/1558
f 1511/1511/1511 1512/1512/1512 1560/1560/1560
f 1511/1511/1511 1560/1560/1560 1559/1559/1559
f 1512/1512/1512 1513/1513/1513 1561/1561/1561
f 1512/1512/1512 1561/1561/1561 1560/1560/1560
f 1513/1513/1513 1514/1514/1514 1562/1562/1562
f 1513/1513/1513 1562/1562/1562 1561/1561/1561
f 1514/1514/1514 1515/1515/1515 1563/1563/1563
f 1514/1514/1514 1563/1563/1563 1562/1562/1562
f 1515/1515/1515 1516/1516/1516 1564/1564/1564
f 1515/1515/1515 1564/1564/1564 1563/1563/1563
f 1516/1516/1516 1517/1517/1517 1565/1565/1565
f 1516/1516/1516 1565/1565/1565 1564/1564/1564
f 1517/1517/1517 1518/1518/1518 1566/1566/1566
f 1517/1517/1517 1566/1566/1566 1565/1565/1565
f 1518/1518/1518 1519/1519/1519 1567/1567/1567
f 1518/1518/1518 1567/1567/1567 1566/1566/1566
f 1519/1519/1519 1520/1520/1520 1568/1568/1568
f 1519/1519/1519 1568/1568/1568 1567/1567/1567
f 1520/1520/1520 1521/1521/1521 1569/1569/1569
f 1520/1520/1520 1569/1569/1569 1568/1568/1568
f 1521/1521/1521 1522/1522/1522 1570/1570/1570
f 1521/1521/1521 1570/1570/1570 1569/1569/1569
f 1522/1522/1522 1523/1523/1523 1571/1571/1571
f 1522/1522/1522 1571/1571/1571 1570/1570/1570
f 1523/1523/1523 1524/1524/1524 1572/1572/1572
f 1523/1523/1523 1572/1572/1572 1571/1571/1571
f 1524/1524/1524 1525/1525/1525 1573/1573/1573
f 1524/1524/1524 1573/1573/1573 1572/1572/1572
f 1525/1525/1525 1526/1526/1526 1574/1574/1574
f 1525/1525/1525 1574/1574/1574 1573/1573/1573
f 1526/1526/1526 1527/1527/1527 1575/1575/1575
f 1526/1526/1526 1575/1575/1575 1574/1574/1574
f 1527/1527/1527 1528/1528/1528 1576/1576/1576
f 1527/1527/1527 1576/1576/1576 1575/1575/1575
f 1528/1528/1528 1529/1529/1529 1577/1577/1577
f 1528/1528/1528 1577/1577/1577 1576/1576/1576
f 1529/1529/1529 1530/1530/1530 1578/1578/1578
f 1529/1529/1529 1578/1578/1578 1577/1577/1577
f 1530/1530/1530 1531/1531/1531 1579/1579/1579
f 1530/1530/1530 1579/1579/1579 1578/1578/1578
f 1531/1531/1531 1532/1532/1532 1580/1580/1580
f 1531/1531/1531 1580/1580/1580 1579/1579/1579
f 1532/1532/1532 1533/1533/1533 1581/1581/1581
f 1532/1532/1532 1581/1581/1581 1580/1580/1580
f 1533/1533/1533 1534/1534/1534 1582/1582/1582
f 1533/1533/1533 1582/1582/1582 1581/1581/1581
f 1534/1534/1534 1535/1535/1535 1583/1583/1583
f 1534/1534/1534 1583/1583/1583 1582/1582/1582
f 1535/1535/1535 1536/1536/1536 1584/1584/1584
f 1535/1535/1535 1584/1584/1584 1583/1583/1583
f 1536/1536/1536 1489/1489/1489 1537/1537/1537
f 1536/1536/1536 1537/1537/1537 1584/1584/1584
f 1537/1537/1537 1538/1538/1538 1586/1586/1586
f 1537/1537/1537 1586/1586/1586 1585/1585/1585
f 1538/1538/1538 1539/1539/1539 1587/1587/1587
f 1538/1538/1538 1587/1587/1587 1586/1586/1586
f 1539/1539/1539 1540/1540/1540 1588/1588/1588
f 1539/1539/1539 1588/1588/1588 1587/1587/1587
f 1540/1540/1540 1541/1541/1541 1589/1589/1589
f 1540/1540/1540 1589/1589/1589 1588/1588/1588
f 1541/1541/1541 1542/1542/1542 1590/1590/1590
f 1541/1541/1541 1590/1590/1590 1589/1589/1589
f 1542/1542/1542 1543/1543/1543 1591/1591/1591
f 1542/1542/1542 1591/1591/1591 1590/1590/1590
f 1543/1543/1543 1544/1544/1544 1592/1592/1592
f 1543/1543/1543 1592/1592/1592 1591/1591/1591
f 1544/1544/1544 1545/1545/1545 1593/1593/1593
f 1544/1544/1544 1593/1593/1593 1592/1592/1592
f 1545/1545/1545 1546/1546/1546 1594/1594/1594
f 1545/1545/1545 1594/1594/1594 1593/1593/1593
f 1546/1546/1546 1547/1547/1547 1595/1595/1595
f 1546/1546/1546 1595/1595/1595 1594/1594/1594
f 1547/1547/1547 1548/1548/1548 1596/1596/1596
f 1547/1547/1547 1596/1596/1596 1595/1595/1595
f 1548/1548/1548 1549/1549/1549 1597/1597/1597
f 1548/1548/1548 1597/1597/1597 1596/1596/1596
f 1549/1549/1549 1550/1550/1550 1598/1598/1598
f 1549/1549/1549 1598/1598/1598 1597/1597/1597
f 1550/1550/1550 1551/1551/1551 1599/1599/1599
f 1550/1550/1550 1599/1599/1599 1598/1598/1598
f 1551/1551/1551 1552/1552/1552 1600/1600/1600
f 1551/1551/1551 1600/1600/1600 1599/1599/1599
f 1552/1552/1552 1553/1553/1553 1601/1601/1601
f 1552/1552/1552 1601/1601/1601 1600/1600/1600
f 1553/1553/1553 1554/1554/1554 1602/1602/1602
f 1553/1553/1553 1602/1602/1602 1601/1601/1601
f 1554/1554/1554 1555/1555/1555 1603/1603/1603
f 1554/1554/1554 1603/1603/1603 1602/1602/1602
f 1555/1555/1555 1556/1556/1556 1604/1604/1604
f 1555/1555/1555 1604/1604/1604 1603/1603/1603
f 1556/1556/1556 1557/1557/1557 1605/1605/1605
f 1556/1556/1556 1605/1605/1605 1604/1604/1604
f 1557/1557/1557 1558/1558/1558 1606/1606/1606
f 1557/1557/1557 1606/1606/1606 1605/1605/1605
f 1558/1558/1558 1559/1559/1559 1607/1607/1607
f 1558/1558/1558 1607/1607/1607 1606/1606/1606
f 1559/1559/1559 1560/1560/1560 1608/1608/1608
f 1559/1559/1559 1608/1608/1608 1607/1607/1607
f 1560/1560/1560 1561/1561/1561 1609/1609/1609
f 1560/1560/1560 1609/1609/1609 1608/1608/1608
f 1561/1561/1561 1562/1562/1562 1610/1610/1610
f 1561/1561/1561 1610/1610/1610 1609/1609/1609
f 1562/1562/1562 1563/1563/1563 1611/1611/1611
f 1562/1562/1562 1611/1611/1611 1610/1610/1610
f 1563/1563/1563 1564/1564/1564 1612/1612/1612
f 1563/1563/1563 1612/1612/1612 1611/1611/1611
f 1564/1564/1564 1565/1565/1565 1613/1613/1613
f 1564/1564/1564 1613/1613/1613 1612/1612/1612
f 1565/1565/1565 1566/1566/1566 1614/1614/1614
f 1565/1565/1565 1614/1614/1614 1613/1613/1613
f 1566/1566/1566 1567/1567/1567 1615/1615/1615
f 1566/1566/1566 1615/1615/1615 1614/1614/1614
f 1567/1567/1567 1568/1568/1568 1616/1616/1616
f 1567/1567/1567 1616/1616/1616 1615/1615/1615
f 1568/1568/1568 1569/1569/1569 1617/1617/1617
f 1568/1568/1568 1617/1617/1617 1616/1616/1616
f 1569/1569/1569 1570/1570/1570 1618/1618/1618
f 1569/1569/1569 1618/1618/1618 1617/1617/1617
f 1570/1570/1570 1571/1571/1571 1619/1619/1619
f 1570/1570/1570 1619/1619/1619 1618/1618/1618
f 1571/1571/1571 1572/1572/1572 1620/1620/1620
f 1571/1571/1571 1620/1620/1620 1619/1619/1619
f 1572/1572/1572 1573/1573/1573 1621/1621/1621
f 1572/1572/1572 1621/1621/1621 1620/1620/1620
f 1573/1573/1573 1574/1574/1574 1622/1622/1622
f 1573/1573/1573 1622/1622/1622 1621/1621/1621
f 1574/1574/1574 1575/1575/1575 1623/1623/1623
f 1574/1574/1574 1623/1623/1623 1622/1622/1622
f 1575/1575/1575 1576/1576/1576 1624/1624/1624
f 1575/1575/1575 1624/1624/1624 1623/1623/1623
f 1576/1576/1576 1577/1577/1577 1625/1625/1625
f 1576/1576/1576 1625/1625/1625 1624/1624/1624
f 1577/1577/1577 1578/1578/1578 1626/1626/1626
f 1577/1577/1577 1626/1626/1626 1625/1625/1625
f 1578/1578/1578 1579/1579/1579 1627/1627/1627
f 1578/1578/1578 1627/1627/1627 1626/1626/1626
f 1579/1579/1579 1580/1580/1580 1628/1628/1628
f 1579/1579/1579 1628/1628/1628 1627/1627/1627
f 1580/1580/1580 1581/1581/1581 1629/1629/1629
f 1580/1580/1580 1629/1629/1629 1628/1628/1628
f 1581/1581/1581 1582/1582/1582 1630/1630/1630
f 1581/1581/1581 1630/1630/1630 1629/1629/1629
f 1582/1582/1582 1583/1583/1583 1631/1631/1631
f 1582/1582/1582 1631/1631/1631 1630/1630/1630
f 1583/1583/1583 1584/1584/1584 1632/1632/1632
f 1583/1583/1583 1632/1632/1632 1631/1631/1631
f 1584/1584/1584 1537/1537/1537 1585/1585/1585
f 1584/1584/1584 1585/1585/1585 1632/1632/1632
f 1585/1585/1585 1586/1586/1586 1634/1634/1634
f 1585/1585/1585 1634/1634/1634 1633/1633/1633
f 1586/1586/1586 1587/1587/1587 1635/1635/1635
f 1586/1586/1586 1635/1635/1635 1634/1634/1634
f 1587/1587/1587 1588/1588/1588 1636/1636/1636
f 1587/1587/1587 1636/1636/1636 1635/1635/1635
f 1588/1588/1588 1589/1589/1589 1637/1637/1637
f 1588/1588/1588 1637/1637/1637 1636/1636/1636
f 1589/1589/1589 1590/1590/1590 1638/1638/1638
f 1589/1589/1589 1638/1638/1638 1637/1637/1637
f 1590/1590/1590 1591/1591/1591 1639/1639/1639
f 1590/1590/1590 1639/1639/1639 1638/1638/1638
f 1591/1591/1591 1592/1592/1592 1640/1640/1640
f 1591/1591/1591 1640/1640/1640 1639/1639/1639
f 1592/1592/1592 1593/1593/1593 1641/1641/1641
f 1592/1592/1592 1641/1641/1641 1640/1640/1640
f 1593/1593/1593 1594/1594/1594 1642/1642/1642
f 1593/1593/1593 1642/1642/1642 1641/1641/1641
f 1594/1594/1594 1595/1595/1595 1643/1643/1643
f 1594/1594/1594 1643/1643/1643 1642/1642/1642
f 1595/1595/1595 1596/1596/1596 1644/1644/1644
f 1595/1595/1595 1644/1644/1644 1643/1643/1643
f 1596/1596/1596 1597/1597/1597 1645/1645/1645
f 1596/1596/1596 1645/1645/1645 1644/1644/1644
f 1597/1597/1597 1598/1598/1598 1646/1646/1646
f 1597/1597/1597 1646/1646/1646 1645/1645/1645
f 1598/1598/1598 1599/1599/1599 1647/1647/1647
f 1598/1598/1598 1647/1647/1647 1646/1646/1646
f 1599/1599/1599 1600/1600/1600 1648/1648/1648
f 1599/1599/1599 1648/1648/1648 1647/1647/1647
f 1600/1600/1600 1601/1601/1601 1649/1649/1649
f 1600/1600/1600 1649/1649/1649 1648/1648/1648
f 1601/1601/1601 1602/1602/1602 1650/1650/1650
f 1601/1601/1601 1650/1650/1650 1649/1649/1649
f 1602/1602/1602 1603/1603/1603 1651/1651/1651
f 1602/1602/1602 1651/1651/1651 1650/1650/1650
f 1603/1603/1603 1604/1604/1604 1652/1652/1652
f 1603/1603/1603 1652/1652/1652 1651/1651/1651
f 1604/1604/1604 1605/1605/1605 1653/1653/1653
f 1604/1604/1604 1653/1653/1653 1652/1652/1652
f 1605/1605/1605 1606/1606/1606 1654/1654/1654
f 1605/1605/1605 1654/1654/1654 1653/1653/1653
f 1606/1606/1606 1607/1607/1607 1655/1655/1655
f 1606/1606/1606 1655/1655/1655 1654/1654/1654
f 1607/1607/1607 1608/1608/1608 1656/1656/1656
f 1607/1607/1607 1656/1656/1656 1655/1655/1655
f 1608/1608/1608 1609/1609/1609 1657/1657/1657
f 1608/1608/1608 1657/1657/1657 1656/1656/1656
f 1609/1609/1609 1610/1610/1610 1658/1658/1658
f 1609/1609/1609 1658/1658/1658 1657/1657/1657
f 1610/1610/1610 1611/1611/1611 1659/1659/1659
f 1610/1610/1610 1659/1659/1659 1658/1658/1658
f 1611/1611/1611 1612/1612/1612 1660/1660/1660
f 1611/1611/1611 1660/1660/1660 1659/1659/1659
f 1612/1612/1612 1613/1613/1613 1661/1661/1661
f 1612/1612/1612 1661/1661/1661 1660/1660/1660
f 1613/1613/1613 1614/1614/1614 1662/1662/1662
f 1613/1613/1613 1662/1662/1662 1661/1661/1661
f 1614/1614/1614 1615/1615/1615 1663/1663/1663
f 1614/1614/1614 1663/1663/1663 1662/1662/1662
f 1615/1615/1615 1616/1616/1616 1664/1664/1664
f 1615/1615/1615 1664/1664/1664 1663/1663/1663
f 1616/1616/1616 1617/1617/1617 1665/1665/1665
f 1616/1616/1616 1665/1665/1665 1664/1664/1664
f 1617/1617/1617 1618/1618/1618 1666/1666/1666
f 1617/1617/1617 1666/1666/1666 1665/1665/1665
f 1618/1618/1618 1619/1619/1619 1667/1667/1667
f 1618/1618/1618 1667/1667/1667 1666/1666/1666
f 1619/1619/1619 1620/1620/1620 1668/1668/1668
f 1619/1619/1619 1668/1668/1668 1667/1667/1667
f 1620/1620/1620 1621/1621/1621 1669/1669/1669
f 1620/1620/1620 1669/1669/1669 1668/1668/1668
f 1621/1621/1621 1622/1622/1622 1670/1670/1670
f 1621/1621/1621 1670/1670/1670 1669/1669/1669
f 1622/1622/1622 1623/1623/1623 1671/1671/1671
f 1622/1622/1622 1671/1671/1671 1670/1670/1670
f 1623/1623/1623 1624/1624/1624 1672/1672/1672
f 1623/1623/1623 1672/1672/1672 1671/1671/1671
f 1624/1624/1624 1625/1625/1625 1673/1673/1673
f 1624/1624/1624 1673/1673/1673 1672/1672/1672
f 1625/1625/1625 1626/1626/1626 1674/1674/1674
f 1625/1625/1625 1674/1674/1674 1673/1673/1673
f 1626/1626/1626 1627/1627/1627 1675/1675/1675
f 1626/1626/1626 1675/1675/1675 1674/1674/1674
f 1627/1627/1627 1628/1628/1628 1676/1676/1676
f 1627/1627/1627 1676/1676/1676 1675/1675/1675
f 1628/1628/1628 1629/1629/1629 1677/1677/1677
f 1628/1628/1628 1677/1677/1677 1676/1676/1676
f 1629/1629/1629 1630/1630/1630 1678/1678/1678
f 1629/1629/1629 1678/1678/1678 1677/1677/1677
f 1630/1630/1630 1631/1631/1631 1679/1679/1679
f 1630/1630/1630 1679/1679/1679 1678/1678/1678
f 1631/1631/1631 1632/1632/1632 1680/1680/1680
f 1631/1631/1631 1680/1680/1680 1679/1679/1679
f 1632/1632/1632 1585/1585/1585 1633/1633/1633
f 1632/1632/1632 1633/1633/1633 1680/1680/1680
f 1633/1633/1633 1634/1634/1634 1682/1682/1682
f 1633/1633/1633 1682/1682/1682 1681/1681/1681
f 1634/1634/1634 1635/1635/1635 1683/1683/1683
f 1634/1634/1634 1683/1683/1683 1682/1682/1682
f 1635/1635/1635 1636/1636/1636 1684/1684/1684
f 1635/1635/1635 1684/1684/1684 1683/1683/1683
f 1636/1636/1636 1637/1637/1637 1685/1685/1685
f 1636/1636/1636 1685/1685/1685 1684/1684/1684
f 1637/1637/1637 1638/1638/1638 1686/1686/1686
f 1637/1637/1637 1686/1686/1686 1685/1685/1685
f 1638/1638/1638 1639/1639/1639 1687/1687/1687
f 1638/1638/1638 1687/1687/1687 1686/1686/1686
f 1639/1639/1639 1640/1640/1640 1688/1688/1688
f 1639/1639/1639 1688/1688/1688 1687/1687/1687
f 1640/1640/1640 1641/1641/1641 1689/1689/1689
f 1640/1640/1640 1689/1689/1689 1688/1688/1688
f 1641/1641/1641 1642/1642/1642 1690/1690/1690
f 1641/1641/1641 1690/1690/1690 1689/1689/1689
f 1642/1642/1642 1643/1643/1643 1691/1691/1691
f 1642/1642/1642 1691/1691/1691 1690/1690/1690
f 1643/1643/1643 1644/1644/1644 1692/1692/1692
f 1643/1643/1643 1692/1692/1692 1691/1691/1691
f 1644/1644/1644 1645/1645/1645 1693/1693/1693
f 1644/1644/1644 1693/1693/1693 1692/1692/1692
f 1645/1645/1645 1646/1646/1646 1694/1694/1694
f 1645/1645/1645 1694/1694/1694 1693/1693/1693
f 1646/1646/1646 1647/1647/1647 1695/1695/1695
f 1646/1646/1646 1695/1695/1695 1694/1694/1694
f 1647/1647/1647 1648/1648/1648 1696/1696/1696
f 1647/1647/1647 1696/1696/1696 1695/1695/1695
f 1648/1648/1648 1649/1649/1649 1697/1697/1697
f 1648/1648/1648 1697/1697/1697 1696/1696/1696
f 1649/1649/1649 1650/1650/1650 1698/1698/1698
f 1649/1649/1649 1698/1698/1698 1697/1697/1697
f 1650/1650/1650 1651/1651/1651 1699/1699/1699
f 1650/1650/1650 1699/1699/1699 1698/1698/1698
f 1651/1651/1651 1652/1652/1652 1700/1700/1700
f 1651/1651/1651 1700/1700/1700 1699/1699/1699
f 1652/1652/1652 1653/1653/1653 1701/1701/1701
f 1652/1652/1652 1701/1701/1701 1700/1700/1700
f 1653/1653/1653 1654/1654/1654 1702/1702/1702
f 1653/1653/1653 1702/1702/1702 1701/1701/1701
f 1654/1654/1654 1655/1655/1655 1703/1703/1703
f 1654/1654/1654 1703/1703/1703 1702/1702/1702
f 1655/1655/1655 1656/1656/1656 1704/1704/1704
f 1655/1655/1655 1704/1704/1704 1703/1703/1703
f 1656/1656/1656 1657/1657/1657 1705/1705/1705
f 1656/1656/1656 1705/1705/1705 1704/1704/1704
f 1657/1657/1657 1658/1658/1658 1706/1706/1706
f 1657/1657/1657 1706/1706/1706 1705/1705/1705
f 1658/1658/1658 1659/1659/1659 1707/1707/1707
f 1658/1658/1658 1707/1707/1707 1706/1706/1706
f 1659/1659/1659 1660/1660/1660 1708/1708/1708
f 1659/1659/1659 1708/1708/1708 1707/1707/1707
f 1660/1660/1660 1661/1661/1661 1709/1709/1709
f 1660/1660/1660 1709/1709/1709 1708/1708/1708
f 1661/1661/1661 1662/1662/1662 1710/1710/1710
f 1661/1661/1661 1710/1710/1710 1709/1709/1709
f 1662/1662/1662 1663/1663/1663 1711/1711/1711
f 1662/1662/1662 1711/1711/1711 1710/1710/1710
f 1663/1663/1663 1664/1664/1664 1712/1712/1712
f 1663/1663/1663 1712/1712/1712 1711/1711/1711
f 1664/1664/1664 1665/1665/1665 1713/1713/1713
f 1664/1664/1664 1713/1713/1713 1712/1712/1712
f 1665/1665/1665 1666/1666/1666 1714/1714/1714
f 1665/1665/1665 1714/1714/1714 1713/1713/1713
f 1666/1666/1666 1667/1667/1667 1715/1715/1715
f 1666/1666/1666 1715/1715/1715 1714/1714/1714
f 1667/1667/1667 1668/1668/1668 1716/1716/1716
f 1667/1667/1667 1716/1716/1716 1715/1715/1715
f 1668/1668/1668 1669/1669/1669 1717/1717/1717
f 1668/1668/1668 1717/1717/1717 1716/1716/1716
f 1669/1669/1669 1670/1670/1670 1718/1718/1718
f 1669/1669/1669 1718/1718/1718 1717/1717/1717
f 1670/1670/1670 1671/1671/1671 1719/1719/1719
f 1670/1670/1670 1719/1719/1719 1718/1718/1718
f 1671/1671/1671 1672/1672/1672 1720/1720/1720
f 1671/1671/1671 1720/1720/1720 1719/1719/1719
f 1672/1672/1672 1673/1673/1673 1721/1721/1721
f 1672/1672/1672 1721/1721/1721 1720/1720/1720
f 1673/1673/1673 1674/1674/1674 1722/1722/1722
f 1673/1673/1673 1722/1722/1722 1721/1721/1721
f 1674/1674/1674 1675/1675/1675 1723/1723/1723
f 1674/1674/1674 1723/1723/1723 1722/1722/1722
f 1675/1675/1675 1676/1676/1676 1724/1724/1724
f 1675/1675/1675 1724/1724/1724 1723/1723/1723
f 1676/1676/1676 1677/1677/1677 1725/1725/1725
f 1676/1676/1676 1725/1725/1725 1724/1724/1724
f 1677/1677/1677 1678/1678/1678 1726/1726/1726
f 1677/1677/1677 1726/1726/1726 1725/1725/1725
f 1678/1678/1678 1679/1679/1679 1727/1727/1727
f 1678/1678/1678 1727/1727/1727 1726/1726/1726
f 1679/1679/1679 1680/1680/1680 1728/1728/1728
f 1679/1679/1679 1728/1728/1728 1727/1727/1727
f 1680/1680/1680 1633/1633/1633 1681/1681/1681
f 1680/1680/1680 1681/1681/1681 1728/1728/1728
f 1681/1681/1681 1682/1682/1682 1730/1730/1730
f 1681/1681/1681 1730/1730/1730 1729/1729/1729
f 1682/1682/1682 1683/1683/1683 1731/1731/1731
f 1682/1682/1682 1731/1731/1731 1730/1730/1730
f 1683/1683/1683 1684/1684/1684 1732/1732/1732
f 1683/1683/1683 1732/1732/1732 1731/1731/1731
f 1684/1684/1684 1685/1685/1685 1733/1733/1733
f 1684/1684/1684 1733/1733/1733 1732/1732/1732
f 1685/1685/1685 1686/1686/1686 1734/1734/1734
f 1685/1685/1685 1734/1734/1734 1733/1733/1733
f 1686/1686/1686 1687/1687/1687 1735/1735/1735
f 1686/1686/1686 1735/1735/1735 1734/1734/1734
f 1687/1687/1687 1688/1688/1688 1736/1736/1736
f 1687/1687/1687 1736/1736/1736 1735/1735/1735
f 1688/1688/1688 1689/1689/1689 1737/1737/1737
f 1688/1688/1688 1737/1737/1737 1736/1736/1736
f 1689/1689/1689 1690/1690/1690 1738/1738/1738
f 1689/1689/1689 1738/1738/1738 1737/1737/1737
f 1690/1690/1690 1691/1691/1691 1739/1739/1739
f 1690/1690/1690 1739/1739/1739 1738/1738/1738
f 1691/1691/1691 1692/1692/1692 1740/1740/1740
f 1691/1691/1691 1740/1740/1740 1739/1739/1739
f 1692/1692/1692 1693/1693/1693 1741/1741/1741
f 1692/1692/1692 1741/1741/1741 1740/1740/1740
f 1693/1693/1693 1694/1694/1694 1742/1742/1742
f 1693/1693/1693 1742/1742/1742 1741/1741/1741
f 1694/1694/1694 1695/1695/1695 1743/1743/1743
f 1694/1694/1694 1743/1743/1743 1742/1742/1742
f 1695/1695/1695 1696/1696/1696 1744/1744/1744
f 1695/1695/1695 1744/1744/1744 1743/1743/1743
f 1696/1696/1696 1697/1697/1697 1745/1745/1745
f 1696/1696/1696 1745/1745/1745 1744/1744/1744
f 1697/1697/1697 1698/1698/1698 1746/1746/1746
f 1697/1697/1697 1746/1746/1746 1745/1745/1745
f 1698/1698/1698 1699/1699/1699 1747/1747/1747
f 1698/1698/1698 1747/1747/1747 1746/1746/1746
f 1699/1699/1699 1700/1700/1700 1748/1748/1748
f 1699/1699/1699 1748/1748/1748 1747/1747/1747
f 1700/1700/1700 1701/1701/1701 1749/1749/1749
f 1700/1700/1700 1749/1749/1749 1748/1748/1748
f 1701/1701/1701 1702/1702/1702 1750/1750/1750
f 1701/1701/1701 1750/1750/1750 1749/1749/1749
f 1702/1702/1702 1703/1703/1703 1751/1751/1751
f 1702/1702/1702 1751/1751/1751 1750/1750/1750
f 1703/1703/1703 1704/1704/1704 1752/1752/1752
f 1703/1703/1703 1752/1752/1752 1751/1751/1751
f 1704/1704/1704 1705/1705/1705 1753/1753/1753
f 1704/1704/1704 1753/1753/1753 1752/1752/1752
f 1705/1705/1705 1706/1706/1706 1754/1754/1754
f 1705/1705/1705 1754/1754/1754 1753/1753/1753
f 1706/1706/1706 1707/1707/1707 1755/1755/1755
f 1706/1706/1706 1755/1755/1755 1754/1754/1754
f 1707/1707/1707 1708/1708/1708 1756/1756/1756
f 1707/1707/1707 1756/1756/1756 1755/1755/1755
f 1708/1708/1708 1709/1709/1709 1757/1757/1757
f 1708/1708/1708 1757/1757/1757 1756/1756/1756
f 1709/1709/1709 1710/1710/1710 1758/1758/1758
f 1709/1709/1709 1758/1758/1758 1757/1757/1757
f 1710/1710/1710 1711/1711/1711 1759/1759/1759
f 1710/1710/1710 1759/1759/1759 1758/1758/1758
f 1711/1711/1711 1712/1712/1712 1760/1760/1760
f 1711/1711/1711 1760/1760/1760 1759/1759/1759
f 1712/1712/1712 1713/1713/1713 1761/1761/1761
f 1712/1712/1712 1761/1761/1761 1760/1760/1760
f 1713/1713/1713 1714/1714/1714 1762/1762/1762
f 1713/1713/1713 1762/1762/1762 1761/1761/1761
f 1714/1714/1714 1715/1715/1715 1763/1763/1763
f 1714/1714/1714 1763/1763/1763 1762/1762/1762
f 1715/1715/1715 1716/1716/1716 1764/1764/1764
f 1715/1715/1715 1764/1764/1764 1763/1763/1763
f 1716/1716/1716 1717/1717/1717 1765/1765/1765
f 1716/1716/1716 1765/1765/1765 1764/1764/1764
f 1717/1717/1717 1718/1718/1718 1766/1766/1766
f 1717/1717/1717 1766/1766/1766 1765/1765/1765
f 1718/1718/1718 1719/1719/1719 1767/1767/1767
f 1718/1718/1718 1767/1767/1767 1766/1766/1766
f 1719/1719/1719 1720/1720/1720 1768/1768/1768
f 1719/1719/1719 1768/1768/1768 1767/1767/1767
f 1720/1720/1720 1721/1721/1721 1769/1769/1769
f 1720/1720/1720 1769/1769/1769 1768/1768/1768
f 1721/1721/1721 1722/1722/1722 1770/1770/1770
f 1721/1721/1721 1770/1770/1770 1769/1769/1769
f 1722/1722/1722 1723/1723/1723 1771/1771/1771
f 1722/1722/1722 1771/1771/1771 1770/1770/1770
f 1723/1723/1723 1724/1724/1724 1772/1772/1772
f 1723/1723/1723 1772/1772/1772 1771/1771/1771
f 1724/1724/1724 1725/1725/1725 1773/1773/1773
f 1724/1724/1724 1773/1773/1773 1772/1772/1772
f 1725/1725/1725 1726/1726/1726 1774/1774/1774
f 1725/1725/1725 1774/1774/1774 1773/1773/1773
f 1726/1726/1726 1727/1727/1727 1775/1775/1775
f 1726/1726/1726 1775/1775/1775 1774/1774/1774
f 1727/1727/1727 1728/1728/1728 1776/1776/1776
f 1727/1727/1727 1776/1776/1776 1775/1775/1775
f 1728/1728/1728 1681/1681/1681 1729/1729/1729
f 1728/1728/1728 1729/1729/1729 1776/1776/1776
f 1729/1729/1729 1730/1730/1730 1778/1778/1778
f 1729/1729/1729 1778/1778/1778 1777/1777/1777
f 1730/1730/1730 1731/1731/1731 1779/1779/1779
f 1730/1730/1730 1779/1779/1779 1778/1778/1778
f 1731/1731/1731 1732/1732/1732 1780/1780/1780
f 1731/1731/1731 1780/1780/1780 1779/1779/1779
f 1732/1732/1732 1733/1733/1733 1781/1781/1781
f 1732/1732/1732 1781/1781/1781 1780/1780/1780
f 1733/1733/1733 1734/1734/1734 1782/1782/1782
f 1733/1733/1733 1782/1782/1782 1781/1781/1781
f 1734/1734/1734 1735/1735/1735 1783/1783/1783
f 1734/1734/1734 1783/1783/1783 1782/1782/1782
f 1735/1735/1735 1736/1736/1736 1784/1784/1784
f 1735/1735/1735 1784/1784/1784 1783/1783/1783
f 1736/1736/1736 1737/1737/1737 1785/1785/1785
f 1736/1736/1736 1785/1785/1785 1784/1784/1784
f 1737/1737/1737 1738/1738/1738 1786/1786/1786
f 1737/1737/1737 1786/1786/1786 1785/1785/1785
f 1738/1738/1738 1739/1739/1739 1787/1787/1787
f 1738/1738/1738 1787/1787/1787 1786/1786/1786
f 1739/1739/1739 1740/1740/1740 1788/1788/1788
f 1739/1739/1739 1788/1788/1788 1787/1787/1787
f 1740/1740/1740 1741/1741/1741 1789/1789/1789
f 1740/1740/1740 1789/1789/1789 1788/1788/1788
f 1741/1741/1741 1742/1742/1742 1790/1790/1790
f 1741/1741/1741 1790/1790/1790 1789/1789/1789
f 1742/1742/1742 1743/1743/1743 1791/1791/1791
f 1742/1742/1742 1791/1791/1791 1790/1790/1790
f 1743/1743/1743 1744/1744/1744 1792/1792/1792
f 1743/1743/1743 1792/1792/1792 1791/1791/1791
f 1744/1744/1744 1745/1745/1745 1793/1793/1793
f 1744/1744/1744 1793/1793/1793 1792/1792/1792
f 1745/1745/1745 1746/1746/1746 1794/1794/1794
f 1745/1745/1745 1794/1794/1794 1793/1793/1793
f 1746/1746/1746 1747/1747/1747 1795/1795/1795
f 1746/1746/1746 1795/1795/1795 1794/1794/1794
f 1747/1747/1747 1748/1748/1748 1796/1796/1796
f 1747/1747/1747 1796/1796/1796 1795/1795/1795
f 1748/1748/1748 1749/1749/1749 1797/1797/1797
f 1748/1748/1748 1797/1797/1797 1796/1796/1796
f 1749/1749/1749 1750/1750/1750 1798/1798/1798
f 1749/1749/1749 1798/1798/1798 1797/1797/1797
f 1750/1750/1750 1751/1751/1751 1799/1799/1799
f 1750/1750/1750 1799/1799/1799 1798/1798/1798
f 1751/1751/1751 1752/1752/1752 1800/1800/1800
f 1751/1751/1751 1800/1800/1800 1799/1799/1799
f 1752/1752/1752 1753/1753/1753 1801/1801/1801
f 1752/1752/1752 1801/1801/1801 1800/1800/1800
f 1753/1753/1753 1754/1754/1754 1802/1802/1802
f 1753/1753/1753 1802/1802/1802 1801/1801/1801
f 1754/1754/1754 1755/1755/1755 1803/1803/1803
f 1754/1754/1754 1803/1803/1803 1802/1802/1802
f 1755/1755/1755 1756/1756/1756 1804/1804/1804
f 1755/1755/1755 1804/1804/1804 1803/1803/1803
f 1756/1756/1756 1757/1757/1757 1805/1805/1805
f 1756/1756/1756 1805/1805/1805 1804/1804/1804
f 1757/1757/1757 1758/1758/1758 1806/1806/1806
f 1757/1757/1757 1806/1806/1806 1805/1805/1805
f 1758/1758/1758 1759/1759/1759 1807/1807/1807
f 1758/1758/1758 1807/1807/1807 1806/1806/1806
f 1759/1759/1759 1760/1760/1760 1808/1808/1808
f 1759/1759/1759 1808/1808/1808 1807/1807/1807
f 1760/1760/1760 1761/1761/1761 1809/1809/1809
f 1760/1760/1760 1809/1809/1809 1808/1808/1808
f 1761/1761/1761 1762/1762/1762 1810/1810/1810
f 1761/1761/1761 1810/1810/1810 1809/1809/1809
f 1762/1762/1762 1763/1763/1763 1811/1811/1811
f 1762/1762/1762 1811/1811/1811 1810/1810/1810
f 1763/1763/1763 1764/1764/1764 1812/1812/1812
f 1763/1763/1763 1812/1812/1812 1811/1811/1811
f 1764/1764/1764 1765/1765/1765 1813/1813/1813
f 1764/1764/1764 1813/1813/1813 1812/1812/1812
f 1765/1765/1765 1766/1766/1766 1814/1814/1814
f 1765/1765/1765 1814/1814/1814 1813/1813/1813
f 1766/1766/1766 1767/1767/1767 1815/1815/1815
f 1766/1766/1766 1815/1815/1815 1814/1814/1814
f 1767/1767/1767 1768/1768/1768 1816/1816/1816
f 1767/1767/1767 1816/1816/1816 1815/1815/1815
f 1768/1768/1768 1769/1769/1769 1817/1817/1817
f 1768/1768/1768 1817/1817/1817 1816/1816/1816
f 1769/1769/1769 1770/1770/1770 1818/1818/1818
f 1769/1769/1769 1818/1818/1818 1817/1817/1817
f 1770/1770/1770 1771/1771/1771 1819/1819/1819
f 1770/1770/1770 1819/1819/1819 1818/1818/1818
f 1771/1771/1771 1772/1772/1772 1820/1820/1820
f 1771/1771/1771 1820/1820/1820 1819/1819/1819
f 1772/1772/1772 1773/1773/1773 1821/1821/1821
f 1772/1772/1772 1821/1821/1821 1820/1820/1820
f 1773/1773/1773 1774/1774/1774 1822/1822/1822
f 1773/1773/1773 1822/1822/1822 1821/1821/1821
f 1774/1774/1774 1775/1775/1775 1823/1823/1823
f 1774/1774/1774 1823/1823/1823 1822/1822/1822
f 1775/1775/1775 1776/1776/1776 1824/1824/1824
f 1775/1775/1775 1824/1824/1824 1823/1823/1823
f 1776/1776/1776 1729/1729/1729 1777/1777/1777
f 1776/1776/1776 1777/1777/1777 1824/1824/1824
f 1777/1777/1777 1778/1778/1778 1826/1826/1826
f 1777/1777/1777 1826/1826/1826 1825/1825/1825
f 1778/1778/1778 1779/1779/1779 1827/1827/1827
f 1778/1778/1778 1827/1827/1827 1826/1826/1826
f 1779/1779/1779 1780/1780/1780 1828/1828/1828
f 1779/1779/1779 1828/1828/1828 1827/1827/1827
f 1780/1780/1780 1781/1781/1781 1829/1829/1829
f 1780/1780/1780 1829/1829/1829 1828/1828/1828
f 1781/1781/1781 1782/1782/1782 1830/1830/1830
f 1781/1781/1781 1830/1830/1830 1829/1829/1829
f 1782/1782/1782 1783/1783/1783 1831/1831/1831
f 1782/1782/1782 1831/1831/1831 1830/1830/1830
f 1783/1783/1783 1784/1784/1784 1832/1832/1832
f 1783/1783/1783 1832/1832/1832 1831/1831/1831
f 1784/1784/1784 1785/1785/1785 1833/1833/1833
f 1784/1784/1784 1833/1833/1833 1832/1832/1832
f 1785/1785/1785 1786/1786/1786 1834/1834/1834
f 1785/1785/1785 1834/1834/1834 1833/1833/1833
f 1786/1786/1786 1787/1787/1787 1835/1835/1835
f 1786/1786/1786 1835/1835/1835 1834/1834/1834
f 1787/1787/1787 1788/1788/1788 1836/1836/1836
f 1787/1787/1787 1836/1836/1836 1835/1835/1835
f 1788/1788/1788 1789/1789/1789 1837/1837/1837
f 1788/1788/1788 1837/1837/1837 1836/1836/1836
f 1789/1789/1789 1790/1790/1790 1838/1838/1838
f 1789/1789/1789 1838/1838/1838 1837/1837/1837
f 1790/1790/1790 1791/1791/1791 1839/1839/1839
f 1790/1790/1790 1839/1839/1839 1838/1838/1838
f 1791/1791/1791 1792/1792/1792 1840/1840/1840
f 1791/1791/1791 1840/1840/1840 1839/1839/1839
f 1792/1792/1792 1793/1793/1793 1841/1841/1841
f 1792/1792/1792 1841/1841/1841 1840/1840/1840
f 1793/1793/1793 1794/1794/1794 1842/1842/1842
f 1793/1793/1793 1842/1842/1842 1841/1841/1841
f 1794/1794/1794 1795/1795/1795 1843/1843/1843
f 1794/1794/1794 1843/1843/1843 1842/1842/1842
f 1795/1795/1795 1796/1796/1796 1844/1844/1844
f 1795/1795/1795 1844/1844/1844 1843/1843/1843
f 1796/1796/1796 1797/1797/1797 1845/1845/1845
f 1796/1796/1796 1845/1845/1845 1844/1844/1844
f 1797/1797/1797 1798/1798/1798 1846/1846/1846
f 1797/1797/1797 1846/1846/1846 1845/1845/1845
f 1798/1798/1798 1799/1799/1799 1847/1847/1847
f 1798/1798/1798 1847/1847/1847 1846/1846/1846
f 1799/1799/1799 1800/1800/1800 1848/1848/1848
f 1799/1799/1799 1848/1848/1848 1847/1847/1847
f 1800/1800/1800 1801/1801/1801 1849/1849/1849
f 1800/1800/1800 1849/1849/1849 1848/1848/1848
f 1801/1801/1801 1802/1802/1802 1850/1850/1850
f 1801/1801/1801 1850/1850/1850 1849/1849/1849
f 1802/1802/1802 1803/1803/1803 1851/1851/1851
f 1802/1802/1802 1851/1851/1851 1850/1850/1850
f 1803/1803/1803 1804/1804/1804 1852/1852/1852
f 1803/1803/1803 1852/1852/1852 1851/1851/1851
f 1804/1804/1804 1805/1805/1805 1853/1853/1853
f 1804/1804/1804 1853/1853/1853 1852/1852/1852
f 1805/1805/1805 1806/1806/1806 1854/1854/1854
f 1805/1805/1805 1854/1854/1854 1853/1853/1853
f 1806/1806/1806 1807/1807/1807 1855/1855/1855
f 1806/1806/1806 1855/1855/1855 1854/1854/1854
f 1807/1807/1807 1808/1808/1808 1856/1856/1856
f 1807/1807/1807 1856/1856/1856 1855/1855/1855
f 1808/1808/1808 1809/1809/1809 1857/1857/1857
f 1808/1808/1808 1857/1857/1857 1856/1856/1856
f 1809/1809/1809 1810/1810/1810 1858/1858/1858
f 1809/1809/1809 1858/1858/1858 1857/1857/1857
f 1810/1810/1810 1811/1811/1811 1859/1859/1859
f 1810/1810/1810 1859/1859/1859 1858/1858/1858
f 1811/1811/1811 1812/1812/1812 1860/1860/1860
f 1811/1811/1811 1860/1860/1860 1859/1859/1859
f 1812/1812/1812 1813/1813/1813 1861/1861/1861
f 1812/1812/1812 1861/1861/1861 1860/1860/1860
f 1813/1813/1813 1814/1814/1814 1862/1862/1862
f 1813/1813/1813 1862/1862/1862 1861/1861/1861
f 1814/1814/1814 1815/1815/1815 1863/1863/1863
f 1814/1814/1814 1863/1863/1863 1862/1862/1862
f 1815/1815/1815 1816/1816/1816 1864/1864/1864
f 1815/1815/1815 1864/1864/1864 1863/1863/1863
f 1816/1816/1816 1817/1817/1817 1865/1865/1865
f 1816/1816/1816 1865/1865/1865 1864/1864/1864
f 1817/1817/1817 1818/1818/1818 1866/1866/1866
f 1817/1817/1817 1866/1866/1866 1865/1865/1865
f 1818/1818/1818 1819/1819/1819 1867/1867/1867
f 1818/1818/1818 1867/1867/1867 1866/1866/1866
f 1819/1819/1819 1820/1820/1820 1868/1868/1868
f 1819/1819/1819 1868/1868/1868 1867/1867/1867
f 1820/1820/1820 1821/1821/1821 1869/1869/1869
f 1820/1820/1820 1869/1869/1869 1868/1868/1868
f 1821/1821/1821 1822/1822/1822 1870/1870/1870
f 1821/1821/1821 1870/1870/1870 1869/1869/1869
f 1822/1822/1822 1823/1823/1823 1871/1871/1871
f 1822/1822/1822 1871/1871/1871 1870/1870/1870
f 1823/1823/1823 1824/1824/1824 1872/1872/1872
f 1823/1823/1823 1872/1872/1872 1871/1871/1871
f 1824/1824/1824 1777/1777/1777 1825/1825/1825
f 1824/1824/1824 1825/1825/1825 1872/1872/1872
f 1825/1825/1825 1826/1826/1826 1874/1874/1874
f 1825/1825/1825 1874/1874/1874 1873/1873/1873
f 1826/1826/1826 1827/1827/1827 1875/1875/1875
f 1826/1826/1826 1875/1875/1875 1874/1874/1874
f 1827/1827/1827 1828/1828/1828 1876/1876/1876
f 1827/1827/1827 1876/1876/1876 1875/1875/1875
f 1828/1828/1828 1829/1829/1829 1877/1877/1877
f 1828/1828/1828 1877/1877/1877 1876/1876/1876
f 1829/1829/1829 1830/1830/1830 1878/1878/1878
f 1829/1829/1829 1878/1878/1878 1877/1877/1877
f 1830/1830/1830 1831/1831/1831 1879/1879/1879
f 1830/1830/1830 1879/1879/1879 1878/1878/1878
f 1831/1831/1831 1832/1832/1832 1880/1880/1880
f 1831/1831/1831 1880/1880/1880 1879/1879/1879
f 1832/1832/1832 1833/1833/1833 1881/1881/1881
f 1832/1832/1832 1881/1881/1881 1880/1880/1880
f 1833/1833/1833 1834/1834/1834 1882/1882/1882
f 1833/1833/1833 1882/1882/1882 1881/1881/1881
f 1834/1834/1834 1835/1835/1835 1883/1883/1883
f 1834/1834/1834 1883/1883/1883 1882/1882/1882
f 1835/1835/1835 1836/1836/1836 1884/1884/1884
f 1835/1835/1835 1884/1884/1884 1883/1883/1883
f 1836/1836/1836 1837/1837/1837 1885/1885/1885
f 1836/1836/1836 1885/1885/1885 1884/1884/1884
f 1837/1837/1837 1838/1838/1838 1886/1886/1886
f 1837/1837/1837 1886/1886/1886 1885/1885/1885
f 1838/1838/1838 1839/1839/1839 1887/1887/1887
f 1838/1838/1838 1887/1887/1887 1886/1886/1886
f 1839/1839/1839 1840/1840/1840 1888/1888/1888
f 1839/1839/1839 1888/1888/1888 1887/1887/1887
f 1840/1840/1840 1841/1841/1841 1889/1889/1889
f 1840/1840/1840 1889/1889/1889 1888/1888/1888
f 1841/1841/1841 1842/1842/1842 1890/1890/1890
f 1841/1841/1841 1890/1890/1890 1889/1889/1889
f 1842/1842/1842 1843/1843/1843 1891/1891/1891
f 1842/1842/1842 1891/1891/1891 1890/1890/1890
f 1843/1843/1843 1844/1844/1844 1892/1892/1892
f 1843/1843/1843 1892/1892/1892 1891/1891/1891
f 1844/1844/1844 1845/1845/1845 1893/1893/1893
f 1844/1844/1844 1893/1893/1893 1892/1892/1892
f 1845/1845/1845 1846/1846/1846 1894/1894/1894
f 1845/1845/1845 1894/1894/1894 1893/1893/1893
f 1846/1846/1846 1847/1847/1847 1895/1895/1895
f 1846/1846/1846 1895/1895/1895 1894/1894/1894
f 1847/1847/1847 1848/1848/1848 1896/1896/1896
f 1847/1847/1847 1896/1896/1896 1895/1895/1895
f 1848/1848/1848 1849/1849/1849 1897/1897/1897
f 1848/1848/1848 1897/1897/1897 1896/1896/1896
f 1849/1849/1849 1850/1850/1850 1898/1898/1898
f 1849/1849/1849 1898/1898/1898 1897/1897/1897
f 1850/1850/1850 1851/1851/1851 1899/1899/1899
f 1850/1850/1850 1899/1899/1899 1898/1898/1898
f 1851/1851/1851 1852/1852/1852 1900/1900/1900
f 1851/1851/1851 1900/1900/1900 1899/1899/1899
f 1852/1852/1852 1853/1853/1853 1901/1901/1901
f 1852/1852/1852 1901/1901/1901 1900/1900/1900
f 1853/1853/1853 1854/1854/1854 1902/1902/1902
f 1853/1853/1853 1902/1902/1902 1901/1901/1901
f 1854/1854/1854 1855/1855/1855 1903/1903/1903
f 1854/1854/1854 1903/1903/1903 1902/1902/1902
f 1855/1855/1855 1856/1856/1856 1904/1904/1904
f 1855/1855/1855 1904/1904/1904 1903/1903/1903
f 1856/1856/1856 1857/1857/1857 1905/1905/1905
f 1856/1856/1856 1905/1905/1905 1904/1904/1904
f 1857/1857/1857 1858/1858/1858 1906/1906/1906
f 1857/1857/1857 1906/1906/1906 1905/1905/1905
f 1858/1858/1858 1859/1859/1859 1907/1907/1907
f 1858/1858/1858 1907/1907/1907 1906/1906/1906
f 1859/1859/1859 1860/1860/1860 1908/1908/1908
f 1859/1859/1859 1908/1908/1908 1907/1907/1907
f 1860/1860/1860 1861/1861/1861 1909/1909/1909
f 1860/1860/1860 1909/1909/1909 1908/1908/1908
f 1861/1861/1861 1862/1862/1862 1910/1910/1910
f 1861/1861/1861 1910/1910/1910 1909/1909/1909
f 1862/1862/1862 1863/1863/1863 1911/1911/1911
f 1862/1862/1862 1911/1911/1911 1910/1910/1910
f 1863/1863/1863 1864/1864/1864 1912/1912/1912
f 1863/1863/1863 1912/1912/1912 1911/1911/1911
f 1864/1864/1864 1865/1865/1865 1913/1913/1913
f 1864/1864/1864 1913/1913/1913 1912/1912/1912
f 1865/1865/1865 1866/1866/1866 1914/1914/1914
f 1865/1865/1865 1914/1914/1914 1913/1913/1913
f 1866/1866/1866 1867/1867/1867 1915/1915/1915
f 1866/1866/1866 1915/1915/1915 1914/1914/1914
f 1867/1867/1867 1868/1868/1868 1916/1916/1916
f 1867/1867/1867 1916/1916/1916 1915/1915/1915
f 1868/1868/1868 1869/1869/1869 1917/1917/1917
f 1868/1868/1868 1917/1917/1917 1916/1916/1916
f 1869/1869/1869 1870/1870/1870 1918/1918/1918
f 1869/1869/1869 1918/1918/1918 1917/1917/1917
f 1870/1870/1870 1871/1871/1871 1919/1919/1919
f 1870/1870/1870 1919/1919/1919 1918/1918/1918
f 1871/1871/1871 1872/1872/1872 1920/1920/1920
f 1871/1871/1871 1920/1920/1920 1919/1919/1919
f 1872/1872/1872 1825/1825/1825 1873/1873/1873
f 1872/1872/1872 1873/1873/1873 1920/1920/1920
f 1873/1873/1873 1874/1874/1874 1922/1922/1922
f 1873/1873/1873 1922/1922/1922 1921/1921/1921
f 1874/1874/1874 1875/1875/1875 1923/1923/1923
f 1874/1874/1874 1923/1923/1923 1922/1922/1922
f 1875/1875/1875 1876/1876/1876 1924/1924/1924
f 1875/1875/1875 1924/1924/1924 1923/1923/1923
f 1876/1876/1876 1877/1877/1877 1925/1925/1925
f 1876/1876/1876 1925/1925/1925 1924/1924/1924
f 1877/1877/1877 1878/1878/1878 1926/1926/1926
f 1877/1877/1877 1926/1926/1926 1925/1925/1925
f 1878/1878/1878 1879/1879/1879 1927/1927/1927
f 1878/1878/1878 1927/1927/1927 1926/1926/1926
f 1879/1879/1879 1880/1880/1880 1928/1928/1928
f 1879/1879/1879 1928/1928/1928 1927/1927/1927
f 1880/1880/1880 1881/1881/1881 1929/1929/1929
f 1880/1880/1880 1929/1929/1929 1928/1928/1928
f 1881/1881/1881 1882/1882/1882 1930/1930/1930
f 1881/1881/1881 1930/1930/1930 1929/1929/1929
f 1882/1882/1882 1883/1883/1883 1931/1931/1931
f 1882/1882/1882 1931/1931/1931 1930/1930/1930
f 1883/1883/1883 1884/1884/1884 1932/1932/1932
f 1883/1883/1883 1932/1932/1932 1931/1931/1931
f 1884/1884/1884 1885/1885/1885 1933/1933/1933
f 1884/1884/1884 1933/1933/1933 1932/1932/1932
f 1885/1885/1885 1886/1886/1886 1934/1934/1934
f 1885/1885/1885 1934/1934/1934 1933/1933/1933
f 1886/1886/1886 1887/1887/1887 1935/1935/1935
f 1886/1886/1886 1935/1935/1935 1934/1934/1934
f 1887/1887/1887 1888/1888/1888 1936/1936/1936
f 1887/1887/1887 1936/1936/1936 1935/1935/1935
f 1888/1888/1888 1889/1889/1889 1937/1937/1937
f 1888/1888/1888 1937/1937/1937 1936/1936/1936
f 1889/1889/1889 1890/1890/1890 1938/1938/1938
f 1889/1889/1889 1938/1938/1938 1937/1937/1937
f 1890/1890/1890 1891/1891/1891 1939/1939/1939
f 1890/1890/1890 1939/1939/1939 1938/1938/1938
f 1891/1891/1891 1892/1892/1892 1940/1940/1940
f 1891/1891/1891 1940/1940/1940 1939/1939/1939
f 1892/1892/1892 1893/1893/1893 1941/1941/1941
f 1892/1892/1892 1941/1941/1941 1940/1940/1940
f 1893/1893/1893 1894/1894/1894 1942/1942/1942
f 1893/1893/1893 1942/1942/1942 1941/1941/1941
f 1894/1894/1894 1895/1895/1895 1943/1943/1943
f 1894/1894/1894 1943/1943/1943 1942/1942/1942
f 1895/1895/1895 1896/1896/1896 1944/1944/1944
f 1895/1895/1895 1944/1944/1944 1943/1943/1943
f 1896/1896/1896 1897/1897/1897 1945/1945/1945
f 1896/1896/1896 1945/1945/1945 1944/1944/1944
f 1897/1897/1897 1898/1898/1898 1946/1946/1946
f 1897/1897/1897 1946/1946/1946 1945/1945/1945
f 1898/1898/1898 1899/1899/1899 1947/1947/1947
f 1898/1898/1898 1947/1947/1947 1946/1946/1946
f 1899/1899/1899 1900/1900/1900 1948/1948/1948
f 1899/1899/1899 1948/1948/1948 1947/1947/1947
f 1900/1900/1900 1901/1901/1901 1949/1949/1949
f 1900/1900/1900 1949/1949/1949 1948/1948/1948
f 1901/1901/1901 1902/1902/1902 1950/1950/1950
f 1901/1901/1901 1950/1950/1950 1949/1949/1949
f 1902/1902/1902 1903/1903/1903 1951/1951/1951
f 1902/1902/1902 1951/1951/1951 1950/1950/1950
f 1903/1903/1903 1904/1904/1904 1952/1952/1952
f 1903/1903/1903 1952/1952/1952 1951/1951/1951
f 1904/1904/1904 1905/1905/1905 1953/1953/1953
f 1904/1904/1904 1953/1953/1953 1952/1952/1952
f 1905/1905/1905 1906/1906/1906 1954/1954/1954
f 1905/1905/1905 1954/1954/1954 1953/1953/1953
f 1906/1906/1906 1907/1907/1907 1955/1955/1955
f 1906/1906/1906 1955/1955/1955 1954/1954/1954
f 1907/1907/1907 1908/1908/1908 1956/1956/1956
f 1907/1907/1907 1956/1956/1956 1955/1955/1955
f 1908/1908/1908 1909/1909/1909 1957/1957/1957
f 1908/1908/1908 1957/1957/1957 1956/1956/1956
f 1909/1909/1909 1910/1910/1910 1958/1958/1958
f 1909/1909/1909 1958/1958/1958 1957/1957/1957
f 1910/1910/1910 1911/1911/1911 1959/1959/1959
f 1910/1910/1910 1959/1959/1959 1958/1958/1958
f 1911/1911/1911 1912/1912/1912 1960/1960/1960
f 1911/1911/1911 1960/1960/1960 1959/1959/1959
f 1912/1912/1912 1913/1913/1913 1961/1961/1961
f 1912/1912/1912 1961/1961/1961 1960/1960/1960
f 1913/1913/1913 1914/1914/1914 1962/1962/1962
f 1913/1913/1913 1962/1962/1962 1961/1961/1961
f 1914/1914/1914 1915/1915/1915 1963/1963/1963
f 1914/1914/1914 1963/1963/1963 1962/1962/1962
f 1915/1915/1915 1916/1916/1916 1964/1964/1964
f 1915/1915/1915 1964/1964/1964 1963/1963/1963
f 1916/1916/1916 1917/1917/1917 1965/1965/1965
f 1916/1916/1916 1965/1965/1965 1964/1964/1964
f 1917/1917/1917 1918/1918/1918 1966/1966/1966
f 1917/1917/1917 1966/1966/1966 1965/1965/1965
f 1918/1918/1918 1919/1919/1919 1967/1967/1967
f 1918/1918/1918 1967/1967/1967 1966/1966/1966
f 1919/1919/1919 1920/1920/1920 1968/1968/1968
f 1919/1919/1919 1968/1968/1968 1967/1967/1967
f 1920/1920/1920 1873/1873/1873 1921/1921/1921
f 1920/1920/1920 1921/1921/1921 1968/1968/1968
f 1969/1969/1969 1970/1970/1970 1978/1978/1978
f 1969/1969/1969 1978/1978/1978 1977/1977/1977
f 1970/1970/1970 1971/1971/1971 1979/1979/1979
f 1970/1970/1970 1979/1979/1979 1978/1978/1978
f 1971/1971/1971 1972/1972/1972 1980/1980/1980
f 1971/1971/1971 1980/1980/1980 1979/1979/1979
f 1972/1972/1972 1973/1973/1973 1981/1981/1981
f 1972/1972/1972 1981/1981/1981 1980/1980/1980
f 1973/1973/1973 1974/1974/1974 1982/1982/1982
f 1973/1973/1973 1982/1982/1982 1981/1981/1981
f 1974/1974/1974 1975/1975/1975 1983/1983/1983
f 1974/1974/1974 1983/1983/1983 1982/1982/1982
f 1975/1975/1975 1976/1976/1976 1984/1984/1984
f 1975/1975/1975 1984/1984/1984 1983/1983/1983
f 1976/1976/1976 1969/1969/1969 1977/1977/1977
f 1976/1976/1976 1977/1977/1977 1984/1984/1984
