v 0.000000 0.000000 0.900000
v 0.000000 0.000000 0.900000
v 0.000000 0.000000 0.900000
v 0.000000 0.000000 0.900000
v 0.000000 0.000000 0.900000
v 0.000000 0.000000 0.900000
v 0.000000 0.000000 0.900000
v 0.000000 0.000000 0.900000
v 0.000000 0.000000 0.900000
v 0.000000 0.000000 0.900000
v 0.000000 0.000000 0.900000
v 0.000000 0.000000 0.900000
v 0.000000 0.000000 0.900000
v -0.000000 0.000000 0.900000
v -0.000000 0.000000 0.900000
v -0.000000 0.000000 0.900000
v -0.000000 0.000000 0.900000
v -0.000000 0.000000 0.900000
v -0.000000 0.000000 0.900000
v -0.000000 0.000000 0.900000
v -0.000000 0.000000 0.900000
v -0.000000 0.000000 0.900000
v -0.000000 0.000000 0.900000
v -0.000000 0.000000 0.900000
v -0.000000 0.000000 0.900000
v -0.000000 -0.000000 0.900000
v -0.000000 -0.000000 0.900000
v -0.000000 -0.000000 0.900000
v -0.000000 -0.000000 0.900000
v -0.000000 -0.000000 0.900000
v -0.000000 -0.000000 0.900000
v -0.000000 -0.000000 0.900000
v -0.000000 -0.000000 0.900000
v -0.000000 -0.000000 0.900000
v -0.000000 -0.000000 0.900000
v -0.000000 -0.000000 0.900000
v -0.000000 -0.000000 0.900000
v 0.000000 -0.000000 0.900000
v 0.000000 -0.000000 0.900000
v 0.000000 -0.000000 0.900000
v 0.000000 -0.000000 0.900000
v 0.000000 -0.000000 0.900000
v 0.000000 -0.000000 0.900000
v 0.000000 -0.000000 0.900000
v 0.000000 -0.000000 0.900000
v 0.000000 -0.000000 0.900000
v 0.000000 -0.000000 0.900000
v 0.000000 -0.000000 0.900000
v 0.052472 0.000000 0.897707
v 0.054106 0.007123 0.897707
v 0.054418 0.014581 0.897707
v 0.053137 0.022010 0.897707
v 0.050177 0.028969 0.897707
v 0.045659 0.035035 0.897707
v 0.039888 0.039888 0.897707
v 0.033288 0.043382 0.897707
v 0.026307 0.045565 0.897707
v 0.019325 0.046656 0.897707
v 0.012588 0.046978 0.897707
v 0.006170 0.046866 0.897707
v 0.000000 0.046574 0.897707
v -0.006084 0.046213 0.897707
v -0.012250 0.045717 0.897707
v -0.018587 0.044872 0.897707
v -0.025046 0.043381 0.897707
v -0.031419 0.040946 0.897707
v -0.037366 0.037366 0.897707
v -0.042484 0.032599 0.897707
v -0.046394 0.026785 0.897707
v -0.048831 0.020227 0.897707
v -0.049712 0.013320 0.897707
v -0.049149 0.006471 0.897707
v -0.047428 0.000000 0.897707
v -0.044939 -0.005916 0.897707
v -0.042079 -0.011275 0.897707
v -0.039159 -0.016220 0.897707
v -0.036340 -0.020981 0.897707
v -0.033598 -0.025780 0.897707
v -0.030752 -0.030752 0.897707
v -0.027527 -0.035874 0.897707
v -0.023643 -0.040952 0.897707
v -0.018905 -0.045640 0.897707
v -0.013268 -0.049519 0.897707
v -0.006870 -0.052180 0.897707
v -0.000000 -0.053326 0.897707
v 0.006956 -0.052833 0.897707
v 0.013606 -0.050779 0.897707
v 0.019643 -0.047423 0.897707
v 0.024904 -0.043136 0.897707
v 0.029397 -0.038310 0.897707
v 0.033274 -0.033274 0.897707
v 0.036772 -0.028216 0.897707
v 0.040123 -0.023165 0.897707
v 0.043464 -0.018004 0.897707
v 0.046785 -0.012536 0.897707
v 0.049897 -0.006569 0.897707
v 0.105064 0.000000 0.890839
v 0.108337 0.014263 0.890839
v 0.108960 0.029196 0.890839
v 0.106395 0.044070 0.890839
v 0.100468 0.058005 0.890839
v 0.091422 0.070150 0.890839
v 0.079868 0.079868 0.890839
v 0.066652 0.086863 0.890839
v 0.052674 0.091233 0.890839
v 0.038695 0.093418 0.890839
v 0.025204 0.094063 0.890839
v 0.012354 0.093838 0.890839
v 0.000000 0.093255 0.890839
v -0.012182 0.092531 0.890839
v -0.024528 0.091538 0.890839
v -0.037216 0.089847 0.890839
v -0.050149 0.086860 0.890839
v -0.062910 0.081985 0.890839
v -0.074818 0.074818 0.890839
v -0.085065 0.065273 0.890839
v -0.092893 0.053632 0.890839
v -0.097774 0.040499 0.890839
v -0.099537 0.026671 0.890839
v -0.098410 0.012956 0.890839
v -0.094965 0.000000 0.890839
v -0.089981 -0.011846 0.890839
v -0.084254 -0.022576 0.890839
v -0.078408 -0.032478 0.890839
v -0.072762 -0.042009 0.890839
v -0.067272 -0.051620 0.890839
v -0.061574 -0.061574 0.890839
v -0.055118 -0.071831 0.890839
v -0.047341 -0.081997 0.890839
v -0.037853 -0.091385 0.890839
v -0.026567 -0.099150 0.890839
v -0.013755 -0.104479 0.890839
v -0.000000 -0.106774 0.890839
v 0.013927 -0.105786 0.890839
v 0.027244 -0.101675 0.890839
v 0.039332 -0.094955 0.890839
v 0.049866 -0.086370 0.890839
v 0.058860 -0.076708 0.890839
v 0.066624 -0.066624 0.890839
v 0.073628 -0.056497 0.890839
v 0.080337 -0.046382 0.890839
v 0.087028 -0.036048 0.890839
v 0.093676 -0.025100 0.890839
v 0.099908 -0.013153 0.890839
v 0.159273 0.000000 0.879432
v 0.164234 0.021622 0.879432
v 0.165179 0.044260 0.879432
v 0.161290 0.066809 0.879432
v 0.152306 0.087934 0.879432
v 0.138592 0.106345 0.879432
v 0.121076 0.121076 0.879432
v 0.101042 0.131681 0.879432
v 0.079851 0.138307 0.879432
v 0.058660 0.141618 0.879432
v 0.038209 0.142596 0.879432
v 0.018728 0.142256 0.879432
v 0.000000 0.141372 0.879432
v -0.018467 0.140274 0.879432
v -0.037183 0.138769 0.879432
v -0.056418 0.136206 0.879432
v -0.076024 0.131677 0.879432
v -0.095369 0.124287 0.879432
v -0.113421 0.113421 0.879432
v -0.128956 0.098951 0.879432
v -0.140823 0.081304 0.879432
v -0.148223 0.061396 0.879432
v -0.150895 0.040432 0.879432
v -0.149185 0.019641 0.879432
v -0.143964 0.000000 0.879432
v -0.136408 -0.017958 0.879432
v -0.127725 -0.034224 0.879432
v -0.118864 -0.049235 0.879432
v -0.110305 -0.063685 0.879432
v -0.101982 -0.078254 0.879432
v -0.093344 -0.093344 0.879432
v -0.083557 -0.108893 0.879432
v -0.071767 -0.124304 0.879432
v -0.057383 -0.138536 0.879432
v -0.040275 -0.150308 0.879432
v -0.020852 -0.158387 0.879432
v -0.000000 -0.161865 0.879432
v 0.021113 -0.160368 0.879432
v 0.041301 -0.154136 0.879432
v 0.059626 -0.143949 0.879432
v 0.075595 -0.130934 0.879432
v 0.089230 -0.116287 0.879432
v 0.100999 -0.100999 0.879432
v 0.111618 -0.085648 0.879432
v 0.121788 -0.070314 0.879432
v 0.131932 -0.054648 0.879432
v 0.142010 -0.038051 0.879432
v 0.151457 -0.019940 0.879432
v 0.218635 0.000000 0.863544
v 0.225445 0.029680 0.863544
v 0.226742 0.060755 0.863544
v 0.221404 0.091708 0.863544
v 0.209070 0.120707 0.863544
v 0.190246 0.145981 0.863544
v 0.166202 0.166202 0.863544
v 0.138701 0.180759 0.863544
v 0.109612 0.189854 0.863544
v 0.080523 0.194400 0.863544
v 0.052449 0.195742 0.863544
v 0.025708 0.195275 0.863544
v 0.000000 0.194062 0.863544
v -0.025350 0.192555 0.863544
v -0.051041 0.190488 0.863544
v -0.077445 0.186970 0.863544
v -0.104358 0.180754 0.863544
v -0.130913 0.170609 0.863544
v -0.155694 0.155694 0.863544
v -0.177018 0.135831 0.863544
v -0.193308 0.111607 0.863544
v -0.203466 0.084278 0.863544
v -0.207134 0.055501 0.863544
v -0.204787 0.026961 0.863544
v -0.197619 0.000000 0.863544
v -0.187248 -0.024652 0.863544
v -0.175329 -0.046979 0.863544
v -0.163165 -0.067585 0.863544
v -0.151417 -0.087420 0.863544
v -0.139991 -0.107419 0.863544
v -0.128134 -0.128134 0.863544
v -0.114698 -0.149478 0.863544
v -0.098515 -0.170633 0.863544
v -0.078770 -0.190169 0.863544
v -0.055286 -0.206329 0.863544
v -0.028624 -0.217419 0.863544
v -0.000000 -0.222193 0.863544
v 0.028982 -0.220138 0.863544
v 0.056693 -0.211583 0.863544
v 0.081848 -0.197599 0.863544
v 0.103769 -0.179733 0.863544
v 0.122487 -0.159628 0.863544
v 0.138642 -0.138642 0.863544
v 0.153219 -0.117569 0.863544
v 0.167179 -0.096521 0.863544
v 0.181103 -0.075015 0.863544
v 0.194937 -0.052233 0.863544
v 0.207906 -0.027371 0.863544
v 0.288047 0.000000 0.843255
v 0.297020 0.039103 0.843255
v 0.298728 0.080044 0.843255
v 0.291695 0.120824 0.843255
v 0.275446 0.159029 0.843255
v 0.250645 0.192327 0.843255
v 0.218968 0.218968 0.843255
v 0.182736 0.238146 0.843255
v 0.144412 0.250129 0.843255
v 0.106088 0.256118 0.843255
v 0.069100 0.257886 0.843255
v 0.033870 0.257270 0.843255
v 0.000000 0.255672 0.843255
v -0.033399 0.253687 0.843255
v -0.067246 0.250964 0.843255
v -0.102033 0.246329 0.843255
v -0.137490 0.238139 0.843255
v -0.172475 0.224774 0.843255
v -0.205124 0.205124 0.843255
v -0.233218 0.178954 0.843255
v -0.254680 0.147039 0.843255
v -0.268062 0.111035 0.843255
v -0.272894 0.073122 0.843255
v -0.269803 0.035520 0.843255
v -0.260359 0.000000 0.843255
v -0.246695 -0.032478 0.843255
v -0.230993 -0.061894 0.843255
v -0.214967 -0.089042 0.843255
v -0.199488 -0.115175 0.843255
v -0.184435 -0.141522 0.843255
v -0.168814 -0.168814 0.843255
v -0.151113 -0.196934 0.843255
v -0.129792 -0.224806 0.843255
v -0.103778 -0.250543 0.843255
v -0.072838 -0.271834 0.843255
v -0.037711 -0.286445 0.843255
v -0.000000 -0.292735 0.843255
v 0.038183 -0.290028 0.843255
v 0.074692 -0.278756 0.843255
v 0.107833 -0.260333 0.843255
v 0.136714 -0.236795 0.843255
v 0.161374 -0.210306 0.843255
v 0.182658 -0.182658 0.843255
v 0.201863 -0.154895 0.843255
v 0.220254 -0.127164 0.843255
v 0.238600 -0.098831 0.843255
v 0.256826 -0.068816 0.843255
v 0.273912 -0.036061 0.843255
v 0.371332 0.000000 0.818669
v 0.382898 0.050409 0.818669
v 0.385100 0.103187 0.818669
v 0.376034 0.155758 0.818669
v 0.355087 0.205009 0.818669
v 0.323115 0.247935 0.818669
v 0.282279 0.282279 0.818669
v 0.235571 0.307002 0.818669
v 0.186166 0.322449 0.818669
v 0.136761 0.330171 0.818669
v 0.089080 0.332450 0.818669
v 0.043663 0.331656 0.818669
v 0.000000 0.329596 0.818669
v -0.043055 0.327037 0.818669
v -0.086689 0.323527 0.818669
v -0.131534 0.317551 0.818669
v -0.177243 0.306994 0.818669
v -0.222343 0.289764 0.818669
v -0.264432 0.264432 0.818669
v -0.300649 0.230696 0.818669
v -0.328317 0.189554 0.818669
v -0.345568 0.143139 0.818669
v -0.351797 0.094264 0.818669
v -0.347813 0.045790 0.818669
v -0.335638 0.000000 0.818669
v -0.318024 -0.041869 0.818669
v -0.297781 -0.079790 0.818669
v -0.277121 -0.114787 0.818669
v -0.257167 -0.148475 0.818669
v -0.237762 -0.182441 0.818669
v -0.217624 -0.217624 0.818669
v -0.194805 -0.253875 0.818669
v -0.167319 -0.289805 0.818669
v -0.133784 -0.322984 0.818669
v -0.093898 -0.350430 0.818669
v -0.048615 -0.369266 0.818669
v -0.000000 -0.377374 0.818669
v 0.049223 -0.373885 0.818669
v 0.096289 -0.359354 0.818669
v 0.139012 -0.335604 0.818669
v 0.176242 -0.305260 0.818669
v 0.208033 -0.271113 0.818669
v 0.235471 -0.235471 0.818669
v 0.260228 -0.199680 0.818669
v 0.283937 -0.163931 0.818669
v 0.307587 -0.127407 0.818669
v 0.331083 -0.088713 0.818669
v 0.353109 -0.046488 0.818669
v 0.466859 0.000000 0.789911
v 0.481401 0.063378 0.789911
v 0.484169 0.129733 0.789911
v 0.472771 0.195828 0.789911
v 0.446435 0.257750 0.789911
v 0.406239 0.311718 0.789911
v 0.354897 0.354897 0.789911
v 0.296174 0.385981 0.789911
v 0.234059 0.405402 0.789911
v 0.171944 0.415110 0.789911
v 0.111996 0.417975 0.789911
v 0.054896 0.416977 0.789911
v 0.000000 0.414387 0.789911
v -0.054132 0.411170 0.789911
v -0.108990 0.406756 0.789911
v -0.165372 0.399244 0.789911
v -0.222840 0.385970 0.789911
v -0.279543 0.364307 0.789911
v -0.332459 0.332459 0.789911
v -0.377993 0.290044 0.789911
v -0.412778 0.238318 0.789911
v -0.434467 0.179962 0.789911
v -0.442299 0.118514 0.789911
v -0.437290 0.057570 0.789911
v -0.421983 0.000000 0.789911
v -0.399837 -0.052640 0.789911
v -0.374387 -0.100317 0.789911
v -0.348412 -0.144317 0.789911
v -0.323325 -0.186672 0.789911
v -0.298928 -0.229375 0.789911
v -0.273610 -0.273610 0.789911
v -0.244920 -0.319186 0.789911
v -0.210363 -0.364359 0.789911
v -0.168201 -0.406074 0.789911
v -0.118053 -0.440581 0.789911
v -0.061121 -0.464262 0.789911
v -0.000000 -0.474456 0.789911
v 0.061886 -0.470069 0.789911
v 0.121059 -0.451800 0.789911
v 0.174773 -0.421940 0.789911
v 0.221582 -0.383791 0.789911
v 0.261550 -0.340859 0.789911
v 0.296048 -0.296048 0.789911
v 0.327173 -0.251049 0.789911
v 0.356982 -0.206104 0.789911
v 0.386716 -0.160183 0.789911
v 0.416257 -0.111536 0.789911
v 0.443949 -0.058447 0.789911
v 0.561372 0.000000 0.757128
v 0.578857 0.076208 0.757128
v 0.582186 0.155996 0.757128
v 0.568480 0.235472 0.757128
v 0.536813 0.309929 0.757128
v 0.488478 0.374823 0.757128
v 0.426743 0.426743 0.757128
v 0.356132 0.464120 0.757128
v 0.281442 0.487472 0.757128
v 0.206753 0.499145 0.757128
v 0.134669 0.502591 0.757128
v 0.066009 0.501391 0.757128
v 0.000000 0.498276 0.757128
v -0.065090 0.494408 0.757128
v -0.131054 0.489101 0.757128
v -0.198850 0.480067 0.757128
v -0.267952 0.464106 0.757128
v -0.336134 0.438059 0.757128
v -0.399763 0.399763 0.757128
v -0.454515 0.348762 0.757128
v -0.496342 0.286563 0.757128
v -0.522422 0.216394 0.757128
v -0.531840 0.142506 0.757128
v -0.525816 0.069225 0.757128
v -0.507411 0.000000 0.757128
v -0.480781 -0.063296 0.757128
v -0.450178 -0.120625 0.757128
v -0.418946 -0.173533 0.757128
v -0.388780 -0.224462 0.757128
v -0.359443 -0.275811 0.757128
v -0.329000 -0.329000 0.757128
v -0.294502 -0.383802 0.757128
v -0.252949 -0.438120 0.757128
v -0.202252 -0.488281 0.757128
v -0.141952 -0.529773 0.757128
v -0.073495 -0.558248 0.757128
v -0.000000 -0.570506 0.757128
v 0.074414 -0.565231 0.757128
v 0.145567 -0.543263 0.757128
v 0.210155 -0.507359 0.757128
v 0.266439 -0.461486 0.757128
v 0.314499 -0.409863 0.757128
v 0.355980 -0.355980 0.757128
v 0.393407 -0.301872 0.757128
v 0.429250 -0.247828 0.757128
v 0.465004 -0.192611 0.757128
v 0.500525 -0.134115 0.757128
v 0.533823 -0.070279 0.757128
v 0.629534 0.000000 0.720487
v 0.649143 0.085461 0.720487
v 0.652876 0.174938 0.720487
v 0.637506 0.264064 0.720487
v 0.601993 0.347561 0.720487
v 0.547790 0.420334 0.720487
v 0.478559 0.478559 0.720487
v 0.399374 0.520474 0.720487
v 0.315615 0.546662 0.720487
v 0.231857 0.559752 0.720487
v 0.151021 0.563617 0.720487
v 0.074024 0.562270 0.720487
v 0.000000 0.558777 0.720487
v -0.072993 0.554439 0.720487
v -0.146967 0.548488 0.720487
v -0.222995 0.538358 0.720487
v -0.300487 0.520459 0.720487
v -0.376948 0.491248 0.720487
v -0.448303 0.448303 0.720487
v -0.509703 0.391109 0.720487
v -0.556609 0.321358 0.720487
v -0.585855 0.242669 0.720487
v -0.596416 0.159809 0.720487
v -0.589661 0.077630 0.720487
v -0.569021 0.000000 0.720487
v -0.539158 -0.070982 0.720487
v -0.504840 -0.135271 0.720487
v -0.469815 -0.194604 0.720487
v -0.435986 -0.251717 0.720487
v -0.403088 -0.309300 0.720487
v -0.368947 -0.368947 0.720487
v -0.330261 -0.430404 0.720487
v -0.283662 -0.491318 0.720487
v -0.226810 -0.547568 0.720487
v -0.159188 -0.594099 0.720487
v -0.082419 -0.626031 0.720487
v -0.000000 -0.639778 0.720487
v 0.083450 -0.633862 0.720487
v 0.163242 -0.609227 0.720487
v 0.235672 -0.568963 0.720487
v 0.298791 -0.517521 0.720487
v 0.352686 -0.459630 0.720487
v 0.399204 -0.399204 0.720487
v 0.441175 -0.338526 0.720487
v 0.481371 -0.277920 0.720487
v 0.521466 -0.215998 0.720487
v 0.561299 -0.150400 0.720487
v 0.598641 -0.078813 0.720487
v 0.687924 0.000000 0.680175
v 0.709351 0.093388 0.680175
v 0.713430 0.191163 0.680175
v 0.696635 0.288556 0.680175
v 0.657828 0.379797 0.680175
v 0.598598 0.459320 0.680175
v 0.522946 0.522946 0.680175
v 0.436416 0.568748 0.680175
v 0.344889 0.597365 0.680175
v 0.253362 0.611669 0.680175
v 0.165028 0.615892 0.680175
v 0.080890 0.614421 0.680175
v 0.000000 0.610604 0.680175
v -0.079763 0.605864 0.680175
v -0.160598 0.599361 0.680175
v -0.243678 0.588291 0.680175
v -0.328357 0.568731 0.680175
v -0.411910 0.536812 0.680175
v -0.489883 0.489883 0.680175
v -0.556978 0.427384 0.680175
v -0.608234 0.351164 0.680175
v -0.640193 0.265177 0.680175
v -0.651734 0.174632 0.680175
v -0.644352 0.084831 0.680175
v -0.621798 0.000000 0.680175
v -0.589166 -0.077565 0.680175
v -0.551664 -0.147818 0.680175
v -0.513390 -0.212653 0.680175
v -0.476424 -0.275063 0.680175
v -0.440474 -0.337988 0.680175
v -0.403167 -0.403167 0.680175
v -0.360892 -0.470324 0.680175
v -0.309972 -0.536887 0.680175
v -0.247847 -0.598355 0.680175
v -0.173953 -0.649202 0.680175
v -0.090063 -0.684096 0.680175
v -0.000000 -0.699117 0.680175
v 0.091189 -0.692653 0.680175
v 0.178383 -0.665733 0.680175
v 0.257531 -0.621734 0.680175
v 0.326503 -0.565521 0.680175
v 0.385398 -0.502260 0.680175
v 0.436230 -0.436230 0.680175
v 0.482094 -0.369924 0.680175
v 0.526018 -0.303697 0.680175
v 0.569832 -0.236032 0.680175
v 0.613360 -0.164349 0.680175
v 0.654164 -0.086122 0.680175
v 0.742807 0.000000 0.636396
v 0.765945 0.100839 0.636396
v 0.770349 0.206414 0.636396
v 0.752214 0.311577 0.636396
v 0.710311 0.410098 0.636396
v 0.646355 0.495966 0.636396
v 0.564667 0.564667 0.636396
v 0.471234 0.614124 0.636396
v 0.372405 0.645024 0.636396
v 0.273575 0.660470 0.636396
v 0.178194 0.665029 0.636396
v 0.087344 0.663441 0.636396
v 0.000000 0.659319 0.636396
v -0.086127 0.654201 0.636396
v -0.173411 0.647179 0.636396
v -0.263119 0.635225 0.636396
v -0.354554 0.614106 0.636396
v -0.444773 0.579639 0.636396
v -0.528967 0.528967 0.636396
v -0.601415 0.461482 0.636396
v -0.656760 0.379181 0.636396
v -0.691269 0.286333 0.636396
v -0.703731 0.188564 0.636396
v -0.695760 0.091599 0.636396
v -0.671406 0.000000 0.636396
v -0.636170 -0.083753 0.636396
v -0.595677 -0.159611 0.636396
v -0.554349 -0.229619 0.636396
v -0.514434 -0.297008 0.636396
v -0.475616 -0.364953 0.636396
v -0.435333 -0.435333 0.636396
v -0.389685 -0.507847 0.636396
v -0.334702 -0.579721 0.636396
v -0.267621 -0.646093 0.636396
v -0.187831 -0.700996 0.636396
v -0.097248 -0.738674 0.636396
v -0.000000 -0.754894 0.636396
v 0.098465 -0.747914 0.636396
v 0.192614 -0.718847 0.636396
v 0.278077 -0.671337 0.636396
v 0.352553 -0.610639 0.636396
v 0.416146 -0.542332 0.636396
v 0.471033 -0.471033 0.636396
v 0.520557 -0.399437 0.636396
v 0.567985 -0.327926 0.636396
v 0.615294 -0.254863 0.636396
v 0.662295 -0.177461 0.636396
v 0.706355 -0.092993 0.636396
v 0.793906 0.000000 0.589375
v 0.818635 0.107775 0.589375
v 0.823342 0.220614 0.589375
v 0.803959 0.333011 0.589375
v 0.759174 0.438310 0.589375
v 0.690819 0.530084 0.589375
v 0.603511 0.603511 0.589375
v 0.503650 0.656370 0.589375
v 0.398023 0.689396 0.589375
v 0.292395 0.705904 0.589375
v 0.190452 0.710777 0.589375
v 0.093352 0.709080 0.589375
v 0.000000 0.704675 0.589375
v -0.092052 0.699204 0.589375
v -0.185340 0.691699 0.589375
v -0.281219 0.678923 0.589375
v -0.378944 0.656351 0.589375
v -0.475370 0.619514 0.589375
v -0.565355 0.565355 0.589375
v -0.642787 0.493228 0.589375
v -0.701940 0.405265 0.589375
v -0.738822 0.306030 0.589375
v -0.752141 0.201536 0.589375
v -0.743622 0.097900 0.589375
v -0.717593 0.000000 0.589375
v -0.679933 -0.089515 0.589375
v -0.636654 -0.170591 0.589375
v -0.592484 -0.245415 0.589375
v -0.549822 -0.317440 0.589375
v -0.508334 -0.390059 0.589375
v -0.465280 -0.465280 0.589375
v -0.416492 -0.542783 0.589375
v -0.357727 -0.619601 0.589375
v -0.286031 -0.690539 0.589375
v -0.200753 -0.749219 0.589375
v -0.103938 -0.789488 0.589375
v -0.000000 -0.806825 0.589375
v 0.105238 -0.799364 0.589375
v 0.205865 -0.768297 0.589375
v 0.297206 -0.717520 0.589375
v 0.376805 -0.652646 0.589375
v 0.444773 -0.579639 0.589375
v 0.503436 -0.503436 0.589375
v 0.556366 -0.426915 0.589375
v 0.607057 -0.350485 0.589375
v 0.657621 -0.272395 0.589375
v 0.707855 -0.189669 0.589375
v 0.754946 -0.099391 0.589375
v 0.840959 0.000000 0.539350
v 0.867154 0.114163 0.539350
v 0.872140 0.233689 0.539350
v 0.851608 0.352748 0.539350
v 0.804169 0.464287 0.539350
v 0.731762 0.561501 0.539350
v 0.639280 0.639280 0.539350
v 0.533501 0.695272 0.539350
v 0.421613 0.730255 0.539350
v 0.309725 0.747742 0.539350
v 0.201740 0.752904 0.539350
v 0.098885 0.751105 0.539350
v 0.000000 0.746439 0.539350
v -0.097508 0.740644 0.539350
v -0.196325 0.732695 0.539350
v -0.297887 0.719162 0.539350
v -0.401404 0.695252 0.539350
v -0.503544 0.656231 0.539350
v -0.598862 0.598862 0.539350
v -0.680883 0.522460 0.539350
v -0.743542 0.429284 0.539350
v -0.782611 0.324168 0.539350
v -0.796719 0.213480 0.539350
v -0.787695 0.103702 0.539350
v -0.760123 0.000000 0.539350
v -0.720231 -0.094820 0.539350
v -0.674387 -0.180701 0.539350
v -0.627599 -0.259960 0.539350
v -0.582409 -0.336254 0.539350
v -0.538462 -0.413176 0.539350
v -0.492856 -0.492856 0.539350
v -0.441177 -0.574953 0.539350
v -0.378929 -0.656324 0.539350
v -0.302983 -0.731466 0.539350
v -0.212651 -0.793623 0.539350
v -0.110098 -0.836280 0.539350
v -0.000000 -0.854643 0.539350
v 0.111476 -0.846741 0.539350
v 0.218066 -0.813832 0.539350
v 0.314821 -0.760046 0.539350
v 0.399138 -0.691326 0.539350
v 0.471134 -0.613993 0.539350
v 0.533274 -0.533274 0.539350
v 0.589341 -0.452217 0.539350
v 0.643036 -0.371257 0.539350
v 0.696597 -0.288540 0.539350
v 0.749808 -0.200910 0.539350
v 0.799690 -0.105281 0.539350
v 0.883727 0.000000 0.486577
v 0.911253 0.119969 0.486577
v 0.916493 0.245574 0.486577
v 0.894918 0.370687 0.486577
v 0.845066 0.487899 0.486577
v 0.768977 0.590056 0.486577
v 0.671791 0.671791 0.486577
v 0.560632 0.730630 0.486577
v 0.443054 0.767392 0.486577
v 0.325476 0.785769 0.486577
v 0.212000 0.791193 0.486577
v 0.103914 0.789303 0.486577
v 0.000000 0.784400 0.486577
v -0.102467 0.778310 0.486577
v -0.206309 0.769956 0.486577
v -0.313036 0.755735 0.486577
v -0.421817 0.730609 0.486577
v -0.529152 0.689604 0.486577
v -0.629318 0.629318 0.486577
v -0.715510 0.549030 0.486577
v -0.781356 0.451116 0.486577
v -0.822411 0.340654 0.486577
v -0.837237 0.224337 0.486577
v -0.827754 0.108976 0.486577
v -0.798780 0.000000 0.486577
v -0.756859 -0.099642 0.486577
v -0.708684 -0.189891 0.486577
v -0.659516 -0.273180 0.486577
v -0.612028 -0.353355 0.486577
v -0.565846 -0.434189 0.486577
v -0.517921 -0.517921 0.486577
v -0.463613 -0.604192 0.486577
v -0.398199 -0.689701 0.486577
v -0.318392 -0.768665 0.486577
v -0.223465 -0.833984 0.486577
v -0.115697 -0.878810 0.486577
v -0.000000 -0.898107 0.486577
v 0.117145 -0.889802 0.486577
v 0.229156 -0.855221 0.486577
v 0.330832 -0.798698 0.486577
v 0.419436 -0.726485 0.486577
v 0.495094 -0.645218 0.486577
v 0.560394 -0.560394 0.486577
v 0.619312 -0.475215 0.486577
v 0.675738 -0.390138 0.486577
v 0.732023 -0.303214 0.486577
v 0.787940 -0.211128 0.486577
v 0.840359 -0.110635 0.486577
v 0.921991 0.000000 0.431324
v 0.950710 0.125163 0.431324
v 0.956177 0.256207 0.431324
v 0.933667 0.386737 0.431324
v 0.881656 0.509024 0.431324
v 0.802272 0.615605 0.431324
v 0.700879 0.700879 0.431324
v 0.584907 0.762266 0.431324
v 0.462238 0.800620 0.431324
v 0.339569 0.819792 0.431324
v 0.221179 0.825451 0.431324
v 0.108413 0.823479 0.431324
v 0.000000 0.818364 0.431324
v -0.106903 0.812011 0.431324
v -0.215242 0.803295 0.431324
v -0.326590 0.788458 0.431324
v -0.440082 0.762244 0.431324
v -0.552064 0.719463 0.431324
v -0.656567 0.656567 0.431324
v -0.746491 0.572803 0.431324
v -0.815188 0.470649 0.431324
v -0.858021 0.355404 0.431324
v -0.873488 0.234051 0.431324
v -0.863595 0.113694 0.431324
v -0.833367 0.000000 0.431324
v -0.789631 -0.103957 0.431324
v -0.739369 -0.198113 0.431324
v -0.688072 -0.285009 0.431324
v -0.638528 -0.368654 0.431324
v -0.590347 -0.452989 0.431324
v -0.540346 -0.540346 0.431324
v -0.483687 -0.630353 0.431324
v -0.415441 -0.719565 0.431324
v -0.332178 -0.801948 0.431324
v -0.233141 -0.870095 0.431324
v -0.120707 -0.916861 0.431324
v -0.000000 -0.936994 0.431324
v 0.122217 -0.928330 0.431324
v 0.239078 -0.892251 0.431324
v 0.345156 -0.833281 0.431324
v 0.437597 -0.757941 0.431324
v 0.516531 -0.673156 0.431324
v 0.584659 -0.584659 0.431324
v 0.646128 -0.495791 0.431324
v 0.704997 -0.407030 0.431324
v 0.763719 -0.316343 0.431324
v 0.822057 -0.220270 0.431324
v 0.876746 -0.115426 0.431324
v 0.955558 0.000000 0.373874
v 0.985322 0.129720 0.373874
v 0.990987 0.265534 0.373874
v 0.967658 0.400817 0.373874
v 0.913754 0.527556 0.373874
v 0.831480 0.638017 0.373874
v 0.726396 0.726396 0.373874
v 0.606201 0.790017 0.373874
v 0.479066 0.829767 0.373874
v 0.351931 0.849637 0.373874
v 0.229231 0.855503 0.373874
v 0.112360 0.853459 0.373874
v 0.000000 0.848157 0.373874
v -0.110795 0.841573 0.373874
v -0.223078 0.832540 0.373874
v -0.338480 0.817163 0.373874
v -0.456103 0.789994 0.373874
v -0.572162 0.745656 0.373874
v -0.680470 0.680470 0.373874
v -0.773668 0.593656 0.373874
v -0.844865 0.487783 0.373874
v -0.889258 0.368343 0.373874
v -0.905289 0.242571 0.373874
v -0.895035 0.117834 0.373874
v -0.863706 0.000000 0.373874
v -0.818378 -0.107742 0.373874
v -0.766287 -0.205326 0.373874
v -0.713123 -0.295385 0.373874
v -0.661775 -0.382076 0.373874
v -0.611839 -0.469481 0.373874
v -0.560018 -0.560018 0.373874
v -0.501296 -0.653302 0.373874
v -0.430566 -0.745762 0.373874
v -0.344271 -0.831143 0.373874
v -0.241629 -0.901771 0.373874
v -0.125102 -0.950241 0.373874
v -0.000000 -0.971107 0.373874
v 0.126666 -0.962127 0.373874
v 0.247782 -0.924734 0.373874
v 0.357722 -0.863618 0.373874
v 0.453529 -0.785534 0.373874
v 0.535336 -0.697663 0.373874
v 0.605944 -0.605944 0.373874
v 0.669651 -0.513841 0.373874
v 0.730663 -0.421849 0.373874
v 0.791523 -0.327859 0.373874
v 0.851985 -0.228289 0.373874
v 0.908665 -0.119628 0.373874
v 0.984255 0.000000 0.314518
v 1.014912 0.133616 0.314518
v 1.020748 0.273509 0.314518
v 0.996719 0.412854 0.314518
v 0.941196 0.543400 0.314518
v 0.856451 0.657178 0.314518
v 0.748211 0.748211 0.314518
v 0.624407 0.813743 0.314518
v 0.493454 0.854687 0.314518
v 0.362500 0.875153 0.314518
v 0.236115 0.881195 0.314518
v 0.115734 0.879090 0.314518
v 0.000000 0.873629 0.314518
v -0.114123 0.866847 0.314518
v -0.229778 0.857542 0.314518
v -0.348645 0.841704 0.314518
v -0.469801 0.813719 0.314518
v -0.589345 0.768050 0.314518
v -0.700906 0.700906 0.314518
v -0.796903 0.611485 0.314518
v -0.870238 0.502432 0.314518
v -0.915964 0.379405 0.314518
v -0.932476 0.249856 0.314518
v -0.921914 0.121372 0.314518
v -0.889645 0.000000 0.314518
v -0.842955 -0.110977 0.314518
v -0.789299 -0.211492 0.314518
v -0.734539 -0.304256 0.314518
v -0.681649 -0.393550 0.314518
v -0.630213 -0.483580 0.314518
v -0.576836 -0.576836 0.314518
v -0.516351 -0.672922 0.314518
v -0.443496 -0.768158 0.314518
v -0.354610 -0.856104 0.314518
v -0.248885 -0.928853 0.314518
v -0.128859 -0.978778 0.314518
v -0.000000 -1.000271 0.314518
v 0.130470 -0.991021 0.314518
v 0.255223 -0.952506 0.314518
v 0.368465 -0.889554 0.314518
v 0.467149 -0.809125 0.314518
v 0.551413 -0.718615 0.314518
v 0.624141 -0.624141 0.314518
v 0.689762 -0.529273 0.314518
v 0.752606 -0.434517 0.314518
v 0.815293 -0.337706 0.314518
v 0.877572 -0.235145 0.314518
v 0.935954 -0.123221 0.314518
v 1.007936 0.000000 0.253559
v 1.039332 0.136831 0.253559
v 1.045308 0.280089 0.253559
v 1.020700 0.422788 0.253559
v 0.963841 0.556474 0.253559
v 0.877057 0.672990 0.253559
v 0.766213 0.766213 0.253559
v 0.639430 0.833321 0.253559
v 0.505326 0.875251 0.253559
v 0.371222 0.896210 0.253559
v 0.241796 0.902397 0.253559
v 0.118519 0.900241 0.253559
v 0.000000 0.894649 0.253559
v -0.116868 0.887703 0.253559
v -0.235306 0.878175 0.253559
v -0.357034 0.861955 0.253559
v -0.481105 0.833298 0.253559
v -0.603525 0.786529 0.253559
v -0.717770 0.717770 0.253559
v -0.816076 0.626197 0.253559
v -0.891176 0.514521 0.253559
v -0.938002 0.388533 0.253559
v -0.954912 0.255868 0.253559
v -0.944096 0.124293 0.253559
v -0.911050 0.000000 0.253559
v -0.863237 -0.113647 0.253559
v -0.808290 -0.216581 0.253559
v -0.752212 -0.311576 0.253559
v -0.698050 -0.403019 0.253559
v -0.645377 -0.495215 0.253559
v -0.590715 -0.590715 0.253559
v -0.528775 -0.689112 0.253559
v -0.454167 -0.786640 0.253559
v -0.363142 -0.876702 0.253559
v -0.254874 -0.951202 0.253559
v -0.131959 -1.002328 0.253559
v -0.000000 -1.024337 0.253559
v 0.133610 -1.014866 0.253559
v 0.261364 -0.975423 0.253559
v 0.377331 -0.910957 0.253559
v 0.478388 -0.828593 0.253559
v 0.564680 -0.735905 0.253559
v 0.639158 -0.639158 0.253559
v 0.706358 -0.542007 0.253559
v 0.770714 -0.444972 0.253559
v 0.834910 -0.345831 0.253559
v 0.898686 -0.240802 0.253559
v 0.958473 -0.126185 0.253559
v 1.026481 0.000000 0.191309
v 1.058454 0.139348 0.191309
v 1.064541 0.285243 0.191309
v 1.039480 0.430567 0.191309
v 0.981575 0.566713 0.191309
v 0.893194 0.685372 0.191309
v 0.780310 0.780310 0.191309
v 0.651195 0.848654 0.191309
v 0.514624 0.891354 0.191309
v 0.378052 0.912699 0.191309
v 0.246245 0.919000 0.191309
v 0.120700 0.916805 0.191309
v 0.000000 0.911109 0.191309
v -0.119019 0.904036 0.191309
v -0.239636 0.894333 0.191309
v -0.363603 0.877815 0.191309
v -0.489956 0.848630 0.191309
v -0.614629 0.801000 0.191309
v -0.730976 0.730976 0.191309
v -0.831091 0.637719 0.191309
v -0.907573 0.523988 0.191309
v -0.955261 0.395682 0.191309
v -0.972481 0.260576 0.191309
v -0.961467 0.126579 0.191309
v -0.927812 0.000000 0.191309
v -0.879120 -0.115738 0.191309
v -0.823162 -0.220566 0.191309
v -0.766052 -0.317309 0.191309
v -0.710893 -0.410434 0.191309
v -0.657251 -0.504326 0.191309
v -0.601584 -0.601584 0.191309
v -0.538504 -0.701792 0.191309
v -0.462523 -0.801114 0.191309
v -0.369823 -0.892833 0.191309
v -0.259563 -0.968703 0.191309
v -0.134387 -1.020770 0.191309
v -0.000000 -1.043184 0.191309
v 0.136068 -1.033538 0.191309
v 0.266173 -0.993370 0.191309
v 0.384273 -0.927717 0.191309
v 0.487190 -0.843838 0.191309
v 0.575069 -0.749445 0.191309
v 0.650918 -0.650918 0.191309
v 0.719354 -0.551980 0.191309
v 0.784895 -0.453159 0.191309
v 0.850271 -0.352194 0.191309
v 0.915221 -0.245233 0.191309
v 0.976108 -0.128507 0.191309
v 1.039796 0.000000 0.128083
v 1.072184 0.141156 0.128083
v 1.078349 0.288943 0.128083
v 1.052963 0.436152 0.128083
v 0.994307 0.574063 0.128083
v 0.904780 0.694262 0.128083
v 0.790432 0.790432 0.128083
v 0.659642 0.859662 0.128083
v 0.521299 0.902916 0.128083
v 0.382956 0.924538 0.128083
v 0.249439 0.930920 0.128083
v 0.122265 0.928697 0.128083
v 0.000000 0.922927 0.128083
v -0.120562 0.915762 0.128083
v -0.242744 0.905933 0.128083
v -0.368319 0.889201 0.128083
v -0.496312 0.859637 0.128083
v -0.622602 0.811390 0.128083
v -0.740457 0.740457 0.128083
v -0.841871 0.645991 0.128083
v -0.919345 0.530784 0.128083
v -0.967651 0.400814 0.128083
v -0.985095 0.263956 0.128083
v -0.973938 0.128221 0.128083
v -0.939847 0.000000 0.128083
v -0.890523 -0.117240 0.128083
v -0.833839 -0.223427 0.128083
v -0.775989 -0.321425 0.128083
v -0.720114 -0.415758 0.128083
v -0.665776 -0.510868 0.128083
v -0.609387 -0.609387 0.128083
v -0.545489 -0.710894 0.128083
v -0.468523 -0.811505 0.128083
v -0.374620 -0.904414 0.128083
v -0.262930 -0.981268 0.128083
v -0.136130 -1.034010 0.128083
v -0.000000 -1.056715 0.128083
v 0.137833 -1.046944 0.128083
v 0.269625 -1.006255 0.128083
v 0.389258 -0.939751 0.128083
v 0.493510 -0.854784 0.128083
v 0.582529 -0.759166 0.128083
v 0.659361 -0.659361 0.128083
v 0.728685 -0.559140 0.128083
v 0.795076 -0.459037 0.128083
v 0.861300 -0.356762 0.128083
v 0.927093 -0.248414 0.128083
v 0.988769 -0.130174 0.128083
v 1.047812 0.000000 0.064205
v 1.080449 0.142244 0.064205
v 1.086662 0.291170 0.064205
v 1.061080 0.439514 0.064205
v 1.001972 0.578489 0.064205
v 0.911755 0.699614 0.064205
v 0.796525 0.796525 0.064205
v 0.664727 0.866289 0.064205
v 0.525318 0.909877 0.064205
v 0.385908 0.931665 0.064205
v 0.251362 0.938097 0.064205
v 0.123208 0.935856 0.064205
v 0.000000 0.930042 0.064205
v -0.121492 0.922822 0.064205
v -0.244615 0.912917 0.064205
v -0.371158 0.896056 0.064205
v -0.500138 0.866264 0.064205
v -0.627401 0.817645 0.064205
v -0.746166 0.746166 0.064205
v -0.848362 0.650971 0.064205
v -0.926433 0.534876 0.064205
v -0.975111 0.403904 0.064205
v -0.992690 0.265990 0.064205
v -0.981446 0.129210 0.064205
v -0.947092 0.000000 0.064205
v -0.897388 -0.118143 0.064205
v -0.840267 -0.225149 0.064205
v -0.781971 -0.323903 0.064205
v -0.725666 -0.418963 0.064205
v -0.670909 -0.514806 0.064205
v -0.614085 -0.614085 0.064205
v -0.549694 -0.716375 0.064205
v -0.472134 -0.817761 0.064205
v -0.377508 -0.911386 0.064205
v -0.264957 -0.988833 0.064205
v -0.137179 -1.041981 0.064205
v -0.000000 -1.064862 0.064205
v 0.138895 -1.055015 0.064205
v 0.271704 -1.014012 0.064205
v 0.392258 -0.946996 0.064205
v 0.497314 -0.861374 0.064205
v 0.587019 -0.765019 0.064205
v 0.664445 -0.664445 0.064205
v 0.734302 -0.563450 0.064205
v 0.801205 -0.462576 0.064205
v 0.867940 -0.359513 0.064205
v 0.934240 -0.250329 0.064205
v 0.996392 -0.131177 0.064205
v 1.050488 0.000000 0.000000
v 1.083209 0.142607 0.000000
v 1.089438 0.291914 0.000000
v 1.063791 0.440637 0.000000
v 1.004532 0.579967 0.000000
v 0.914084 0.701401 0.000000
v 0.798560 0.798560 0.000000
v 0.666425 0.868502 0.000000
v 0.526660 0.912201 0.000000
v 0.386894 0.934045 0.000000
v 0.252004 0.940493 0.000000
v 0.123523 0.938247 0.000000
v 0.000000 0.932418 0.000000
v -0.121802 0.925179 0.000000
v -0.245240 0.915249 0.000000
v -0.372106 0.898345 0.000000
v -0.501415 0.868477 0.000000
v -0.629004 0.819734 0.000000
v -0.748072 0.748072 0.000000
v -0.850529 0.652634 0.000000
v -0.928799 0.536242 0.000000
v -0.977602 0.404936 0.000000
v -0.995225 0.266670 0.000000
v -0.983953 0.129540 0.000000
v -0.949512 0.000000 0.000000
v -0.899681 -0.118445 0.000000
v -0.842414 -0.225724 0.000000
v -0.783968 -0.324730 0.000000
v -0.727519 -0.420033 0.000000
v -0.672622 -0.516121 0.000000
v -0.615654 -0.615654 0.000000
v -0.551098 -0.718205 0.000000
v -0.473340 -0.819850 0.000000
v -0.378473 -0.913714 0.000000
v -0.265634 -0.991358 0.000000
v -0.137530 -1.044643 0.000000
v -0.000000 -1.067582 0.000000
v 0.139250 -1.057710 0.000000
v 0.272398 -1.016603 0.000000
v 0.393260 -0.949415 0.000000
v 0.498585 -0.863574 0.000000
v 0.588519 -0.766973 0.000000
v 0.666142 -0.666142 0.000000
v 0.736178 -0.564889 0.000000
v 0.803252 -0.463758 0.000000
v 0.870157 -0.360431 0.000000
v 0.936626 -0.250968 0.000000
v 0.998937 -0.131513 0.000000
v 1.029297 0.000000 -0.064205
v 1.061357 0.139730 -0.064205
v 1.067460 0.286025 -0.064205
v 1.042331 0.431748 -0.064205
v 0.984267 0.568267 -0.064205
v 0.895644 0.687252 -0.064205
v 0.782451 0.782451 -0.064205
v 0.652981 0.850981 -0.064205
v 0.516035 0.893799 -0.064205
v 0.379089 0.915202 -0.064205
v 0.246921 0.921520 -0.064205
v 0.121031 0.919319 -0.064205
v 0.000000 0.913608 -0.064205
v -0.119345 0.906516 -0.064205
v -0.240293 0.896786 -0.064205
v -0.364600 0.880222 -0.064205
v -0.491300 0.850957 -0.064205
v -0.616315 0.803197 -0.064205
v -0.732981 0.732981 -0.064205
v -0.833371 0.639468 -0.064205
v -0.910062 0.525425 -0.064205
v -0.957881 0.396767 -0.064205
v -0.975149 0.261290 -0.064205
v -0.964104 0.126927 -0.064205
v -0.930357 0.000000 -0.064205
v -0.881531 -0.116056 -0.064205
v -0.825420 -0.221171 -0.064205
v -0.768153 -0.318179 -0.064205
v -0.712843 -0.411560 -0.064205
v -0.659054 -0.505710 -0.064205
v -0.603234 -0.603234 -0.064205
v -0.539981 -0.703716 -0.064205
v -0.463792 -0.803311 -0.064205
v -0.370838 -0.895281 -0.064205
v -0.260275 -0.971360 -0.064205
v -0.134755 -1.023569 -0.064205
v -0.000000 -1.046045 -0.064205
v 0.136441 -1.036373 -0.064205
v 0.266903 -0.996095 -0.064205
v 0.385327 -0.930262 -0.064205
v 0.488527 -0.846153 -0.064205
v 0.576647 -0.751500 -0.064205
v 0.652704 -0.652704 -0.064205
v 0.721327 -0.553494 -0.064205
v 0.787047 -0.454402 -0.064205
v 0.852603 -0.353160 -0.064205
v 0.917732 -0.245905 -0.064205
v 0.978785 -0.128860 -0.064205
v 0.997714 0.000000 -0.128083
v 1.028791 0.135443 -0.128083
v 1.034706 0.277249 -0.128083
v 1.010348 0.418500 -0.128083
v 0.954066 0.550830 -0.128083
v 0.868162 0.666164 -0.128083
v 0.758442 0.758442 -0.128083
v 0.632945 0.824870 -0.128083
v 0.500201 0.866374 -0.128083
v 0.367457 0.887120 -0.128083
v 0.239344 0.893245 -0.128083
v 0.117317 0.891111 -0.128083
v 0.000000 0.885575 -0.128083
v -0.115683 0.878700 -0.128083
v -0.232920 0.869269 -0.128083
v -0.353413 0.853213 -0.128083
v -0.476225 0.824846 -0.128083
v -0.597404 0.778552 -0.128083
v -0.710490 0.710490 -0.128083
v -0.807800 0.619846 -0.128083
v -0.882138 0.509303 -0.128083
v -0.928489 0.384593 -0.128083
v -0.945227 0.253273 -0.128083
v -0.934521 0.123032 -0.128083
v -0.901810 0.000000 -0.128083
v -0.854482 -0.112495 -0.128083
v -0.800093 -0.214384 -0.128083
v -0.744583 -0.308416 -0.128083
v -0.690970 -0.398932 -0.128083
v -0.638831 -0.490192 -0.128083
v -0.584724 -0.584724 -0.128083
v -0.523412 -0.682124 -0.128083
v -0.449561 -0.778662 -0.128083
v -0.359459 -0.867811 -0.128083
v -0.252289 -0.941554 -0.128083
v -0.130621 -0.992162 -0.128083
v -0.000000 -1.013949 -0.128083
v 0.132255 -1.004573 -0.128083
v 0.258713 -0.965530 -0.128083
v 0.373504 -0.901718 -0.128083
v 0.473537 -0.820190 -0.128083
v 0.558953 -0.728441 -0.128083
v 0.632676 -0.632676 -0.128083
v 0.699194 -0.536510 -0.128083
v 0.762898 -0.440459 -0.128083
v 0.826442 -0.342323 -0.128083
v 0.889572 -0.238360 -0.128083
v 0.948752 -0.124906 -0.128083
v 0.959247 0.000000 -0.191309
v 0.989126 0.130221 -0.191309
v 0.994814 0.266559 -0.191309
v 0.971394 0.402365 -0.191309
v 0.917282 0.529593 -0.191309
v 0.834690 0.640480 -0.191309
v 0.729200 0.729200 -0.191309
v 0.608542 0.793067 -0.191309
v 0.480916 0.832971 -0.191309
v 0.353290 0.852918 -0.191309
v 0.230116 0.858806 -0.191309
v 0.112794 0.856754 -0.191309
v 0.000000 0.851432 -0.191309
v -0.111223 0.844822 -0.191309
v -0.223940 0.835754 -0.191309
v -0.339787 0.820318 -0.191309
v -0.457864 0.793044 -0.191309
v -0.574371 0.748535 -0.191309
v -0.683097 0.683097 -0.191309
v -0.776655 0.595948 -0.191309
v -0.848127 0.489667 -0.191309
v -0.892691 0.369765 -0.191309
v -0.908784 0.243508 -0.191309
v -0.898491 0.118289 -0.191309
v -0.867041 0.000000 -0.191309
v -0.821538 -0.108158 -0.191309
v -0.769245 -0.206119 -0.191309
v -0.715876 -0.296525 -0.191309
v -0.664330 -0.383551 -0.191309
v -0.614201 -0.471293 -0.191309
v -0.562180 -0.562180 -0.191309
v -0.503232 -0.655824 -0.191309
v -0.432228 -0.748641 -0.191309
v -0.345600 -0.834352 -0.191309
v -0.242562 -0.905253 -0.191309
v -0.125585 -0.953909 -0.191309
v -0.000000 -0.974856 -0.191309
v 0.127155 -0.965842 -0.191309
v 0.248738 -0.928305 -0.191309
v 0.359103 -0.866952 -0.191309
v 0.455279 -0.788567 -0.191309
v 0.537402 -0.700356 -0.191309
v 0.608283 -0.608283 -0.191309
v 0.672237 -0.515825 -0.191309
v 0.733484 -0.423477 -0.191309
v 0.794579 -0.329125 -0.191309
v 0.855275 -0.229170 -0.191309
v 0.912173 -0.120090 -0.191309
v 0.915363 0.000000 -0.253559
v 0.943875 0.124263 -0.253559
v 0.949302 0.254365 -0.253559
v 0.926954 0.383957 -0.253559
v 0.875317 0.505365 -0.253559
v 0.796504 0.611179 -0.253559
v 0.695840 0.695840 -0.253559
v 0.580702 0.756785 -0.253559
v 0.458915 0.794863 -0.253559
v 0.337127 0.813898 -0.253559
v 0.219589 0.819516 -0.253559
v 0.107634 0.817559 -0.253559
v 0.000000 0.812480 -0.253559
v -0.106135 0.806172 -0.253559
v -0.213695 0.797519 -0.253559
v -0.324242 0.782789 -0.253559
v -0.436918 0.756764 -0.253559
v -0.548094 0.714291 -0.253559
v -0.651846 0.651846 -0.253559
v -0.741124 0.568684 -0.253559
v -0.809327 0.467265 -0.253559
v -0.851852 0.352849 -0.253559
v -0.867208 0.232368 -0.253559
v -0.857386 0.112877 -0.253559
v -0.827375 0.000000 -0.253559
v -0.783954 -0.103209 -0.253559
v -0.734053 -0.196689 -0.253559
v -0.683125 -0.282960 -0.253559
v -0.633937 -0.366004 -0.253559
v -0.586102 -0.449732 -0.253559
v -0.536461 -0.536461 -0.253559
v -0.480209 -0.625821 -0.253559
v -0.412454 -0.714391 -0.253559
v -0.329789 -0.796182 -0.253559
v -0.231465 -0.863839 -0.253559
v -0.119839 -0.910269 -0.253559
v -0.000000 -0.930257 -0.253559
v 0.121338 -0.921656 -0.253559
v 0.237359 -0.885836 -0.253559
v 0.342675 -0.827290 -0.253559
v 0.434451 -0.752491 -0.253559
v 0.512817 -0.668316 -0.253559
v 0.580455 -0.580455 -0.253559
v 0.641483 -0.492227 -0.253559
v 0.699928 -0.404104 -0.253559
v 0.758228 -0.314068 -0.253559
v 0.816147 -0.218686 -0.253559
v 0.870442 -0.114596 -0.253559
v 0.867186 0.000000 -0.314518
v 0.894198 0.117723 -0.314518
v 0.899339 0.240977 -0.314518
v 0.878168 0.363749 -0.314518
v 0.829249 0.478767 -0.314518
v 0.754584 0.579012 -0.314518
v 0.659217 0.659217 -0.314518
v 0.550139 0.716955 -0.314518
v 0.434762 0.753029 -0.314518
v 0.319384 0.771061 -0.314518
v 0.208032 0.776384 -0.314518
v 0.101969 0.774530 -0.314518
v 0.000000 0.769718 -0.314518
v -0.100549 0.763743 -0.314518
v -0.202448 0.755545 -0.314518
v -0.307177 0.741590 -0.314518
v -0.413922 0.716934 -0.314518
v -0.519248 0.676697 -0.314518
v -0.617539 0.617539 -0.314518
v -0.702118 0.538754 -0.314518
v -0.766731 0.442672 -0.314518
v -0.807018 0.334278 -0.314518
v -0.821566 0.220138 -0.314518
v -0.812261 0.106936 -0.314518
v -0.783829 0.000000 -0.314518
v -0.742693 -0.097777 -0.314518
v -0.695419 -0.186337 -0.314518
v -0.647172 -0.268067 -0.314518
v -0.600573 -0.346741 -0.314518
v -0.555255 -0.426062 -0.314518
v -0.508227 -0.508227 -0.314518
v -0.454936 -0.592884 -0.314518
v -0.390746 -0.676792 -0.314518
v -0.312432 -0.754278 -0.314518
v -0.219283 -0.818374 -0.314518
v -0.113532 -0.862361 -0.314518
v -0.000000 -0.881297 -0.314518
v 0.114952 -0.873148 -0.314518
v 0.224867 -0.839213 -0.314518
v 0.324639 -0.783749 -0.314518
v 0.411585 -0.712887 -0.314518
v 0.485827 -0.633142 -0.314518
v 0.549905 -0.549905 -0.314518
v 0.607721 -0.466321 -0.314518
v 0.663090 -0.382835 -0.314518
v 0.718321 -0.297538 -0.314518
v 0.773192 -0.207176 -0.314518
v 0.824630 -0.108565 -0.314518
v 0.815701 0.000000 -0.373874
v 0.841108 0.110734 -0.373874
v 0.845945 0.226670 -0.373874
v 0.826030 0.342153 -0.373874
v 0.780015 0.450342 -0.373874
v 0.709783 0.544636 -0.373874
v 0.620079 0.620079 -0.373874
v 0.517477 0.674389 -0.373874
v 0.408949 0.708321 -0.373874
v 0.300422 0.725283 -0.373874
v 0.195681 0.730290 -0.373874
v 0.095915 0.728545 -0.373874
v 0.000000 0.724019 -0.373874
v -0.094579 0.718399 -0.373874
v -0.190428 0.710688 -0.373874
v -0.288939 0.697561 -0.373874
v -0.389347 0.674369 -0.373874
v -0.488419 0.636521 -0.373874
v -0.580875 0.580875 -0.373874
v -0.660433 0.506768 -0.373874
v -0.721209 0.416390 -0.373874
v -0.759105 0.314431 -0.373874
v -0.772789 0.207068 -0.373874
v -0.764036 0.100587 -0.373874
v -0.737293 0.000000 -0.373874
v -0.698599 -0.091972 -0.373874
v -0.654131 -0.175274 -0.373874
v -0.608749 -0.252152 -0.373874
v -0.564916 -0.326154 -0.373874
v -0.522289 -0.400766 -0.373874
v -0.478053 -0.478053 -0.373874
v -0.427926 -0.557684 -0.373874
v -0.367547 -0.636611 -0.373874
v -0.293883 -0.709496 -0.373874
v -0.206264 -0.769786 -0.373874
v -0.106791 -0.811162 -0.373874
v -0.000000 -0.828974 -0.373874
v 0.108127 -0.821308 -0.373874
v 0.211516 -0.789388 -0.373874
v 0.305365 -0.737217 -0.373874
v 0.387149 -0.670562 -0.373874
v 0.456983 -0.595552 -0.373874
v 0.517257 -0.517257 -0.373874
v 0.571640 -0.438635 -0.373874
v 0.623722 -0.360106 -0.373874
v 0.675674 -0.279873 -0.373874
v 0.727287 -0.194876 -0.373874
v 0.775671 -0.102119 -0.373874
v 0.761796 0.000000 -0.431324
v 0.785525 0.103416 -0.431324
v 0.790042 0.211691 -0.431324
v 0.771443 0.319542 -0.431324
v 0.728469 0.420582 -0.431324
v 0.662878 0.508644 -0.431324
v 0.579102 0.579102 -0.431324
v 0.483280 0.629823 -0.431324
v 0.381925 0.661513 -0.431324
v 0.280569 0.677354 -0.431324
v 0.182749 0.682030 -0.431324
v 0.089576 0.680401 -0.431324
v 0.000000 0.676174 -0.431324
v -0.088329 0.670924 -0.431324
v -0.177844 0.663723 -0.431324
v -0.269845 0.651464 -0.431324
v -0.363618 0.629805 -0.431324
v -0.456143 0.594457 -0.431324
v -0.542489 0.542489 -0.431324
v -0.616789 0.473279 -0.431324
v -0.673549 0.388874 -0.431324
v -0.708940 0.293653 -0.431324
v -0.721721 0.193384 -0.431324
v -0.713546 0.093940 -0.431324
v -0.688570 0.000000 -0.431324
v -0.652433 -0.085894 -0.431324
v -0.610904 -0.163691 -0.431324
v -0.568520 -0.235489 -0.431324
v -0.527585 -0.304601 -0.431324
v -0.487774 -0.374282 -0.431324
v -0.446462 -0.446462 -0.431324
v -0.399647 -0.520830 -0.431324
v -0.343258 -0.594541 -0.431324
v -0.274462 -0.662610 -0.431324
v -0.192633 -0.718916 -0.431324
v -0.099734 -0.757557 -0.431324
v -0.000000 -0.774192 -0.431324
v 0.100982 -0.767033 -0.431324
v 0.197538 -0.737223 -0.431324
v 0.285186 -0.688499 -0.431324
v 0.361565 -0.626249 -0.431324
v 0.426784 -0.556196 -0.431324
v 0.483075 -0.483075 -0.431324
v 0.533864 -0.409648 -0.431324
v 0.582504 -0.336309 -0.431324
v 0.631023 -0.261378 -0.431324
v 0.679225 -0.181998 -0.431324
v 0.724412 -0.095371 -0.431324
v 0.706284 0.000000 -0.486577
v 0.728284 0.095880 -0.486577
v 0.732472 0.196265 -0.486577
v 0.715228 0.296257 -0.486577
v 0.675386 0.389934 -0.486577
v 0.614575 0.471580 -0.486577
v 0.536903 0.536903 -0.486577
v 0.448064 0.583928 -0.486577
v 0.354094 0.613308 -0.486577
v 0.260124 0.627995 -0.486577
v 0.169432 0.632330 -0.486577
v 0.083049 0.630820 -0.486577
v 0.000000 0.626901 -0.486577
v -0.081892 0.622034 -0.486577
v -0.164885 0.615358 -0.486577
v -0.250182 0.603992 -0.486577
v -0.337121 0.583911 -0.486577
v -0.422904 0.551139 -0.486577
v -0.502958 0.502958 -0.486577
v -0.571844 0.438791 -0.486577
v -0.624468 0.360537 -0.486577
v -0.657280 0.272254 -0.486577
v -0.669129 0.179293 -0.486577
v -0.661550 0.087095 -0.486577
v -0.638394 0.000000 -0.486577
v -0.604890 -0.079635 -0.486577
v -0.566388 -0.151763 -0.486577
v -0.527092 -0.218329 -0.486577
v -0.489140 -0.282405 -0.486577
v -0.452230 -0.347009 -0.486577
v -0.413928 -0.413928 -0.486577
v -0.370525 -0.482877 -0.486577
v -0.318245 -0.551217 -0.486577
v -0.254462 -0.614326 -0.486577
v -0.178596 -0.666529 -0.486577
v -0.092467 -0.702354 -0.486577
v -0.000000 -0.717777 -0.486577
v 0.093623 -0.711140 -0.486577
v 0.183144 -0.683502 -0.486577
v 0.264404 -0.638329 -0.486577
v 0.335218 -0.580614 -0.486577
v 0.395684 -0.515666 -0.486577
v 0.447873 -0.447873 -0.486577
v 0.494961 -0.379797 -0.486577
v 0.540057 -0.311802 -0.486577
v 0.585041 -0.242332 -0.486577
v 0.629730 -0.168736 -0.486577
v 0.671624 -0.088421 -0.486577
v 0.649896 0.000000 -0.539350
v 0.670139 0.088225 -0.539350
v 0.673992 0.180596 -0.539350
v 0.658125 0.272604 -0.539350
v 0.621464 0.358802 -0.539350
v 0.565508 0.433929 -0.539350
v 0.494038 0.494038 -0.539350
v 0.412291 0.537308 -0.539350
v 0.325823 0.564343 -0.539350
v 0.239356 0.577857 -0.539350
v 0.155905 0.581846 -0.539350
v 0.076419 0.580456 -0.539350
v 0.000000 0.576850 -0.539350
v -0.075354 0.572372 -0.539350
v -0.151720 0.566228 -0.539350
v -0.230208 0.555770 -0.539350
v -0.310206 0.537292 -0.539350
v -0.389140 0.507137 -0.539350
v -0.462802 0.462802 -0.539350
v -0.526188 0.403759 -0.539350
v -0.574611 0.331752 -0.539350
v -0.604804 0.250518 -0.539350
v -0.615707 0.164978 -0.539350
v -0.608733 0.080141 -0.539350
v -0.587425 0.000000 -0.539350
v -0.556597 -0.073277 -0.539350
v -0.521168 -0.139647 -0.539350
v -0.485010 -0.200898 -0.539350
v -0.450087 -0.259858 -0.539350
v -0.416125 -0.319304 -0.539350
v -0.380881 -0.380881 -0.539350
v -0.340943 -0.444325 -0.539350
v -0.292837 -0.507209 -0.539350
v -0.234146 -0.565279 -0.539350
v -0.164337 -0.613314 -0.539350
v -0.085084 -0.646279 -0.539350
v -0.000000 -0.660471 -0.539350
v 0.086149 -0.654364 -0.539350
v 0.168522 -0.628932 -0.539350
v 0.243295 -0.587365 -0.539350
v 0.308455 -0.534259 -0.539350
v 0.364093 -0.474496 -0.539350
v 0.412116 -0.412116 -0.539350
v 0.455444 -0.349475 -0.539350
v 0.496940 -0.286908 -0.539350
v 0.538332 -0.222984 -0.539350
v 0.579454 -0.155264 -0.539350
v 0.618003 -0.081362 -0.539350
v 0.593275 0.000000 -0.589375
v 0.611755 0.080539 -0.589375
v 0.615273 0.164862 -0.589375
v 0.600788 0.248855 -0.589375
v 0.567321 0.327543 -0.589375
v 0.516240 0.396125 -0.589375
v 0.450996 0.450996 -0.589375
v 0.376371 0.490497 -0.589375
v 0.297437 0.515176 -0.589375
v 0.218503 0.527513 -0.589375
v 0.142322 0.531154 -0.589375
v 0.069761 0.529886 -0.589375
v 0.000000 0.526594 -0.589375
v -0.068789 0.522506 -0.589375
v -0.138502 0.516898 -0.589375
v -0.210151 0.507351 -0.589375
v -0.283180 0.490482 -0.589375
v -0.355237 0.462954 -0.589375
v -0.422482 0.422482 -0.589375
v -0.480346 0.368582 -0.589375
v -0.524550 0.302849 -0.589375
v -0.552112 0.228692 -0.589375
v -0.562065 0.150605 -0.589375
v -0.555699 0.073159 -0.589375
v -0.536248 0.000000 -0.589375
v -0.508105 -0.066893 -0.589375
v -0.475763 -0.127480 -0.589375
v -0.442755 -0.183395 -0.589375
v -0.410875 -0.237219 -0.589375
v -0.379871 -0.291486 -0.589375
v -0.347698 -0.347698 -0.589375
v -0.311239 -0.405615 -0.589375
v -0.267325 -0.463020 -0.589375
v -0.213747 -0.516031 -0.589375
v -0.150020 -0.559881 -0.589375
v -0.077672 -0.589974 -0.589375
v -0.000000 -0.602929 -0.589375
v 0.078643 -0.597354 -0.589375
v 0.153840 -0.574138 -0.589375
v 0.222098 -0.536193 -0.589375
v 0.281581 -0.487713 -0.589375
v 0.332373 -0.433157 -0.589375
v 0.376211 -0.376211 -0.589375
v 0.415765 -0.319028 -0.589375
v 0.453646 -0.261912 -0.589375
v 0.491431 -0.203558 -0.589375
v 0.528971 -0.141737 -0.589375
v 0.564161 -0.074273 -0.589375
v 0.536978 0.000000 -0.636396
v 0.553704 0.072896 -0.636396
v 0.556888 0.149218 -0.636396
v 0.543778 0.225240 -0.636396
v 0.513486 0.296461 -0.636396
v 0.467252 0.358535 -0.636396
v 0.408200 0.408200 -0.636396
v 0.340656 0.443952 -0.636396
v 0.269212 0.466290 -0.636396
v 0.197769 0.477456 -0.636396
v 0.128817 0.480752 -0.636396
v 0.063141 0.479603 -0.636396
v 0.000000 0.476624 -0.636396
v -0.062262 0.472924 -0.636396
v -0.125359 0.467848 -0.636396
v -0.190210 0.459207 -0.636396
v -0.256308 0.443939 -0.636396
v -0.321528 0.419023 -0.636396
v -0.382392 0.382392 -0.636396
v -0.434765 0.333607 -0.636396
v -0.474774 0.274111 -0.636396
v -0.499721 0.206991 -0.636396
v -0.508729 0.136314 -0.636396
v -0.502967 0.066217 -0.636396
v -0.485362 0.000000 -0.636396
v -0.459890 -0.060546 -0.636396
v -0.430617 -0.115383 -0.636396
v -0.400741 -0.165992 -0.636396
v -0.371886 -0.214708 -0.636396
v -0.343824 -0.263826 -0.636396
v -0.314704 -0.314704 -0.636396
v -0.281705 -0.367125 -0.636396
v -0.241957 -0.419082 -0.636396
v -0.193464 -0.467063 -0.636396
v -0.135784 -0.506753 -0.636396
v -0.070301 -0.533990 -0.636396
v -0.000000 -0.545716 -0.636396
v 0.071181 -0.540670 -0.636396
v 0.139242 -0.519657 -0.636396
v 0.201023 -0.485312 -0.636396
v 0.254861 -0.441433 -0.636396
v 0.300833 -0.392053 -0.636396
v 0.340512 -0.340512 -0.636396
v 0.376312 -0.288754 -0.636396
v 0.410598 -0.237059 -0.636396
v 0.444798 -0.184241 -0.636396
v 0.478775 -0.128287 -0.636396
v 0.510626 -0.067225 -0.636396
v 0.481460 0.000000 -0.680175
v 0.496457 0.065360 -0.680175
v 0.499312 0.133790 -0.680175
v 0.487557 0.201953 -0.680175
v 0.460397 0.265811 -0.680175
v 0.418943 0.321467 -0.680175
v 0.365996 0.365996 -0.680175
v 0.305436 0.398052 -0.680175
v 0.241379 0.418080 -0.680175
v 0.177321 0.428092 -0.680175
v 0.115499 0.431047 -0.680175
v 0.056613 0.430018 -0.680175
v 0.000000 0.427346 -0.680175
v -0.055824 0.424029 -0.680175
v -0.112399 0.419477 -0.680175
v -0.170544 0.411730 -0.680175
v -0.229809 0.398041 -0.680175
v -0.288285 0.375701 -0.680175
v -0.342857 0.342857 -0.680175
v -0.389815 0.299115 -0.680175
v -0.425688 0.245771 -0.680175
v -0.448055 0.185590 -0.680175
v -0.456132 0.122220 -0.680175
v -0.450966 0.059371 -0.680175
v -0.435181 0.000000 -0.680175
v -0.412342 -0.054286 -0.680175
v -0.386095 -0.103454 -0.680175
v -0.359309 -0.148831 -0.680175
v -0.333437 -0.192510 -0.680175
v -0.308277 -0.236549 -0.680175
v -0.282167 -0.282167 -0.680175
v -0.252579 -0.329168 -0.680175
v -0.216942 -0.375754 -0.680175
v -0.173462 -0.418774 -0.680175
v -0.121745 -0.454360 -0.680175
v -0.063033 -0.478781 -0.680175
v -0.000000 -0.489295 -0.680175
v 0.063821 -0.484770 -0.680175
v 0.124845 -0.465930 -0.680175
v 0.180239 -0.435136 -0.680175
v 0.228511 -0.395793 -0.680175
v 0.269730 -0.351519 -0.680175
v 0.305306 -0.305306 -0.680175
v 0.337405 -0.258900 -0.680175
v 0.368147 -0.212550 -0.680175
v 0.398811 -0.165193 -0.680175
v 0.429275 -0.115024 -0.680175
v 0.457833 -0.060275 -0.680175
v 0.422365 0.000000 -0.720487
v 0.435521 0.057337 -0.720487
v 0.438026 0.117369 -0.720487
v 0.427714 0.177165 -0.720487
v 0.403888 0.233185 -0.720487
v 0.367522 0.282010 -0.720487
v 0.321074 0.321074 -0.720487
v 0.267947 0.349195 -0.720487
v 0.211752 0.366765 -0.720487
v 0.155557 0.375548 -0.720487
v 0.101322 0.378140 -0.720487
v 0.049664 0.377237 -0.720487
v 0.000000 0.374893 -0.720487
v -0.048973 0.371983 -0.720487
v -0.098603 0.367990 -0.720487
v -0.149611 0.361194 -0.720487
v -0.201602 0.349185 -0.720487
v -0.252901 0.329587 -0.720487
v -0.300774 0.300774 -0.720487
v -0.341969 0.262402 -0.720487
v -0.373438 0.215605 -0.720487
v -0.393060 0.162811 -0.720487
v -0.400146 0.107219 -0.720487
v -0.395614 0.052084 -0.720487
v -0.381766 0.000000 -0.720487
v -0.361731 -0.047623 -0.720487
v -0.338706 -0.090756 -0.720487
v -0.315207 -0.130563 -0.720487
v -0.292511 -0.168881 -0.720487
v -0.270439 -0.207515 -0.720487
v -0.247533 -0.247533 -0.720487
v -0.221578 -0.288766 -0.720487
v -0.190314 -0.329634 -0.720487
v -0.152171 -0.367373 -0.720487
v -0.106802 -0.398591 -0.720487
v -0.055296 -0.420015 -0.720487
v -0.000000 -0.429238 -0.720487
v 0.055988 -0.425269 -0.720487
v 0.109522 -0.408741 -0.720487
v 0.158117 -0.381727 -0.720487
v 0.200464 -0.347214 -0.720487
v 0.236623 -0.308374 -0.720487
v 0.267833 -0.267833 -0.720487
v 0.295992 -0.227123 -0.720487
v 0.322960 -0.186461 -0.720487
v 0.349860 -0.144917 -0.720487
v 0.376585 -0.100906 -0.720487
v 0.401638 -0.052877 -0.720487
v 0.342206 0.000000 -0.757128
v 0.352865 0.046456 -0.757128
v 0.354894 0.095094 -0.757128
v 0.346540 0.143541 -0.757128
v 0.327235 0.188929 -0.757128
v 0.297771 0.228488 -0.757128
v 0.260138 0.260138 -0.757128
v 0.217094 0.282922 -0.757128
v 0.171564 0.297158 -0.757128
v 0.126034 0.304274 -0.757128
v 0.082093 0.306374 -0.757128
v 0.040239 0.305642 -0.757128
v 0.000000 0.303744 -0.757128
v -0.039678 0.301386 -0.757128
v -0.079889 0.298151 -0.757128
v -0.121217 0.292644 -0.757128
v -0.163341 0.282914 -0.757128
v -0.204904 0.267036 -0.757128
v -0.243691 0.243691 -0.757128
v -0.277067 0.212601 -0.757128
v -0.302565 0.174686 -0.757128
v -0.318463 0.131912 -0.757128
v -0.324204 0.086870 -0.757128
v -0.320532 0.042199 -0.757128
v -0.309312 0.000000 -0.757128
v -0.293079 -0.038585 -0.757128
v -0.274424 -0.073532 -0.757128
v -0.255385 -0.105784 -0.757128
v -0.236996 -0.136830 -0.757128
v -0.219113 -0.168131 -0.757128
v -0.200555 -0.200555 -0.757128
v -0.179525 -0.233962 -0.757128
v -0.154195 -0.267073 -0.757128
v -0.123291 -0.297651 -0.757128
v -0.086533 -0.322944 -0.757128
v -0.044802 -0.340302 -0.757128
v -0.000000 -0.347774 -0.757128
v 0.045362 -0.344559 -0.757128
v 0.088736 -0.331168 -0.757128
v 0.128108 -0.309280 -0.757128
v 0.162418 -0.281317 -0.757128
v 0.191715 -0.249848 -0.757128
v 0.217002 -0.217002 -0.757128
v 0.239817 -0.184018 -0.757128
v 0.261666 -0.151073 -0.757128
v 0.283462 -0.117414 -0.757128
v 0.305114 -0.081755 -0.757128
v 0.325413 -0.042841 -0.757128
v 0.262194 0.000000 -0.789911
v 0.270361 0.035594 -0.789911
v 0.271916 0.072860 -0.789911
v 0.265514 0.109980 -0.789911
v 0.250724 0.144755 -0.789911
v 0.228149 0.175065 -0.789911
v 0.199315 0.199315 -0.789911
v 0.166335 0.216772 -0.789911
v 0.131450 0.227679 -0.789911
v 0.096566 0.233131 -0.789911
v 0.062898 0.234740 -0.789911
v 0.030830 0.234179 -0.789911
v 0.000000 0.232725 -0.789911
v -0.030401 0.230918 -0.789911
v -0.061210 0.228439 -0.789911
v -0.092875 0.224220 -0.789911
v -0.125150 0.216765 -0.789911
v -0.156995 0.204600 -0.789911
v -0.186713 0.186713 -0.789911
v -0.212286 0.162893 -0.789911
v -0.231821 0.133842 -0.789911
v -0.244002 0.101069 -0.789911
v -0.248401 0.066559 -0.789911
v -0.245587 0.032332 -0.789911
v -0.236991 0.000000 -0.789911
v -0.224554 -0.029563 -0.789911
v -0.210260 -0.056339 -0.789911
v -0.195673 -0.081050 -0.789911
v -0.181583 -0.104837 -0.789911
v -0.167882 -0.128820 -0.789911
v -0.153663 -0.153663 -0.789911
v -0.137550 -0.179259 -0.789911
v -0.118142 -0.204628 -0.789911
v -0.094464 -0.228056 -0.789911
v -0.066300 -0.247436 -0.789911
v -0.034326 -0.260735 -0.789911
v -0.000000 -0.266461 -0.789911
v 0.034756 -0.263997 -0.789911
v 0.067988 -0.253737 -0.789911
v 0.098155 -0.236967 -0.789911
v 0.124443 -0.215542 -0.789911
v 0.146890 -0.191431 -0.789911
v 0.166264 -0.166264 -0.789911
v 0.183745 -0.140992 -0.789911
v 0.200486 -0.115750 -0.789911
v 0.217185 -0.089961 -0.789911
v 0.233775 -0.062640 -0.789911
v 0.249327 -0.032825 -0.789911
v 0.195160 0.000000 -0.818669
v 0.201239 0.026494 -0.818669
v 0.202396 0.054232 -0.818669
v 0.197632 0.081862 -0.818669
v 0.186622 0.107746 -0.818669
v 0.169819 0.130307 -0.818669
v 0.148357 0.148357 -0.818669
v 0.123809 0.161351 -0.818669
v 0.097843 0.169469 -0.818669
v 0.071877 0.173527 -0.818669
v 0.046817 0.174725 -0.818669
v 0.022948 0.174308 -0.818669
v 0.000000 0.173225 -0.818669
v -0.022628 0.171880 -0.818669
v -0.045561 0.170035 -0.818669
v -0.069130 0.166895 -0.818669
v -0.093153 0.161346 -0.818669
v -0.116857 0.152291 -0.818669
v -0.138977 0.138977 -0.818669
v -0.158012 0.121247 -0.818669
v -0.172553 0.099623 -0.818669
v -0.181619 0.075229 -0.818669
v -0.184893 0.049542 -0.818669
v -0.182799 0.024066 -0.818669
v -0.176401 0.000000 -0.818669
v -0.167143 -0.022005 -0.818669
v -0.156504 -0.041935 -0.818669
v -0.145646 -0.060329 -0.818669
v -0.135159 -0.078034 -0.818669
v -0.124960 -0.095885 -0.818669
v -0.114376 -0.114376 -0.818669
v -0.102383 -0.133428 -0.818669
v -0.087937 -0.152312 -0.818669
v -0.070313 -0.169750 -0.818669
v -0.049350 -0.184175 -0.818669
v -0.025550 -0.194074 -0.818669
v -0.000000 -0.198336 -0.818669
v 0.025870 -0.196502 -0.818669
v 0.050606 -0.188865 -0.818669
v 0.073060 -0.176383 -0.818669
v 0.092627 -0.160435 -0.818669
v 0.109335 -0.142489 -0.818669
v 0.123756 -0.123756 -0.818669
v 0.136767 -0.104945 -0.818669
v 0.149228 -0.086157 -0.818669
v 0.161658 -0.066961 -0.818669
v 0.174007 -0.046625 -0.818669
v 0.185583 -0.024432 -0.818669
v 0.143621 0.000000 -0.843255
v 0.148094 0.019497 -0.843255
v 0.148946 0.039910 -0.843255
v 0.145439 0.060243 -0.843255
v 0.137338 0.079292 -0.843255
v 0.124972 0.095894 -0.843255
v 0.109178 0.109178 -0.843255
v 0.091112 0.118740 -0.843255
v 0.072004 0.124714 -0.843255
v 0.052895 0.127701 -0.843255
v 0.034454 0.128582 -0.843255
v 0.016888 0.128275 -0.843255
v 0.000000 0.127478 -0.843255
v -0.016653 0.126489 -0.843255
v -0.033529 0.125131 -0.843255
v -0.050874 0.122820 -0.843255
v -0.068553 0.118736 -0.843255
v -0.085996 0.112072 -0.843255
v -0.102275 0.102275 -0.843255
v -0.116283 0.089227 -0.843255
v -0.126984 0.073314 -0.843255
v -0.133656 0.055362 -0.843255
v -0.136065 0.036459 -0.843255
v -0.134524 0.017710 -0.843255
v -0.129815 0.000000 -0.843255
v -0.123003 -0.016194 -0.843255
v -0.115173 -0.030861 -0.843255
v -0.107183 -0.044396 -0.843255
v -0.099465 -0.057426 -0.843255
v -0.091960 -0.070563 -0.843255
v -0.084171 -0.084171 -0.843255
v -0.075345 -0.098192 -0.843255
v -0.064714 -0.112088 -0.843255
v -0.051744 -0.124921 -0.843255
v -0.036317 -0.135537 -0.843255
v -0.018803 -0.142821 -0.843255
v -0.000000 -0.145958 -0.843255
v 0.019038 -0.144608 -0.843255
v 0.037242 -0.138988 -0.843255
v 0.053766 -0.129802 -0.843255
v 0.068165 -0.118066 -0.843255
v 0.080461 -0.104859 -0.843255
v 0.091074 -0.091074 -0.843255
v 0.100649 -0.077231 -0.843255
v 0.109819 -0.063404 -0.843255
v 0.118966 -0.049277 -0.843255
v 0.128054 -0.034312 -0.843255
v 0.136573 -0.017980 -0.843255
v 0.104853 0.000000 -0.863544
v 0.108119 0.014234 -0.863544
v 0.108741 0.029137 -0.863544
v 0.106181 0.043982 -0.863544
v 0.100266 0.057889 -0.863544
v 0.091238 0.070009 -0.863544
v 0.079707 0.079707 -0.863544
v 0.066518 0.086688 -0.863544
v 0.052568 0.091050 -0.863544
v 0.038617 0.093230 -0.863544
v 0.025153 0.093874 -0.863544
v 0.012329 0.093650 -0.863544
v 0.000000 0.093068 -0.863544
v -0.012158 0.092346 -0.863544
v -0.024478 0.091354 -0.863544
v -0.037141 0.089667 -0.863544
v -0.050048 0.086686 -0.863544
v -0.062783 0.081821 -0.863544
v -0.074668 0.074668 -0.863544
v -0.084894 0.065142 -0.863544
v -0.092707 0.053524 -0.863544
v -0.097578 0.040418 -0.863544
v -0.099337 0.026617 -0.863544
v -0.098212 0.012930 -0.863544
v -0.094774 0.000000 -0.863544
v -0.089800 -0.011822 -0.863544
v -0.084084 -0.022530 -0.863544
v -0.078251 -0.032413 -0.863544
v -0.072616 -0.041925 -0.863544
v -0.067137 -0.051516 -0.863544
v -0.061451 -0.061451 -0.863544
v -0.055007 -0.071687 -0.863544
v -0.047246 -0.081832 -0.863544
v -0.037777 -0.091201 -0.863544
v -0.026514 -0.098951 -0.863544
v -0.013727 -0.104270 -0.863544
v -0.000000 -0.106559 -0.863544
v 0.013899 -0.105574 -0.863544
v 0.027189 -0.101471 -0.863544
v 0.039253 -0.094765 -0.863544
v 0.049766 -0.086196 -0.863544
v 0.058742 -0.076554 -0.863544
v 0.066490 -0.066490 -0.863544
v 0.073481 -0.056384 -0.863544
v 0.080175 -0.046289 -0.863544
v 0.086854 -0.035976 -0.863544
v 0.093488 -0.025050 -0.863544
v 0.099708 -0.013127 -0.863544
v 0.074434 0.000000 -0.879432
v 0.076752 0.010105 -0.879432
v 0.077194 0.020684 -0.879432
v 0.075377 0.031222 -0.879432
v 0.071178 0.041094 -0.879432
v 0.064769 0.049699 -0.879432
v 0.056583 0.056583 -0.879432
v 0.047221 0.061539 -0.879432
v 0.037317 0.064635 -0.879432
v 0.027414 0.066183 -0.879432
v 0.017856 0.066640 -0.879432
v 0.008752 0.066481 -0.879432
v 0.000000 0.066068 -0.879432
v -0.008630 0.065555 -0.879432
v -0.017377 0.064851 -0.879432
v -0.026366 0.063654 -0.879432
v -0.035529 0.061537 -0.879432
v -0.044569 0.058084 -0.879432
v -0.053006 0.053006 -0.879432
v -0.060266 0.046243 -0.879432
v -0.065811 0.037996 -0.879432
v -0.069269 0.028692 -0.879432
v -0.070518 0.018895 -0.879432
v -0.069719 0.009179 -0.879432
v -0.067279 0.000000 -0.879432
v -0.063748 -0.008393 -0.879432
v -0.059691 -0.015994 -0.879432
v -0.055549 -0.023009 -0.879432
v -0.051549 -0.029762 -0.879432
v -0.047660 -0.036571 -0.879432
v -0.043623 -0.043623 -0.879432
v -0.039049 -0.050889 -0.879432
v -0.033539 -0.058092 -0.879432
v -0.026817 -0.064743 -0.879432
v -0.018822 -0.070244 -0.879432
v -0.009745 -0.074020 -0.879432
v -0.000000 -0.075645 -0.879432
v 0.009867 -0.074946 -0.879432
v 0.019301 -0.072033 -0.879432
v 0.027865 -0.067272 -0.879432
v 0.035328 -0.061190 -0.879432
v 0.041700 -0.054345 -0.879432
v 0.047200 -0.047200 -0.879432
v 0.052163 -0.040026 -0.879432
v 0.056916 -0.032860 -0.879432
v 0.061656 -0.025539 -0.879432
v 0.066366 -0.017783 -0.879432
v 0.070781 -0.009319 -0.879432
v 0.048357 0.000000 -0.890839
v 0.049863 0.006565 -0.890839
v 0.050150 0.013438 -0.890839
v 0.048969 0.020284 -0.890839
v 0.046241 0.026697 -0.890839
v 0.042078 0.032287 -0.890839
v 0.036760 0.036760 -0.890839
v 0.030677 0.039980 -0.890839
v 0.024244 0.041991 -0.890839
v 0.017810 0.042997 -0.890839
v 0.011600 0.043294 -0.890839
v 0.005686 0.043190 -0.890839
v 0.000000 0.042922 -0.890839
v -0.005607 0.042589 -0.890839
v -0.011289 0.042131 -0.890839
v -0.017129 0.041353 -0.890839
v -0.023082 0.039978 -0.890839
v -0.028955 0.037735 -0.890839
v -0.034436 0.034436 -0.890839
v -0.039152 0.030043 -0.890839
v -0.042755 0.024685 -0.890839
v -0.045002 0.018640 -0.890839
v -0.045813 0.012276 -0.890839
v -0.045294 0.005963 -0.890839
v -0.043709 0.000000 -0.890839
v -0.041415 -0.005452 -0.890839
v -0.038779 -0.010391 -0.890839
v -0.036088 -0.014948 -0.890839
v -0.033490 -0.019335 -0.890839
v -0.030963 -0.023759 -0.890839
v -0.028340 -0.028340 -0.890839
v -0.025369 -0.033061 -0.890839
v -0.021789 -0.037740 -0.890839
v -0.017422 -0.042061 -0.890839
v -0.012228 -0.045635 -0.890839
v -0.006331 -0.048088 -0.890839
v -0.000000 -0.049144 -0.890839
v 0.006410 -0.048689 -0.890839
v 0.012539 -0.046797 -0.890839
v 0.018103 -0.043704 -0.890839
v 0.022951 -0.039753 -0.890839
v 0.027091 -0.035306 -0.890839
v 0.030664 -0.030664 -0.890839
v 0.033888 -0.026003 -0.890839
v 0.036976 -0.021348 -0.890839
v 0.040056 -0.016592 -0.890839
v 0.043116 -0.011553 -0.890839
v 0.045984 -0.006054 -0.890839
v 0.023967 0.000000 -0.897707
v 0.024713 0.003254 -0.897707
v 0.024856 0.006660 -0.897707
v 0.024270 0.010053 -0.897707
v 0.022918 0.013232 -0.897707
v 0.020855 0.016002 -0.897707
v 0.018219 0.018219 -0.897707
v 0.015205 0.019815 -0.897707
v 0.012016 0.020812 -0.897707
v 0.008827 0.021310 -0.897707
v 0.005749 0.021457 -0.897707
v 0.002818 0.021406 -0.897707
v 0.000000 0.021273 -0.897707
v -0.002779 0.021108 -0.897707
v -0.005595 0.020881 -0.897707
v -0.008490 0.020496 -0.897707
v -0.011440 0.019814 -0.897707
v -0.014351 0.018702 -0.897707
v -0.017067 0.017067 -0.897707
v -0.019405 0.014890 -0.897707
v -0.021191 0.012234 -0.897707
v -0.022304 0.009239 -0.897707
v -0.022706 0.006084 -0.897707
v -0.022449 0.002955 -0.897707
v -0.021663 0.000000 -0.897707
v -0.020526 -0.002702 -0.897707
v -0.019220 -0.005150 -0.897707
v -0.017886 -0.007409 -0.897707
v -0.016598 -0.009583 -0.897707
v -0.015346 -0.011775 -0.897707
v -0.014046 -0.014046 -0.897707
v -0.012573 -0.016386 -0.897707
v -0.010799 -0.018705 -0.897707
v -0.008635 -0.020846 -0.897707
v -0.006060 -0.022618 -0.897707
v -0.003138 -0.023834 -0.897707
v -0.000000 -0.024357 -0.897707
v 0.003177 -0.024132 -0.897707
v 0.006215 -0.023194 -0.897707
v 0.008972 -0.021661 -0.897707
v 0.011375 -0.019702 -0.897707
v 0.013427 -0.017498 -0.897707
v 0.015198 -0.015198 -0.897707
v 0.016796 -0.012888 -0.897707
v 0.018326 -0.010581 -0.897707
v 0.019853 -0.008223 -0.897707
v 0.021369 -0.005726 -0.897707
v 0.022791 -0.003000 -0.897707
v 0.000000 0.000000 -0.900000
v 0.000000 0.000000 -0.900000
v 0.000000 0.000000 -0.900000
v 0.000000 0.000000 -0.900000
v 0.000000 0.000000 -0.900000
v 0.000000 0.000000 -0.900000
v 0.000000 0.000000 -0.900000
v 0.000000 0.000000 -0.900000
v 0.000000 0.000000 -0.900000
v 0.000000 0.000000 -0.900000
v 0.000000 0.000000 -0.900000
v 0.000000 0.000000 -0.900000
v 0.000000 0.000000 -0.900000
v -0.000000 0.000000 -0.900000
v -0.000000 0.000000 -0.900000
v -0.000000 0.000000 -0.900000
v -0.000000 0.000000 -0.900000
v -0.000000 0.000000 -0.900000
v -0.000000 0.000000 -0.900000
v -0.000000 0.000000 -0.900000
v -0.000000 0.000000 -0.900000
v -0.000000 0.000000 -0.900000
v -0.000000 0.000000 -0.900000
v -0.000000 0.000000 -0.900000
v -0.000000 0.000000 -0.900000
v -0.000000 -0.000000 -0.900000
v -0.000000 -0.000000 -0.900000
v -0.000000 -0.000000 -0.900000
v -0.000000 -0.000000 -0.900000
v -0.000000 -0.000000 -0.900000
v -0.000000 -0.000000 -0.900000
v -0.000000 -0.000000 -0.900000
v -0.000000 -0.000000 -0.900000
v -0.000000 -0.000000 -0.900000
v -0.000000 -0.000000 -0.900000
v -0.000000 -0.000000 -0.900000
v -0.000000 -0.000000 -0.900000
v 0.000000 -0.000000 -0.900000
v 0.000000 -0.000000 -0.900000
v 0.000000 -0.000000 -0.900000
v 0.000000 -0.000000 -0.900000
v 0.000000 -0.000000 -0.900000
v 0.000000 -0.000000 -0.900000
v 0.000000 -0.000000 -0.900000
v 0.000000 -0.000000 -0.900000
v 0.000000 -0.000000 -0.900000
v 0.000000 -0.000000 -0.900000
v 0.000000 -0.000000 -0.900000
v 0.045000 0.000000 0.900000
v 0.031820 0.031820 0.900000
v 0.000000 0.045000 0.900000
v -0.031820 0.031820 0.900000
v -0.045000 0.000000 0.900000
v -0.031820 -0.031820 0.900000
v -0.000000 -0.045000 0.900000
v 0.031820 -0.031820 0.900000
v 0.022500 0.000000 1.120000
v 0.015910 0.015910 1.120000
v 0.000000 0.022500 1.120000
v -0.015910 0.015910 1.120000
v -0.022500 0.000000 1.120000
v -0.015910 -0.015910 1.120000
v -0.000000 -0.022500 1.120000
v 0.015910 -0.015910 1.120000
vn -0.043657 0.010017 -0.998996
vn -0.042577 0.001776 -0.999092
vn -0.040244 -0.006940 -0.999166
vn -0.036662 -0.015593 -0.999206
vn -0.031933 -0.023784 -0.999207
vn -0.026240 -0.031200 -0.999169
vn -0.019880 -0.037557 -0.999097
vn -0.013316 -0.042588 -0.999004
vn -0.007207 -0.046111 -0.998910
vn -0.002301 -0.048139 -0.998838
vn 0.000856 -0.048983 -0.998799
vn 0.002320 -0.049175 -0.998787
vn 0.002922 -0.049175 -0.998786
vn 0.003945 -0.049041 -0.998789
vn 0.006445 -0.048372 -0.998809
vn 0.010761 -0.046587 -0.998856
vn 0.016527 -0.043261 -0.998927
vn 0.023035 -0.038272 -0.999002
vn 0.029568 -0.031742 -0.999059
vn 0.035571 -0.023921 -0.999081
vn 0.040656 -0.015111 -0.999059
vn 0.044560 -0.005680 -0.998991
vn 0.047114 0.003873 -0.998882
vn 0.048288 0.012839 -0.998751
vn 0.048282 0.020313 -0.998627
vn 0.047607 0.025413 -0.998543
vn 0.046983 0.027735 -0.998511
vn 0.046952 0.027810 -0.998510
vn 0.047380 0.027069 -0.998510
vn 0.047353 0.027103 -0.998510
vn 0.045694 0.028764 -0.998541
vn 0.041657 0.031867 -0.998624
vn 0.035216 0.035593 -0.998746
vn 0.026874 0.039055 -0.998876
vn 0.017313 0.041622 -0.998983
vn 0.007166 0.042961 -0.999051
vn -0.003046 0.042962 -0.999072
vn -0.012864 0.041668 -0.999049
vn -0.021827 0.039264 -0.998990
vn -0.029431 0.036111 -0.998914
vn -0.035203 0.032774 -0.998843
vn -0.038892 0.029941 -0.998795
vn -0.040688 0.028144 -0.998775
vn -0.041277 0.027376 -0.998773
vn -0.041549 0.026904 -0.998774
vn -0.042104 0.025567 -0.998786
vn -0.042953 0.022405 -0.998826
vn -0.043653 0.017112 -0.998900
vn -0.101496 0.027732 -0.994449
vn -0.099666 0.009328 -0.994977
vn -0.095006 -0.010556 -0.995421
vn -0.087441 -0.030576 -0.995700
vn -0.077174 -0.049726 -0.995777
vn -0.064595 -0.067244 -0.995643
vn -0.050320 -0.082483 -0.995321
vn -0.035296 -0.094858 -0.994865
vn -0.020885 -0.103928 -0.994365
vn -0.008723 -0.109617 -0.993936
vn -0.000204 -0.112436 -0.993659
vn 0.004363 -0.113445 -0.993535
vn 0.006357 -0.113731 -0.993491
vn 0.008469 -0.113669 -0.993483
vn 0.013339 -0.112600 -0.993551
vn 0.022229 -0.109263 -0.993764
vn 0.034717 -0.102568 -0.994120
vn 0.049335 -0.092056 -0.994531
vn 0.064408 -0.077889 -0.994879
vn 0.078545 -0.060598 -0.995067
vn 0.090757 -0.040876 -0.995034
vn 0.100383 -0.019541 -0.994757
vn 0.107008 0.002350 -0.994255
vn 0.110508 0.023345 -0.993601
vn 0.111213 0.041550 -0.992928
vn 0.110101 0.054960 -0.992400
vn 0.108692 0.062307 -0.992121
vn 0.108359 0.064119 -0.992042
vn 0.109231 0.063057 -0.992014
vn 0.109656 0.062731 -0.991988
vn 0.107001 0.065648 -0.992089
vn 0.099222 0.072039 -0.992454
vn 0.085818 0.080365 -0.993064
vn 0.067667 0.088580 -0.993768
vn 0.046277 0.095057 -0.994396
vn 0.023172 0.098856 -0.994832
vn -0.000359 0.099610 -0.995026
vn -0.023228 0.097350 -0.994979
vn -0.044396 0.092430 -0.994729
vn -0.062772 0.085576 -0.994352
vn -0.077291 0.077954 -0.993956
vn -0.087244 0.071057 -0.993650
vn -0.092760 0.066226 -0.993484
vn -0.095058 0.063819 -0.993424
vn -0.096040 0.062612 -0.993406
vn -0.097284 0.060148 -0.993437
vn -0.099192 0.054018 -0.993601
vn -0.101004 0.043081 -0.993953
vn -0.175333 0.050492 -0.983214
vn -0.172771 0.019151 -0.984776
vn -0.165365 -0.015063 -0.986117
vn -0.152878 -0.049773 -0.986991
vn -0.135599 -0.083155 -0.987268
vn -0.114181 -0.113818 -0.986919
vn -0.089666 -0.140594 -0.985999
vn -0.063665 -0.162442 -0.984662
vn -0.038492 -0.178576 -0.983173
vn -0.016961 -0.188823 -0.981865
vn -0.001554 -0.194002 -0.981000
vn 0.006984 -0.195879 -0.980603
vn 0.010750 -0.196350 -0.980475
vn 0.014235 -0.196213 -0.980458
vn 0.022094 -0.194526 -0.980649
vn 0.036779 -0.189215 -0.981247
vn 0.057837 -0.178338 -0.982268
vn 0.082879 -0.160946 -0.983477
vn 0.109010 -0.137167 -0.984531
vn 0.133743 -0.107828 -0.985132
vn 0.155266 -0.074103 -0.985089
vn 0.172346 -0.037410 -0.984326
vn 0.184208 0.000431 -0.982887
vn 0.190589 0.036934 -0.980975
vn 0.192018 0.068883 -0.978971
vn 0.190129 0.092837 -0.977360
vn 0.187515 0.106477 -0.976474
vn 0.186605 0.110384 -0.976214
vn 0.187838 0.108802 -0.976155
vn 0.188642 0.107899 -0.976100
vn 0.184632 0.112302 -0.976371
vn 0.172186 0.122830 -0.977377
vn 0.150157 0.137083 -0.979112
vn 0.119765 0.151549 -0.981167
vn 0.083454 0.163286 -0.983043
vn 0.043835 0.170505 -0.984381
vn 0.003188 0.172441 -0.985015
vn -0.036532 0.169066 -0.984927
vn -0.073478 0.160945 -0.984224
vn -0.105742 0.149290 -0.983123
vn -0.131465 0.136074 -0.981937
vn -0.149365 0.123867 -0.980993
vn -0.159525 0.115055 -0.980466
vn -0.163873 0.110454 -0.980278
vn -0.165617 0.108213 -0.980235
vn -0.167608 0.104244 -0.980327
vn -0.170795 0.094334 -0.980780
vn -0.174064 0.076278 -0.981776
vn -0.236532 0.069472 -0.969137
vn -0.233622 0.027456 -0.971940
vn -0.224177 -0.018694 -0.974369
vn -0.207762 -0.065731 -0.975968
vn -0.184713 -0.111103 -0.976492
vn -0.155899 -0.152830 -0.975878
vn -0.122755 -0.189259 -0.974224
vn -0.087492 -0.218941 -0.971808
vn -0.053260 -0.240814 -0.969109
vn -0.023876 -0.254677 -0.966731
vn -0.002715 -0.261660 -0.965156
vn 0.009133 -0.264137 -0.964442
vn 0.014374 -0.264666 -0.964233
vn 0.018982 -0.264387 -0.964230
vn 0.029281 -0.262160 -0.964580
vn 0.048729 -0.255284 -0.965637
vn 0.076882 -0.241109 -0.967448
vn 0.110627 -0.218221 -0.969609
vn 0.146057 -0.186636 -0.971511
vn 0.179738 -0.147373 -0.972613
vn 0.209108 -0.101997 -0.972559
vn 0.232404 -0.052461 -0.971204
vn 0.248512 -0.001293 -0.968628
vn 0.257067 0.048102 -0.965196
vn 0.258821 0.091385 -0.961593
vn 0.256035 0.123959 -0.958687
vn 0.252242 0.142710 -0.957083
vn 0.250734 0.148301 -0.956629
vn 0.252158 0.146248 -0.956571
vn 0.253182 0.144805 -0.956520
vn 0.248054 0.150372 -0.957004
vn 0.231924 0.164314 -0.958755
vn 0.203075 0.183574 -0.961801
vn 0.162878 0.203435 -0.965445
vn 0.114429 0.219811 -0.968808
vn 0.061191 0.230130 -0.971234
vn 0.006298 0.233231 -0.972401
vn -0.047509 0.229003 -0.972266
vn -0.097639 0.218186 -0.971011
vn -0.141453 0.202432 -0.969026
vn -0.176427 0.184436 -0.966880
vn -0.200836 0.167702 -0.965164
vn -0.214765 0.155498 -0.964208
vn -0.220744 0.149013 -0.963881
vn -0.223050 0.145864 -0.963832
vn -0.225597 0.140633 -0.964017
vn -0.229838 0.127638 -0.964823
vn -0.234413 0.103792 -0.966580
vn -0.270789 0.080256 -0.959288
vn -0.267839 0.032307 -0.962922
vn -0.257400 -0.020547 -0.966086
vn -0.238894 -0.074567 -0.968178
vn -0.212658 -0.126763 -0.968869
vn -0.179686 -0.174793 -0.968070
vn -0.141647 -0.216696 -0.965908
vn -0.101110 -0.250780 -0.962749
vn -0.061722 -0.275831 -0.959222
vn -0.027872 -0.291655 -0.956117
vn -0.003436 -0.299581 -0.954065
vn 0.010304 -0.302336 -0.953146
vn 0.016385 -0.302845 -0.952899
vn 0.021609 -0.302442 -0.952923
vn 0.033234 -0.299900 -0.953392
vn 0.055301 -0.292195 -0.954759
vn 0.087403 -0.276282 -0.957094
vn 0.126041 -0.250452 -0.959889
vn 0.166750 -0.214608 -0.962360
vn 0.205539 -0.169846 -0.963798
vn 0.239392 -0.117939 -0.963733
vn 0.266209 -0.061164 -0.961973
vn 0.284673 -0.002475 -0.958622
vn 0.294357 0.054174 -0.954159
vn 0.296167 0.103799 -0.949479
vn 0.292754 0.141178 -0.945708
vn 0.288200 0.162781 -0.943633
vn 0.286282 0.169317 -0.943067
vn 0.287746 0.166989 -0.943036
vn 0.288847 0.165198 -0.943015
vn 0.283111 0.171357 -0.943655
vn 0.265039 0.187178 -0.945896
vn 0.232571 0.209277 -0.949797
vn 0.187090 0.232270 -0.954488
vn 0.131988 0.251405 -0.958840
vn 0.071176 0.263623 -0.961996
vn 0.008279 0.267501 -0.963522
vn -0.053486 0.262857 -0.963351
vn -0.111070 0.250529 -0.961716
vn -0.161397 0.232431 -0.959128
vn -0.201562 0.211683 -0.956328
vn -0.229606 0.192338 -0.954090
vn -0.245632 0.178166 -0.952849
vn -0.252502 0.170571 -0.952443
vn -0.255086 0.166880 -0.952409
vn -0.257904 0.160944 -0.952671
vn -0.262724 0.146269 -0.953720
vn -0.268079 0.119267 -0.955986
vn -0.281096 0.083714 -0.956021
vn -0.278194 0.034020 -0.959922
vn -0.267526 -0.020843 -0.963325
vn -0.248456 -0.076986 -0.965579
vn -0.221311 -0.131281 -0.966327
vn -0.187117 -0.181266 -0.965469
vn -0.147610 -0.224881 -0.963141
vn -0.105468 -0.260349 -0.959737
vn -0.064489 -0.286406 -0.955935
vn -0.029237 -0.302853 -0.952589
vn -0.003751 -0.311076 -0.950377
vn 0.010615 -0.313908 -0.949394
vn 0.016975 -0.314388 -0.949143
vn 0.022370 -0.313925 -0.949184
vn 0.034349 -0.311283 -0.949696
vn 0.057149 -0.303354 -0.951163
vn 0.090396 -0.286973 -0.953664
vn 0.130495 -0.260325 -0.956662
vn 0.172812 -0.223267 -0.959316
vn 0.213182 -0.176900 -0.960864
vn 0.248444 -0.123054 -0.960798
vn 0.276384 -0.064101 -0.958907
vn 0.295610 -0.003125 -0.955304
vn 0.305673 0.055751 -0.950503
vn 0.307515 0.107347 -0.945469
vn 0.303902 0.146244 -0.941412
vn 0.299087 0.168778 -0.939181
vn 0.296997 0.175649 -0.938584
vn 0.298429 0.173244 -0.938577
vn 0.299536 0.171309 -0.938580
vn 0.293644 0.177582 -0.939275
vn 0.275056 0.193918 -0.941669
vn 0.241589 0.216857 -0.945837
vn 0.194607 0.240820 -0.950860
vn 0.137565 0.260844 -0.955529
vn 0.074503 0.273709 -0.958923
vn 0.009191 0.277895 -0.960567
vn -0.055004 0.273189 -0.960387
vn -0.114886 0.260447 -0.958629
vn -0.167237 0.241658 -0.955842
vn -0.209032 0.220071 -0.952825
vn -0.238231 0.199903 -0.950413
vn -0.254931 0.185089 -0.949080
vn -0.262085 0.177111 -0.948653
vn -0.264739 0.173233 -0.948632
vn -0.267609 0.167096 -0.948928
vn -0.272579 0.151962 -0.950057
vn -0.278174 0.124075 -0.952484
vn -0.285069 0.085208 -0.954712
vn -0.282204 0.034867 -0.958720
vn -0.271466 -0.020755 -0.962224
vn -0.252193 -0.077709 -0.964552
vn -0.224713 -0.132806 -0.965332
vn -0.190063 -0.183540 -0.964463
vn -0.150006 -0.227811 -0.962081
vn -0.107259 -0.263818 -0.958591
vn -0.065669 -0.290278 -0.954686
vn -0.029863 -0.306991 -0.951244
vn -0.003943 -0.315361 -0.948964
vn 0.010697 -0.318255 -0.947945
vn 0.017185 -0.318753 -0.947682
vn 0.022636 -0.318296 -0.947721
vn 0.034718 -0.315650 -0.948240
vn 0.057759 -0.307674 -0.949737
vn 0.091414 -0.291152 -0.952299
vn 0.132054 -0.264226 -0.955378
vn 0.174979 -0.226729 -0.958111
vn 0.215954 -0.179768 -0.959712
vn 0.251756 -0.125200 -0.959658
vn 0.280129 -0.065431 -0.957730
vn 0.299654 -0.003594 -0.954041
vn 0.309874 0.056129 -0.949119
vn 0.311745 0.108493 -0.943951
vn 0.308074 0.148013 -0.939778
vn 0.303170 0.170965 -0.937475
vn 0.301024 0.178026 -0.936852
vn 0.302463 0.175629 -0.936841
vn 0.303612 0.173638 -0.936840
vn 0.297721 0.179933 -0.937543
vn 0.279001 0.196443 -0.939983
vn 0.245208 0.219694 -0.944250
vn 0.197689 0.244033 -0.949404
vn 0.139925 0.264410 -0.954206
vn 0.076009 0.277536 -0.957704
vn 0.009775 0.281853 -0.959408
vn -0.055350 0.277134 -0.959236
vn -0.116114 0.264244 -0.957441
vn -0.169253 0.245200 -0.954584
vn -0.211698 0.223296 -0.951485
vn -0.241380 0.202808 -0.949002
vn -0.258387 0.187735 -0.947624
vn -0.265694 0.179601 -0.947180
vn -0.268405 0.175660 -0.947155
vn -0.271309 0.169480 -0.947453
vn -0.276347 0.154221 -0.948603
vn -0.282046 0.126047 -0.951085
vn -0.308349 0.092570 -0.946758
vn -0.305505 0.038210 -0.951424
vn -0.294092 -0.021973 -0.955524
vn -0.273353 -0.083664 -0.958269
vn -0.243633 -0.143350 -0.959215
vn -0.206084 -0.198260 -0.958239
vn -0.162656 -0.246092 -0.955501
vn -0.116330 -0.284903 -0.951471
vn -0.071287 -0.313353 -0.946957
vn -0.032520 -0.331294 -0.942967
vn -0.004436 -0.340296 -0.940308
vn 0.011461 -0.343461 -0.939097
vn 0.018516 -0.344082 -0.938757
vn 0.024384 -0.343688 -0.938767
vn 0.037357 -0.340966 -0.939333
vn 0.062164 -0.332543 -0.941037
vn 0.098493 -0.314930 -0.943991
vn 0.142450 -0.286056 -0.947565
vn 0.188937 -0.245676 -0.950761
vn 0.233318 -0.194962 -0.952656
vn 0.272045 -0.135944 -0.952634
vn 0.302634 -0.071284 -0.950437
vn 0.323547 -0.004433 -0.946202
vn 0.334330 0.060058 -0.940541
vn 0.336093 0.116541 -0.934591
vn 0.331943 0.159174 -0.929773
vn 0.326572 0.184011 -0.927087
vn 0.324272 0.191770 -0.926322
vn 0.325897 0.189292 -0.926261
vn 0.327264 0.187162 -0.926212
vn 0.321121 0.193927 -0.926970
vn 0.301237 0.211768 -0.929737
vn 0.265120 0.237001 -0.934635
vn 0.214101 0.263515 -0.940596
vn 0.151859 0.285786 -0.946184
vn 0.082813 0.300177 -0.950282
vn 0.011164 0.304948 -0.952303
vn -0.059303 0.299841 -0.952144
vn -0.125015 0.285816 -0.950095
vn -0.182425 0.265099 -0.946807
vn -0.228251 0.241297 -0.943227
vn -0.260315 0.219057 -0.940346
vn -0.278749 0.202706 -0.938727
vn -0.286744 0.193897 -0.938180
vn -0.289763 0.189675 -0.938115
vn -0.292973 0.183108 -0.938423
vn -0.298515 0.166798 -0.939716
vn -0.304844 0.136553 -0.942562
vn -0.394190 0.119057 -0.911285
vn -0.391815 0.049830 -0.918694
vn -0.378228 -0.027347 -0.925308
vn -0.352196 -0.106788 -0.929814
vn -0.314100 -0.183675 -0.931453
vn -0.265547 -0.254131 -0.930001
vn -0.209292 -0.315003 -0.925727
vn -0.149430 -0.363805 -0.919411
vn -0.091489 -0.399066 -0.912347
vn -0.041840 -0.420983 -0.906103
vn -0.005948 -0.431892 -0.901906
vn 0.014397 -0.435815 -0.899921
vn 0.023443 -0.436770 -0.899268
vn 0.030868 -0.436541 -0.899155
vn 0.047238 -0.433501 -0.899914
vn 0.078702 -0.423499 -0.902471
vn 0.125052 -0.402042 -0.907041
vn 0.181449 -0.366199 -0.912674
vn 0.241313 -0.315313 -0.917794
vn 0.298455 -0.250706 -0.920908
vn 0.348008 -0.175068 -0.921000
vn 0.386554 -0.092110 -0.917656
vn 0.412087 -0.006620 -0.911121
vn 0.424255 0.075330 -0.902404
vn 0.424910 0.146594 -0.893287
vn 0.418465 0.200127 -0.885910
vn 0.411113 0.231383 -0.881730
vn 0.408176 0.241381 -0.880413
vn 0.410441 0.238495 -0.880147
vn 0.412475 0.235889 -0.879898
vn 0.405303 0.244504 -0.880879
vn 0.381238 0.267425 -0.884953
vn 0.336900 0.300231 -0.892390
vn 0.273408 0.335140 -0.901626
vn 0.194956 0.364815 -0.910441
vn 0.107065 0.384205 -0.917019
vn 0.015352 0.390785 -0.920354
vn -0.074943 0.384138 -0.920229
vn -0.158900 0.365626 -0.917098
vn -0.231853 0.338371 -0.912003
vn -0.289751 0.307266 -0.906439
vn -0.330147 0.278419 -0.901934
vn -0.353472 0.257355 -0.899347
vn -0.363781 0.246106 -0.898385
vn -0.367844 0.240851 -0.898155
vn -0.372176 0.232778 -0.898498
vn -0.379670 0.212507 -0.900384
vn -0.388550 0.174610 -0.904732
vn -0.515370 0.156381 -0.842578
vn -0.515427 0.066390 -0.854358
vn -0.500451 -0.035251 -0.865047
vn -0.468021 -0.140874 -0.872417
vn -0.418276 -0.243427 -0.875093
vn -0.353505 -0.336940 -0.872643
vn -0.277925 -0.416622 -0.865554
vn -0.197674 -0.479073 -0.855228
vn -0.120574 -0.522827 -0.843869
vn -0.055083 -0.549012 -0.833998
vn -0.008052 -0.561451 -0.827471
vn 0.018539 -0.565612 -0.824463
vn 0.030341 -0.566414 -0.823562
vn 0.039912 -0.565906 -0.823503
vn 0.061003 -0.562189 -0.824756
vn 0.101798 -0.550295 -0.828742
vn 0.162413 -0.524377 -0.835854
vn 0.236896 -0.479959 -0.844701
vn 0.316604 -0.415254 -0.852834
vn 0.392879 -0.331365 -0.857813
vn 0.458502 -0.231840 -0.857920
vn 0.508286 -0.122193 -0.852475
vn 0.539399 -0.009649 -0.841995
vn 0.551847 0.097102 -0.828273
vn 0.549047 0.188679 -0.814216
vn 0.537785 0.256660 -0.803065
vn 0.526601 0.296123 -0.796871
vn 0.522120 0.308754 -0.795023
vn 0.524689 0.304977 -0.794789
vn 0.527057 0.301412 -0.794583
vn 0.518253 0.312385 -0.796134
vn 0.489050 0.342475 -0.802210
vn 0.434785 0.386530 -0.813362
vn 0.355639 0.434565 -0.827450
vn 0.255741 0.476474 -0.841171
vn 0.141728 0.504688 -0.851588
vn 0.021297 0.515018 -0.856915
vn -0.097768 0.506518 -0.856669
vn -0.208077 0.481168 -0.851576
vn -0.303015 0.443690 -0.843399
vn -0.377454 0.401232 -0.834590
vn -0.428852 0.362257 -0.827560
vn -0.458374 0.334043 -0.823595
vn -0.471394 0.319025 -0.822199
vn -0.476459 0.312033 -0.821962
vn -0.482018 0.301647 -0.822598
vn -0.492267 0.275893 -0.825564
vn -0.505382 0.227679 -0.832317
vn -0.587596 0.178686 -0.789178
vn -0.590251 0.076480 -0.803588
vn -0.575505 -0.040033 -0.816818
vn -0.539874 -0.161942 -0.826021
vn -0.483165 -0.280557 -0.829361
vn -0.408142 -0.388276 -0.826234
vn -0.320185 -0.479064 -0.817300
vn -0.227000 -0.548967 -0.804429
vn -0.138011 -0.596780 -0.790447
vn -0.062940 -0.624547 -0.778447
vn -0.009310 -0.637248 -0.770603
vn 0.020940 -0.641248 -0.767048
vn 0.034351 -0.641867 -0.766046
vn 0.045166 -0.641185 -0.766056
vn 0.069004 -0.637189 -0.767612
vn 0.115287 -0.624567 -0.772415
vn 0.184444 -0.596699 -0.780980
vn 0.269985 -0.548002 -0.791708
vn 0.362042 -0.475694 -0.801649
vn 0.450269 -0.380495 -0.807763
vn 0.525704 -0.266463 -0.807857
vn 0.581830 -0.140453 -0.801091
vn 0.615298 -0.011536 -0.788211
vn 0.626595 0.109782 -0.771574
vn 0.620485 0.212834 -0.754785
vn 0.605485 0.288689 -0.741651
vn 0.591607 0.332540 -0.734451
vn 0.586094 0.346580 -0.732377
vn 0.588809 0.342298 -0.732213
vn 0.591349 0.338176 -0.732081
vn 0.581756 0.350527 -0.733955
vn 0.550133 0.384945 -0.741061
vn 0.491038 0.436045 -0.754153
vn 0.403771 0.492647 -0.770888
vn 0.291985 0.542883 -0.787415
vn 0.162720 0.577353 -0.800116
vn 0.024993 0.590503 -0.806648
vn -0.111555 0.580884 -0.806306
vn -0.237688 0.550936 -0.799984
vn -0.345458 0.506626 -0.789930
vn -0.429198 0.456751 -0.779210
vn -0.486578 0.411340 -0.770740
vn -0.519422 0.378699 -0.766021
vn -0.533912 0.361398 -0.764415
vn -0.539537 0.353377 -0.764215
vn -0.545850 0.341683 -0.765049
vn -0.557934 0.312891 -0.768641
vn -0.574100 0.258940 -0.776762
vn -0.639151 0.194647 -0.744042
vn -0.644263 0.083810 -0.760198
vn -0.630234 -0.043470 -0.775187
vn -0.592625 -0.177354 -0.785710
vn -0.530895 -0.307807 -0.789560
vn -0.448196 -0.425837 -0.785992
vn -0.350921 -0.524388 -0.775804
vn -0.248104 -0.599147 -0.761227
vn -0.150428 -0.649269 -0.745534
vn -0.068494 -0.677661 -0.732178
vn -0.010208 -0.690249 -0.723500
vn 0.022607 -0.694042 -0.719579
vn 0.037148 -0.694560 -0.718475
vn 0.048834 -0.693825 -0.718486
vn 0.074597 -0.689754 -0.720190
vn 0.124758 -0.676855 -0.725468
vn 0.200024 -0.647970 -0.734932
vn 0.293590 -0.596643 -0.746875
vn 0.394706 -0.519227 -0.758031
vn 0.491704 -0.416041 -0.764942
vn 0.574190 -0.291508 -0.765068
vn 0.634559 -0.153605 -0.757457
vn 0.669116 -0.012929 -0.743045
vn 0.678880 0.118600 -0.724607
vn 0.669800 0.229465 -0.706197
vn 0.651764 0.310552 -0.691925
vn 0.635833 0.357301 -0.684144
vn 0.629600 0.372304 -0.681904
vn 0.632477 0.367720 -0.681729
vn 0.635203 0.363254 -0.681589
vn 0.625195 0.376603 -0.683594
vn 0.592179 0.414145 -0.691237
vn 0.530162 0.470430 -0.705425
vn 0.437683 0.533493 -0.723753
vn 0.317854 0.590169 -0.742071
vn 0.177868 0.629580 -0.756302
vn 0.027719 0.644996 -0.763683
vn -0.121439 0.634509 -0.763316
vn -0.258858 0.600952 -0.756207
vn -0.375569 0.551360 -0.744950
vn -0.465605 0.495871 -0.733024
vn -0.526948 0.445700 -0.723656
vn -0.561996 0.409859 -0.718454
vn -0.577509 0.390953 -0.716686
vn -0.583578 0.382248 -0.716466
vn -0.590501 0.369698 -0.717378
vn -0.604038 0.338887 -0.721314
vn -0.622674 0.281068 -0.730259
vn -0.688285 0.209875 -0.694417
vn -0.696276 0.090886 -0.711997
vn -0.683462 -0.046793 -0.728485
vn -0.644296 -0.192429 -0.740172
vn -0.577774 -0.334548 -0.744483
vn -0.487448 -0.462618 -0.740526
vn -0.380844 -0.568479 -0.729239
vn -0.268460 -0.647501 -0.713212
vn -0.162289 -0.699344 -0.696118
vn -0.073761 -0.727906 -0.681698
vn -0.011061 -0.740118 -0.672386
vn 0.024169 -0.743597 -0.668191
vn 0.039770 -0.743988 -0.667009
vn 0.052273 -0.743207 -0.667017
vn 0.079843 -0.739119 -0.668827
vn 0.133670 -0.726118 -0.674452
vn 0.214774 -0.696562 -0.684598
vn 0.316111 -0.643096 -0.697496
vn 0.426102 -0.561106 -0.709646
vn 0.531719 -0.450397 -0.717229
vn 0.621024 -0.315726 -0.717389
vn 0.685247 -0.166272 -0.709077
vn 0.720384 -0.014279 -0.693429
vn 0.728119 0.126884 -0.673604
vn 0.715723 0.244934 -0.654024
vn 0.694493 0.330724 -0.638984
vn 0.676476 0.380049 -0.630827
vn 0.669528 0.395911 -0.628480
vn 0.672550 0.391052 -0.628296
vn 0.675447 0.386266 -0.628148
vn 0.665108 0.400555 -0.630227
vn 0.630987 0.441083 -0.638201
vn 0.566584 0.502416 -0.653116
vn 0.469612 0.571918 -0.672588
vn 0.342498 0.635170 -0.692282
vn 0.192441 0.679743 -0.707754
vn 0.030374 0.697594 -0.715849
vn -0.130957 0.686263 -0.715467
vn -0.279177 0.649007 -0.707708
vn -0.404271 0.594034 -0.695477
vn -0.500056 0.532910 -0.682606
vn -0.564930 0.478041 -0.672555
vn -0.601928 0.439093 -0.666994
vn -0.618360 0.418650 -0.665104
vn -0.624841 0.409299 -0.664867
vn -0.632359 0.395965 -0.665833
vn -0.647359 0.363323 -0.670017
vn -0.668568 0.301989 -0.679573
vn -0.734599 0.224247 -0.640372
vn -0.745831 0.097648 -0.658940
vn -0.734700 -0.049971 -0.676550
vn -0.694410 -0.207028 -0.689155
vn -0.623373 -0.360534 -0.693845
vn -0.525539 -0.498282 -0.689582
vn -0.409681 -0.610932 -0.677438
vn -0.287890 -0.693604 -0.660328
vn -0.173500 -0.746596 -0.642255
vn -0.078701 -0.774917 -0.627144
vn -0.011862 -0.786523 -0.617447
vn 0.025614 -0.789599 -0.613089
vn 0.042200 -0.789840 -0.611859
vn 0.055460 -0.789018 -0.611861
vn 0.084708 -0.784963 -0.613724
vn 0.141961 -0.772019 -0.619543
vn 0.228582 -0.742109 -0.630099
vn 0.337363 -0.686977 -0.643622
vn 0.455954 -0.600964 -0.656466
vn 0.569952 -0.483256 -0.664544
vn 0.665787 -0.338901 -0.664736
vn 0.733455 -0.178345 -0.655924
vn 0.768690 -0.015575 -0.639432
vn 0.773979 0.134577 -0.618745
vn 0.758020 0.259162 -0.598533
vn 0.733517 0.349134 -0.583145
vn 0.713426 0.400723 -0.574843
vn 0.705778 0.417343 -0.572453
vn 0.708929 0.412235 -0.572261
vn 0.711982 0.407157 -0.572106
vn 0.701386 0.422319 -0.574199
vn 0.666419 0.465661 -0.582276
vn 0.600116 0.531841 -0.597499
vn 0.499342 0.607663 -0.617578
vn 0.365721 0.677524 -0.638129
vn 0.206315 0.727407 -0.654456
vn 0.032934 0.747829 -0.663074
vn -0.140020 0.735688 -0.662690
vn -0.298465 0.694686 -0.654469
vn -0.431332 0.634303 -0.641571
vn -0.532296 0.567597 -0.628089
vn -0.600270 0.508149 -0.617624
vn -0.638966 0.466217 -0.611853
vn -0.656213 0.444317 -0.609891
vn -0.663073 0.434364 -0.609641
vn -0.671164 0.420320 -0.610630
vn -0.687616 0.386040 -0.614945
vn -0.711449 0.321551 -0.624856
vn -0.777670 0.237633 -0.582030
vn -0.792415 0.104027 -0.601047
vn -0.783377 -0.052965 -0.619285
vn -0.742393 -0.220978 -0.632473
vn -0.667167 -0.385460 -0.637423
vn -0.562034 -0.532416 -0.632970
vn -0.437115 -0.651276 -0.620298
vn -0.306193 -0.736978 -0.602585
vn -0.183958 -0.790593 -0.584057
vn -0.083277 -0.818317 -0.568702
vn -0.012607 -0.829135 -0.558907
vn 0.026935 -0.831739 -0.554513
vn 0.044424 -0.831818 -0.553269
vn 0.058375 -0.830960 -0.553262
vn 0.089160 -0.826978 -0.555119
vn 0.149571 -0.814221 -0.560957
vn 0.241333 -0.784233 -0.571610
vn 0.357146 -0.727876 -0.585358
vn 0.483959 -0.638398 -0.598525
vn 0.605999 -0.514271 -0.606869
vn 0.708004 -0.360790 -0.607092
vn 0.778696 -0.189704 -0.598035
vn 0.813601 -0.016807 -0.581181
vn 0.816130 0.141623 -0.560245
vn 0.796473 0.272076 -0.540004
vn 0.768707 0.365719 -0.524727
vn 0.746600 0.419277 -0.516522
vn 0.738280 0.436560 -0.514157
vn 0.741544 0.431230 -0.513958
vn 0.744737 0.425888 -0.513797
vn 0.733949 0.441847 -0.515839
vn 0.698357 0.487800 -0.523782
vn 0.630590 0.558556 -0.538861
vn 0.526662 0.640471 -0.558949
vn 0.387316 0.716853 -0.579748
vn 0.219351 0.772092 -0.596456
vn 0.035376 0.795171 -0.605353
vn -0.148533 0.782264 -0.604980
vn -0.316530 0.737533 -0.596535
vn -0.456501 0.671799 -0.583346
vn -0.562063 0.599651 -0.569652
vn -0.632718 0.535809 -0.559085
vn -0.672870 0.491053 -0.553275
vn -0.690828 0.467791 -0.551297
vn -0.698032 0.457286 -0.551037
vn -0.706666 0.442606 -0.552018
vn -0.724529 0.406880 -0.556333
vn -0.750982 0.339602 -0.566300
vn -0.817060 0.249898 -0.519580
vn -0.835472 0.109949 -0.538421
vn -0.828848 -0.055733 -0.556691
vn -0.787570 -0.234083 -0.570034
vn -0.708532 -0.408970 -0.575088
vn -0.596423 -0.564539 -0.570592
vn -0.462783 -0.688972 -0.557808
vn -0.323154 -0.777104 -0.540076
vn -0.193556 -0.830880 -0.521703
vn -0.087448 -0.857732 -0.506605
vn -0.013290 -0.867633 -0.497027
vn 0.028120 -0.869724 -0.492737
vn 0.046425 -0.869632 -0.491514
vn 0.060998 -0.868742 -0.491494
vn 0.093166 -0.864865 -0.493284
vn 0.156440 -0.852393 -0.498952
vn 0.252911 -0.822553 -0.509355
vn 0.375251 -0.765365 -0.522880
vn 0.509786 -0.672969 -0.535939
vn 0.639411 -0.543061 -0.544278
vn 0.747152 -0.381124 -0.544527
vn 0.820442 -0.200218 -0.535525
vn 0.854667 -0.017964 -0.518865
vn 0.854249 0.147967 -0.498362
vn 0.830889 0.283611 -0.478736
vn 0.799961 0.380432 -0.464040
vn 0.775941 0.435678 -0.456180
vn 0.766990 0.453535 -0.453908
vn 0.770351 0.448010 -0.453704
vn 0.773667 0.442430 -0.453536
vn 0.762741 0.459105 -0.455465
vn 0.726711 0.507435 -0.463034
vn 0.657853 0.582425 -0.477505
vn 0.551364 0.670093 -0.496964
vn 0.407070 0.752766 -0.517336
vn 0.231401 0.813282 -0.533878
vn 0.037671 0.839040 -0.542764
vn -0.156390 0.825424 -0.542419
vn -0.333161 0.777056 -0.534030
vn -0.479521 0.706140 -0.520986
vn -0.589098 0.628792 -0.507528
vn -0.662028 0.560814 -0.497200
vn -0.703406 0.513433 -0.491535
vn -0.721976 0.488918 -0.489601
vn -0.729487 0.477912 -0.489336
vn -0.738624 0.462674 -0.490273
vn -0.757830 0.425693 -0.494448
vn -0.786832 0.355988 -0.504150
vn -0.852327 0.260904 -0.453286
vn -0.874418 0.115336 -0.471266
vn -0.870402 -0.058230 -0.488886
vn -0.829182 -0.246116 -0.501881
vn -0.746753 -0.430652 -0.506851
vn -0.628126 -0.594107 -0.502488
vn -0.486284 -0.723429 -0.490080
vn -0.338540 -0.813430 -0.472993
vn -0.202186 -0.867000 -0.455447
vn -0.091177 -0.892794 -0.441141
vn -0.013906 -0.901714 -0.432110
vn 0.029162 -0.903277 -0.428067
vn 0.048189 -0.903013 -0.426902
vn 0.063310 -0.902096 -0.426865
vn 0.096697 -0.898341 -0.428525
vn 0.162510 -0.886218 -0.433829
vn 0.263202 -0.856694 -0.443622
vn 0.391466 -0.799008 -0.456444
vn 0.533091 -0.704222 -0.468920
vn 0.669711 -0.569218 -0.476947
vn 0.782670 -0.399615 -0.477216
vn 0.858145 -0.209753 -0.468606
vn 0.891436 -0.019035 -0.452746
vn 0.888025 0.153557 -0.433395
vn 0.861091 0.293708 -0.415039
vn 0.827195 0.393235 -0.401391
vn 0.801409 0.449907 -0.394116
vn 0.791882 0.468251 -0.392001
vn 0.795322 0.462559 -0.391794
vn 0.798746 0.456770 -0.391620
vn 0.787726 0.474072 -0.393374
vn 0.751406 0.524517 -0.400339
vn 0.681768 0.603331 -0.413744
vn 0.573251 0.696291 -0.431929
vn 0.424769 0.784871 -0.451164
vn 0.242310 0.850441 -0.466942
vn 0.039789 0.878820 -0.475492
vn -0.163478 0.864563 -0.475190
vn -0.348142 0.812742 -0.467170
vn -0.500131 0.736936 -0.454746
vn -0.613143 0.654744 -0.442002
vn -0.687966 0.582963 -0.432269
vn -0.730358 0.533196 -0.426941
vn -0.749445 0.507554 -0.425113
vn -0.757224 0.496102 -0.424846
vn -0.766817 0.480383 -0.425704
vn -0.787266 0.442334 -0.429596
vn -0.818673 0.370563 -0.438700
vn -0.883037 0.270518 -0.383491
vn -0.908656 0.120106 -0.399899
vn -0.907292 -0.060408 -0.416139
vn -0.866403 -0.256837 -0.428230
vn -0.781052 -0.450061 -0.432901
vn -0.656518 -0.620530 -0.428867
vn -0.507198 -0.754022 -0.417374
vn -0.352116 -0.845395 -0.401648
vn -0.209741 -0.898499 -0.385627
vn -0.094427 -0.923153 -0.372654
vn -0.014450 -0.931092 -0.364498
vn 0.030053 -0.932143 -0.360842
vn 0.049704 -0.931715 -0.359772
vn 0.065293 -0.930775 -0.359716
vn 0.099724 -0.927147 -0.361182
vn 0.167728 -0.915402 -0.365932
vn 0.272097 -0.886296 -0.374757
vn 0.405583 -0.828376 -0.386388
vn 0.553527 -0.731691 -0.397789
vn 0.696409 -0.592321 -0.405179
vn 0.813986 -0.415968 -0.405460
vn 0.891246 -0.218168 -0.397596
vn 0.923464 -0.020008 -0.383163
vn 0.917170 0.158346 -0.365684
vn 0.886928 0.302316 -0.349235
vn 0.850344 0.404096 -0.337078
vn 0.822982 0.461948 -0.330611
vn 0.812941 0.480701 -0.328716
vn 0.816445 0.474870 -0.328507
vn 0.819960 0.468901 -0.328327
vn 0.808880 0.486735 -0.329852
vn 0.772386 0.539005 -0.335996
vn 0.702217 0.621171 -0.347904
vn 0.592139 0.718845 -0.364189
vn 0.440205 0.812785 -0.381577
vn 0.251923 0.883028 -0.395975
vn 0.041701 0.913877 -0.403844
vn -0.169682 0.899063 -0.403600
vn -0.361252 0.844074 -0.396278
vn -0.518073 0.763808 -0.384965
vn -0.633953 0.677246 -0.373419
vn -0.710316 0.602073 -0.364636
vn -0.753527 0.550199 -0.359831
vn -0.773041 0.523567 -0.358169
vn -0.781048 0.511729 -0.357906
vn -0.791040 0.495606 -0.358651
vn -0.812600 0.456672 -0.362121
vn -0.846197 0.383184 -0.370297
vn -0.908784 0.278614 -0.310620
vn -0.937608 0.124182 -0.324763
vn -0.938767 -0.062219 -0.338887
vn -0.898386 -0.265997 -0.349497
vn -0.810616 -0.466731 -0.353644
vn -0.680951 -0.643200 -0.350142
vn -0.525097 -0.780123 -0.340119
vn -0.363653 -0.872451 -0.326474
vn -0.216121 -0.924950 -0.312664
vn -0.097164 -0.948489 -0.301543
vn -0.014917 -0.955514 -0.294570
vn 0.030785 -0.956096 -0.291433
vn 0.050957 -0.955519 -0.290493
vn 0.066933 -0.954557 -0.290413
vn 0.102225 -0.951053 -0.291631
vn 0.172046 -0.939676 -0.295650
vn 0.279495 -0.911028 -0.303168
vn 0.417404 -0.853063 -0.313141
vn 0.570756 -0.754929 -0.322985
vn 0.719022 -0.611958 -0.329415
vn 0.840532 -0.429889 -0.329699
vn 0.919207 -0.225330 -0.322931
vn 0.950333 -0.020872 -0.310534
vn 0.941423 0.162288 -0.295611
vn 0.908266 0.309390 -0.281656
vn 0.869358 0.412993 -0.271391
vn 0.840647 0.471796 -0.265933
vn 0.830165 0.490883 -0.264312
vn 0.833717 0.484940 -0.264102
vn 0.837306 0.478819 -0.263916
vn 0.826193 0.497085 -0.265163
vn 0.789607 0.550872 -0.270298
vn 0.719101 0.635856 -0.280321
vn 0.607865 0.737556 -0.294128
vn 0.453180 0.836151 -0.308996
vn 0.260087 0.910521 -0.321414
vn 0.043374 0.943591 -0.328260
vn -0.174891 0.928316 -0.328088
vn -0.372280 0.870552 -0.321787
vn -0.533105 0.786394 -0.312064
vn -0.651305 0.696053 -0.302178
vn -0.728883 0.617976 -0.294679
vn -0.772736 0.564310 -0.290574
vn -0.792593 0.536841 -0.289134
vn -0.800787 0.524680 -0.288879
vn -0.811114 0.508229 -0.289479
vn -0.833624 0.468588 -0.292398
vn -0.869124 0.393725 -0.299340
vn -0.929204 0.285079 -0.235179
vn -0.960740 0.127490 -0.246424
vn -0.964116 -0.063619 -0.257747
vn -0.924309 -0.273355 -0.266326
vn -0.834653 -0.480210 -0.269728
vn -0.700798 -0.661528 -0.266953
vn -0.539575 -0.801133 -0.258929
vn -0.372935 -0.894090 -0.248036
vn -0.221233 -0.945969 -0.237063
vn -0.099359 -0.968517 -0.228259
vn -0.015304 -0.974758 -0.222741
vn 0.031353 -0.974942 -0.220239
vn 0.051939 -0.974238 -0.219459
vn 0.068217 -0.973258 -0.219354
vn 0.104177 -0.969859 -0.220274
vn 0.175422 -0.958810 -0.223408
vn 0.285308 -0.930597 -0.229323
vn 0.426753 -0.872702 -0.237220
vn 0.584469 -0.773523 -0.245067
vn 0.737103 -0.627743 -0.250236
vn 0.861782 -0.441108 -0.250512
vn 0.941532 -0.231114 -0.245161
vn 0.971669 -0.021617 -0.235354
vn 0.960555 0.165347 -0.223593
vn 0.924999 0.314896 -0.212646
vn 0.884200 0.419908 -0.204614
vn 0.854398 0.479448 -0.200335
vn 0.843555 0.498799 -0.199033
vn 0.847139 0.492772 -0.198823
vn 0.850786 0.486526 -0.198633
vn 0.839659 0.505122 -0.199561
vn 0.803038 0.560094 -0.203528
vn 0.732338 0.647316 -0.211337
vn 0.620284 0.752256 -0.222167
vn 0.463521 0.854652 -0.233918
vn 0.266663 0.932441 -0.243811
vn 0.044780 0.967386 -0.249316
vn -0.179000 0.951759 -0.249228
vn -0.381032 0.891717 -0.244245
vn -0.545009 0.804370 -0.236547
vn -0.664999 0.710955 -0.228735
vn -0.743497 0.630528 -0.222815
vn -0.787835 0.575420 -0.219562
vn -0.807955 0.547278 -0.218394
vn -0.816295 0.534858 -0.218152
vn -0.826884 0.518155 -0.218581
vn -0.850157 0.477980 -0.220837
vn -0.887207 0.402073 -0.226276
vn -0.943993 0.289818 -0.157742
vn -0.977597 0.129969 -0.165567
vn -0.982713 -0.064569 -0.173508
vn -0.943439 -0.278699 -0.179582
vn -0.852449 -0.490092 -0.182044
vn -0.715495 -0.674988 -0.180163
vn -0.550276 -0.816526 -0.174592
vn -0.379778 -0.909875 -0.167020
vn -0.225000 -0.961231 -0.159404
vn -0.100985 -0.983007 -0.153297
vn -0.015607 -0.988645 -0.149456
vn 0.031751 -0.988525 -0.147683
vn 0.052642 -0.987722 -0.147088
vn 0.069133 -0.986724 -0.146956
vn 0.105564 -0.983407 -0.147539
vn 0.177822 -0.972615 -0.149665
vn 0.289463 -0.944763 -0.153737
vn 0.433482 -0.886986 -0.159216
vn 0.594403 -0.787120 -0.164702
vn 0.750264 -0.639343 -0.168357
vn 0.877280 -0.449387 -0.168614
vn 0.957795 -0.235414 -0.164949
vn 0.987159 -0.022234 -0.158186
vn 0.974383 0.167492 -0.150083
vn 0.937040 0.318804 -0.142551
vn 0.894843 0.424830 -0.137023
vn 0.864233 0.484903 -0.134056
vn 0.853118 0.504451 -0.133110
vn 0.856719 0.498368 -0.132902
vn 0.860406 0.492027 -0.132707
vn 0.849278 0.510845 -0.133286
vn 0.812658 0.566659 -0.135962
vn 0.741862 0.655496 -0.141299
vn 0.629284 0.762806 -0.148756
vn 0.471082 0.868022 -0.156905
vn 0.271533 0.948384 -0.163822
vn 0.045892 0.984766 -0.167718
vn -0.181921 0.968904 -0.167721
vn -0.387343 0.907177 -0.164304
vn -0.553603 0.817463 -0.158990
vn -0.674873 0.721773 -0.153591
vn -0.754021 0.639613 -0.149490
vn -0.798703 0.583440 -0.147212
vn -0.819011 0.554797 -0.146357
vn -0.827454 0.542186 -0.146131
vn -0.838229 0.525309 -0.146368
vn -0.862053 0.484766 -0.147874
vn -0.900247 0.408135 -0.151594
vn -0.952922 0.292758 -0.078945
vn -0.987828 0.131568 -0.082975
vn -0.994073 -0.065041 -0.087113
vn -0.955194 -0.281860 -0.090330
vn -0.863435 -0.496054 -0.091706
vn -0.724595 -0.683162 -0.090839
vn -0.556916 -0.825888 -0.088053
vn -0.384039 -0.919468 -0.084215
vn -0.227363 -0.970491 -0.080330
vn -0.102026 -0.991782 -0.077192
vn -0.015823 -0.997044 -0.075184
vn 0.031976 -0.996730 -0.074207
vn 0.053060 -0.995859 -0.073814
vn 0.069675 -0.994847 -0.073656
vn 0.106373 -0.991578 -0.073875
vn 0.179223 -0.980952 -0.074909
vn 0.291907 -0.953345 -0.076969
vn 0.437478 -0.895682 -0.079788
vn 0.600357 -0.795450 -0.082651
vn 0.758208 -0.646500 -0.084608
vn 0.886676 -0.454542 -0.084836
vn 0.967672 -0.238146 -0.083047
vn 0.996564 -0.022715 -0.079655
vn 0.982767 0.168700 -0.075557
vn 0.944327 0.321095 -0.071727
vn 0.901268 0.427749 -0.068891
vn 0.870153 0.488161 -0.067327
vn 0.858858 0.507843 -0.066764
vn 0.862460 0.501731 -0.066558
vn 0.866171 0.495322 -0.066359
vn 0.855050 0.514254 -0.066569
vn 0.818450 0.570555 -0.067872
vn 0.747631 0.660356 -0.070560
vn 0.634778 0.769107 -0.074369
vn 0.475752 0.876063 -0.078575
vn 0.274604 0.958038 -0.082192
vn 0.046690 0.995347 -0.084284
vn -0.183587 0.979375 -0.084381
vn -0.391088 0.916630 -0.082706
vn -0.558749 0.825466 -0.080033
vn -0.680805 0.728376 -0.077287
vn -0.760354 0.645144 -0.075174
vn -0.805251 0.588304 -0.073960
vn -0.825676 0.559343 -0.073446
vn -0.834179 0.546610 -0.073239
vn -0.845057 0.529632 -0.073270
vn -0.869207 0.488884 -0.073965
vn -0.908095 0.411845 -0.075817
vn -0.946598 0.291238 0.138324
vn -0.980723 0.131127 0.144871
vn -0.986435 -0.063960 0.151176
vn -0.947615 -0.278966 0.155574
vn -0.856705 -0.491438 0.156666
vn -0.719358 -0.677357 0.153987
vn -0.553388 -0.819619 0.148280
vn -0.382013 -0.913316 0.141136
vn -0.226427 -0.964724 0.134311
vn -0.101765 -0.986389 0.129153
vn -0.015919 -0.991866 0.126290
vn 0.031730 -0.991586 0.125503
vn 0.052749 -0.990637 0.125922
vn 0.069244 -0.989513 0.126766
vn 0.105645 -0.986122 0.128071
vn 0.177939 -0.975360 0.130426
vn 0.289770 -0.947652 0.134123
vn 0.434203 -0.890076 0.138679
vn 0.595781 -0.790332 0.142901
vn 0.752459 -0.642421 0.145261
vn 0.880247 -0.451972 0.144526
vn 0.961257 -0.237212 0.140413
vn 0.990737 -0.023154 0.133806
vn 0.977769 0.167349 0.126339
vn 0.940078 0.319251 0.119715
vn 0.897511 0.425687 0.115172
vn 0.866586 0.486026 0.113173
vn 0.855246 0.505703 0.113218
vn 0.858710 0.499599 0.114095
vn 0.862328 0.493122 0.114984
vn 0.851190 0.511799 0.116348
vn 0.814633 0.567590 0.119223
vn 0.743957 0.656610 0.124062
vn 0.631480 0.764350 0.130390
vn 0.473230 0.870224 0.136982
vn 0.273337 0.951347 0.142219
vn 0.047009 0.988364 0.144661
vn -0.181717 0.972793 0.143711
vn -0.388048 0.910952 0.139950
vn -0.555029 0.820831 0.134829
vn -0.676781 0.724619 0.129982
vn -0.756209 0.641962 0.126618
vn -0.801029 0.585392 0.125175
vn -0.821363 0.556485 0.125244
vn -0.829741 0.543738 0.126013
vn -0.840415 0.526815 0.127155
vn -0.864202 0.486272 0.129203
vn -0.902519 0.409637 0.132879
vn -0.889079 0.274007 0.366687
vn -0.915756 0.122996 0.382442
vn -0.915525 -0.058729 0.397950
vn -0.875424 -0.257000 0.409370
vn -0.790122 -0.452433 0.413535
vn -0.664761 -0.625006 0.409220
vn -0.513944 -0.760070 0.397688
vn -0.357096 -0.852318 0.382146
vn -0.213034 -0.905714 0.366467
vn -0.096305 -0.930308 0.353911
vn -0.015253 -0.938041 0.346188
vn 0.029953 -0.938865 0.342979
vn 0.049921 -0.938232 0.342387
vn 0.065515 -0.937124 0.342793
vn 0.099841 -0.933434 0.344577
vn 0.167881 -0.921821 0.349373
vn 0.272640 -0.893054 0.357941
vn 0.407005 -0.835538 0.369084
vn 0.556331 -0.739036 0.379897
vn 0.700901 -0.599302 0.386748
vn 0.820074 -0.421870 0.386658
vn 0.898413 -0.222412 0.378664
vn 0.930989 -0.022388 0.364360
vn 0.924433 0.157672 0.347222
vn 0.893570 0.303011 0.331236
vn 0.856268 0.405814 0.319563
vn 0.828269 0.464385 0.313555
vn 0.817779 0.483543 0.312129
vn 0.821054 0.477746 0.312457
vn 0.824522 0.471500 0.312814
vn 0.813538 0.489010 0.314682
vn 0.777275 0.541221 0.320817
vn 0.707412 0.623795 0.332336
vn 0.597535 0.722417 0.347944
vn 0.445414 0.817757 0.364527
vn 0.256298 0.889554 0.378160
vn 0.044544 0.921660 0.385434
vn -0.168808 0.907417 0.384836
vn -0.362347 0.852212 0.377411
vn -0.520791 0.771145 0.366213
vn -0.637828 0.683522 0.354927
vn -0.714940 0.607300 0.346479
vn -0.758588 0.554568 0.342051
vn -0.778283 0.527369 0.340818
vn -0.786249 0.515277 0.341029
vn -0.796095 0.499137 0.342192
vn -0.817625 0.460290 0.345865
vn -0.851521 0.386846 0.353925
vn -0.845447 0.260836 0.466029
vn -0.867192 0.116800 0.484082
vn -0.863296 -0.055008 0.501692
vn -0.822828 -0.241142 0.514592
vn -0.741771 -0.424273 0.519392
vn -0.624875 -0.586958 0.514793
vn -0.484730 -0.716205 0.502083
vn -0.338306 -0.806635 0.484653
vn -0.202745 -0.860821 0.466778
vn -0.092029 -0.887134 0.452243
vn -0.014692 -0.896322 0.443160
vn 0.028593 -0.897901 0.439267
vn 0.047732 -0.897509 0.438405
vn 0.062633 -0.896444 0.438709
vn 0.095379 -0.892598 0.440650
vn 0.160184 -0.880506 0.446151
vn 0.259615 -0.851235 0.456069
vn 0.386503 -0.794168 0.468949
vn 0.526849 -0.700484 0.481407
vn 0.662572 -0.567058 0.489330
vn 0.775274 -0.399290 0.489405
vn 0.851196 -0.211140 0.480506
vn 0.885431 -0.021665 0.464265
vn 0.883088 0.150296 0.444485
vn 0.856999 0.290344 0.425738
vn 0.823527 0.390110 0.411847
vn 0.797727 0.447171 0.404560
vn 0.787909 0.465878 0.402686
vn 0.791065 0.460330 0.402881
vn 0.794432 0.454291 0.403110
vn 0.783616 0.470934 0.405177
vn 0.747721 0.520439 0.412378
vn 0.678754 0.598191 0.425982
vn 0.571236 0.690120 0.444324
vn 0.424135 0.777910 0.463643
vn 0.243357 0.843175 0.479410
vn 0.042554 0.871890 0.487850
vn -0.159309 0.858552 0.487348
vn -0.343125 0.807941 0.479058
vn -0.494830 0.733266 0.466330
vn -0.607938 0.651851 0.453323
vn -0.683005 0.580393 0.443450
vn -0.725606 0.530570 0.438169
vn -0.744768 0.504702 0.436575
vn -0.752431 0.493138 0.436649
vn -0.761688 0.477626 0.437842
vn -0.781605 0.440146 0.442000
vn -0.812380 0.369275 0.451303
vn -0.809499 0.249974 0.531248
vn -0.827628 0.111742 0.550042
vn -0.821231 -0.052021 0.568220
vn -0.780837 -0.228493 0.581450
vn -0.703301 -0.401881 0.586395
vn -0.593047 -0.556609 0.581792
vn -0.461220 -0.680924 0.568875
vn -0.323013 -0.769479 0.550966
vn -0.194274 -0.823901 0.532395
vn -0.088474 -0.851317 0.517137
vn -0.014219 -0.861525 0.507515
vn 0.027457 -0.863651 0.503342
vn 0.045902 -0.863433 0.502371
vn 0.060223 -0.862398 0.502636
vn 0.091651 -0.858451 0.504641
vn 0.153774 -0.846063 0.510423
vn 0.248829 -0.816573 0.520857
vn 0.369654 -0.760144 0.534356
vn 0.502807 -0.669024 0.547349
vn 0.631472 -0.540880 0.555600
vn 0.738930 -0.380959 0.555745
vn 0.812679 -0.201932 0.546604
vn 0.847897 -0.021056 0.529742
vn 0.848626 0.144159 0.508972
vn 0.826192 0.279685 0.489064
vn 0.795737 0.376790 0.474165
vn 0.771703 0.432507 0.466276
vn 0.762428 0.450809 0.464193
vn 0.765474 0.445466 0.464337
vn 0.768747 0.439602 0.464518
vn 0.758093 0.455520 0.466686
vn 0.722605 0.502787 0.474390
vn 0.654577 0.576604 0.488935
vn 0.549278 0.663173 0.508425
vn 0.406568 0.745045 0.528783
vn 0.232773 0.805293 0.545270
vn 0.040925 0.831460 0.554075
vn -0.151603 0.818851 0.553624
vn -0.327440 0.771788 0.545093
vn -0.473477 0.702090 0.531873
vn -0.583159 0.625582 0.518240
vn -0.656374 0.557947 0.507807
vn -0.698012 0.510488 0.502176
vn -0.716694 0.485713 0.500432
vn -0.724095 0.474586 0.500454
vn -0.732870 0.459606 0.501661
vn -0.751504 0.423307 0.506017
vn -0.779846 0.354662 0.515806
vn -0.777648 0.240351 0.580943
vn -0.792891 0.107302 0.599842
vn -0.784634 -0.049421 0.617987
vn -0.744552 -0.217560 0.631118
vn -0.670144 -0.382578 0.636035
vn -0.565549 -0.530385 0.631543
vn -0.440773 -0.650236 0.618799
vn -0.309593 -0.736870 0.600978
vn -0.186773 -0.791208 0.582327
vn -0.085303 -0.819376 0.566875
vn -0.013796 -0.830358 0.557060
vn 0.026439 -0.832914 0.552770
vn 0.044258 -0.832838 0.551745
vn 0.058059 -0.831832 0.551982
vn 0.088307 -0.827820 0.553999
vn 0.148040 -0.815248 0.559870
vn 0.239226 -0.785713 0.570461
vn 0.354749 -0.730046 0.584112
vn 0.481671 -0.641368 0.597193
vn 0.604242 -0.517960 0.605483
vn 0.707110 -0.364910 0.605670
vn 0.778803 -0.193834 0.596569
vn 0.814617 -0.020516 0.579637
vn 0.817773 0.138667 0.558586
vn 0.798367 0.270059 0.538218
vn 0.770477 0.364684 0.522848
vn 0.747971 0.419135 0.514650
vn 0.739172 0.437056 0.512453
vn 0.742119 0.431901 0.512564
vn 0.745306 0.426196 0.512714
vn 0.734820 0.441465 0.514925
vn 0.699777 0.486745 0.522868
vn 0.632740 0.557108 0.537840
vn 0.529616 0.639046 0.557787
vn 0.390987 0.715894 0.578468
vn 0.223460 0.771958 0.595103
vn 0.039499 0.796034 0.603961
vn -0.144848 0.784055 0.603553
vn -0.313634 0.739968 0.595048
vn -0.454564 0.674476 0.581768
vn -0.561071 0.602165 0.567976
vn -0.632522 0.537844 0.557351
vn -0.673237 0.492457 0.551578
vn -0.691467 0.468649 0.549765
vn -0.698631 0.457915 0.549753
vn -0.706985 0.443421 0.550954
vn -0.724519 0.408211 0.555370
vn -0.750810 0.341621 0.565313
vn -0.749218 0.231767 0.620449
vn -0.762124 0.103377 0.639125
vn -0.752466 -0.047126 0.656943
vn -0.712840 -0.207994 0.669774
vn -0.641230 -0.365732 0.674584
vn -0.541523 -0.507459 0.670252
vn -0.422811 -0.623261 0.657857
vn -0.297716 -0.707993 0.640399
vn -0.180085 -0.762038 0.621987
vn -0.082461 -0.790702 0.606622
vn -0.013416 -0.802274 0.596805
vn 0.025518 -0.805174 0.592489
vn 0.042774 -0.805215 0.591439
vn 0.056105 -0.804237 0.591655
vn 0.085289 -0.800188 0.593654
vn 0.142875 -0.787514 0.599507
vn 0.230614 -0.758054 0.610059
vn 0.341455 -0.703217 0.623614
vn 0.462922 -0.616851 0.636552
vn 0.580172 -0.497713 0.644734
vn 0.678986 -0.350737 0.644951
vn 0.748750 -0.186659 0.636029
vn 0.784889 -0.020042 0.619313
vn 0.789986 0.133714 0.598366
vn 0.773114 0.261318 0.577934
vn 0.747426 0.353633 0.562404
vn 0.726251 0.406896 0.554072
vn 0.717870 0.424458 0.551813
vn 0.720725 0.419475 0.551901
vn 0.723835 0.413917 0.552029
vn 0.713521 0.428601 0.554247
vn 0.678947 0.472102 0.562272
vn 0.612925 0.539411 0.577372
vn 0.511913 0.617312 0.597387
vn 0.377074 0.689846 0.618003
vn 0.215204 0.742371 0.634486
vn 0.038248 0.764708 0.643240
vn -0.138865 0.753281 0.642872
vn -0.301372 0.711727 0.634523
vn -0.437679 0.649837 0.621409
vn -0.541248 0.581157 0.607707
vn -0.611031 0.519733 0.597092
vn -0.650865 0.476177 0.591295
vn -0.668673 0.453232 0.589455
vn -0.675621 0.442851 0.589422
vn -0.683605 0.428803 0.590603
vn -0.700186 0.394602 0.595003
vn -0.724731 0.329911 0.604917
vn -0.723683 0.224066 0.652746
vn -0.734675 0.099886 0.671026
vn -0.723955 -0.045079 0.688373
vn -0.684870 -0.199541 0.700811
vn -0.615776 -0.350885 0.705479
vn -0.520339 -0.487226 0.701326
vn -0.406904 -0.599348 0.689356
vn -0.287133 -0.682233 0.672393
vn -0.174090 -0.735849 0.654384
vn -0.079902 -0.764825 0.639264
vn -0.013076 -0.776847 0.629554
vn 0.024682 -0.780023 0.625264
vn 0.041427 -0.780160 0.624207
vn 0.054331 -0.779208 0.624407
vn 0.082551 -0.775142 0.626370
vn 0.138198 -0.762426 0.632145
vn 0.222844 -0.733127 0.642546
vn 0.329521 -0.679155 0.655869
vn 0.446170 -0.594965 0.668543
vn 0.558732 -0.479696 0.676543
vn 0.653939 -0.338130 0.676781
vn 0.721900 -0.180263 0.668106
vn 0.758174 -0.019627 0.651757
vn 0.764839 0.129221 0.631129
vn 0.750107 0.253347 0.610864
vn 0.726321 0.343509 0.595365
vn 0.706313 0.395659 0.587006
vn 0.698302 0.412886 0.584721
vn 0.701073 0.408062 0.584793
vn 0.704111 0.402636 0.584904
vn 0.693969 0.416790 0.587106
vn 0.659877 0.458692 0.595117
vn 0.594877 0.523282 0.610162
vn 0.495897 0.597634 0.630016
vn 0.364580 0.666430 0.650348
vn 0.207839 0.715929 0.666520
vn 0.037147 0.736801 0.675089
vn -0.133520 0.725862 0.674756
vn -0.290402 0.686491 0.666631
vn -0.422510 0.627718 0.653801
vn -0.523358 0.562209 0.640325
vn -0.591570 0.503341 0.629835
vn -0.630571 0.461413 0.624082
vn -0.647983 0.439240 0.622243
vn -0.654736 0.429179 0.622195
vn -0.662391 0.415541 0.623349
vn -0.678140 0.382275 0.627688
vn -0.701180 0.319344 0.637468
vn -0.700503 0.217087 0.679830
vn -0.709902 0.096749 0.697624
vn -0.698370 -0.043227 0.714430
vn -0.659875 -0.191971 0.726438
vn -0.593068 -0.337620 0.730947
vn -0.501418 -0.469130 0.726978
vn -0.392642 -0.577882 0.715461
vn -0.277597 -0.658987 0.699054
vn -0.168660 -0.712084 0.681535
vn -0.077577 -0.741237 0.666745
vn -0.012770 -0.753603 0.657206
vn 0.023915 -0.757002 0.652974
vn 0.040193 -0.757219 0.651923
vn 0.052706 -0.756291 0.652108
vn 0.080041 -0.752224 0.654027
vn 0.133919 -0.739511 0.659689
vn 0.215760 -0.710433 0.669876
vn 0.318687 -0.657341 0.682891
vn 0.431028 -0.575207 0.695236
vn 0.539405 -0.463476 0.703016
vn 0.631366 -0.326787 0.703269
vn 0.697638 -0.174500 0.694875
vn 0.733913 -0.019266 0.678970
vn 0.741859 0.125103 0.658783
vn 0.728960 0.246010 0.638825
vn 0.706837 0.334157 0.623475
vn 0.687865 0.385257 0.615158
vn 0.680183 0.402170 0.612870
vn 0.682874 0.397494 0.612929
vn 0.685845 0.392190 0.613028
vn 0.675876 0.405856 0.615201
vn 0.642273 0.446304 0.623136
vn 0.578291 0.508447 0.638014
vn 0.481269 0.579642 0.657567
vn 0.353244 0.645155 0.677491
vn 0.201199 0.692027 0.693266
vn 0.036172 0.711645 0.701607
vn -0.128685 0.701148 0.701307
vn -0.280472 0.663687 0.693437
vn -0.408733 0.607652 0.680953
vn -0.507050 0.544950 0.667780
vn -0.573777 0.488362 0.657482
vn -0.611987 0.447897 0.651813
vn -0.629029 0.426422 0.649990
vn -0.635601 0.416653 0.649932
vn -0.642960 0.403396 0.651057
vn -0.657972 0.371003 0.655309
vn -0.679700 0.309713 0.664895
vn -0.679096 0.210652 0.703175
vn -0.687141 0.093880 0.720434
vn -0.674981 -0.041519 0.736666
vn -0.637110 -0.185058 0.748227
vn -0.572417 -0.325537 0.752572
vn -0.484194 -0.452635 0.748784
vn -0.379618 -0.558252 0.737730
vn -0.268850 -0.637630 0.721906
vn -0.163659 -0.690145 0.704923
vn -0.075429 -0.719374 0.690515
vn -0.012490 -0.732005 0.681185
vn 0.023199 -0.735588 0.677032
vn 0.039043 -0.735872 0.675994
vn 0.051192 -0.734967 0.676168
vn 0.077703 -0.730909 0.678037
vn 0.129939 -0.718233 0.683562
vn 0.209191 -0.689421 0.693497
vn 0.308681 -0.637222 0.706162
vn 0.417095 -0.557051 0.718141
vn 0.521666 -0.448610 0.725681
vn 0.610652 -0.316397 0.725946
vn 0.675323 -0.169216 0.717847
vn 0.711501 -0.018946 0.702430
vn 0.720514 0.121265 0.682755
vn 0.709214 0.239148 0.663192
vn 0.688573 0.325383 0.648069
vn 0.670534 0.375482 0.639842
vn 0.663150 0.392097 0.637567
vn 0.665764 0.387560 0.637617
vn 0.668673 0.382370 0.637707
vn 0.658877 0.395581 0.639841
vn 0.625770 0.434683 0.647659
vn 0.562806 0.494584 0.662295
vn 0.467690 0.562918 0.681461
vn 0.342784 0.625490 0.700900
vn 0.195107 0.670036 0.716230
vn 0.035294 0.688559 0.724321
vn -0.124232 0.678466 0.724051
vn -0.271324 0.642714 0.716451
vn -0.396004 0.589133 0.704346
vn -0.491931 0.528964 0.691520
vn -0.557240 0.474449 0.681456
vn -0.594692 0.435323 0.675896
vn -0.611380 0.414489 0.674101
vn -0.617784 0.404991 0.674037
vn -0.624871 0.392093 0.675129
vn -0.639217 0.360527 0.679280
vn -0.659778 0.300790 0.688635
vn -0.658828 0.204570 0.723946
vn -0.665691 0.091189 0.740635
vn -0.653039 -0.039901 0.756272
vn -0.615825 -0.178579 0.767378
vn -0.553135 -0.314237 0.771555
vn -0.468099 -0.437198 0.767946
vn -0.367414 -0.539831 0.757357
vn -0.260621 -0.617506 0.742134
vn -0.158936 -0.669383 0.725717
vn -0.073397 -0.698610 0.711728
vn -0.012228 -0.711445 0.702636
vn 0.022515 -0.715181 0.698577
vn 0.037947 -0.715523 0.697558
vn 0.049747 -0.714639 0.697722
vn 0.075472 -0.710599 0.699538
vn 0.126146 -0.697987 0.704912
vn 0.202947 -0.669482 0.714567
vn 0.299206 -0.618196 0.726849
vn 0.403947 -0.539940 0.738439
vn 0.504963 -0.434633 0.745725
vn 0.591153 -0.306635 0.745998
vn 0.654275 -0.164248 0.738205
vn 0.690277 -0.018658 0.723304
vn 0.700201 0.117601 0.704193
vn 0.690332 0.232578 0.685090
vn 0.671045 0.316956 0.670252
vn 0.653869 0.366080 0.662149
vn 0.646762 0.382404 0.659898
vn 0.649300 0.378002 0.659943
vn 0.652148 0.372919 0.660026
vn 0.642528 0.385694 0.662116
vn 0.609930 0.423522 0.669787
vn 0.548001 0.481318 0.684126
vn 0.454772 0.546992 0.702839
vn 0.332890 0.606858 0.721740
vn 0.189375 0.649287 0.736589
vn 0.034483 0.666827 0.744414
vn -0.120024 0.657116 0.744173
vn -0.262681 0.622933 0.736853
vn -0.383947 0.571614 0.725150
vn -0.477569 0.513792 0.712703
vn -0.541494 0.461210 0.702901
vn -0.578203 0.423339 0.697470
vn -0.594548 0.403110 0.695712
vn -0.600789 0.393868 0.695644
vn -0.607621 0.381315 0.696703
vn -0.621350 0.350552 0.700741
vn -0.640844 0.292317 0.709838
vn -0.638997 0.198627 0.743122
vn -0.644797 0.088577 0.759204
vn -0.631755 -0.038322 0.774221
vn -0.595241 -0.172300 0.784857
vn -0.534512 -0.303308 0.788861
vn -0.452540 -0.422261 0.785432
vn -0.355587 -0.521959 0.775317
vn -0.252618 -0.597909 0.760716
vn -0.154325 -0.649082 0.744900
vn -0.071408 -0.678237 0.731365
vn -0.011974 -0.691229 0.722537
vn 0.021840 -0.695095 0.718586
vn 0.036867 -0.695488 0.717591
vn 0.048323 -0.694623 0.717749
vn 0.073274 -0.690609 0.719507
vn 0.122412 -0.678088 0.724715
vn 0.196819 -0.649933 0.734064
vn 0.289935 -0.599602 0.745932
vn 0.391124 -0.523271 0.757106
vn 0.488707 -0.421045 0.764124
vn 0.572181 -0.297149 0.764402
vn 0.633757 -0.159417 0.756927
vn 0.669512 -0.018387 0.742574
vn 0.680234 0.113991 0.724077
vn 0.671689 0.226083 0.705493
vn 0.653678 0.308601 0.690992
vn 0.637326 0.356744 0.683044
vn 0.630483 0.372777 0.680829
vn 0.632943 0.368507 0.680871
vn 0.635730 0.363529 0.680951
vn 0.626292 0.375875 0.682991
vn 0.594231 0.412455 0.690486
vn 0.533381 0.468207 0.704477
vn 0.442077 0.531324 0.722677
vn 0.323215 0.588617 0.740988
vn 0.183798 0.629052 0.755322
vn 0.033707 0.645678 0.762865
vn -0.115918 0.636340 0.762650
vn -0.254244 0.603651 0.755623
vn -0.372149 0.554486 0.744346
vn -0.463476 0.498913 0.732309
vn -0.526009 0.448196 0.722797
vn -0.561967 0.411543 0.717513
vn -0.577968 0.391903 0.715797
vn -0.584047 0.382911 0.715729
vn -0.590629 0.370702 0.716755
vn -0.603767 0.340739 0.720668
vn -0.622253 0.284004 0.729482
vn -0.618811 0.192582 0.761568
vn -0.623616 0.085934 0.776993
vn -0.610264 -0.036720 0.791347
vn -0.574518 -0.165972 0.801487
vn -0.515785 -0.292310 0.805308
vn -0.436883 -0.407219 0.802064
vn -0.343653 -0.503917 0.792445
vn -0.244513 -0.578051 0.778505
vn -0.149639 -0.628430 0.763338
vn -0.069381 -0.657444 0.750303
vn -0.011715 -0.670550 0.741772
vn 0.021148 -0.674530 0.737945
vn 0.035760 -0.674967 0.736981
vn 0.046865 -0.674121 0.737133
vn 0.071022 -0.670141 0.738828
vn 0.118592 -0.657739 0.743852
vn 0.190563 -0.629990 0.752860
vn 0.280502 -0.580692 0.764275
vn 0.378114 -0.506368 0.774997
vn 0.472247 -0.407295 0.781725
vn 0.552973 -0.287554 0.782006
vn 0.612945 -0.154524 0.774868
vn 0.648374 -0.018116 0.761106
vn 0.659817 0.110294 0.743287
vn 0.652540 0.219409 0.725294
vn 0.635781 0.299989 0.711189
vn 0.620245 0.347104 0.703430
vn 0.613666 0.362831 0.701262
vn 0.616043 0.358697 0.701304
vn 0.618764 0.353826 0.701384
vn 0.609522 0.365731 0.703366
vn 0.578044 0.401041 0.710656
vn 0.518358 0.454731 0.724241
vn 0.429092 0.515293 0.741858
vn 0.313367 0.570038 0.759511
vn 0.178144 0.608519 0.773284
vn 0.032927 0.624261 0.780521
vn -0.111753 0.615301 0.780331
vn -0.245679 0.584090 0.773615
vn -0.360141 0.537062 0.762799
vn -0.449092 0.483732 0.751212
vn -0.510168 0.434886 0.742026
vn -0.545339 0.399463 0.736909
vn -0.560978 0.380419 0.735245
vn -0.566890 0.371683 0.735178
vn -0.573219 0.359827 0.736169
vn -0.585766 0.330695 0.739945
vn -0.603261 0.275514 0.748443
vn -0.582441 0.181586 0.792331
vn -0.585676 0.081080 0.806480
vn -0.571998 -0.034002 0.819550
vn -0.537794 -0.154903 0.828723
vn -0.482680 -0.273031 0.832150
vn -0.409193 -0.380806 0.829185
vn -0.322479 -0.472133 0.820425
vn -0.230046 -0.542903 0.807673
vn -0.141202 -0.591677 0.793713
vn -0.065684 -0.620249 0.781650
vn -0.011206 -0.633409 0.773736
vn 0.019923 -0.637479 0.770210
vn 0.033770 -0.637907 0.769373
vn 0.044240 -0.637015 0.769581
vn 0.066977 -0.633048 0.771210
vn 0.111739 -0.620874 0.775906
vn 0.179355 -0.593946 0.784257
vn 0.263649 -0.546644 0.794777
vn 0.354951 -0.476053 0.804601
vn 0.443021 -0.382692 0.810728
vn 0.518899 -0.270366 0.810954
vn 0.575968 -0.145680 0.804387
vn 0.610668 -0.017497 0.791693
vn 0.623193 0.103785 0.775151
vn 0.617983 0.207467 0.758323
vn 0.603316 0.284441 0.745052
vn 0.589153 0.329591 0.737746
vn 0.582977 0.344682 0.735753
vn 0.585129 0.340739 0.735881
vn 0.587641 0.336027 0.736046
vn 0.578697 0.347122 0.737982
vn 0.548297 0.380151 0.744887
vn 0.490833 0.430177 0.757648
vn 0.405418 0.486265 0.774069
vn 0.295495 0.536623 0.790392
vn 0.167881 0.571803 0.803030
vn 0.031388 0.586107 0.809626
vn -0.104487 0.577860 0.809420
vn -0.230557 0.549229 0.803238
vn -0.338810 0.505908 0.793262
vn -0.423399 0.456485 0.782531
vn -0.481742 0.410918 0.773997
vn -0.515387 0.377659 0.769253
vn -0.530288 0.359658 0.767751
vn -0.535825 0.351344 0.767756
vn -0.541645 0.340081 0.768743
vn -0.553121 0.312426 0.772300
vn -0.568894 0.260070 0.780207
vn -0.481237 0.150721 0.863536
vn -0.481349 0.067431 0.873932
vn -0.467910 -0.026937 0.883365
vn -0.438630 -0.125374 0.889879
vn -0.393477 -0.221486 0.892256
vn -0.334300 -0.309841 0.890080
vn -0.264682 -0.385966 0.883727
vn -0.190032 -0.446466 0.874389
vn -0.117502 -0.489559 0.864017
vn -0.055112 -0.515798 0.854936
vn -0.009649 -0.528386 0.848949
vn 0.016500 -0.532387 0.846340
vn 0.028144 -0.532704 0.845833
vn 0.036827 -0.531691 0.846137
vn 0.055606 -0.527887 0.847492
vn 0.092557 -0.516748 0.851119
vn 0.148165 -0.492813 0.857428
vn 0.217090 -0.451903 0.865249
vn 0.291408 -0.392327 0.872445
vn 0.363169 -0.314993 0.876862
vn 0.425724 -0.222944 0.876958
vn 0.474189 -0.120954 0.872075
vn 0.505669 -0.015416 0.862590
vn 0.519708 0.085718 0.850033
vn 0.518931 0.173515 0.837020
vn 0.509238 0.239586 0.826605
vn 0.498534 0.278651 0.820864
vn 0.493417 0.291722 0.819413
vn 0.494922 0.288299 0.819717
vn 0.496806 0.284081 0.820050
vn 0.488811 0.292961 0.821728
vn 0.461978 0.319756 0.827244
vn 0.411722 0.359963 0.837205
vn 0.338207 0.404366 0.849767
vn 0.245327 0.443590 0.861999
vn 0.139201 0.470611 0.871291
vn 0.026787 0.481469 0.876054
vn -0.084917 0.475083 0.875834
vn -0.189171 0.452956 0.871232
vn -0.279730 0.419092 0.863778
vn -0.351463 0.379841 0.855684
vn -0.401484 0.343028 0.849201
vn -0.430418 0.315691 0.845624
vn -0.443071 0.300615 0.844582
vn -0.447525 0.293507 0.844734
vn -0.451983 0.283945 0.845628
vn -0.460714 0.260577 0.848435
vn -0.472276 0.216439 0.854464
vn -0.395753 0.124764 0.909843
vn -0.394350 0.056181 0.917241
vn -0.381994 -0.020958 0.923927
vn -0.357207 -0.100968 0.928552
vn -0.320159 -0.178944 0.930310
vn -0.272288 -0.250885 0.928933
vn -0.216218 -0.313483 0.924650
vn -0.155959 -0.364065 0.918223
vn -0.097024 -0.400940 0.910952
vn -0.045891 -0.424078 0.904462
vn -0.008313 -0.435642 0.900082
vn 0.013461 -0.439625 0.898080
vn 0.023190 -0.440232 0.897584
vn 0.030332 -0.439610 0.897676
vn 0.045689 -0.436506 0.898541
vn 0.075947 -0.426960 0.901076
vn 0.121420 -0.406433 0.905577
vn 0.177571 -0.371773 0.911182
vn 0.237889 -0.322046 0.916349
vn 0.296094 -0.258325 0.919563
vn 0.347140 -0.183118 0.919762
vn 0.387394 -0.100014 0.916473
vn 0.414612 -0.013737 0.909895
vn 0.428184 0.069635 0.901005
vn 0.429710 0.142850 0.891596
vn 0.423426 0.198615 0.883891
vn 0.415525 0.231960 0.879507
vn 0.411627 0.243355 0.878261
vn 0.413060 0.240723 0.878313
vn 0.414908 0.237245 0.878388
vn 0.408370 0.244454 0.879475
vn 0.385555 0.266200 0.883451
vn 0.342692 0.298556 0.890745
vn 0.280504 0.333846 0.899925
vn 0.202891 0.364579 0.908800
vn 0.115223 0.385428 0.915515
vn 0.023080 0.393578 0.919002
vn -0.068253 0.388351 0.918981
vn -0.153751 0.370887 0.915862
vn -0.228586 0.344128 0.910673
vn -0.288483 0.312861 0.904928
vn -0.330700 0.283225 0.900234
vn -0.355352 0.260985 0.897559
vn -0.366253 0.248628 0.896684
vn -0.370163 0.242843 0.896664
vn -0.373900 0.235083 0.897182
vn -0.380847 0.215819 0.899099
vn -0.389627 0.179203 0.903370
vn -0.382633 0.121194 0.915917
vn -0.381120 0.054945 0.922891
vn -0.369034 -0.019534 0.929210
vn -0.345000 -0.096736 0.933604
vn -0.309215 -0.171952 0.935317
vn -0.263068 -0.241372 0.934096
vn -0.209058 -0.301858 0.930149
vn -0.150993 -0.350861 0.924174
vn -0.094131 -0.386731 0.917376
vn -0.044700 -0.409381 0.911268
vn -0.008277 -0.420823 0.907105
vn 0.012896 -0.424877 0.905159
vn 0.022374 -0.425620 0.904625
vn 0.029254 -0.425157 0.904647
vn 0.043997 -0.422275 0.905399
vn 0.073119 -0.413114 0.907739
vn 0.116951 -0.393266 0.911956
vn 0.171102 -0.359712 0.917241
vn 0.229270 -0.311607 0.922137
vn 0.285403 -0.250043 0.925215
vn 0.334672 -0.177459 0.925475
vn 0.373618 -0.097285 0.922467
vn 0.400104 -0.014013 0.916363
vn 0.413521 0.066569 0.908058
vn 0.415342 0.137500 0.899214
vn 0.409559 0.191698 0.891916
vn 0.402101 0.224263 0.887706
vn 0.398428 0.235545 0.886439
vn 0.399923 0.233143 0.886400
vn 0.401892 0.229798 0.886383
vn 0.395764 0.236704 0.887323
vn 0.373797 0.257626 0.891013
vn 0.332304 0.288776 0.897877
vn 0.272048 0.322726 0.906553
vn 0.196902 0.352246 0.914960
vn 0.112121 0.372232 0.921342
vn 0.023101 0.380016 0.924691
vn -0.065101 0.374977 0.924746
vn -0.147706 0.358210 0.921883
vn -0.220106 0.332510 0.917055
vn -0.278182 0.302441 0.911671
vn -0.319242 0.273878 0.907235
vn -0.343326 0.252395 0.904668
vn -0.354068 0.240447 0.903781
vn -0.357985 0.234905 0.903696
vn -0.361672 0.227527 0.904116
vn -0.368399 0.209052 0.905858
vn -0.376831 0.173763 0.909838
vn -0.405338 0.128768 0.905053
vn -0.404155 0.058706 0.912805
vn -0.391718 -0.020251 0.919862
vn -0.366471 -0.102226 0.924796
vn -0.328588 -0.182133 0.926746
vn -0.279567 -0.255822 0.925417
vn -0.222130 -0.319893 0.921047
vn -0.160398 -0.371631 0.914419
vn -0.100006 -0.409350 0.906880
vn -0.047555 -0.433064 0.900108
vn -0.008919 -0.445005 0.895484
vn 0.013559 -0.449246 0.893305
vn 0.023627 -0.450058 0.892686
vn 0.030884 -0.449628 0.892682
vn 0.046405 -0.446693 0.893483
vn 0.077138 -0.437217 0.896042
vn 0.123508 -0.416532 0.900692
vn 0.180918 -0.381354 0.906553
vn 0.242684 -0.330673 0.912009
vn 0.302319 -0.265572 0.915464
vn 0.354596 -0.188645 0.915792
vn 0.395764 -0.103612 0.912488
vn 0.423533 -0.015345 0.905751
vn 0.437312 0.069940 0.896586
vn 0.438781 0.144872 0.886839
vn 0.432300 0.202064 0.878798
vn 0.424217 0.236461 0.874143
vn 0.420284 0.248461 0.872713
vn 0.421891 0.246001 0.872635
vn 0.424048 0.242464 0.872579
vn 0.417757 0.249719 0.873567
vn 0.394904 0.271865 0.877576
vn 0.351532 0.304993 0.885101
vn 0.288273 0.341261 0.894673
vn 0.209057 0.372933 0.904000
vn 0.119391 0.394473 0.911119
vn 0.025048 0.402942 0.914883
vn -0.068493 0.397638 0.914983
vn -0.156052 0.379745 0.911834
vn -0.232692 0.352303 0.906497
vn -0.294078 0.320230 0.900539
vn -0.337446 0.289810 0.895623
vn -0.362913 0.266958 0.892764
vn -0.374324 0.254264 0.891757
vn -0.378521 0.248414 0.891635
vn -0.382467 0.240698 0.892067
vn -0.389684 0.221324 0.893959
vn -0.398835 0.184210 0.898331
vn -0.439196 0.139851 0.887439
vn -0.438626 0.064089 0.896381
vn -0.425787 -0.021599 0.904565
vn -0.398815 -0.110795 0.910314
vn -0.357813 -0.197825 0.912598
vn -0.304443 -0.277995 0.911062
vn -0.241778 -0.347471 0.905984
vn -0.174451 -0.403266 0.898300
vn -0.108698 -0.443642 0.889588
vn -0.051710 -0.468804 0.881787
vn -0.009789 -0.481350 0.876474
vn 0.014596 -0.485751 0.873975
vn 0.025516 -0.486567 0.873271
vn 0.033342 -0.486093 0.873271
vn 0.050061 -0.483003 0.874186
vn 0.083245 -0.473026 0.877107
vn 0.133453 -0.451114 0.882432
vn 0.195794 -0.413573 0.889169
vn 0.263023 -0.359100 0.895470
vn 0.327987 -0.288727 0.899479
vn 0.384835 -0.205264 0.899871
vn 0.429340 -0.112881 0.896061
vn 0.458959 -0.017065 0.888294
vn 0.473136 0.075278 0.877767
vn 0.473906 0.156141 0.866622
vn 0.466227 0.217686 0.857464
vn 0.457098 0.254673 0.852176
vn 0.452699 0.267619 0.850555
vn 0.454390 0.264994 0.850475
vn 0.456714 0.261140 0.850422
vn 0.450076 0.268921 0.851536
vn 0.425863 0.292916 0.856061
vn 0.379742 0.329049 0.864594
vn 0.312110 0.368872 0.875512
vn 0.226916 0.403889 0.886219
vn 0.129991 0.427884 0.894437
vn 0.027667 0.437475 0.898805
vn -0.073915 0.431803 0.898934
vn -0.168929 0.412189 0.895301
vn -0.251905 0.382056 0.889144
vn -0.318172 0.346899 0.882286
vn -0.364878 0.313638 0.876639
vn -0.392289 0.288706 0.873360
vn -0.404592 0.274876 0.872209
vn -0.409122 0.268526 0.872074
vn -0.413395 0.260239 0.872571
vn -0.421320 0.239457 0.874728
vn -0.431567 0.199584 0.879725
vn -0.458407 0.146472 0.876589
vn -0.458332 0.067548 0.886210
vn -0.445441 -0.021957 0.895042
vn -0.417648 -0.115327 0.901260
vn -0.374985 -0.206535 0.903731
vn -0.319183 -0.290546 0.902056
vn -0.253520 -0.363241 0.896540
vn -0.182935 -0.421452 0.888208
vn -0.114025 -0.463401 0.878782
vn -0.054335 -0.489400 0.870365
vn -0.010432 -0.502263 0.864652
vn 0.015125 -0.506699 0.861991
vn 0.026569 -0.507440 0.861277
vn 0.034695 -0.506868 0.861325
vn 0.052022 -0.503652 0.862339
vn 0.086510 -0.493417 0.865480
vn 0.138833 -0.470908 0.871189
vn 0.203968 -0.432169 0.878423
vn 0.274365 -0.375687 0.885202
vn 0.342480 -0.302423 0.889521
vn 0.402076 -0.215281 0.889938
vn 0.448613 -0.118687 0.885810
vn 0.479372 -0.018497 0.877417
vn 0.493807 0.077964 0.866069
vn 0.494152 0.162307 0.854090
vn 0.485721 0.226426 0.844278
vn 0.475898 0.264970 0.838637
vn 0.471121 0.278503 0.836947
vn 0.472754 0.275770 0.836931
vn 0.475109 0.271654 0.836944
vn 0.468280 0.279618 0.838169
vn 0.443391 0.304570 0.842995
vn 0.395877 0.342387 0.852087
vn 0.325950 0.384297 0.863755
vn 0.237511 0.421361 0.875239
vn 0.136533 0.446941 0.884083
vn 0.029654 0.457351 0.888792
vn -0.076590 0.451606 0.888924
vn -0.175969 0.431082 0.884987
vn -0.262677 0.399421 0.878330
vn -0.331829 0.362455 0.870928
vn -0.380510 0.327488 0.864849
vn -0.409065 0.301267 0.861338
vn -0.421868 0.286693 0.860136
vn -0.426533 0.279999 0.860041
vn -0.430915 0.271385 0.860617
vn -0.439184 0.249865 0.862951
vn -0.450057 0.208531 0.868311
vn -0.434139 0.139761 0.889938
vn -0.433783 0.065128 0.898660
vn -0.421434 -0.019455 0.906650
vn -0.395186 -0.107681 0.912268
vn -0.355070 -0.193952 0.914499
vn -0.302646 -0.273620 0.912982
vn -0.240882 -0.342855 0.907979
vn -0.174302 -0.398632 0.900395
vn -0.109056 -0.439129 0.891780
vn -0.052296 -0.464438 0.884060
vn -0.010360 -0.477046 0.878817
vn 0.014161 -0.481366 0.876405
vn 0.025150 -0.481984 0.875819
vn 0.032797 -0.481304 0.875940
vn 0.049016 -0.478135 0.876918
vn 0.081438 -0.468317 0.879799
vn 0.130759 -0.446860 0.884996
vn 0.192237 -0.410069 0.891565
vn 0.258753 -0.356593 0.897713
vn 0.323243 -0.287374 0.901626
vn 0.379902 -0.205106 0.902001
vn 0.424496 -0.113833 0.898246
vn 0.454423 -0.018925 0.890585
vn 0.469023 0.072805 0.880180
vn 0.470180 0.153386 0.869139
vn 0.462709 0.214948 0.860057
vn 0.453516 0.252139 0.854838
vn 0.448818 0.265306 0.853332
vn 0.450148 0.262722 0.853431
vn 0.452288 0.258599 0.853558
vn 0.445806 0.265824 0.854748
vn 0.422126 0.289128 0.859194
vn 0.376871 0.324615 0.867522
vn 0.310353 0.363979 0.878180
vn 0.226412 0.398809 0.888644
vn 0.130750 0.422918 0.896686
vn 0.029574 0.432889 0.900962
vn -0.071075 0.427789 0.901080
vn -0.165434 0.408828 0.897492
vn -0.248046 0.379299 0.891406
vn -0.314194 0.344574 0.884619
vn -0.360933 0.311495 0.879033
vn -0.388404 0.286494 0.875822
vn -0.400679 0.272461 0.874769
vn -0.405030 0.265977 0.874761
vn -0.408992 0.257821 0.875359
vn -0.416569 0.237526 0.877526
vn -0.426561 0.198463 0.882416
vn -0.348447 0.114151 0.930352
vn -0.347306 0.054405 0.936172
vn -0.336815 -0.013073 0.941480
vn -0.315665 -0.083311 0.945206
vn -0.283936 -0.152082 0.946706
vn -0.242742 -0.215969 0.945745
vn -0.194169 -0.272118 0.942470
vn -0.141492 -0.318119 0.937433
vn -0.089374 -0.352256 0.931626
vn -0.043512 -0.374143 0.926350
vn -0.009223 -0.385334 0.922731
vn 0.011057 -0.389219 0.921079
vn 0.020170 -0.389682 0.920729
vn 0.026224 -0.388969 0.920877
vn 0.038891 -0.386244 0.921576
vn 0.064472 -0.378079 0.923526
vn 0.103600 -0.360421 0.927019
vn 0.152459 -0.330457 0.931426
vn 0.205378 -0.287357 0.935546
vn 0.256876 -0.232028 0.938178
vn 0.302566 -0.166549 0.938464
vn 0.339267 -0.093854 0.935997
vn 0.364913 -0.017821 0.930871
vn 0.378711 0.056427 0.923793
vn 0.381658 0.122520 0.916147
vn 0.377057 0.173728 0.909751
vn 0.370179 0.205101 0.906036
vn 0.366226 0.216460 0.904999
vn 0.366980 0.214447 0.905173
vn 0.368631 0.210754 0.905370
vn 0.363436 0.215991 0.906235
vn 0.344072 0.234068 0.909300
vn 0.306912 0.261813 0.915019
vn 0.252552 0.292533 0.922303
vn 0.184514 0.319623 0.929406
vn 0.107555 0.338393 0.934838
vn 0.026497 0.346342 0.937734
vn -0.054178 0.342780 0.937852
vn -0.130209 0.328515 0.935480
vn -0.197387 0.305860 0.931390
vn -0.251793 0.278756 0.926766
vn -0.290660 0.252471 0.922917
vn -0.313675 0.232215 0.920698
vn -0.323930 0.220588 0.920005
vn -0.327383 0.215164 0.920068
vn -0.330274 0.208661 0.920532
vn -0.335886 0.192525 0.922017
vn -0.343225 0.161246 0.925309
vn -0.213972 0.073390 0.974079
vn -0.212977 0.037107 0.976352
vn -0.206473 -0.003940 0.978444
vn -0.193752 -0.046719 0.979937
vn -0.174867 -0.088763 0.980583
vn -0.150394 -0.128152 0.980285
vn -0.121401 -0.163280 0.979082
vn -0.089626 -0.192689 0.977158
vn -0.057693 -0.215157 0.974874
vn -0.029033 -0.230087 0.972737
vn -0.007107 -0.238040 0.971229
vn 0.006192 -0.240910 0.970528
vn 0.012216 -0.241235 0.970390
vn 0.015760 -0.240724 0.970466
vn 0.022898 -0.239075 0.970731
vn 0.037807 -0.234168 0.971461
vn 0.061125 -0.223435 0.972800
vn 0.090598 -0.205173 0.974524
vn 0.122771 -0.178979 0.976163
vn 0.154356 -0.145479 0.977246
vn 0.182789 -0.105884 0.977434
vn 0.206236 -0.061778 0.976550
vn 0.223436 -0.015221 0.974600
vn 0.233719 0.030942 0.971812
vn 0.237297 0.072894 0.968698
vn 0.235707 0.106228 0.966001
vn 0.231890 0.127306 0.964376
vn 0.229209 0.135433 0.963909
vn 0.229330 0.134456 0.964017
vn 0.230415 0.131711 0.964138
vn 0.227669 0.134093 0.964461
vn 0.216153 0.144352 0.965630
vn 0.193360 0.160687 0.967880
vn 0.159771 0.178994 0.970791
vn 0.117818 0.195257 0.973650
vn 0.070559 0.206701 0.975857
vn 0.020875 0.211882 0.977072
vn -0.028706 0.210374 0.977199
vn -0.075817 0.202539 0.976335
vn -0.118012 0.189538 0.974756
vn -0.152799 0.173490 0.972910
vn -0.178154 0.157432 0.971327
vn -0.193465 0.144619 0.970390
vn -0.200368 0.136972 0.970099
vn -0.202549 0.133416 0.970141
vn -0.204052 0.129689 0.970332
vn -0.207095 0.120386 0.970886
vn -0.211171 0.101811 0.972132
vn -0.095176 0.037308 0.994761
vn -0.095220 0.021848 0.995216
vn -0.092896 0.003875 0.995668
vn -0.087831 -0.015146 0.996020
vn -0.080025 -0.034036 0.996212
vn -0.069702 -0.051916 0.996216
vn -0.057269 -0.068094 0.996034
vn -0.043375 -0.081945 0.995693
vn -0.029043 -0.092891 0.995253
vn -0.015713 -0.100538 0.994809
vn -0.005016 -0.104932 0.994467
vn 0.001867 -0.106757 0.994283
vn 0.005057 -0.107171 0.994228
vn 0.006369 -0.107170 0.994220
vn 0.008598 -0.106878 0.994235
vn 0.014048 -0.105428 0.994328
vn 0.023457 -0.101556 0.994553
vn 0.036038 -0.094331 0.994888
vn 0.050241 -0.083476 0.995242
vn 0.064505 -0.069249 0.995512
vn 0.077607 -0.052189 0.995617
vn 0.088695 -0.032965 0.995513
vn 0.097185 -0.012387 0.995189
vn 0.102715 0.008443 0.994675
vn 0.105223 0.027976 0.994055
vn 0.105161 0.044242 0.993471
vn 0.103657 0.055333 0.993073
vn 0.102286 0.060382 0.992921
vn 0.102218 0.060545 0.992918
vn 0.103150 0.058931 0.992919
vn 0.103092 0.059007 0.992920
vn 0.099492 0.062630 0.993065
vn 0.090730 0.069408 0.993454
vn 0.076737 0.077557 0.994030
vn 0.058587 0.085143 0.994645
vn 0.037758 0.090776 0.995155
vn 0.015632 0.093720 0.995476
vn -0.006645 0.093729 0.995576
vn -0.028064 0.090899 0.995465
vn -0.047605 0.085635 0.995189
vn -0.064171 0.078736 0.994828
vn -0.076737 0.071441 0.994489
vn -0.084762 0.065253 0.994262
vn -0.088669 0.061332 0.994171
vn -0.089952 0.059659 0.994158
vn -0.090546 0.058630 0.994165
vn -0.091759 0.055719 0.994221
vn -0.093623 0.048836 0.994409
vn 0.991450 0.082134 0.101398
vn 0.642983 0.759139 0.101398
vn -0.082134 0.991450 0.101398
vn -0.759139 0.642983 0.101398
vn -0.991450 -0.082134 0.101398
vn -0.642983 -0.759139 0.101398
vn 0.082134 -0.991450 0.101398
vn 0.759139 -0.642983 0.101398
vn 0.974346 -0.201794 0.099649
vn 0.831656 0.546277 0.099649
vn 0.201794 0.974346 0.099649
vn -0.546277 0.831656 0.099649
vn -0.974346 0.201794 0.099649
vn -0.831656 -0.546277 0.099649
vn -0.201794 -0.974346 0.099649
vn 0.546277 -0.831656 0.099649
f 1//1 2//2 50//50
f 1//1 50//50 49//49
f 2//2 3//3 51//51
f 2//2 51//51 50//50
f 3//3 4//4 52//52
f 3//3 52//52 51//51
f 4//4 5//5 53//53
f 4//4 53//53 52//52
f 5//5 6//6 54//54
f 5//5 54//54 53//53
f 6//6 7//7 55//55
f 6//6 55//55 54//54
f 7//7 8//8 56//56
f 7//7 56//56 55//55
f 8//8 9//9 57//57
f 8//8 57//57 56//56
f 9//9 10//10 58//58
f 9//9 58//58 57//57
f 10//10 11//11 59//59
f 10//10 59//59 58//58
f 11//11 12//12 60//60
f 11//11 60//60 59//59
f 12//12 13//13 61//61
f 12//12 61//61 60//60
f 13//13 14//14 62//62
f 13//13 62//62 61//61
f 14//14 15//15 63//63
f 14//14 63//63 62//62
f 15//15 16//16 64//64
f 15//15 64//64 63//63
f 16//16 17//17 65//65
f 16//16 65//65 64//64
f 17//17 18//18 66//66
f 17//17 66//66 65//65
f 18//18 19//19 67//67
f 18//18 67//67 66//66
f 19//19 20//20 68//68
f 19//19 68//68 67//67
f 20//20 21//21 69//69
f 20//20 69//69 68//68
f 21//21 22//22 70//70
f 21//21 70//70 69//69
f 22//22 23//23 71//71
f 22//22 71//71 70//70
f 23//23 24//24 72//72
f 23//23 72//72 71//71
f 24//24 25//25 73//73
f 24//24 73//73 72//72
f 25//25 26//26 74//74
f 25//25 74//74 73//73
f 26//26 27//27 75//75
f 26//26 75//75 74//74
f 27//27 28//28 76//76
f 27//27 76//76 75//75
f 28//28 29//29 77//77
f 28//28 77//77 76//76
f 29//29 30//30 78//78
f 29//29 78//78 77//77
f 30//30 31//31 79//79
f 30//30 79//79 78//78
f 31//31 32//32 80//80
f 31//31 80//80 79//79
f 32//32 33//33 81//81
f 32//32 81//81 80//80
f 33//33 34//34 82//82
f 33//33 82//82 81//81
f 34//34 35//35 83//83
f 34//34 83//83 82//82
f 35//35 36//36 84//84
f 35//35 84//84 83//83
f 36//36 37//37 85//85
f 36//36 85//85 84//84
f 37//37 38//38 86//86
f 37//37 86//86 85//85
f 38//38 39//39 87//87
f 38//38 87//87 86//86
f 39//39 40//40 88//88
f 39//39 88//88 87//87
f 40//40 41//41 89//89
f 40//40 89//89 88//88
f 41//41 42//42 90//90
f 41//41 90//90 89//89
f 42//42 43//43 91//91
f 42//42 91//91 90//90
f 43//43 44//44 92//92
f 43//43 92//92 91//91
f 44//44 45//45 93//93
f 44//44 93//93 92//92
f 45//45 46//46 94//94
f 45//45 94//94 93//93
f 46//46 47//47 95//95
f 46//46 95//95 94//94
f 47//47 48//48 96//96
f 47//47 96//96 95//95
f 48//48 1//1 49//49
f 48//48 49//49 96//96
f 49//49 50//50 98//98
f 49//49 98//98 97//97
f 50//50 51//51 99//99
f 50//50 99//99 98//98
f 51//51 52//52 100//100
f 51//51 100//100 99//99
f 52//52 53//53 101//101
f 52//52 101//101 100//100
f 53//53 54//54 102//102
f 53//53 102//102 101//101
f 54//54 55//55 103//103
f 54//54 103//103 102//102
f 55//55 56//56 104//104
f 55//55 104//104 103//103
f 56//56 57//57 105//105
f 56//56 105//105 104//104
f 57//57 58//58 106//106
f 57//57 106//106 105//105
f 58//58 59//59 107//107
f 58//58 107//107 106//106
f 59//59 60//60 108//108
f 59//59 108//108 107//107
f 60//60 61//61 109//109
f 60//60 109//109 108//108
f 61//61 62//62 110//110
f 61//61 110//110 109//109
f 62//62 63//63 111//111
f 62//62 111//111 110//110
f 63//63 64//64 112//112
f 63//63 112//112 111//111
f 64//64 65//65 113//113
f 64//64 113//113 112//112
f 65//65 66//66 114//114
f 65//65 114//114 113//113
f 66//66 67//67 115//115
f 66//66 115//115 114//114
f 67//67 68//68 116//116
f 67//67 116//116 115//115
f 68//68 69//69 117//117
f 68//68 117//117 116//116
f 69//69 70//70 118//118
f 69//69 118//118 117//117
f 70//70 71//71 119//119
f 70//70 119//119 118//118
f 71//71 72//72 120//120
f 71//71 120//120 119//119
f 72//72 73//73 121//121
f 72//72 121//121 120//120
f 73//73 74//74 122//122
f 73//73 122//122 121//121
f 74//74 75//75 123//123
f 74//74 123//123 122//122
f 75//75 76//76 124//124
f 75//75 124//124 123//123
f 76//76 77//77 125//125
f 76//76 125//125 124//124
f 77//77 78//78 126//126
f 77//77 126//126 125//125
f 78//78 79//79 127//127
f 78//78 127//127 126//126
f 79//79 80//80 128//128
f 79//79 128//128 127//127
f 80//80 81//81 129//129
f 80//80 129//129 128//128
f 81//81 82//82 130//130
f 81//81 130//130 129//129
f 82//82 83//83 131//131
f 82//82 131//131 130//130
f 83//83 84//84 132//132
f 83//83 132//132 131//131
f 84//84 85//85 133//133
f 84//84 133//133 132//132
f 85//85 86//86 134//134
f 85//85 134//134 133//133
f 86//86 87//87 135//135
f 86//86 135//135 134//134
f 87//87 88//88 136//136
f 87//87 136//136 135//135
f 88//88 89//89 137//137
f 88//88 137//137 136//136
f 89//89 90//90 138//138
f 89//89 138//138 137//137
f 90//90 91//91 139//139
f 90//90 139//139 138//138
f 91//91 92//92 140//140
f 91//91 140//140 139//139
f 92//92 93//93 141//141
f 92//92 141//141 140//140
f 93//93 94//94 142//142
f 93//93 142//142 141//141
f 94//94 95//95 143//143
f 94//94 143//143 142//142
f 95//95 96//96 144//144
f 95//95 144//144 143//143
f 96//96 49//49 97//97
f 96//96 97//97 144//144
f 97//97 98//98 146//146
f 97//97 146//146 145//145
f 98//98 99//99 147//147
f 98//98 147//147 146//146
f 99//99 100//100 148//148
f 99//99 148//148 147//147
f 100//100 101//101 149//149
f 100//100 149//149 148//148
f 101//101 102//102 150//150
f 101//101 150//150 149//149
f 102//102 103//103 151//151
f 102//102 151//151 150//150
f 103//103 104//104 152//152
f 103//103 152//152 151//151
f 104//104 105//105 153//153
f 104//104 153//153 152//152
f 105//105 106//106 154//154
f 105//105 154//154 153//153
f 106//106 107//107 155//155
f 106//106 155//155 154//154
f 107//107 108//108 156//156
f 107//107 156//156 155//155
f 108//108 109//109 157//157
f 108//108 157//157 156//156
f 109//109 110//110 158//158
f 109//109 158//158 157//157
f 110//110 111//111 159//159
f 110//110 159//159 158//158
f 111//111 112//112 160//160
f 111//111 160//160 159//159
f 112//112 113//113 161//161
f 112//112 161//161 160//160
f 113//113 114//114 162//162
f 113//113 162//162 161//161
f 114//114 115//115 163//163
f 114//114 163//163 162//162
f 115//115 116//116 164//164
f 115//115 164//164 163//163
f 116//116 117//117 165//165
f 116//116 165//165 164//164
f 117//117 118//118 166//166
f 117//117 166//166 165//165
f 118//118 119//119 167//167
f 118//118 167//167 166//166
f 119//119 120//120 168//168
f 119//119 168//168 167//167
f 120//120 121//121 169//169
f 120//120 169//169 168//168
f 121//121 122//122 170//170
f 121//121 170//170 169//169
f 122//122 123//123 171//171
f 122//122 171//171 170//170
f 123//123 124//124 172//172
f 123//123 172//172 171//171
f 124//124 125//125 173//173
f 124//124 173//173 172//172
f 125//125 126//126 174//174
f 125//125 174//174 173//173
f 126//126 127//127 175//175
f 126//126 175//175 174//174
f 127//127 128//128 176//176
f 127//127 176//176 175//175
f 128//128 129//129 177//177
f 128//128 177//177 176//176
f 129//129 130//130 178//178
f 129//129 178//178 177//177
f 130//130 131//131 179//179
f 130//130 179//179 178//178
f 131//131 132//132 180//180
f 131//131 180//180 179//179
f 132//132 133//133 181//181
f 132//132 181//181 180//180
f 133//133 134//134 182//182
f 133//133 182//182 181//181
f 134//134 135//135 183//183
f 134//134 183//183 182//182
f 135//135 136//136 184//184
f 135//135 184//184 183//183
f 136//136 137//137 185//185
f 136//136 185//185 184//184
f 137//137 138//138 186//186
f 137//137 186//186 185//185
f 138//138 139//139 187//187
f 138//138 187//187 186//186
f 139//139 140//140 188//188
f 139//139 188//188 187//187
f 140//140 141//141 189//189
f 140//140 189//189 188//188
f 141//141 142//142 190//190
f 141//141 190//190 189//189
f 142//142 143//143 191//191
f 142//142 191//191 190//190
f 143//143 144//144 192//192
f 143//143 192//192 191//191
f 144//144 97//97 145//145
f 144//144 145//145 192//192
f 145//145 146//146 194//194
f 145//145 194//194 193//193
f 146//146 147//147 195//195
f 146//146 195//195 194//194
f 147//147 148//148 196//196
f 147//147 196//196 195//195
f 148//148 149//149 197//197
f 148//148 197//197 196//196
f 149//149 150//150 198//198
f 149//149 198//198 197//197
f 150//150 151//151 199//199
f 150//150 199//199 198//198
f 151//151 152//152 200//200
f 151//151 200//200 199//199
f 152//152 153//153 201//201
f 152//152 201//201 200//200
f 153//153 154//154 202//202
f 153//153 202//202 201//201
f 154//154 155//155 203//203
f 154//154 203//203 202//202
f 155//155 156//156 204//204
f 155//155 204//204 203//203
f 156//156 157//157 205//205
f 156//156 205//205 204//204
f 157//157 158//158 206//206
f 157//157 206//206 205//205
f 158//158 159//159 207//207
f 158//158 207//207 206//206
f 159//159 160//160 208//208
f 159//159 208//208 207//207
f 160//160 161//161 209//209
f 160//160 209//209 208//208
f 161//161 162//162 210//210
f 161//161 210//210 209//209
f 162//162 163//163 211//211
f 162//162 211//211 210//210
f 163//163 164//164 212//212
f 163//163 212//212 211//211
f 164//164 165//165 213//213
f 164//164 213//213 212//212
f 165//165 166//166 214//214
f 165//165 214//214 213//213
f 166//166 167//167 215//215
f 166//166 215//215 214//214
f 167//167 168//168 216//216
f 167//167 216//216 215//215
f 168//168 169//169 217//217
f 168//168 217//217 216//216
f 169//169 170//170 218//218
f 169//169 218//218 217//217
f 170//170 171//171 219//219
f 170//170 219//219 218//218
f 171//171 172//172 220//220
f 171//171 220//220 219//219
f 172//172 173//173 221//221
f 172//172 221//221 220//220
f 173//173 174//174 222//222
f 173//173 222//222 221//221
f 174//174 175//175 223//223
f 174//174 223//223 222//222
f 175//175 176//176 224//224
f 175//175 224//224 223//223
f 176//176 177//177 225//225
f 176//176 225//225 224//224
f 177//177 178//178 226//226
f 177//177 226//226 225//225
f 178//178 179//179 227//227
f 178//178 227//227 226//226
f 179//179 180//180 228//228
f 179//179 228//228 227//227
f 180//180 181//181 229//229
f 180//180 229//229 228//228
f 181//181 182//182 230//230
f 181//181 230//230 229//229
f 182//182 183//183 231//231
f 182//182 231//231 230//230
f 183//183 184//184 232//232
f 183//183 232//232 231//231
f 184//184 185//185 233//233
f 184//184 233//233 232//232
f 185//185 186//186 234//234
f 185//185 234//234 233//233
f 186//186 187//187 235//235
f 186//186 235//235 234//234
f 187//187 188//188 236//236
f 187//187 236//236 235//235
f 188//188 189//189 237//237
f 188//188 237//237 236//236
f 189//189 190//190 238//238
f 189//189 238//238 237//237
f 190//190 191//191 239//239
f 190//190 239//239 238//238
f 191//191 192//192 240//240
f 191//191 240//240 239//239
f 192//192 145//145 193//193
f 192//192 193//193 240//240
f 193//193 194//194 242//242
f 193//193 242//242 241//241
f 194//194 195//195 243//243
f 194//194 243//243 242//242
f 195//195 196//196 244//244
f 195//195 244//244 243//243
f 196//196 197//197 245//245
f 196//196 245//245 244//244
f 197//197 198//198 246//246
f 197//197 246//246 245//245
f 198//198 199//199 247//247
f 198//198 247//247 246//246
f 199//199 200//200 248//248
f 199//199 248//248 247//247
f 200//200 201//201 249//249
f 200//200 249//249 248//248
f 201//201 202//202 250//250
f 201//201 250//250 249//249
f 202//202 203//203 251//251
f 202//202 251//251 250//250
f 203//203 204//204 252//252
f 203//203 252//252 251//251
f 204//204 205//205 253//253
f 204//204 253//253 252//252
f 205//205 206//206 254//254
f 205//205 254//254 253//253
f 206//206 207//207 255//255
f 206//206 255//255 254//254
f 207//207 208//208 256//256
f 207//207 256//256 255//255
f 208//208 209//209 257//257
f 208//208 257//257 256//256
f 209//209 210//210 258//258
f 209//209 258//258 257//257
f 210//210 211//211 259//259
f 210//210 259//259 258//258
f 211//211 212//212 260//260
f 211//211 260//260 259//259
f 212//212 213//213 261//261
f 212//212 261//261 260//260
f 213//213 214//214 262//262
f 213//213 262//262 261//261
f 214//214 215//215 263//263
f 214//214 263//263 262//262
f 215//215 216//216 264//264
f 215//215 264//264 263//263
f 216//216 217//217 265//265
f 216//216 265//265 264//264
f 217//217 218//218 266//266
f 217//217 266//266 265//265
f 218//218 219//219 267//267
f 218//218 267//267 266//266
f 219//219 220//220 268//268
f 219//219 268//268 267//267
f 220//220 221//221 269//269
f 220//220 269//269 268//268
f 221//221 222//222 270//270
f 221//221 270//270 269//269
f 222//222 223//223 271//271
f 222//222 271//271 270//270
f 223//223 224//224 272//272
f 223//223 272//272 271//271
f 224//224 225//225 273//273
f 224//224 273//273 272//272
f 225//225 226//226 274//274
f 225//225 274//274 273//273
f 226//226 227//227 275//275
f 226//226 275//275 274//274
f 227//227 228//228 276//276
f 227//227 276//276 275//275
f 228//228 229//229 277//277
f 228//228 277//277 276//276
f 229//229 230//230 278//278
f 229//229 278//278 277//277
f 230//230 231//231 279//279
f 230//230 279//279 278//278
f 231//231 232//232 280//280
f 231//231 280//280 279//279
f 232//232 233//233 281//281
f 232//232 281//281 280//280
f 233//233 234//234 282//282
f 233//233 282//282 281//281
f 234//234 235//235 283//283
f 234//234 283//283 282//282
f 235//235 236//236 284//284
f 235//235 284//284 283//283
f 236//236 237//237 285//285
f 236//236 285//285 284//284
f 237//237 238//238 286//286
f 237//237 286//286 285//285
f 238//238 239//239 287//287
f 238//238 287//287 286//286
f 239//239 240//240 288//288
f 239//239 288//288 287//287
f 240//240 193//193 241//241
f 240//240 241//241 288//288
f 241//241 242//242 290//290
f 241//241 290//290 289//289
f 242//242 243//243 291//291
f 242//242 291//291 290//290
f 243//243 244//244 292//292
f 243//243 292//292 291//291
f 244//244 245//245 293//293
f 244//244 293//293 292//292
f 245//245 246//246 294//294
f 245//245 294//294 293//293
f 246//246 247//247 295//295
f 246//246 295//295 294//294
f 247//247 248//248 296//296
f 247//247 296//296 295//295
f 248//248 249//249 297//297
f 248//248 297//297 296//296
f 249//249 250//250 298//298
f 249//249 298//298 297//297
f 250//250 251//251 299//299
f 250//250 299//299 298//298
f 251//251 252//252 300//300
f 251//251 300//300 299//299
f 252//252 253//253 301//301
f 252//252 301//301 300//300
f 253//253 254//254 302//302
f 253//253 302//302 301//301
f 254//254 255//255 303//303
f 254//254 303//303 302//302
f 255//255 256//256 304//304
f 255//255 304//304 303//303
f 256//256 257//257 305//305
f 256//256 305//305 304//304
f 257//257 258//258 306//306
f 257//257 306//306 305//305
f 258//258 259//259 307//307
f 258//258 307//307 306//306
f 259//259 260//260 308//308
f 259//259 308//308 307//307
f 260//260 261//261 309//309
f 260//260 309//309 308//308
f 261//261 262//262 310//310
f 261//261 310//310 309//309
f 262//262 263//263 311//311
f 262//262 311//311 310//310
f 263//263 264//264 312//312
f 263//263 312//312 311//311
f 264//264 265//265 313//313
f 264//264 313//313 312//312
f 265//265 266//266 314//314
f 265//265 314//314 313//313
f 266//266 267//267 315//315
f 266//266 315//315 314//314
f 267//267 268//268 316//316
f 267//267 316//316 315//315
f 268//268 269//269 317//317
f 268//268 317//317 316//316
f 269//269 270//270 318//318
f 269//269 318//318 317//317
f 270//270 271//271 319//319
f 270//270 319//319 318//318
f 271//271 272//272 320//320
f 271//271 320//320 319//319
f 272//272 273//273 321//321
f 272//272 321//321 320//320
f 273//273 274//274 322//322
f 273//273 322//322 321//321
f 274//274 275//275 323//323
f 274//274 323//323 322//322
f 275//275 276//276 324//324
f 275//275 324//324 323//323
f 276//276 277//277 325//325
f 276//276 325//325 324//324
f 277//277 278//278 326//326
f 277//277 326//326 325//325
f 278//278 279//279 327//327
f 278//278 327//327 326//326
f 279//279 280//280 328//328
f 279//279 328//328 327//327
f 280//280 281//281 329//329
f 280//280 329//329 328//328
f 281//281 282//282 330//330
f 281//281 330//330 329//329
f 282//282 283//283 331//331
f 282//282 331//331 330//330
f 283//283 284//284 332//332
f 283//283 332//332 331//331
f 284//284 285//285 333//333
f 284//284 333//333 332//332
f 285//285 286//286 334//334
f 285//285 334//334 333//333
f 286//286 287//287 335//335
f 286//286 335//335 334//334
f 287//287 288//288 336//336
f 287//287 336//336 335//335
f 288//288 241//241 289//289
f 288//288 289//289 336//336
f 289//289 290//290 338//338
f 289//289 338//338 337//337
f 290//290 291//291 339//339
f 290//290 339//339 338//338
f 291//291 292//292 340//340
f 291//291 340//340 339//339
f 292//292 293//293 341//341
f 292//292 341//341 340//340
f 293//293 294//294 342//342
f 293//293 342//342 341//341
f 294//294 295//295 343//343
f 294//294 343//343 342//342
f 295//295 296//296 344//344
f 295//295 344//344 343//343
f 296//296 297//297 345//345
f 296//296 345//345 344//344
f 297//297 298//298 346//346
f 297//297 346//346 345//345
f 298//298 299//299 347//347
f 298//298 347//347 346//346
f 299//299 300//300 348//348
f 299//299 348//348 347//347
f 300//300 301//301 349//349
f 300//300 349//349 348//348
f 301//301 302//302 350//350
f 301//301 350//350 349//349
f 302//302 303//303 351//351
f 302//302 351//351 350//350
f 303//303 304//304 352//352
f 303//303 352//352 351//351
f 304//304 305//305 353//353
f 304//304 353//353 352//352
f 305//305 306//306 354//354
f 305//305 354//354 353//353
f 306//306 307//307 355//355
f 306//306 355//355 354//354
f 307//307 308//308 356//356
f 307//307 356//356 355//355
f 308//308 309//309 357//357
f 308//308 357//357 356//356
f 309//309 310//310 358//358
f 309//309 358//358 357//357
f 310//310 311//311 359//359
f 310//310 359//359 358//358
f 311//311 312//312 360//360
f 311//311 360//360 359//359
f 312//312 313//313 361//361
f 312//312 361//361 360//360
f 313//313 314//314 362//362
f 313//313 362//362 361//361
f 314//314 315//315 363//363
f 314//314 363//363 362//362
f 315//315 316//316 364//364
f 315//315 364//364 363//363
f 316//316 317//317 365//365
f 316//316 365//365 364//364
f 317//317 318//318 366//366
f 317//317 366//366 365//365
f 318//318 319//319 367//367
f 318//318 367//367 366//366
f 319//319 320//320 368//368
f 319//319 368//368 367//367
f 320//320 321//321 369//369
f 320//320 369//369 368//368
f 321//321 322//322 370//370
f 321//321 370//370 369//369
f 322//322 323//323 371//371
f 322//322 371//371 370//370
f 323//323 324//324 372//372
f 323//323 372//372 371//371
f 324//324 325//325 373//373
f 324//324 373//373 372//372
f 325//325 326//326 374//374
f 325//325 374//374 373//373
f 326//326 327//327 375//375
f 326//326 375//375 374//374
f 327//327 328//328 376//376
f 327//327 376//376 375//375
f 328//328 329//329 377//377
f 328//328 377//377 376//376
f 329//329 330//330 378//378
f 329//329 378//378 377//377
f 330//330 331//331 379//379
f 330//330 379//379 378//378
f 331//331 332//332 380//380
f 331//331 380//380 379//379
f 332//332 333//333 381//381
f 332//332 381//381 380//380
f 333//333 334//334 382//382
f 333//333 382//382 381//381
f 334//334 335//335 383//383
f 334//334 383//383 382//382
f 335//335 336//336 384//384
f 335//335 384//384 383//383
f 336//336 289//289 337//337
f 336//336 337//337 384//384
f 337//337 338//338 386//386
f 337//337 386//386 385//385
f 338//338 339//339 387//387
f 338//338 387//387 386//386
f 339//339 340//340 388//388
f 339//339 388//388 387//387
f 340//340 341//341 389//389
f 340//340 389//389 388//388
f 341//341 342//342 390//390
f 341//341 390//390 389//389
f 342//342 343//343 391//391
f 342//342 391//391 390//390
f 343//343 344//344 392//392
f 343//343 392//392 391//391
f 344//344 345//345 393//393
f 344//344 393//393 392//392
f 345//345 346//346 394//394
f 345//345 394//394 393//393
f 346//346 347//347 395//395
f 346//346 395//395 394//394
f 347//347 348//348 396//396
f 347//347 396//396 395//395
f 348//348 349//349 397//397
f 348//348 397//397 396//396
f 349//349 350//350 398//398
f 349//349 398//398 397//397
f 350//350 351//351 399//399
f 350//350 399//399 398//398
f 351//351 352//352 400//400
f 351//351 400//400 399//399
f 352//352 353//353 401//401
f 352//352 401//401 400//400
f 353//353 354//354 402//402
f 353//353 402//402 401//401
f 354//354 355//355 403//403
f 354//354 403//403 402//402
f 355//355 356//356 404//404
f 355//355 404//404 403//403
f 356//356 357//357 405//405
f 356//356 405//405 404//404
f 357//357 358//358 406//406
f 357//357 406//406 405//405
f 358//358 359//359 407//407
f 358//358 407//407 406//406
f 359//359 360//360 408//408
f 359//359 408//408 407//407
f 360//360 361//361 409//409
f 360//360 409//409 408//408
f 361//361 362//362 410//410
f 361//361 410//410 409//409
f 362//362 363//363 411//411
f 362//362 411//411 410//410
f 363//363 364//364 412//412
f 363//363 412//412 411//411
f 364//364 365//365 413//413
f 364//364 413//413 412//412
f 365//365 366//366 414//414
f 365//365 414//414 413//413
f 366//366 367//367 415//415
f 366//366 415//415 414//414
f 367//367 368//368 416//416
f 367//367 416//416 415//415
f 368//368 369//369 417//417
f 368//368 417//417 416//416
f 369//369 370//370 418//418
f 369//369 418//418 417//417
f 370//370 371//371 419//419
f 370//370 419//419 418//418
f 371//371 372//372 420//420
f 371//371 420//420 419//419
f 372//372 373//373 421//421
f 372//372 421//421 420//420
f 373//373 374//374 422//422
f 373//373 422//422 421//421
f 374//374 375//375 423//423
f 374//374 423//423 422//422
f 375//375 376//376 424//424
f 375//375 424//424 423//423
f 376//376 377//377 425//425
f 376//376 425//425 424//424
f 377//377 378//378 426//426
f 377//377 426//426 425//425
f 378//378 379//379 427//427
f 378//378 427//427 426//426
f 379//379 380//380 428//428
f 379//379 428//428 427//427
f 380//380 381//381 429//429
f 380//380 429//429 428//428
f 381//381 382//382 430//430
f 381//381 430//430 429//429
f 382//382 383//383 431//431
f 382//382 431//431 430//430
f 383//383 384//384 432//432
f 383//383 432//432 431//431
f 384//384 337//337 385//385
f 384//384 385//385 432//432
f 385//385 386//386 434//434
f 385//385 434//434 433//433
f 386//386 387//387 435//435
f 386//386 435//435 434//434
f 387//387 388//388 436//436
f 387//387 436//436 435//435
f 388//388 389//389 437//437
f 388//388 437//437 436//436
f 389//389 390//390 438//438
f 389//389 438//438 437//437
f 390//390 391//391 439//439
f 390//390 439//439 438//438
f 391//391 392//392 440//440
f 391//391 440//440 439//439
f 392//392 393//393 441//441
f 392//392 441//441 440//440
f 393//393 394//394 442//442
f 393//393 442//442 441//441
f 394//394 395//395 443//443
f 394//394 443//443 442//442
f 395//395 396//396 444//444
f 395//395 444//444 443//443
f 396//396 397//397 445//445
f 396//396 445//445 444//444
f 397//397 398//398 446//446
f 397//397 446//446 445//445
f 398//398 399//399 447//447
f 398//398 447//447 446//446
f 399//399 400//400 448//448
f 399//399 448//448 447//447
f 400//400 401//401 449//449
f 400//400 449//449 448//448
f 401//401 402//402 450//450
f 401//401 450//450 449//449
f 402//402 403//403 451//451
f 402//402 451//451 450//450
f 403//403 404//404 452//452
f 403//403 452//452 451//451
f 404//404 405//405 453//453
f 404//404 453//453 452//452
f 405//405 406//406 454//454
f 405//405 454//454 453//453
f 406//406 407//407 455//455
f 406//406 455//455 454//454
f 407//407 408//408 456//456
f 407//407 456//456 455//455
f 408//408 409//409 457//457
f 408//408 457//457 456//456
f 409//409 410//410 458//458
f 409//409 458//458 457//457
f 410//410 411//411 459//459
f 410//410 459//459 458//458
f 411//411 412//412 460//460
f 411//411 460//460 459//459
f 412//412 413//413 461//461
f 412//412 461//461 460//460
f 413//413 414//414 462//462
f 413//413 462//462 461//461
f 414//414 415//415 463//463
f 414//414 463//463 462//462
f 415//415 416//416 464//464
f 415//415 464//464 463//463
f 416//416 417//417 465//465
f 416//416 465//465 464//464
f 417//417 418//418 466//466
f 417//417 466//466 465//465
f 418//418 419//419 467//467
f 418//418 467//467 466//466
f 419//419 420//420 468//468
f 419//419 468//468 467//467
f 420//420 421//421 469//469
f 420//420 469//469 468//468
f 421//421 422//422 470//470
f 421//421 470//470 469//469
f 422//422 423//423 471//471
f 422//422 471//471 470//470
f 423//423 424//424 472//472
f 423//423 472//472 471//471
f 424//424 425//425 473//473
f 424//424 473//473 472//472
f 425//425 426//426 474//474
f 425//425 474//474 473//473
f 426//426 427//427 475//475
f 426//426 475//475 474//474
f 427//427 428//428 476//476
f 427//427 476//476 475//475
f 428//428 429//429 477//477
f 428//428 477//477 476//476
f 429//429 430//430 478//478
f 429//429 478//478 477//477
f 430//430 431//431 479//479
f 430//430 479//479 478//478
f 431//431 432//432 480//480
f 431//431 480//480 479//479
f 432//432 385//385 433//433
f 432//432 433//433 480//480
f 433//433 434//434 482//482
f 433//433 482//482 481//481
f 434//434 435//435 483//483
f 434//434 483//483 482//482
f 435//435 436//436 484//484
f 435//435 484//484 483//483
f 436//436 437//437 485//485
f 436//436 485//485 484//484
f 437//437 438//438 486//486
f 437//437 486//486 485//485
f 438//438 439//439 487//487
f 438//438 487//487 486//486
f 439//439 440//440 488//488
f 439//439 488//488 487//487
f 440//440 441//441 489//489
f 440//440 489//489 488//488
f 441//441 442//442 490//490
f 441//441 490//490 489//489
f 442//442 443//443 491//491
f 442//442 491//491 490//490
f 443//443 444//444 492//492
f 443//443 492//492 491//491
f 444//444 445//445 493//493
f 444//444 493//493 492//492
f 445//445 446//446 494//494
f 445//445 494//494 493//493
f 446//446 447//447 495//495
f 446//446 495//495 494//494
f 447//447 448//448 496//496
f 447//447 496//496 495//495
f 448//448 449//449 497//497
f 448//448 497//497 496//496
f 449//449 450//450 498//498
f 449//449 498//498 497//497
f 450//450 451//451 499//499
f 450//450 499//499 498//498
f 451//451 452//452 500//500
f 451//451 500//500 499//499
f 452//452 453//453 501//501
f 452//452 501//501 500//500
f 453//453 454//454 502//502
f 453//453 502//502 501//501
f 454//454 455//455 503//503
f 454//454 503//503 502//502
f 455//455 456//456 504//504
f 455//455 504//504 503//503
f 456//456 457//457 505//505
f 456//456 505//505 504//504
f 457//457 458//458 506//506
f 457//457 506//506 505//505
f 458//458 459//459 507//507
f 458//458 507//507 506//506
f 459//459 460//460 508//508
f 459//459 508//508 507//507
f 460//460 461//461 509//509
f 460//460 509//509 508//508
f 461//461 462//462 510//510
f 461//461 510//510 509//509
f 462//462 463//463 511//511
f 462//462 511//511 510//510
f 463//463 464//464 512//512
f 463//463 512//512 511//511
f 464//464 465//465 513//513
f 464//464 513//513 512//512
f 465//465 466//466 514//514
f 465//465 514//514 513//513
f 466//466 467//467 515//515
f 466//466 515//515 514//514
f 467//467 468//468 516//516
f 467//467 516//516 515//515
f 468//468 469//469 517//517
f 468//468 517//517 516//516
f 469//469 470//470 518//518
f 469//469 518//518 517//517
f 470//470 471//471 519//519
f 470//470 519//519 518//518
f 471//471 472//472 520//520
f 471//471 520//520 519//519
f 472//472 473//473 521//521
f 472//472 521//521 520//520
f 473//473 474//474 522//522
f 473//473 522//522 521//521
f 474//474 475//475 523//523
f 474//474 523//523 522//522
f 475//475 476//476 524//524
f 475//475 524//524 523//523
f 476//476 477//477 525//525
f 476//476 525//525 524//524
f 477//477 478//478 526//526
f 477//477 526//526 525//525
f 478//478 479//479 527//527
f 478//478 527//527 526//526
f 479//479 480//480 528//528
f 479//479 528//528 527//527
f 480//480 433//433 481//481
f 480//480 481//481 528//528
f 481//481 482//482 530//530
f 481//481 530//530 529//529
f 482//482 483//483 531//531
f 482//482 531//531 530//530
f 483//483 484//484 532//532
f 483//483 532//532 531//531
f 484//484 485//485 533//533
f 484//484 533//533 532//532
f 485//485 486//486 534//534
f 485//485 534//534 533//533
f 486//486 487//487 535//535
f 486//486 535//535 534//534
f 487//487 488//488 536//536
f 487//487 536//536 535//535
f 488//488 489//489 537//537
f 488//488 537//537 536//536
f 489//489 490//490 538//538
f 489//489 538//538 537//537
f 490//490 491//491 539//539
f 490//490 539//539 538//538
f 491//491 492//492 540//540
f 491//491 540//540 539//539
f 492//492 493//493 541//541
f 492//492 541//541 540//540
f 493//493 494//494 542//542
f 493//493 542//542 541//541
f 494//494 495//495 543//543
f 494//494 543//543 542//542
f 495//495 496//496 544//544
f 495//495 544//544 543//543
f 496//496 497//497 545//545
f 496//496 545//545 544//544
f 497//497 498//498 546//546
f 497//497 546//546 545//545
f 498//498 499//499 547//547
f 498//498 547//547 546//546
f 499//499 500//500 548//548
f 499//499 548//548 547//547
f 500//500 501//501 549//549
f 500//500 549//549 548//548
f 501//501 502//502 550//550
f 501//501 550//550 549//549
f 502//502 503//503 551//551
f 502//502 551//551 550//550
f 503//503 504//504 552//552
f 503//503 552//552 551//551
f 504//504 505//505 553//553
f 504//504 553//553 552//552
f 505//505 506//506 554//554
f 505//505 554//554 553//553
f 506//506 507//507 555//555
f 506//506 555//555 554//554
f 507//507 508//508 556//556
f 507//507 556//556 555//555
f 508//508 509//509 557//557
f 508//508 557//557 556//556
f 509//509 510//510 558//558
f 509//509 558//558 557//557
f 510//510 511//511 559//559
f 510//510 559//559 558//558
f 511//511 512//512 560//560
f 511//511 560//560 559//559
f 512//512 513//513 561//561
f 512//512 561//561 560//560
f 513//513 514//514 562//562
f 513//513 562//562 561//561
f 514//514 515//515 563//563
f 514//514 563//563 562//562
f 515//515 516//516 564//564
f 515//515 564//564 563//563
f 516//516 517//517 565//565
f 516//516 565//565 564//564
f 517//517 518//518 566//566
f 517//517 566//566 565//565
f 518//518 519//519 567//567
f 518//518 567//567 566//566
f 519//519 520//520 568//568
f 519//519 568//568 567//567
f 520//520 521//521 569//569
f 520//520 569//569 568//568
f 521//521 522//522 570//570
f 521//521 570//570 569//569
f 522//522 523//523 571//571
f 522//522 571//571 570//570
f 523//523 524//524 572//572
f 523//523 572//572 571//571
f 524//524 525//525 573//573
f 524//524 573//573 572//572
f 525//525 526//526 574//574
f 525//525 574//574 573//573
f 526//526 527//527 575//575
f 526//526 575//575 574//574
f 527//527 528//528 576//576
f 527//527 576//576 575//575
f 528//528 481//481 529//529
f 528//528 529//529 576//576
f 529//529 530//530 578//578
f 529//529 578//578 577//577
f 530//530 531//531 579//579
f 530//530 579//579 578//578
f 531//531 532//532 580//580
f 531//531 580//580 579//579
f 532//532 533//533 581//581
f 532//532 581//581 580//580
f 533//533 534//534 582//582
f 533//533 582//582 581//581
f 534//534 535//535 583//583
f 534//534 583//583 582//582
f 535//535 536//536 584//584
f 535//535 584//584 583//583
f 536//536 537//537 585//585
f 536//536 585//585 584//584
f 537//537 538//538 586//586
f 537//537 586//586 585//585
f 538//538 539//539 587//587
f 538//538 587//587 586//586
f 539//539 540//540 588//588
f 539//539 588//588 587//587
f 540//540 541//541 589//589
f 540//540 589//589 588//588
f 541//541 542//542 590//590
f 541//541 590//590 589//589
f 542//542 543//543 591//591
f 542//542 591//591 590//590
f 543//543 544//544 592//592
f 543//543 592//592 591//591
f 544//544 545//545 593//593
f 544//544 593//593 592//592
f 545//545 546//546 594//594
f 545//545 594//594 593//593
f 546//546 547//547 595//595
f 546//546 595//595 594//594
f 547//547 548//548 596//596
f 547//547 596//596 595//595
f 548//548 549//549 597//597
f 548//548 597//597 596//596
f 549//549 550//550 598//598
f 549//549 598//598 597//597
f 550//550 551//551 599//599
f 550//550 599//599 598//598
f 551//551 552//552 600//600
f 551//551 600//600 599//599
f 552//552 553//553 601//601
f 552//552 601//601 600//600
f 553//553 554//554 602//602
f 553//553 602//602 601//601
f 554//554 555//555 603//603
f 554//554 603//603 602//602
f 555//555 556//556 604//604
f 555//555 604//604 603//603
f 556//556 557//557 605//605
f 556//556 605//605 604//604
f 557//557 558//558 606//606
f 557//557 606//606 605//605
f 558//558 559//559 607//607
f 558//558 607//607 606//606
f 559//559 560//560 608//608
f 559//559 608//608 607//607
f 560//560 561//561 609//609
f 560//560 609//609 608//608
f 561//561 562//562 610//610
f 561//561 610//610 609//609
f 562//562 563//563 611//611
f 562//562 611//611 610//610
f 563//563 564//564 612//612
f 563//563 612//612 611//611
f 564//564 565//565 613//613
f 564//564 613//613 612//612
f 565//565 566//566 614//614
f 565//565 614//614 613//613
f 566//566 567//567 615//615
f 566//566 615//615 614//614
f 567//567 568//568 616//616
f 567//567 616//616 615//615
f 568//568 569//569 617//617
f 568//568 617//617 616//616
f 569//569 570//570 618//618
f 569//569 618//618 617//617
f 570//570 571//571 619//619
f 570//570 619//619 618//618
f 571//571 572//572 620//620
f 571//571 620//620 619//619
f 572//572 573//573 621//621
f 572//572 621//621 620//620
f 573//573 574//574 622//622
f 573//573 622//622 621//621
f 574//574 575//575 623//623
f 574//574 623//623 622//622
f 575//575 576//576 624//624
f 575//575 624//624 623//623
f 576//576 529//529 577//577
f 576//576 577//577 624//624
f 577//577 578//578 626//626
f 577//577 626//626 625//625
f 578//578 579//579 627//627
f 578//578 627//627 626//626
f 579//579 580//580 628//628
f 579//579 628//628 627//627
f 580//580 581//581 629//629
f 580//580 629//629 628//628
f 581//581 582//582 630//630
f 581//581 630//630 629//629
f 582//582 583//583 631//631
f 582//582 631//631 630//630
f 583//583 584//584 632//632
f 583//583 632//632 631//631
f 584//584 585//585 633//633
f 584//584 633//633 632//632
f 585//585 586//586 634//634
f 585//585 634//634 633//633
f 586//586 587//587 635//635
f 586//586 635//635 634//634
f 587//587 588//588 636//636
f 587//587 636//636 635//635
f 588//588 589//589 637//637
f 588//588 637//637 636//636
f 589//589 590//590 638//638
f 589//589 638//638 637//637
f 590//590 591//591 639//639
f 590//590 639//639 638//638
f 591//591 592//592 640//640
f 591//591 640//640 639//639
f 592//592 593//593 641//641
f 592//592 641//641 640//640
f 593//593 594//594 642//642
f 593//593 642//642 641//641
f 594//594 595//595 643//643
f 594//594 643//643 642//642
f 595//595 596//596 644//644
f 595//595 644//644 643//643
f 596//596 597//597 645//645
f 596//596 645//645 644//644
f 597//597 598//598 646//646
f 597//597 646//646 645//645
f 598//598 599//599 647//647
f 598//598 647//647 646//646
f 599//599 600//600 648//648
f 599//599 648//648 647//647
f 600//600 601//601 649//649
f 600//600 649//649 648//648
f 601//601 602//602 650//650
f 601//601 650//650 649//649
f 602//602 603//603 651//651
f 602//602 651//651 650//650
f 603//603 604//604 652//652
f 603//603 652//652 651//651
f 604//604 605//605 653//653
f 604//604 653//653 652//652
f 605//605 606//606 654//654
f 605//605 654//654 653//653
f 606//606 607//607 655//655
f 606//606 655//655 654//654
f 607//607 608//608 656//656
f 607//607 656//656 655//655
f 608//608 609//609 657//657
f 608//608 657//657 656//656
f 609//609 610//610 658//658
f 609//609 658//658 657//657
f 610//610 611//611 659//659
f 610//610 659//659 658//658
f 611//611 612//612 660//660
f 611//611 660//660 659//659
f 612//612 613//613 661//661
f 612//612 661//661 660//660
f 613//613 614//614 662//662
f 613//613 662//662 661//661
f 614//614 615//615 663//663
f 614//614 663//663 662//662
f 615//615 616//616 664//664
f 615//615 664//664 663//663
f 616//616 617//617 665//665
f 616//616 665//665 664//664
f 617//617 618//618 666//666
f 617//617 666//666 665//665
f 618//618 619//619 667//667
f 618//618 667//667 666//666
f 619//619 620//620 668//668
f 619//619 668//668 667//667
f 620//620 621//621 669//669
f 620//620 669//669 668//668
f 621//621 622//622 670//670
f 621//621 670//670 669//669
f 622//622 623//623 671//671
f 622//622 671//671 670//670
f 623//623 624//624 672//672
f 623//623 672//672 671//671
f 624//624 577//577 625//625
f 624//624 625//625 672//672
f 625//625 626//626 674//674
f 625//625 674//674 673//673
f 626//626 627//627 675//675
f 626//626 675//675 674//674
f 627//627 628//628 676//676
f 627//627 676//676 675//675
f 628//628 629//629 677//677
f 628//628 677//677 676//676
f 629//629 630//630 678//678
f 629//629 678//678 677//677
f 630//630 631//631 679//679
f 630//630 679//679 678//678
f 631//631 632//632 680//680
f 631//631 680//680 679//679
f 632//632 633//633 681//681
f 632//632 681//681 680//680
f 633//633 634//634 682//682
f 633//633 682//682 681//681
f 634//634 635//635 683//683
f 634//634 683//683 682//682
f 635//635 636//636 684//684
f 635//635 684//684 683//683
f 636//636 637//637 685//685
f 636//636 685//685 684//684
f 637//637 638//638 686//686
f 637//637 686//686 685//685
f 638//638 639//639 687//687
f 638//638 687//687 686//686
f 639//639 640//640 688//688
f 639//639 688//688 687//687
f 640//640 641//641 689//689
f 640//640 689//689 688//688
f 641//641 642//642 690//690
f 641//641 690//690 689//689
f 642//642 643//643 691//691
f 642//642 691//691 690//690
f 643//643 644//644 692//692
f 643//643 692//692 691//691
f 644//644 645//645 693//693
f 644//644 693//693 692//692
f 645//645 646//646 694//694
f 645//645 694//694 693//693
f 646//646 647//647 695//695
f 646//646 695//695 694//694
f 647//647 648//648 696//696
f 647//647 696//696 695//695
f 648//648 649//649 697//697
f 648//648 697//697 696//696
f 649//649 650//650 698//698
f 649//649 698//698 697//697
f 650//650 651//651 699//699
f 650//650 699//699 698//698
f 651//651 652//652 700//700
f 651//651 700//700 699//699
f 652//652 653//653 701//701
f 652//652 701//701 700//700
f 653//653 654//654 702//702
f 653//653 702//702 701//701
f 654//654 655//655 703//703
f 654//654 703//703 702//702
f 655//655 656//656 704//704
f 655//655 704//704 703//703
f 656//656 657//657 705//705
f 656//656 705//705 704//704
f 657//657 658//658 706//706
f 657//657 706//706 705//705
f 658//658 659//659 707//707
f 658//658 707//707 706//706
f 659//659 660//660 708//708
f 659//659 708//708 707//707
f 660//660 661//661 709//709
f 660//660 709//709 708//708
f 661//661 662//662 710//710
f 661//661 710//710 709//709
f 662//662 663//663 711//711
f 662//662 711//711 710//710
f 663//663 664//664 712//712
f 663//663 712//712 711//711
f 664//664 665//665 713//713
f 664//664 713//713 712//712
f 665//665 666//666 714//714
f 665//665 714//714 713//713
f 666//666 667//667 715//715
f 666//666 715//715 714//714
f 667//667 668//668 716//716
f 667//667 716//716 715//715
f 668//668 669//669 717//717
f 668//668 717//717 716//716
f 669//669 670//670 718//718
f 669//669 718//718 717//717
f 670//670 671//671 719//719
f 670//670 719//719 718//718
f 671//671 672//672 720//720
f 671//671 720//720 719//719
f 672//672 625//625 673//673
f 672//672 673//673 720//720
f 673//673 674//674 722//722
f 673//673 722//722 721//721
f 674//674 675//675 723//723
f 674//674 723//723 722//722
f 675//675 676//676 724//724
f 675//675 724//724 723//723
f 676//676 677//677 725//725
f 676//676 725//725 724//724
f 677//677 678//678 726//726
f 677//677 726//726 725//725
f 678//678 679//679 727//727
f 678//678 727//727 726//726
f 679//679 680//680 728//728
f 679//679 728//728 727//727
f 680//680 681//681 729//729
f 680//680 729//729 728//728
f 681//681 682//682 730//730
f 681//681 730//730 729//729
f 682//682 683//683 731//731
f 682//682 731//731 730//730
f 683//683 684//684 732//732
f 683//683 732//732 731//731
f 684//684 685//685 733//733
f 684//684 733//733 732//732
f 685//685 686//686 734//734
f 685//685 734//734 733//733
f 686//686 687//687 735//735
f 686//686 735//735 734//734
f 687//687 688//688 736//736
f 687//687 736//736 735//735
f 688//688 689//689 737//737
f 688//688 737//737 736//736
f 689//689 690//690 738//738
f 689//689 738//738 737//737
f 690//690 691//691 739//739
f 690//690 739//739 738//738
f 691//691 692//692 740//740
f 691//691 740//740 739//739
f 692//692 693//693 741//741
f 692//692 741//741 740//740
f 693//693 694//694 742//742
f 693//693 742//742 741//741
f 694//694 695//695 743//743
f 694//694 743//743 742//742
f 695//695 696//696 744//744
f 695//695 744//744 743//743
f 696//696 697//697 745//745
f 696//696 745//745 744//744
f 697//697 698//698 746//746
f 697//697 746//746 745//745
f 698//698 699//699 747//747
f 698//698 747//747 746//746
f 699//699 700//700 748//748
f 699//699 748//748 747//747
f 700//700 701//701 749//749
f 700//700 749//749 748//748
f 701//701 702//702 750//750
f 701//701 750//750 749//749
f 702//702 703//703 751//751
f 702//702 751//751 750//750
f 703//703 704//704 752//752
f 703//703 752//752 751//751
f 704//704 705//705 753//753
f 704//704 753//753 752//752
f 705//705 706//706 754//754
f 705//705 754//754 753//753
f 706//706 707//707 755//755
f 706//706 755//755 754//754
f 707//707 708//708 756//756
f 707//707 756//756 755//755
f 708//708 709//709 757//757
f 708//708 757//757 756//756
f 709//709 710//710 758//758
f 709//709 758//758 757//757
f 710//710 711//711 759//759
f 710//710 759//759 758//758
f 711//711 712//712 760//760
f 711//711 760//760 759//759
f 712//712 713//713 761//761
f 712//712 761//761 760//760
f 713//713 714//714 762//762
f 713//713 762//762 761//761
f 714//714 715//715 763//763
f 714//714 763//763 762//762
f 715//715 716//716 764//764
f 715//715 764//764 763//763
f 716//716 717//717 765//765
f 716//716 765//765 764//764
f 717//717 718//718 766//766
f 717//717 766//766 765//765
f 718//718 719//719 767//767
f 718//718 767//767 766//766
f 719//719 720//720 768//768
f 719//719 768//768 767//767
f 720//720 673//673 721//721
f 720//720 721//721 768//768
f 721//721 722//722 770//770
f 721//721 770//770 769//769
f 722//722 723//723 771//771
f 722//722 771//771 770//770
f 723//723 724//724 772//772
f 723//723 772//772 771//771
f 724//724 725//725 773//773
f 724//724 773//773 772//772
f 725//725 726//726 774//774
f 725//725 774//774 773//773
f 726//726 727//727 775//775
f 726//726 775//775 774//774
f 727//727 728//728 776//776
f 727//727 776//776 775//775
f 728//728 729//729 777//777
f 728//728 777//777 776//776
f 729//729 730//730 778//778
f 729//729 778//778 777//777
f 730//730 731//731 779//779
f 730//730 779//779 778//778
f 731//731 732//732 780//780
f 731//731 780//780 779//779
f 732//732 733//733 781//781
f 732//732 781//781 780//780
f 733//733 734//734 782//782
f 733//733 782//782 781//781
f 734//734 735//735 783//783
f 734//734 783//783 782//782
f 735//735 736//736 784//784
f 735//735 784//784 783//783
f 736//736 737//737 785//785
f 736//736 785//785 784//784
f 737//737 738//738 786//786
f 737//737 786//786 785//785
f 738//738 739//739 787//787
f 738//738 787//787 786//786
f 739//739 740//740 788//788
f 739//739 788//788 787//787
f 740//740 741//741 789//789
f 740//740 789//789 788//788
f 741//741 742//742 790//790
f 741//741 790//790 789//789
f 742//742 743//743 791//791
f 742//742 791//791 790//790
f 743//743 744//744 792//792
f 743//743 792//792 791//791
f 744//744 745//745 793//793
f 744//744 793//793 792//792
f 745//745 746//746 794//794
f 745//745 794//794 793//793
f 746//746 747//747 795//795
f 746//746 795//795 794//794
f 747//747 748//748 796//796
f 747//747 796//796 795//795
f 748//748 749//749 797//797
f 748//748 797//797 796//796
f 749//749 750//750 798//798
f 749//749 798//798 797//797
f 750//750 751//751 799//799
f 750//750 799//799 798//798
f 751//751 752//752 800//800
f 751//751 800//800 799//799
f 752//752 753//753 801//801
f 752//752 801//801 800//800
f 753//753 754//754 802//802
f 753//753 802//802 801//801
f 754//754 755//755 803//803
f 754//754 803//803 802//802
f 755//755 756//756 804//804
f 755//755 804//804 803//803
f 756//756 757//757 805//805
f 756//756 805//805 804//804
f 757//757 758//758 806//806
f 757//757 806//806 805//805
f 758//758 759//759 807//807
f 758//758 807//807 806//806
f 759//759 760//760 808//808
f 759//759 808//808 807//807
f 760//760 761//761 809//809
f 760//760 809//809 808//808
f 761//761 762//762 810//810
f 761//761 810//810 809//809
f 762//762 763//763 811//811
f 762//762 811//811 810//810
f 763//763 764//764 812//812
f 763//763 812//812 811//811
f 764//764 765//765 813//813
f 764//764 813//813 812//812
f 765//765 766//766 814//814
f 765//765 814//814 813//813
f 766//766 767//767 815//815
f 766//766 815//815 814//814
f 767//767 768//768 816//816
f 767//767 816//816 815//815
f 768//768 721//721 769//769
f 768//768 769//769 816//816
f 769//769 770//770 818//818
f 769//769 818//818 817//817
f 770//770 771//771 819//819
f 770//770 819//819 818//818
f 771//771 772//772 820//820
f 771//771 820//820 819//819
f 772//772 773//773 821//821
f 772//772 821//821 820//820
f 773//773 774//774 822//822
f 773//773 822//822 821//821
f 774//774 775//775 823//823
f 774//774 823//823 822//822
f 775//775 776//776 824//824
f 775//775 824//824 823//823
f 776//776 777//777 825//825
f 776//776 825//825 824//824
f 777//777 778//778 826//826
f 777//777 826//826 825//825
f 778//778 779//779 827//827
f 778//778 827//827 826//826
f 779//779 780//780 828//828
f 779//779 828//828 827//827
f 780//780 781//781 829//829
f 780//780 829//829 828//828
f 781//781 782//782 830//830
f 781//781 830//830 829//829
f 782//782 783//783 831//831
f 782//782 831//831 830//830
f 783//783 784//784 832//832
f 783//783 832//832 831//831
f 784//784 785//785 833//833
f 784//784 833//833 832//832
f 785//785 786//786 834//834
f 785//785 834//834 833//833
f 786//786 787//787 835//835
f 786//786 835//835 834//834
f 787//787 788//788 836//836
f 787//787 836//836 835//835
f 788//788 789//789 837//837
f 788//788 837//837 836//836
f 789//789 790//790 838//838
f 789//789 838//838 837//837
f 790//790 791//791 839//839
f 790//790 839//839 838//838
f 791//791 792//792 840//840
f 791//791 840//840 839//839
f 792//792 793//793 841//841
f 792//792 841//841 840//840
f 793//793 794//794 842//842
f 793//793 842//842 841//841
f 794//794 795//795 843//843
f 794//794 843//843 842//842
f 795//795 796//796 844//844
f 795//795 844//844 843//843
f 796//796 797//797 845//845
f 796//796 845//845 844//844
f 797//797 798//798 846//846
f 797//797 846//846 845//845
f 798//798 799//799 847//847
f 798//798 847//847 846//846
f 799//799 800//800 848//848
f 799//799 848//848 847//847
f 800//800 801//801 849//849
f 800//800 849//849 848//848
f 801//801 802//802 850//850
f 801//801 850//850 849//849
f 802//802 803//803 851//851
f 802//802 851//851 850//850
f 803//803 804//804 852//852
f 803//803 852//852 851//851
f 804//804 805//805 853//853
f 804//804 853//853 852//852
f 805//805 806//806 854//854
f 805//805 854//854 853//853
f 806//806 807//807 855//855
f 806//806 855//855 854//854
f 807//807 808//808 856//856
f 807//807 856//856 855//855
f 808//808 809//809 857//857
f 808//808 857//857 856//856
f 809//809 810//810 858//858
f 809//809 858//858 857//857
f 810//810 811//811 859//859
f 810//810 859//859 858//858
f 811//811 812//812 860//860
f 811//811 860//860 859//859
f 812//812 813//813 861//861
f 812//812 861//861 860//860
f 813//813 814//814 862//862
f 813//813 862//862 861//861
f 814//814 815//815 863//863
f 814//814 863//863 862//862
f 815//815 816//816 864//864
f 815//815 864//864 863//863
f 816//816 769//769 817//817
f 816//816 817//817 864//864
f 817//817 818//818 866//866
f 817//817 866//866 865//865
f 818//818 819//819 867//867
f 818//818 867//867 866//866
f 819//819 820//820 868//868
f 819//819 868//868 867//867
f 820//820 821//821 869//869
f 820//820 869//869 868//868
f 821//821 822//822 870//870
f 821//821 870//870 869//869
f 822//822 823//823 871//871
f 822//822 871//871 870//870
f 823//823 824//824 872//872
f 823//823 872//872 871//871
f 824//824 825//825 873//873
f 824//824 873//873 872//872
f 825//825 826//826 874//874
f 825//825 874//874 873//873
f 826//826 827//827 875//875
f 826//826 875//875 874//874
f 827//827 828//828 876//876
f 827//827 876//876 875//875
f 828//828 829//829 877//877
f 828//828 877//877 876//876
f 829//829 830//830 878//878
f 829//829 878//878 877//877
f 830//830 831//831 879//879
f 830//830 879//879 878//878
f 831//831 832//832 880//880
f 831//831 880//880 879//879
f 832//832 833//833 881//881
f 832//832 881//881 880//880
f 833//833 834//834 882//882
f 833//833 882//882 881//881
f 834//834 835//835 883//883
f 834//834 883//883 882//882
f 835//835 836//836 884//884
f 835//835 884//884 883//883
f 836//836 837//837 885//885
f 836//836 885//885 884//884
f 837//837 838//838 886//886
f 837//837 886//886 885//885
f 838//838 839//839 887//887
f 838//838 887//887 886//886
f 839//839 840//840 888//888
f 839//839 888//888 887//887
f 840//840 841//841 889//889
f 840//840 889//889 888//888
f 841//841 842//842 890//890
f 841//841 890//890 889//889
f 842//842 843//843 891//891
f 842//842 891//891 890//890
f 843//843 844//844 892//892
f 843//843 892//892 891//891
f 844//844 845//845 893//893
f 844//844 893//893 892//892
f 845//845 846//846 894//894
f 845//845 894//894 893//893
f 846//846 847//847 895//895
f 846//846 895//895 894//894
f 847//847 848//848 896//896
f 847//847 896//896 895//895
f 848//848 849//849 897//897
f 848//848 897//897 896//896
f 849//849 850//850 898//898
f 849//849 898//898 897//897
f 850//850 851//851 899//899
f 850//850 899//899 898//898
f 851//851 852//852 900//900
f 851//851 900//900 899//899
f 852//852 853//853 901//901
f 852//852 901//901 900//900
f 853//853 854//854 902//902
f 853//853 902//902 901//901
f 854//854 855//855 903//903
f 854//854 903//903 902//902
f 855//855 856//856 904//904
f 855//855 904//904 903//903
f 856//856 857//857 905//905
f 856//856 905//905 904//904
f 857//857 858//858 906//906
f 857//857 906//906 905//905
f 858//858 859//859 907//907
f 858//858 907//907 906//906
f 859//859 860//860 908//908
f 859//859 908//908 907//907
f 860//860 861//861 909//909
f 860//860 909//909 908//908
f 861//861 862//862 910//910
f 861//861 910//910 909//909
f 862//862 863//863 911//911
f 862//862 911//911 910//910
f 863//863 864//864 912//912
f 863//863 912//912 911//911
f 864//864 817//817 865//865
f 864//864 865//865 912//912
f 865//865 866//866 914//914
f 865//865 914//914 913//913
f 866//866 867//867 915//915
f 866//866 915//915 914//914
f 867//867 868//868 916//916
f 867//867 916//916 915//915
f 868//868 869//869 917//917
f 868//868 917//917 916//916
f 869//869 870//870 918//918
f 869//869 918//918 917//917
f 870//870 871//871 919//919
f 870//870 919//919 918//918
f 871//871 872//872 920//920
f 871//871 920//920 919//919
f 872//872 873//873 921//921
f 872//872 921//921 920//920
f 873//873 874//874 922//922
f 873//873 922//922 921//921
f 874//874 875//875 923//923
f 874//874 923//923 922//922
f 875//875 876//876 924//924
f 875//875 924//924 923//923
f 876//876 877//877 925//925
f 876//876 925//925 924//924
f 877//877 878//878 926//926
f 877//877 926//926 925//925
f 878//878 879//879 927//927
f 878//878 927//927 926//926
f 879//879 880//880 928//928
f 879//879 928//928 927//927
f 880//880 881//881 929//929
f 880//880 929//929 928//928
f 881//881 882//882 930//930
f 881//881 930//930 929//929
f 882//882 883//883 931//931
f 882//882 931//931 930//930
f 883//883 884//884 932//932
f 883//883 932//932 931//931
f 884//884 885//885 933//933
f 884//884 933//933 932//932
f 885//885 886//886 934//934
f 885//885 934//934 933//933
f 886//886 887//887 935//935
f 886//886 935//935 934//934
f 887//887 888//888 936//936
f 887//887 936//936 935//935
f 888//888 889//889 937//937
f 888//888 937//937 936//936
f 889//889 890//890 938//938
f 889//889 938//938 937//937
f 890//890 891//891 939//939
f 890//890 939//939 938//938
f 891//891 892//892 940//940
f 891//891 940//940 939//939
f 892//892 893//893 941//941
f 892//892 941//941 940//940
f 893//893 894//894 942//942
f 893//893 942//942 941//941
f 894//894 895//895 943//943
f 894//894 943//943 942//942
f 895//895 896//896 944//944
f 895//895 944//944 943//943
f 896//896 897//897 945//945
f 896//896 945//945 944//944
f 897//897 898//898 946//946
f 897//897 946//946 945//945
f 898//898 899//899 947//947
f 898//898 947//947 946//946
f 899//899 900//900 948//948
f 899//899 948//948 947//947
f 900//900 901//901 949//949
f 900//900 949//949 948//948
f 901//901 902//902 950//950
f 901//901 950//950 949//949
f 902//902 903//903 951//951
f 902//902 951//951 950//950
f 903//903 904//904 952//952
f 903//903 952//952 951//951
f 904//904 905//905 953//953
f 904//904 953//953 952//952
f 905//905 906//906 954//954
f 905//905 954//954 953//953
f 906//906 907//907 955//955
f 906//906 955//955 954//954
f 907//907 908//908 956//956
f 907//907 956//956 955//955
f 908//908 909//909 957//957
f 908//908 957//957 956//956
f 909//909 910//910 958//958
f 909//909 958//958 957//957
f 910//910 911//911 959//959
f 910//910 959//959 958//958
f 911//911 912//912 960//960
f 911//911 960//960 959//959
f 912//912 865//865 913//913
f 912//912 913//913 960//960
f 913//913 914//914 962//962
f 913//913 962//962 961//961
f 914//914 915//915 963//963
f 914//914 963//963 962//962
f 915//915 916//916 964//964
f 915//915 964//964 963//963
f 916//916 917//917 965//965
f 916//916 965//965 964//964
f 917//917 918//918 966//966
f 917//917 966//966 965//965
f 918//918 919//919 967//967
f 918//918 967//967 966//966
f 919//919 920//920 968//968
f 919//919 968//968 967//967
f 920//920 921//921 969//969
f 920//920 969//969 968//968
f 921//921 922//922 970//970
f 921//921 970//970 969//969
f 922//922 923//923 971//971
f 922//922 971//971 970//970
f 923//923 924//924 972//972
f 923//923 972//972 971//971
f 924//924 925//925 973//973
f 924//924 973//973 972//972
f 925//925 926//926 974//974
f 925//925 974//974 973//973
f 926//926 927//927 975//975
f 926//926 975//975 974//974
f 927//927 928//928 976//976
f 927//927 976//976 975//975
f 928//928 929//929 977//977
f 928//928 977//977 976//976
f 929//929 930//930 978//978
f 929//929 978//978 977//977
f 930//930 931//931 979//979
f 930//930 979//979 978//978
f 931//931 932//932 980//980
f 931//931 980//980 979//979
f 932//932 933//933 981//981
f 932//932 981//981 980//980
f 933//933 934//934 982//982
f 933//933 982//982 981//981
f 934//934 935//935 983//983
f 934//934 983//983 982//982
f 935//935 936//936 984//984
f 935//935 984//984 983//983
f 936//936 937//937 985//985
f 936//936 985//985 984//984
f 937//937 938//938 986//986
f 937//937 986//986 985//985
f 938//938 939//939 987//987
f 938//938 987//987 986//986
f 939//939 940//940 988//988
f 939//939 988//988 987//987
f 940//940 941//941 989//989
f 940//940 989//989 988//988
f 941//941 942//942 990//990
f 941//941 990//990 989//989
f 942//942 943//943 991//991
f 942//942 991//991 990//990
f 943//943 944//944 992//992
f 943//943 992//992 991//991
f 944//944 945//945 993//993
f 944//944 993//993 992//992
f 945//945 946//946 994//994
f 945//945 994//994 993//993
f 946//946 947//947 995//995
f 946//946 995//995 994//994
f 947//947 948//948 996//996
f 947//947 996//996 995//995
f 948//948 949//949 997//997
f 948//948 997//997 996//996
f 949//949 950//950 998//998
f 949//949 998//998 997//997
f 950//950 951//951 999//999
f 950//950 999//999 998//998
f 951//951 952//952 1000//1000
f 951//951 1000//1000 999//999
f 952//952 953//953 1001//1001
f 952//952 1001//1001 1000//1000
f 953//953 954//954 1002//1002
f 953//953 1002//1002 1001//1001
f 954//954 955//955 1003//1003
f 954//954 1003//1003 1002//1002
f 955//955 956//956 1004//1004
f 955//955 1004//1004 1003//1003
f 956//956 957//957 1005//1005
f 956//956 1005//1005 1004//1004
f 957//957 958//958 1006//1006
f 957//957 1006//1006 1005//1005
f 958//958 959//959 1007//1007
f 958//958 1007//1007 1006//1006
f 959//959 960//960 1008//1008
f 959//959 1008//1008 1007//1007
f 960//960 913//913 961//961
f 960//960 961//961 1008//1008
f 961//961 962//962 1010//1010
f 961//961 1010//1010 1009//1009
f 962//962 963//963 1011//1011
f 962//962 1011//1011 1010//1010
f 963//963 964//964 1012//1012
f 963//963 1012//1012 1011//1011
f 964//964 965//965 1013//1013
f 964//964 1013//1013 1012//1012
f 965//965 966//966 1014//1014
f 965//965 1014//1014 1013//1013
f 966//966 967//967 1015//1015
f 966//966 1015//1015 1014//1014
f 967//967 968//968 1016//1016
f 967//967 1016//1016 1015//1015
f 968//968 969//969 1017//1017
f 968//968 1017//1017 1016//1016
f 969//969 970//970 1018//1018
f 969//969 1018//1018 1017//1017
f 970//970 971//971 1019//1019
f 970//970 1019//1019 1018//1018
f 971//971 972//972 1020//1020
f 971//971 1020//1020 1019//1019
f 972//972 973//973 1021//1021
f 972//972 1021//1021 1020//1020
f 973//973 974//974 1022//1022
f 973//973 1022//1022 1021//1021
f 974//974 975//975 1023//1023
f 974//974 1023//1023 1022//1022
f 975//975 976//976 1024//1024
f 975//975 1024//1024 1023//1023
f 976//976 977//977 1025//1025
f 976//976 1025//1025 1024//1024
f 977//977 978//978 1026//1026
f 977//977 1026//1026 1025//1025
f 978//978 979//979 1027//1027
f 978//978 1027//1027 1026//1026
f 979//979 980//980 1028//1028
f 979//979 1028//1028 1027//1027
f 980//980 981//981 1029//1029
f 980//980 1029//1029 1028//1028
f 981//981 982//982 1030//1030
f 981//981 1030//1030 1029//1029
f 982//982 983//983 1031//1031
f 982//982 1031//1031 1030//1030
f 983//983 984//984 1032//1032
f 983//983 1032//1032 1031//1031
f 984//984 985//985 1033//1033
f 984//984 1033//1033 1032//1032
f 985//985 986//986 1034//1034
f 985//985 1034//1034 1033//1033
f 986//986 987//987 1035//1035
f 986//986 1035//1035 1034//1034
f 987//987 988//988 1036//1036
f 987//987 1036//1036 1035//1035
f 988//988 989//989 1037//1037
f 988//988 1037//1037 1036//1036
f 989//989 990//990 1038//1038
f 989//989 1038//1038 1037//1037
f 990//990 991//991 1039//1039
f 990//990 1039//1039 1038//1038
f 991//991 992//992 1040//1040
f 991//991 1040//1040 1039//1039
f 992//992 993//993 1041//1041
f 992//992 1041//1041 1040//1040
f 993//993 994//994 1042//1042
f 993//993 1042//1042 1041//1041
f 994//994 995//995 1043//1043
f 994//994 1043//1043 1042//1042
f 995//995 996//996 1044//1044
f 995//995 1044//1044 1043//1043
f 996//996 997//997 1045//1045
f 996//996 1045//1045 1044//1044
f 997//997 998//998 1046//1046
f 997//997 1046//1046 1045//1045
f 998//998 999//999 1047//1047
f 998//998 1047//1047 1046//1046
f 999//999 1000//1000 1048//1048
f 999//999 1048//1048 1047//1047
f 1000//1000 1001//1001 1049//1049
f 1000//1000 1049//1049 1048//1048
f 1001//1001 1002//1002 1050//1050
f 1001//1001 1050//1050 1049//1049
f 1002//1002 1003//1003 1051//1051
f 1002//1002 1051//1051 1050//1050
f 1003//1003 1004//1004 1052//1052
f 1003//1003 1052//1052 1051//1051
f 1004//1004 1005//1005 1053//1053
f 1004//1004 1053//1053 1052//1052
f 1005//1005 1006//1006 1054//1054
f 1005//1005 1054//1054 1053//1053
f 1006//1006 1007//1007 1055//1055
f 1006//1006 1055//1055 1054//1054
f 1007//1007 1008//1008 1056//1056
f 1007//1007 1056//1056 1055//1055
f 1008//1008 961//961 1009//1009
f 1008//1008 1009//1009 1056//1056
f 1009//1009 1010//1010 1058//1058
f 1009//1009 1058//1058 1057//1057
f 1010//1010 1011//1011 1059//1059
f 1010//1010 1059//1059 1058//1058
f 1011//1011 1012//1012 1060//1060
f 1011//1011 1060//1060 1059//1059
f 1012//1012 1013//1013 1061//1061
f 1012//1012 1061//1061 1060//1060
f 1013//1013 1014//1014 1062//1062
f 1013//1013 1062//1062 1061//1061
f 1014//1014 1015//1015 1063//1063
f 1014//1014 1063//1063 1062//1062
f 1015//1015 1016//1016 1064//1064
f 1015//1015 1064//1064 1063//1063
f 1016//1016 1017//1017 1065//1065
f 1016//1016 1065//1065 1064//1064
f 1017//1017 1018//1018 1066//1066
f 1017//1017 1066//1066 1065//1065
f 1018//1018 1019//1019 1067//1067
f 1018//1018 1067//1067 1066//1066
f 1019//1019 1020//1020 1068//1068
f 1019//1019 1068//1068 1067//1067
f 1020//1020 1021//1021 1069//1069
f 1020//1020 1069//1069 1068//1068
f 1021//1021 1022//1022 1070//1070
f 1021//1021 1070//1070 1069//1069
f 1022//1022 1023//1023 1071//1071
f 1022//1022 1071//1071 1070//1070
f 1023//1023 1024//1024 1072//1072
f 1023//1023 1072//1072 1071//1071
f 1024//1024 1025//1025 1073//1073
f 1024//1024 1073//1073 1072//1072
f 1025//1025 1026//1026 1074//1074
f 1025//1025 1074//1074 1073//1073
f 1026//1026 1027//1027 1075//1075
f 1026//1026 1075//1075 1074//1074
f 1027//1027 1028//1028 1076//1076
f 1027//1027 1076//1076 1075//1075
f 1028//1028 1029//1029 1077//1077
f 1028//1028 1077//1077 1076//1076
f 1029//1029 1030//1030 1078//1078
f 1029//1029 1078//1078 1077//1077
f 1030//1030 1031//1031 1079//1079
f 1030//1030 1079//1079 1078//1078
f 1031//1031 1032//1032 1080//1080
f 1031//1031 1080//1080 1079//1079
f 1032//1032 1033//1033 1081//1081
f 1032//1032 1081//1081 1080//1080
f 1033//1033 1034//1034 1082//1082
f 1033//1033 1082//1082 1081//1081
f 1034//1034 1035//1035 1083//1083
f 1034//1034 1083//1083 1082//1082
f 1035//1035 1036//1036 1084//1084
f 1035//1035 1084//1084 1083//1083
f 1036//1036 1037//1037 1085//1085
f 1036//1036 1085//1085 1084//1084
f 1037//1037 1038//1038 1086//1086
f 1037//1037 1086//1086 1085//1085
f 1038//1038 1039//1039 1087//1087
f 1038//1038 1087//1087 1086//1086
f 1039//1039 1040//1040 1088//1088
f 1039//1039 1088//1088 1087//1087
f 1040//1040 1041//1041 1089//1089
f 1040//1040 1089//1089 1088//1088
f 1041//1041 1042//1042 1090//1090
f 1041//1041 1090//1090 1089//1089
f 1042//1042 1043//1043 1091//1091
f 1042//1042 1091//1091 1090//1090
f 1043//1043 1044//1044 1092//1092
f 1043//1043 1092//1092 1091//1091
f 1044//1044 1045//1045 1093//1093
f 1044//1044 1093//1093 1092//1092
f 1045//1045 1046//1046 1094//1094
f 1045//1045 1094//1094 1093//1093
f 1046//1046 1047//1047 1095//1095
f 1046//1046 1095//1095 1094//1094
f 1047//1047 1048//1048 1096//1096
f 1047//1047 1096//1096 1095//1095
f 1048//1048 1049//1049 1097//1097
f 1048//1048 1097//1097 1096//1096
f 1049//1049 1050//1050 1098//1098
f 1049//1049 1098//1098 1097//1097
f 1050//1050 1051//1051 1099//1099
f 1050//1050 1099//1099 1098//1098
f 1051//1051 1052//1052 1100//1100
f 1051//1051 1100//1100 1099//1099
f 1052//1052 1053//1053 1101//1101
f 1052//1052 1101//1101 1100//1100
f 1053//1053 1054//1054 1102//1102
f 1053//1053 1102//1102 1101//1101
f 1054//1054 1055//1055 1103//1103
f 1054//1054 1103//1103 1102//1102
f 1055//1055 1056//1056 1104//1104
f 1055//1055 1104//1104 1103//1103
f 1056//1056 1009//1009 1057//1057
f 1056//1056 1057//1057 1104//1104
f 1057//1057 1058//1058 1106//1106
f 1057//1057 1106//1106 1105//1105
f 1058//1058 1059//1059 1107//1107
f 1058//1058 1107//1107 1106//1106
f 1059//1059 1060//1060 1108//1108
f 1059//1059 1108//1108 1107//1107
f 1060//1060 1061//1061 1109//1109
f 1060//1060 1109//1109 1108//1108
f 1061//1061 1062//1062 1110//1110
f 1061//1061 1110//1110 1109//1109
f 1062//1062 1063//1063 1111//1111
f 1062//1062 1111//1111 1110//1110
f 1063//1063 1064//1064 1112//1112
f 1063//1063 1112//1112 1111//1111
f 1064//1064 1065//1065 1113//1113
f 1064//1064 1113//1113 1112//1112
f 1065//1065 1066//1066 1114//1114
f 1065//1065 1114//1114 1113//1113
f 1066//1066 1067//1067 1115//1115
f 1066//1066 1115//1115 1114//1114
f 1067//1067 1068//1068 1116//1116
f 1067//1067 1116//1116 1115//1115
f 1068//1068 1069//1069 1117//1117
f 1068//1068 1117//1117 1116//1116
f 1069//1069 1070//1070 1118//1118
f 1069//1069 1118//1118 1117//1117
f 1070//1070 1071//1071 1119//1119
f 1070//1070 1119//1119 1118//1118
f 1071//1071 1072//1072 1120//1120
f 1071//1071 1120//1120 1119//1119
f 1072//1072 1073//1073 1121//1121
f 1072//1072 1121//1121 1120//1120
f 1073//1073 1074//1074 1122//1122
f 1073//1073 1122//1122 1121//1121
f 1074//1074 1075//1075 1123//1123
f 1074//1074 1123//1123 1122//1122
f 1075//1075 1076//1076 1124//1124
f 1075//1075 1124//1124 1123//1123
f 1076//1076 1077//1077 1125//1125
f 1076//1076 1125//1125 1124//1124
f 1077//1077 1078//1078 1126//1126
f 1077//1077 1126//1126 1125//1125
f 1078//1078 1079//1079 1127//1127
f 1078//1078 1127//1127 1126//1126
f 1079//1079 1080//1080 1128//1128
f 1079//1079 1128//1128 1127//1127
f 1080//1080 1081//1081 1129//1129
f 1080//1080 1129//1129 1128//1128
f 1081//1081 1082//1082 1130//1130
f 1081//1081 1130//1130 1129//1129
f 1082//1082 1083//1083 1131//1131
f 1082//1082 1131//1131 1130//1130
f 1083//1083 1084//1084 1132//1132
f 1083//1083 1132//1132 1131//1131
f 1084//1084 1085//1085 1133//1133
f 1084//1084 1133//1133 1132//1132
f 1085//1085 1086//1086 1134//1134
f 1085//1085 1134//1134 1133//1133
f 1086//1086 1087//1087 1135//1135
f 1086//1086 1135//1135 1134//1134
f 1087//1087 1088//1088 1136//1136
f 1087//1087 1136//1136 1135//1135
f 1088//1088 1089//1089 1137//1137
f 1088//1088 1137//1137 1136//1136
f 1089//1089 1090//1090 1138//1138
f 1089//1089 1138//1138 1137//1137
f 1090//1090 1091//1091 1139//1139
f 1090//1090 1139//1139 1138//1138
f 1091//1091 1092//1092 1140//1140
f 1091//1091 1140//1140 1139//1139
f 1092//1092 1093//1093 1141//1141
f 1092//1092 1141//1141 1140//1140
f 1093//1093 1094//1094 1142//1142
f 1093//1093 1142//1142 1141//1141
f 1094//1094 1095//1095 1143//1143
f 1094//1094 1143//1143 1142//1142
f 1095//1095 1096//1096 1144//1144
f 1095//1095 1144//1144 1143//1143
f 1096//1096 1097//1097 1145//1145
f 1096//1096 1145//1145 1144//1144
f 1097//1097 1098//1098 1146//1146
f 1097//1097 1146//1146 1145//1145
f 1098//1098 1099//1099 1147//1147
f 1098//1098 1147//1147 1146//1146
f 1099//1099 1100//1100 1148//1148
f 1099//1099 1148//1148 1147//1147
f 1100//1100 1101//1101 1149//1149
f 1100//1100 1149//1149 1148//1148
f 1101//1101 1102//1102 1150//1150
f 1101//1101 1150//1150 1149//1149
f 1102//1102 1103//1103 1151//1151
f 1102//1102 1151//1151 1150//1150
f 1103//1103 1104//1104 1152//1152
f 1103//1103 1152//1152 1151//1151
f 1104//1104 1057//1057 1105//1105
f 1104//1104 1105//1105 1152//1152
f 1105//1105 1106//1106 1154//1154
f 1105//1105 1154//1154 1153//1153
f 1106//1106 1107//1107 1155//1155
f 1106//1106 1155//1155 1154//1154
f 1107//1107 1108//1108 1156//1156
f 1107//1107 1156//1156 1155//1155
f 1108//1108 1109//1109 1157//1157
f 1108//1108 1157//1157 1156//1156
f 1109//1109 1110//1110 1158//1158
f 1109//1109 1158//1158 1157//1157
f 1110//1110 1111//1111 1159//1159
f 1110//1110 1159//1159 1158//1158
f 1111//1111 1112//1112 1160//1160
f 1111//1111 1160//1160 1159//1159
f 1112//1112 1113//1113 1161//1161
f 1112//1112 1161//1161 1160//1160
f 1113//1113 1114//1114 1162//1162
f 1113//1113 1162//1162 1161//1161
f 1114//1114 1115//1115 1163//1163
f 1114//1114 1163//1163 1162//1162
f 1115//1115 1116//1116 1164//1164
f 1115//1115 1164//1164 1163//1163
f 1116//1116 1117//1117 1165//1165
f 1116//1116 1165//1165 1164//1164
f 1117//1117 1118//1118 1166//1166
f 1117//1117 1166//1166 1165//1165
f 1118//1118 1119//1119 1167//1167
f 1118//1118 1167//1167 1166//1166
f 1119//1119 1120//1120 1168//1168
f 1119//1119 1168//1168 1167//1167
f 1120//1120 1121//1121 1169//1169
f 1120//1120 1169//1169 1168//1168
f 1121//1121 1122//1122 1170//1170
f 1121//1121 1170//1170 1169//1169
f 1122//1122 1123//1123 1171//1171
f 1122//1122 1171//1171 1170//1170
f 1123//1123 1124//1124 1172//1172
f 1123//1123 1172//1172 1171//1171
f 1124//1124 1125//1125 1173//1173
f 1124//1124 1173//1173 1172//1172
f 1125//1125 1126//1126 1174//1174
f 1125//1125 1174//1174 1173//1173
f 1126//1126 1127//1127 1175//1175
f 1126//1126 1175//1175 1174//1174
f 1127//1127 1128//1128 1176//1176
f 1127//1127 1176//1176 1175//1175
f 1128//1128 1129//1129 1177//1177
f 1128//1128 1177//1177 1176//1176
f 1129//1129 1130//1130 1178//1178
f 1129//1129 1178//1178 1177//1177
f 1130//1130 1131//1131 1179//1179
f 1130//1130 1179//1179 1178//1178
f 1131//1131 1132//1132 1180//1180
f 1131//1131 1180//1180 1179//1179
f 1132//1132 1133//1133 1181//1181
f 1132//1132 1181//1181 1180//1180
f 1133//1133 1134//1134 1182//1182
f 1133//1133 1182//1182 1181//1181
f 1134//1134 1135//1135 1183//1183
f 1134//1134 1183//1183 1182//1182
f 1135//1135 1136//1136 1184//1184
f 1135//1135 1184//1184 1183//1183
f 1136//1136 1137//1137 1185//1185
f 1136//1136 1185//1185 1184//1184
f 1137//1137 1138//1138 1186//1186
f 1137//1137 1186//1186 1185//1185
f 1138//1138 1139//1139 1187//1187
f 1138//1138 1187//1187 1186//1186
f 1139//1139 1140//1140 1188//1188
f 1139//1139 1188//1188 1187//1187
f 1140//1140 1141//1141 1189//1189
f 1140//1140 1189//1189 1188//1188
f 1141//1141 1142//1142 1190//1190
f 1141//1141 1190//1190 1189//1189
f 1142//1142 1143//1143 1191//1191
f 1142//1142 1191//1191 1190//1190
f 1143//1143 1144//1144 1192//1192
f 1143//1143 1192//1192 1191//1191
f 1144//1144 1145//1145 1193//1193
f 1144//1144 1193//1193 1192//1192
f 1145//1145 1146//1146 1194//1194
f 1145//1145 1194//1194 1193//1193
f 1146//1146 1147//1147 1195//1195
f 1146//1146 1195//1195 1194//1194
f 1147//1147 1148//1148 1196//1196
f 1147//1147 1196//1196 1195//1195
f 1148//1148 1149//1149 1197//1197
f 1148//1148 1197//1197 1196//1196
f 1149//1149 1150//1150 1198//1198
f 1149//1149 1198//1198 1197//1197
f 1150//1150 1151//1151 1199//1199
f 1150//1150 1199//1199 1198//1198
f 1151//1151 1152//1152 1200//1200
f 1151//1151 1200//1200 1199//1199
f 1152//1152 1105//1105 1153//1153
f 1152//1152 1153//1153 1200//1200
f 1153//1153 1154//1154 1202//1202
f 1153//1153 1202//1202 1201//1201
f 1154//1154 1155//1155 1203//1203
f 1154//1154 1203//1203 1202//1202
f 1155//1155 1156//1156 1204//1204
f 1155//1155 1204//1204 1203//1203
f 1156//1156 1157//1157 1205//1205
f 1156//1156 1205//1205 1204//1204
f 1157//1157 1158//1158 1206//1206
f 1157//1157 1206//1206 1205//1205
f 1158//1158 1159//1159 1207//1207
f 1158//1158 1207//1207 1206//1206
f 1159//1159 1160//1160 1208//1208
f 1159//1159 1208//1208 1207//1207
f 1160//1160 1161//1161 1209//1209
f 1160//1160 1209//1209 1208//1208
f 1161//1161 1162//1162 1210//1210
f 1161//1161 1210//1210 1209//1209
f 1162//1162 1163//1163 1211//1211
f 1162//1162 1211//1211 1210//1210
f 1163//1163 1164//1164 1212//1212
f 1163//1163 1212//1212 1211//1211
f 1164//1164 1165//1165 1213//1213
f 1164//1164 1213//1213 1212//1212
f 1165//1165 1166//1166 1214//1214
f 1165//1165 1214//1214 1213//1213
f 1166//1166 1167//1167 1215//1215
f 1166//1166 1215//1215 1214//1214
f 1167//1167 1168//1168 1216//1216
f 1167//1167 1216//1216 1215//1215
f 1168//1168 1169//1169 1217//1217
f 1168//1168 1217//1217 1216//1216
f 1169//1169 1170//1170 1218//1218
f 1169//1169 1218//1218 1217//1217
f 1170//1170 1171//1171 1219//1219
f 1170//1170 1219//1219 1218//1218
f 1171//1171 1172//1172 1220//1220
f 1171//1171 1220//1220 1219//1219
f 1172//1172 1173//1173 1221//1221
f 1172//1172 1221//1221 1220//1220
f 1173//1173 1174//1174 1222//1222
f 1173//1173 1222//1222 1221//1221
f 1174//1174 1175//1175 1223//1223
f 1174//1174 1223//1223 1222//1222
f 1175//1175 1176//1176 1224//1224
f 1175//1175 1224//1224 1223//1223
f 1176//1176 1177//1177 1225//1225
f 1176//1176 1225//1225 1224//1224
f 1177//1177 1178//1178 1226//1226
f 1177//1177 1226//1226 1225//1225
f 1178//1178 1179//1179 1227//1227
f 1178//1178 1227//1227 1226//1226
f 1179//1179 1180//1180 1228//1228
f 1179//1179 1228//1228 1227//1227
f 1180//1180 1181//1181 1229//1229
f 1180//1180 1229//1229 1228//1228
f 1181//1181 1182//1182 1230//1230
f 1181//1181 1230//1230 1229//1229
f 1182//1182 1183//1183 1231//1231
f 1182//1182 1231//1231 1230//1230
f 1183//1183 1184//1184 1232//1232
f 1183//1183 1232//1232 1231//1231
f 1184//1184 1185//1185 1233//1233
f 1184//1184 1233//1233 1232//1232
f 1185//1185 1186//1186 1234//1234
f 1185//1185 1234//1234 1233//1233
f 1186//1186 1187//1187 1235//1235
f 1186//1186 1235//1235 1234//1234
f 1187//1187 1188//1188 1236//1236
f 1187//1187 1236//1236 1235//1235
f 1188//1188 1189//1189 1237//1237
f 1188//1188 1237//1237 1236//1236
f 1189//1189 1190//1190 1238//1238
f 1189//1189 1238//1238 1237//1237
f 1190//1190 1191//1191 1239//1239
f 1190//1190 1239//1239 1238//1238
f 1191//1191 1192//1192 1240//1240
f 1191//1191 1240//1240 1239//1239
f 1192//1192 1193//1193 1241//1241
f 1192//1192 1241//1241 1240//1240
f 1193//1193 1194//1194 1242//1242
f 1193//1193 1242//1242 1241//1241
f 1194//1194 1195//1195 1243//1243
f 1194//1194 1243//1243 1242//1242
f 1195//1195 1196//1196 1244//1244
f 1195//1195 1244//1244 1243//1243
f 1196//1196 1197//1197 1245//1245
f 1196//1196 1245//1245 1244//1244
f 1197//1197 1198//1198 1246//1246
f 1197//1197 1246//1246 1245//1245
f 1198//1198 1199//1199 1247//1247
f 1198//1198 1247//1247 1246//1246
f 1199//1199 1200//1200 1248//1248
f 1199//1199 1248//1248 1247//1247
f 1200//1200 1153//1153 1201//1201
f 1200//1200 1201//1201 1248//1248
f 1201//1201 1202//1202 1250//1250
f 1201//1201 1250//1250 1249//1249
f 1202//1202 1203//1203 1251//1251
f 1202//1202 1251//1251 1250//1250
f 1203//1203 1204//1204 1252//1252
f 1203//1203 1252//1252 1251//1251
f 1204//1204 1205//1205 1253//1253
f 1204//1204 1253//1253 1252//1252
f 1205//1205 1206//1206 1254//1254
f 1205//1205 1254//1254 1253//1253
f 1206//1206 1207//1207 1255//1255
f 1206//1206 1255//1255 1254//1254
f 1207//1207 1208//1208 1256//1256
f 1207//1207 1256//1256 1255//1255
f 1208//1208 1209//1209 1257//1257
f 1208//1208 1257//1257 1256//1256
f 1209//1209 1210//1210 1258//1258
f 1209//1209 1258//1258 1257//1257
f 1210//1210 1211//1211 1259//1259
f 1210//1210 1259//1259 1258//1258
f 1211//1211 1212//1212 1260//1260
f 1211//1211 1260//1260 1259//1259
f 1212//1212 1213//1213 1261//1261
f 1212//1212 1261//1261 1260//1260
f 1213//1213 1214//1214 1262//1262
f 1213//1213 1262//1262 1261//1261
f 1214//1214 1215//1215 1263//1263
f 1214//1214 1263//1263 1262//1262
f 1215//1215 1216//1216 1264//1264
f 1215//1215 1264//1264 1263//1263
f 1216//1216 1217//1217 1265//1265
f 1216//1216 1265//1265 1264//1264
f 1217//1217 1218//1218 1266//1266
f 1217//1217 1266//1266 1265//1265
f 1218//1218 1219//1219 1267//1267
f 1218//1218 1267//1267 1266//1266
f 1219//1219 1220//1220 1268//1268
f 1219//1219 1268//1268 1267//1267
f 1220//1220 1221//1221 1269//1269
f 1220//1220 1269//1269 1268//1268
f 1221//1221 1222//1222 1270//1270
f 1221//1221 1270//1270 1269//1269
f 1222//1222 1223//1223 1271//1271
f 1222//1222 1271//1271 1270//1270
f 1223//1223 1224//1224 1272//1272
f 1223//1223 1272//1272 1271//1271
f 1224//1224 1225//1225 1273//1273
f 1224//1224 1273//1273 1272//1272
f 1225//1225 1226//1226 1274//1274
f 1225//1225 1274//1274 1273//1273
f 1226//1226 1227//1227 1275//1275
f 1226//1226 1275//1275 1274//1274
f 1227//1227 1228//1228 1276//1276
f 1227//1227 1276//1276 1275//1275
f 1228//1228 1229//1229 1277//1277
f 1228//1228 1277//1277 1276//1276
f 1229//1229 1230//1230 1278//1278
f 1229//1229 1278//1278 1277//1277
f 1230//1230 1231//1231 1279//1279
f 1230//1230 1279//1279 1278//1278
f 1231//1231 1232//1232 1280//1280
f 1231//1231 1280//1280 1279//1279
f 1232//1232 1233//1233 1281//1281
f 1232//1232 1281//1281 1280//1280
f 1233//1233 1234//1234 1282//1282
f 1233//1233 1282//1282 1281//1281
f 1234//1234 1235//1235 1283//1283
f 1234//1234 1283//1283 1282//1282
f 1235//1235 1236//1236 1284//1284
f 1235//1235 1284//1284 1283//1283
f 1236//1236 1237//1237 1285//1285
f 1236//1236 1285//1285 1284//1284
f 1237//1237 1238//1238 1286//1286
f 1237//1237 1286//1286 1285//1285
f 1238//1238 1239//1239 1287//1287
f 1238//1238 1287//1287 1286//1286
f 1239//1239 1240//1240 1288//1288
f 1239//1239 1288//1288 1287//1287
f 1240//1240 1241//1241 1289//1289
f 1240//1240 1289//1289 1288//1288
f 1241//1241 1242//1242 1290//1290
f 1241//1241 1290//1290 1289//1289
f 1242//1242 1243//1243 1291//1291
f 1242//1242 1291//1291 1290//1290
f 1243//1243 1244//1244 1292//1292
f 1243//1243 1292//1292 1291//1291
f 1244//1244 1245//1245 1293//1293
f 1244//1244 1293//1293 1292//1292
f 1245//1245 1246//1246 1294//1294
f 1245//1245 1294//1294 1293//1293
f 1246//1246 1247//1247 1295//1295
f 1246//1246 1295//1295 1294//1294
f 1247//1247 1248//1248 1296//1296
f 1247//1247 1296//1296 1295//1295
f 1248//1248 1201//1201 1249//1249
f 1248//1248 1249//1249 1296//1296
f 1249//1249 1250//1250 1298//1298
f 1249//1249 1298//1298 1297//1297
f 1250//1250 1251//1251 1299//1299
f 1250//1250 1299//1299 1298//1298
f 1251//1251 1252//1252 1300//1300
f 1251//1251 1300//1300 1299//1299
f 1252//1252 1253//1253 1301//1301
f 1252//1252 1301//1301 1300//1300
f 1253//1253 1254//1254 1302//1302
f 1253//1253 1302//1302 1301//1301
f 1254//1254 1255//1255 1303//1303
f 1254//1254 1303//1303 1302//1302
f 1255//1255 1256//1256 1304//1304
f 1255//1255 1304//1304 1303//1303
f 1256//1256 1257//1257 1305//1305
f 1256//1256 1305//1305 1304//1304
f 1257//1257 1258//1258 1306//1306
f 1257//1257 1306//1306 1305//1305
f 1258//1258 1259//1259 1307//1307
f 1258//1258 1307//1307 1306//1306
f 1259//1259 1260//1260 1308//1308
f 1259//1259 1308//1308 1307//1307
f 1260//1260 1261//1261 1309//1309
f 1260//1260 1309//1309 1308//1308
f 1261//1261 1262//1262 1310//1310
f 1261//1261 1310//1310 1309//1309
f 1262//1262 1263//1263 1311//1311
f 1262//1262 1311//1311 1310//1310
f 1263//1263 1264//1264 1312//1312
f 1263//1263 1312//1312 1311//1311
f 1264//1264 1265//1265 1313//1313
f 1264//1264 1313//1313 1312//1312
f 1265//1265 1266//1266 1314//1314
f 1265//1265 1314//1314 1313//1313
f 1266//1266 1267//1267 1315//1315
f 1266//1266 1315//1315 1314//1314
f 1267//1267 1268//1268 1316//1316
f 1267//1267 1316//1316 1315//1315
f 1268//1268 1269//1269 1317//1317
f 1268//1268 1317//1317 1316//1316
f 1269//1269 1270//1270 1318//1318
f 1269//1269 1318//1318 1317//1317
f 1270//1270 1271//1271 1319//1319
f 1270//1270 1319//1319 1318//1318
f 1271//1271 1272//1272 1320//1320
f 1271//1271 1320//1320 1319//1319
f 1272//1272 1273//1273 1321//1321
f 1272//1272 1321//1321 1320//1320
f 1273//1273 1274//1274 1322//1322
f 1273//1273 1322//1322 1321//1321
f 1274//1274 1275//1275 1323//1323
f 1274//1274 1323//1323 1322//1322
f 1275//1275 1276//1276 1324//1324
f 1275//1275 1324//1324 1323//1323
f 1276//1276 1277//1277 1325//1325
f 1276//1276 1325//1325 1324//1324
f 1277//1277 1278//1278 1326//1326
f 1277//1277 1326//1326 1325//1325
f 1278//1278 1279//1279 1327//1327
f 1278//1278 1327//1327 1326//1326
f 1279//1279 1280//1280 1328//1328
f 1279//1279 1328//1328 1327//1327
f 1280//1280 1281//1281 1329//1329
f 1280//1280 1329//1329 1328//1328
f 1281//1281 1282//1282 1330//1330
f 1281//1281 1330//1330 1329//1329
f 1282//1282 1283//1283 1331//1331
f 1282//1282 1331//1331 1330//1330
f 1283//1283 1284//1284 1332//1332
f 1283//1283 1332//1332 1331//1331
f 1284//1284 1285//1285 1333//1333
f 1284//1284 1333//1333 1332//1332
f 1285//1285 1286//1286 1334//1334
f 1285//1285 1334//1334 1333//1333
f 1286//1286 1287//1287 1335//1335
f 1286//1286 1335//1335 1334//1334
f 1287//1287 1288//1288 1336//1336
f 1287//1287 1336//1336 1335//1335
f 1288//1288 1289//1289 1337//1337
f 1288//1288 1337//1337 1336//1336
f 1289//1289 1290//1290 1338//1338
f 1289//1289 1338//1338 1337//1337
f 1290//1290 1291//1291 1339//1339
f 1290//1290 1339//1339 1338//1338
f 1291//1291 1292//1292 1340//1340
f 1291//1291 1340//1340 1339//1339
f 1292//1292 1293//1293 1341//1341
f 1292//1292 1341//1341 1340//1340
f 1293//1293 1294//1294 1342//1342
f 1293//1293 1342//1342 1341//1341
f 1294//1294 1295//1295 1343//1343
f 1294//1294 1343//1343 1342//1342
f 1295//1295 1296//1296 1344//1344
f 1295//1295 1344//1344 1343//1343
f 1296//1296 1249//1249 1297//1297
f 1296//1296 1297//1297 1344//1344
f 1297//1297 1298//1298 1346//1346
f 1297//1297 1346//1346 1345//1345
f 1298//1298 1299//1299 1347//1347
f 1298//1298 1347//1347 1346//1346
f 1299//1299 1300//1300 1348//1348
f 1299//1299 1348//1348 1347//1347
f 1300//1300 1301//1301 1349//1349
f 1300//1300 1349//1349 1348//1348
f 1301//1301 1302//1302 1350//1350
f 1301//1301 1350//1350 1349//1349
f 1302//1302 1303//1303 1351//1351
f 1302//1302 1351//1351 1350//1350
f 1303//1303 1304//1304 1352//1352
f 1303//1303 1352//1352 1351//1351
f 1304//1304 1305//1305 1353//1353
f 1304//1304 1353//1353 1352//1352
f 1305//1305 1306//1306 1354//1354
f 1305//1305 1354//1354 1353//1353
f 1306//1306 1307//1307 1355//1355
f 1306//1306 1355//1355 1354//1354
f 1307//1307 1308//1308 1356//1356
f 1307//1307 1356//1356 1355//1355
f 1308//1308 1309//1309 1357//1357
f 1308//1308 1357//1357 1356//1356
f 1309//1309 1310//1310 1358//1358
f 1309//1309 1358//1358 1357//1357
f 1310//1310 1311//1311 1359//1359
f 1310//1310 1359//1359 1358//1358
f 1311//1311 1312//1312 1360//1360
f 1311//1311 1360//1360 1359//1359
f 1312//1312 1313//1313 1361//1361
f 1312//1312 1361//1361 1360//1360
f 1313//1313 1314//1314 1362//1362
f 1313//1313 1362//1362 1361//1361
f 1314//1314 1315//1315 1363//1363
f 1314//1314 1363//1363 1362//1362
f 1315//1315 1316//1316 1364//1364
f 1315//1315 1364//1364 1363//1363
f 1316//1316 1317//1317 1365//1365
f 1316//1316 1365//1365 1364//1364
f 1317//1317 1318//1318 1366//1366
f 1317//1317 1366//1366 1365//1365
f 1318//1318 1319//1319 1367//1367
f 1318//1318 1367//1367 1366//1366
f 1319//1319 1320//1320 1368//1368
f 1319//1319 1368//1368 1367//1367
f 1320//1320 1321//1321 1369//1369
f 1320//1320 1369//1369 1368//1368
f 1321//1321 1322//1322 1370//1370
f 1321//1321 1370//1370 1369//1369
f 1322//1322 1323//1323 1371//1371
f 1322//1322 1371//1371 1370//1370
f 1323//1323 1324//1324 1372//1372
f 1323//1323 1372//1372 1371//1371
f 1324//1324 1325//1325 1373//1373
f 1324//1324 1373//1373 1372//1372
f 1325//1325 1326//1326 1374//1374
f 1325//1325 1374//1374 1373//1373
f 1326//1326 1327//1327 1375//1375
f 1326//1326 1375//1375 1374//1374
f 1327//1327 1328//1328 1376//1376
f 1327//1327 1376//1376 1375//1375
f 1328//1328 1329//1329 1377//1377
f 1328//1328 1377//1377 1376//1376
f 1329//1329 1330//1330 1378//1378
f 1329//1329 1378//1378 1377//1377
f 1330//1330 1331//1331 1379//1379
f 1330//1330 1379//1379 1378//1378
f 1331//1331 1332//1332 1380//1380
f 1331//1331 1380//1380 1379//1379
f 1332//1332 1333//1333 1381//1381
f 1332//1332 1381//1381 1380//1380
f 1333//1333 1334//1334 1382//1382
f 1333//1333 1382//1382 1381//1381
f 1334//1334 1335//1335 1383//1383
f 1334//1334 1383//1383 1382//1382
f 1335//1335 1336//1336 1384//1384
f 1335//1335 1384//1384 1383//1383
f 1336//1336 1337//1337 1385//1385
f 1336//1336 1385//1385 1384//1384
f 1337//1337 1338//1338 1386//1386
f 1337//1337 1386//1386 1385//1385
f 1338//1338 1339//1339 1387//1387
f 1338//1338 1387//1387 1386//1386
f 1339//1339 1340//1340 1388//1388
f 1339//1339 1388//1388 1387//1387
f 1340//1340 1341//1341 1389//1389
f 1340//1340 1389//1389 1388//1388
f 1341//1341 1342//1342 1390//1390
f 1341//1341 1390//1390 1389//1389
f 1342//1342 1343//1343 1391//1391
f 1342//1342 1391//1391 1390//1390
f 1343//1343 1344//1344 1392//1392
f 1343//1343 1392//1392 1391//1391
f 1344//1344 1297//1297 1345//1345
f 1344//1344 1345//1345 1392//1392
f 1345//1345 1346//1346 1394//1394
f 1345//1345 1394//1394 1393//1393
f 1346//1346 1347//1347 1395//1395
f 1346//1346 1395//1395 1394//1394
f 1347//1347 1348//1348 1396//1396
f 1347//1347 1396//1396 1395//1395
f 1348//1348 1349//1349 1397//1397
f 1348//1348 1397//1397 1396//1396
f 1349//1349 1350//1350 1398//1398
f 1349//1349 1398//1398 1397//1397
f 1350//1350 1351//1351 1399//1399
f 1350//1350 1399//1399 1398//1398
f 1351//1351 1352//1352 1400//1400
f 1351//1351 1400//1400 1399//1399
f 1352//1352 1353//1353 1401//1401
f 1352//1352 1401//1401 1400//1400
f 1353//1353 1354//1354 1402//1402
f 1353//1353 1402//1402 1401//1401
f 1354//1354 1355//1355 1403//1403
f 1354//1354 1403//1403 1402//1402
f 1355//1355 1356//1356 1404//1404
f 1355//1355 1404//1404 1403//1403
f 1356//1356 1357//1357 1405//1405
f 1356//1356 1405//1405 1404//1404
f 1357//1357 1358//1358 1406//1406
f 1357//1357 1406//1406 1405//1405
f 1358//1358 1359//1359 1407//1407
f 1358//1358 1407//1407 1406//1406
f 1359//1359 1360//1360 1408//1408
f 1359//1359 1408//1408 1407//1407
f 1360//1360 1361//1361 1409//1409
f 1360//1360 1409//1409 1408//1408
f 1361//1361 1362//1362 1410//1410
f 1361//1361 1410//1410 1409//1409
f 1362//1362 1363//1363 1411//1411
f 1362//1362 1411//1411 1410//1410
f 1363//1363 1364//1364 1412//1412
f 1363//1363 1412//1412 1411//1411
f 1364//1364 1365//1365 1413//1413
f 1364//1364 1413//1413 1412//1412
f 1365//1365 1366//1366 1414//1414
f 1365//1365 1414//1414 1413//1413
f 1366//1366 1367//1367 1415//1415
f 1366//1366 1415//1415 1414//1414
f 1367//1367 1368//1368 1416//1416
f 1367//1367 1416//1416 1415//1415
f 1368//1368 1369//1369 1417//1417
f 1368//1368 1417//1417 1416//1416
f 1369//1369 1370//1370 1418//1418
f 1369//1369 1418//1418 1417//1417
f 1370//1370 1371//1371 1419//1419
f 1370//1370 1419//1419 1418//1418
f 1371//1371 1372//1372 1420//1420
f 1371//1371 1420//1420 1419//1419
f 1372//1372 1373//1373 1421//1421
f 1372//1372 1421//1421 1420//1420
f 1373//1373 1374//1374 1422//1422
f 1373//1373 1422//1422 1421//1421
f 1374//1374 1375//1375 1423//1423
f 1374//1374 1423//1423 1422//1422
f 1375//1375 1376//1376 1424//1424
f 1375//1375 1424//1424 1423//1423
f 1376//1376 1377//1377 1425//1425
f 1376//1376 1425//1425 1424//1424
f 1377//1377 1378//1378 1426//1426
f 1377//1377 1426//1426 1425//1425
f 1378//1378 1379//1379 1427//1427
f 1378//1378 1427//1427 1426//1426
f 1379//1379 1380//1380 1428//1428
f 1379//1379 1428//1428 1427//1427
f 1380//1380 1381//1381 1429//1429
f 1380//1380 1429//1429 1428//1428
f 1381//1381 1382//1382 1430//1430
f 1381//1381 1430//1430 1429//1429
f 1382//1382 1383//1383 1431//1431
f 1382//1382 1431//1431 1430//1430
f 1383//1383 1384//1384 1432//1432
f 1383//1383 1432//1432 1431//1431
f 1384//1384 1385//1385 1433//1433
f 1384//1384 1433//1433 1432//1432
f 1385//1385 1386//1386 1434//1434
f 1385//1385 1434//1434 1433//1433
f 1386//1386 1387//1387 1435//1435
f 1386//1386 1435//1435 1434//1434
f 1387//1387 1388//1388 1436//1436
f 1387//1387 1436//1436 1435//1435
f 1388//1388 1389//1389 1437//1437
f 1388//1388 1437//1437 1436//1436
f 1389//1389 1390//1390 1438//1438
f 1389//1389 1438//1438 1437//1437
f 1390//1390 1391//1391 1439//1439
f 1390//1390 1439//1439 1438//1438
f 1391//1391 1392//1392 1440//1440
f 1391//1391 1440//1440 1439//1439
f 1392//1392 1345//1345 1393//1393
f 1392//1392 1393//1393 1440//1440
f 1393//1393 1394//1394 1442//1442
f 1393//1393 1442//1442 1441//1441
f 1394//1394 1395//1395 1443//1443
f 1394//1394 1443//1443 1442//1442
f 1395//1395 1396//1396 1444//1444
f 1395//1395 1444//1444 1443//1443
f 1396//1396 1397//1397 1445//1445
f 1396//1396 1445//1445 1444//1444
f 1397//1397 1398//1398 1446//1446
f 1397//1397 1446//1446 1445//1445
f 1398//1398 1399//1399 1447//1447
f 1398//1398 1447//1447 1446//1446
f 1399//1399 1400//1400 1448//1448
f 1399//1399 1448//1448 1447//1447
f 1400//1400 1401//1401 1449//1449
f 1400//1400 1449//1449 1448//1448
f 1401//1401 1402//1402 1450//1450
f 1401//1401 1450//1450 1449//1449
f 1402//1402 1403//1403 1451//1451
f 1402//1402 1451//1451 1450//1450
f 1403//1403 1404//1404 1452//1452
f 1403//1403 1452//1452 1451//1451
f 1404//1404 1405//1405 1453//1453
f 1404//1404 1453//1453 1452//1452
f 1405//1405 1406//1406 1454//1454
f 1405//1405 1454//1454 1453//1453
f 1406//1406 1407//1407 1455//1455
f 1406//1406 1455//1455 1454//1454
f 1407//1407 1408//1408 1456//1456
f 1407//1407 1456//1456 1455//1455
f 1408//1408 1409//1409 1457//1457
f 1408//1408 1457//1457 1456//1456
f 1409//1409 1410//1410 1458//1458
f 1409//1409 1458//1458 1457//1457
f 1410//1410 1411//1411 1459//1459
f 1410//1410 1459//1459 1458//1458
f 1411//1411 1412//1412 1460//1460
f 1411//1411 1460//1460 1459//1459
f 1412//1412 1413//1413 1461//1461
f 1412//1412 1461//1461 1460//1460
f 1413//1413 1414//1414 1462//1462
f 1413//1413 1462//1462 1461//1461
f 1414//1414 1415//1415 1463//1463
f 1414//1414 1463//1463 1462//1462
f 1415//1415 1416//1416 1464//1464
f 1415//1415 1464//1464 1463//1463
f 1416//1416 1417//1417 1465//1465
f 1416//1416 1465//1465 1464//1464
f 1417//1417 1418//1418 1466//1466
f 1417//1417 1466//1466 1465//1465
f 1418//1418 1419//1419 1467//1467
f 1418//1418 1467//1467 1466//1466
f 1419//1419 1420//1420 1468//1468
f 1419//1419 1468//1468 1467//1467
f 1420//1420 1421//1421 1469//1469
f 1420//1420 1469//1469 1468//1468
f 1421//1421 1422//1422 1470//1470
f 1421//1421 1470//1470 1469//1469
f 1422//1422 1423//1423 1471//1471
f 1422//1422 1471//1471 1470//1470
f 1423//1423 1424//1424 1472//1472
f 1423//1423 1472//1472 1471//1471
f 1424//1424 1425//1425 1473//1473
f 1424//1424 1473//1473 1472//1472
f 1425//1425 1426//1426 1474//1474
f 1425//1425 1474//1474 1473//1473
f 1426//1426 1427//1427 1475//1475
f 1426//1426 1475//1475 1474//1474
f 1427//1427 1428//1428 1476//1476
f 1427//1427 1476//1476 1475//1475
f 1428//1428 1429//1429 1477//1477
f 1428//1428 1477//1477 1476//1476
f 1429//1429 1430//1430 1478//1478
f 1429//1429 1478//1478 1477//1477
f 1430//1430 1431//1431 1479//1479
f 1430//1430 1479//1479 1478//1478
f 1431//1431 1432//1432 1480//1480
f 1431//1431 1480//1480 1479//1479
f 1432//1432 1433//1433 1481//1481
f 1432//1432 1481//1481 1480//1480
f 1433//1433 1434//1434 1482//1482
f 1433//1433 1482//1482 1481//1481
f 1434//1434 1435//1435 1483//1483
f 1434//1434 1483//1483 1482//1482
f 1435//1435 1436//1436 1484//1484
f 1435//1435 1484//1484 1483//1483
f 1436//1436 1437//1437 1485//1485
f 1436//1436 1485//1485 1484//1484
f 1437//1437 1438//1438 1486//1486
f 1437//1437 1486//1486 1485//1485
f 1438//1438 1439//1439 1487//1487
f 1438//1438 1487//1487 1486//1486
f 1439//1439 1440//1440 1488//1488
f 1439//1439 1488//1488 1487//1487
f 1440//1440 1393//1393 1441//1441
f 1440//1440 1441//1441 1488//1488
f 1441//1441 1442//1442 1490//1490
f 1441//1441 1490//1490 1489//1489
f 1442//1442 1443//1443 1491//1491
f 1442//1442 1491//1491 1490//1490
f 1443//1443 1444//1444 1492//1492
f 1443//1443 1492//1492 1491//1491
f 1444//1444 1445//1445 1493//1493
f 1444//1444 1493//1493 1492//1492
f 1445//1445 1446//1446 1494//1494
f 1445//1445 1494//1494 1493//1493
f 1446//1446 1447//1447 1495//1495
f 1446//1446 1495//1495 1494//1494
f 1447//1447 1448//1448 1496//1496
f 1447//1447 1496//1496 1495//1495
f 1448//1448 1449//1449 1497//1497
f 1448//1448 1497//1497 1496//1496
f 1449//1449 1450//1450 1498//1498
f 1449//1449 1498//1498 1497//1497
f 1450//1450 1451//1451 1499//1499
f 1450//1450 1499//1499 1498//1498
f 1451//1451 1452//1452 1500//1500
f 1451//1451 1500//1500 1499//1499
f 1452//1452 1453//1453 1501//1501
f 1452//1452 1501//1501 1500//1500
f 1453//1453 1454//1454 1502//1502
f 1453//1453 1502//1502 1501//1501
f 1454//1454 1455//1455 1503//1503
f 1454//1454 1503//1503 1502//1502
f 1455//1455 1456//1456 1504//1504
f 1455//1455 1504//1504 1503//1503
f 1456//1456 1457//1457 1505//1505
f 1456//1456 1505//1505 1504//1504
f 1457//1457 1458//1458 1506//1506
f 1457//1457 1506//1506 1505//1505
f 1458//1458 1459//1459 1507//1507
f 1458//1458 1507//1507 1506//1506
f 1459//1459 1460//1460 1508//1508
f 1459//1459 1508//1508 1507//1507
f 1460//1460 1461//1461 1509//1509
f 1460//1460 1509//1509 1508//1508
f 1461//1461 1462//1462 1510//1510
f 1461//1461 1510//1510 1509//1509
f 1462//1462 1463//1463 1511//1511
f 1462//1462 1511//1511 1510//1510
f 1463//1463 1464//1464 1512//1512
f 1463//1463 1512//1512 1511//1511
f 1464//1464 1465//1465 1513//1513
f 1464//1464 1513//1513 1512//1512
f 1465//1465 1466//1466 1514//1514
f 1465//1465 1514//1514 1513//1513
f 1466//1466 1467//1467 1515//1515
f 1466//1466 1515//1515 1514//1514
f 1467//1467 1468//1468 1516//1516
f 1467//1467 1516//1516 1515//1515
f 1468//1468 1469//1469 1517//1517
f 1468//1468 1517//1517 1516//1516
f 1469//1469 1470//1470 1518//1518
f 1469//1469 1518//1518 1517//1517
f 1470//1470 1471//1471 1519//1519
f 1470//1470 1519//1519 1518//1518
f 1471//1471 1472//1472 1520//1520
f 1471//1471 1520//1520 1519//1519
f 1472//1472 1473//1473 1521//1521
f 1472//1472 1521//1521 1520//1520
f 1473//1473 1474//1474 1522//1522
f 1473//1473 1522//1522 1521//1521
f 1474//1474 1475//1475 1523//1523
f 1474//1474 1523//1523 1522//1522
f 1475//1475 1476//1476 1524//1524
f 1475//1475 1524//1524 1523//1523
f 1476//1476 1477//1477 1525//1525
f 1476//1476 1525//1525 1524//1524
f 1477//1477 1478//1478 1526//1526
f 1477//1477 1526//1526 1525//1525
f 1478//1478 1479//1479 1527//1527
f 1478//1478 1527//1527 1526//1526
f 1479//1479 1480//1480 1528//1528
f 1479//1479 1528//1528 1527//1527
f 1480//1480 1481//1481 1529//1529
f 1480//1480 1529//1529 1528//1528
f 1481//1481 1482//1482 1530//1530
f 1481//1481 1530//1530 1529//1529
f 1482//1482 1483//1483 1531//1531
f 1482//1482 1531//1531 1530//1530
f 1483//1483 1484//1484 1532//1532
f 1483//1483 1532//1532 1531//1531
f 1484//1484 1485//1485 1533//1533
f 1484//1484 1533//1533 1532//1532
f 1485//1485 1486//1486 1534//1534
f 1485//1485 1534//1534 1533//1533
f 1486//1486 1487//1487 1535//1535
f 1486//1486 1535//1535 1534//1534
f 1487//1487 1488//1488 1536//1536
f 1487//1487 1536//1536 1535//1535
f 1488//1488 1441//1441 1489//1489
f 1488//1488 1489//1489 1536//1536
f 1489//1489 1490//1490 1538//1538
f 1489//1489 1538//1538 1537//1537
f 1490//1490 1491//1491 1539//1539
f 1490//1490 1539//1539 1538//1538
f 1491//1491 1492//1492 1540//1540
f 1491//1491 1540//1540 1539//1539
f 1492//1492 1493//1493 1541//1541
f 1492//1492 1541//1541 1540//1540
f 1493//1493 1494//1494 1542//1542
f 1493//1493 1542//1542 1541//1541
f 1494//1494 1495//1495 1543//1543
f 1494//1494 1543//1543 1542//1542
f 1495//1495 1496//1496 1544//1544
f 1495//1495 1544//1544 1543//1543
f 1496//1496 1497//1497 1545//1545
f 1496//1496 1545//1545 1544//1544
f 1497//1497 1498//1498 1546//1546
f 1497//1497 1546//1546 1545//1545
f 1498//1498 1499//1499 1547//1547
f 1498//1498 1547//1547 1546//1546
f 1499//1499 1500//1500 1548//1548
f 1499//1499 1548//1548 1547//1547
f 1500//1500 1501//1501 1549//1549
f 1500//1500 1549//1549 1548//1548
f 1501//1501 1502//1502 1550//1550
f 1501//1501 1550//1550 1549//1549
f 1502//1502 1503//1503 1551//1551
f 1502//1502 1551//1551 1550//1550
f 1503//1503 1504//1504 1552//1552
f 1503//1503 1552//1552 1551//1551
f 1504//1504 1505//1505 1553//1553
f 1504//1504 1553//1553 1552//1552
f 1505//1505 1506//1506 1554//1554
f 1505//1505 1554//1554 1553//1553
f 1506//1506 1507//1507 1555//1555
f 1506//1506 1555//1555 1554//1554
f 1507//1507 1508//1508 1556//1556
f 1507//1507 1556//1556 1555//1555
f 1508//1508 1509//1509 1557//1557
f 1508//1508 1557//1557 1556//1556
f 1509//1509 1510//1510 1558//1558
f 1509//1509 1558//1558 1557//1557
f 1510//1510 1511//1511 1559//1559
f 1510//1510 1559//1559 1558//1558
f 1511//1511 1512//1512 1560//1560
f 1511//1511 1560//1560 1559//1559
f 1512//1512 1513//1513 1561//1561
f 1512//1512 1561//1561 1560//1560
f 1513//1513 1514//1514 1562//1562
f 1513//1513 1562//1562 1561//1561
f 1514//1514 1515//1515 1563//1563
f 1514//1514 1563//1563 1562//1562
f 1515//1515 1516//1516 1564//1564
f 1515//1515 1564//1564 1563//1563
f 1516//1516 1517//1517 1565//1565
f 1516//1516 1565//1565 1564//1564
f 1517//1517 1518//1518 1566//1566
f 1517//1517 1566//1566 1565//1565
f 1518//1518 1519//1519 1567//1567
f 1518//1518 1567//1567 1566//1566
f 1519//1519 1520//1520 1568//1568
f 1519//1519 1568//1568 1567//1567
f 1520//1520 1521//1521 1569//1569
f 1520//1520 1569//1569 1568//1568
f 1521//1521 1522//1522 1570//1570
f 1521//1521 1570//1570 1569//1569
f 1522//1522 1523//1523 1571//1571
f 1522//1522 1571//1571 1570//1570
f 1523//1523 1524//1524 1572//1572
f 1523//1523 1572//1572 1571//1571
f 1524//1524 1525//1525 1573//1573
f 1524//1524 1573//1573 1572//1572
f 1525//1525 1526//1526 1574//1574
f 1525//1525 1574//1574 1573//1573
f 1526//1526 1527//1527 1575//1575
f 1526//1526 1575//1575 1574//1574
f 1527//1527 1528//1528 1576//1576
f 1527//1527 1576//1576 1575//1575
f 1528//1528 1529//1529 1577//1577
f 1528//1528 1577//1577 1576//1576
f 1529//1529 1530//1530 1578//1578
f 1529//1529 1578//1578 1577//1577
f 1530//1530 1531//1531 1579//1579
f 1530//1530 1579//1579 1578//1578
f 1531//1531 1532//1532 1580//1580
f 1531//1531 1580//1580 1579//1579
f 1532//1532 1533//1533 1581//1581
f 1532//1532 1581//1581 1580//1580
f 1533//1533 1534//1534 1582//1582
f 1533//1533 1582//1582 1581//1581
f 1534//1534 1535//1535 1583//1583
f 1534//1534 1583//1583 1582//1582
f 1535//1535 1536//1536 1584//1584
f 1535//1535 1584//1584 1583//1583
f 1536//1536 1489//1489 1537//1537
f 1536//1536 1537//1537 1584//1584
f 1537//1537 1538//1538 1586//1586
f 1537//1537 1586//1586 1585//1585
f 1538//1538 1539//1539 1587//1587
f 1538//1538 1587//1587 1586//1586
f 1539//1539 1540//1540 1588//1588
f 1539//1539 1588//1588 1587//1587
f 1540//1540 1541//1541 1589//1589
f 1540//1540 1589//1589 1588//1588
f 1541//1541 1542//1542 1590//1590
f 1541//1541 1590//1590 1589//1589
f 1542//1542 1543//1543 1591//1591
f 1542//1542 1591//1591 1590//1590
f 1543//1543 1544//1544 1592//1592
f 1543//1543 1592//1592 1591//1591
f 1544//1544 1545//1545 1593//1593
f 1544//1544 1593//1593 1592//1592
f 1545//1545 1546//1546 1594//1594
f 1545//1545 1594//1594 1593//1593
f 1546//1546 1547//1547 1595//1595
f 1546//1546 1595//1595 1594//1594
f 1547//1547 1548//1548 1596//1596
f 1547//1547 1596//1596 1595//1595
f 1548//1548 1549//1549 1597//1597
f 1548//1548 1597//1597 1596//1596
f 1549//1549 1550//1550 1598//1598
f 1549//1549 1598//1598 1597//1597
f 1550//1550 1551//1551 1599//1599
f 1550//1550 1599//1599 1598//1598
f 1551//1551 1552//1552 1600//1600
f 1551//1551 1600//1600 1599//1599
f 1552//1552 1553//1553 1601//1601
f 1552//1552 1601//1601 1600//1600
f 1553//1553 1554//1554 1602//1602
f 1553//1553 1602//1602 1601//1601
f 1554//1554 1555//1555 1603//1603
f 1554//1554 1603//1603 1602//1602
f 1555//1555 1556//1556 1604//1604
f 1555//1555 1604//1604 1603//1603
f 1556//1556 1557//1557 1605//1605
f 1556//1556 1605//1605 1604//1604
f 1557//1557 1558//1558 1606//1606
f 1557//1557 1606//1606 1605//1605
f 1558//1558 1559//1559 1607//1607
f 1558//1558 1607//1607 1606//1606
f 1559//1559 1560//1560 1608//1608
f 1559//1559 1608//1608 1607//1607
f 1560//1560 1561//1561 1609//1609
f 1560//1560 1609//1609 1608//1608
f 1561//1561 1562//1562 1610//1610
f 1561//1561 1610//1610 1609//1609
f 1562//1562 1563//1563 1611//1611
f 1562//1562 1611//1611 1610//1610
f 1563//1563 1564//1564 1612//1612
f 1563//1563 1612//1612 1611//1611
f 1564//1564 1565//1565 1613//1613
f 1564//1564 1613//1613 1612//1612
f 1565//1565 1566//1566 1614//1614
f 1565//1565 1614//1614 1613//1613
f 1566//1566 1567//1567 1615//1615
f 1566//1566 1615//1615 1614//1614
f 1567//1567 1568//1568 1616//1616
f 1567//1567 1616//1616 1615//1615
f 1568//1568 1569//1569 1617//1617
f 1568//1568 1617//1617 1616//1616
f 1569//1569 1570//1570 1618//1618
f 1569//1569 1618//1618 1617//1617
f 1570//1570 1571//1571 1619//1619
f 1570//1570 1619//1619 1618//1618
f 1571//1571 1572//1572 1620//1620
f 1571//1571 1620//1620 1619//1619
f 1572//1572 1573//1573 1621//1621
f 1572//1572 1621//1621 1620//1620
f 1573//1573 1574//1574 1622//1622
f 1573//1573 1622//1622 1621//1621
f 1574//1574 1575//1575 1623//1623
f 1574//1574 1623//1623 1622//1622
f 1575//1575 1576//1576 1624//1624
f 1575//1575 1624//1624 1623//1623
f 1576//1576 1577//1577 1625//1625
f 1576//1576 1625//1625 1624//1624
f 1577//1577 1578//1578 1626//1626
f 1577//1577 1626//1626 1625//1625
f 1578//1578 1579//1579 1627//1627
f 1578//1578 1627//1627 1626//1626
f 1579//1579 1580//1580 1628//1628
f 1579//1579 1628//1628 1627//1627
f 1580//1580 1581//1581 1629//1629
f 1580//1580 1629//1629 1628//1628
f 1581//1581 1582//1582 1630//1630
f 1581//1581 1630//1630 1629//1629
f 1582//1582 1583//1583 1631//1631
f 1582//1582 1631//1631 1630//1630
f 1583//1583 1584//1584 1632//1632
f 1583//1583 1632//1632 1631//1631
f 1584//1584 1537//1537 1585//1585
f 1584//1584 1585//1585 1632//1632
f 1585//1585 1586//1586 1634//1634
f 1585//1585 1634//1634 1633//1633
f 1586//1586 1587//1587 1635//1635
f 1586//1586 1635//1635 1634//1634
f 1587//1587 1588//1588 1636//1636
f 1587//1587 1636//1636 1635//1635
f 1588//1588 1589//1589 1637//1637
f 1588//1588 1637//1637 1636//1636
f 1589//1589 1590//1590 1638//1638
f 1589//1589 1638//1638 1637//1637
f 1590//1590 1591//1591 1639//1639
f 1590//1590 1639//1639 1638//1638
f 1591//1591 1592//1592 1640//1640
f 1591//1591 1640//1640 1639//1639
f 1592//1592 1593//1593 1641//1641
f 1592//1592 1641//1641 1640//1640
f 1593//1593 1594//1594 1642//1642
f 1593//1593 1642//1642 1641//1641
f 1594//1594 1595//1595 1643//1643
f 1594//1594 1643//1643 1642//1642
f 1595//1595 1596//1596 1644//1644
f 1595//1595 1644//1644 1643//1643
f 1596//1596 1597//1597 1645//1645
f 1596//1596 1645//1645 1644//1644
f 1597//1597 1598//1598 1646//1646
f 1597//1597 1646//1646 1645//1645
f 1598//1598 1599//1599 1647//1647
f 1598//1598 1647//1647 1646//1646
f 1599//1599 1600//1600 1648//1648
f 1599//1599 1648//1648 1647//1647
f 1600//1600 1601//1601 1649//1649
f 1600//1600 1649//1649 1648//1648
f 1601//1601 1602//1602 1650//1650
f 1601//1601 1650//1650 1649//1649
f 1602//1602 1603//1603 1651//1651
f 1602//1602 1651//1651 1650//1650
f 1603//1603 1604//1604 1652//1652
f 1603//1603 1652//1652 1651//1651
f 1604//1604 1605//1605 1653//1653
f 1604//1604 1653//1653 1652//1652
f 1605//1605 1606//1606 1654//1654
f 1605//1605 1654//1654 1653//1653
f 1606//1606 1607//1607 1655//1655
f 1606//1606 1655//1655 1654//1654
f 1607//1607 1608//1608 1656//1656
f 1607//1607 1656//1656 1655//1655
f 1608//1608 1609//1609 1657//1657
f 1608//1608 1657//1657 1656//1656
f 1609//1609 1610//1610 1658//1658
f 1609//1609 1658//1658 1657//1657
f 1610//1610 1611//1611 1659//1659
f 1610//1610 1659//1659 1658//1658
f 1611//1611 1612//1612 1660//1660
f 1611//1611 1660//1660 1659//1659
f 1612//1612 1613//1613 1661//1661
f 1612//1612 1661//1661 1660//1660
f 1613//1613 1614//1614 1662//1662
f 1613//1613 1662//1662 1661//1661
f 1614//1614 1615//1615 1663//1663
f 1614//1614 1663//1663 1662//1662
f 1615//1615 1616//1616 1664//1664
f 1615//1615 1664//1664 1663//1663
f 1616//1616 1617//1617 1665//1665
f 1616//1616 1665//1665 1664//1664
f 1617//1617 1618//1618 1666//1666
f 1617//1617 1666//1666 1665//1665
f 1618//1618 1619//1619 1667//1667
f 1618//1618 1667//1667 1666//1666
f 1619//1619 1620//1620 1668//1668
f 1619//1619 1668//1668 1667//1667
f 1620//1620 1621//1621 1669//1669
f 1620//1620 1669//1669 1668//1668
f 1621//1621 1622//1622 1670//1670
f 1621//1621 1670//1670 1669//1669
f 1622//1622 1623//1623 1671//1671
f 1622//1622 1671//1671 1670//1670
f 1623//1623 1624//1624 1672//1672
f 1623//1623 1672//1672 1671//1671
f 1624//1624 1625//1625 1673//1673
f 1624//1624 1673//1673 1672//1672
f 1625//1625 1626//1626 1674//1674
f 1625//1625 1674//1674 1673//1673
f 1626//1626 1627//1627 1675//1675
f 1626//1626 1675//1675 1674//1674
f 1627//1627 1628//1628 1676//1676
f 1627//1627 1676//1676 1675//1675
f 1628//1628 1629//1629 1677//1677
f 1628//1628 1677//1677 1676//1676
f 1629//1629 1630//1630 1678//1678
f 1629//1629 1678//1678 1677//1677
f 1630//1630 1631//1631 1679//1679
f 1630//1630 1679//1679 1678//1678
f 1631//1631 1632//1632 1680//1680
f 1631//1631 1680//1680 1679//1679
f 1632//1632 1585//1585 1633//1633
f 1632//1632 1633//1633 1680//1680
f 1633//1633 1634//1634 1682//1682
f 1633//1633 1682//1682 1681//1681
f 1634//1634 1635//1635 1683//1683
f 1634//1634 1683//1683 1682//1682
f 1635//1635 1636//1636 1684//1684
f 1635//1635 1684//1684 1683//1683
f 1636//1636 1637//1637 1685//1685
f 1636//1636 1685//1685 1684//1684
f 1637//1637 1638//1638 1686//1686
f 1637//1637 1686//1686 1685//1685
f 1638//1638 1639//1639 1687//1687
f 1638//1638 1687//1687 1686//1686
f 1639//1639 1640//1640 1688//1688
f 1639//1639 1688//1688 1687//1687
f 1640//1640 1641//1641 1689//1689
f 1640//1640 1689//1689 1688//1688
f 1641//1641 1642//1642 1690//1690
f 1641//1641 1690//1690 1689//1689
f 1642//1642 1643//1643 1691//1691
f 1642//1642 1691//1691 1690//1690
f 1643//1643 1644//1644 1692//1692
f 1643//1643 1692//1692 1691//1691
f 1644//1644 1645//1645 1693//1693
f 1644//1644 1693//1693 1692//1692
f 1645//1645 1646//1646 1694//1694
f 1645//1645 1694//1694 1693//1693
f 1646//1646 1647//1647 1695//1695
f 1646//1646 1695//1695 1694//1694
f 1647//1647 1648//1648 1696//1696
f 1647//1647 1696//1696 1695//1695
f 1648//1648 1649//1649 1697//1697
f 1648//1648 1697//1697 1696//1696
f 1649//1649 1650//1650 1698//1698
f 1649//1649 1698//1698 1697//1697
f 1650//1650 1651//1651 1699//1699
f 1650//1650 1699//1699 1698//1698
f 1651//1651 1652//1652 1700//1700
f 1651//1651 1700//1700 1699//1699
f 1652//1652 1653//1653 1701//1701
f 1652//1652 1701//1701 1700//1700
f 1653//1653 1654//1654 1702//1702
f 1653//1653 1702//1702 1701//1701
f 1654//1654 1655//1655 1703//1703
f 1654//1654 1703//1703 1702//1702
f 1655//1655 1656//1656 1704//1704
f 1655//1655 1704//1704 1703//1703
f 1656//1656 1657//1657 1705//1705
f 1656//1656 1705//1705 1704//1704
f 1657//1657 1658//1658 1706//1706
f 1657//1657 1706//1706 1705//1705
f 1658//1658 1659//1659 1707//1707
f 1658//1658 1707//1707 1706//1706
f 1659//1659 1660//1660 1708//1708
f 1659//1659 1708//1708 1707//1707
f 1660//1660 1661//1661 1709//1709
f 1660//1660 1709//1709 1708//1708
f 1661//1661 1662//1662 1710//1710
f 1661//1661 1710//1710 1709//1709
f 1662//1662 1663//1663 1711//1711
f 1662//1662 1711//1711 1710//1710
f 1663//1663 1664//1664 1712//1712
f 1663//1663 1712//1712 1711//1711
f 1664//1664 1665//1665 1713//1713
f 1664//1664 1713//1713 1712//1712
f 1665//1665 1666//1666 1714//1714
f 1665//1665 1714//1714 1713//1713
f 1666//1666 1667//1667 1715//1715
f 1666//1666 1715//1715 1714//1714
f 1667//1667 1668//1668 1716//1716
f 1667//1667 1716//1716 1715//1715
f 1668//1668 1669//1669 1717//1717
f 1668//1668 1717//1717 1716//1716
f 1669//1669 1670//1670 1718//1718
f 1669//1669 1718//1718 1717//1717
f 1670//1670 1671//1671 1719//1719
f 1670//1670 1719//1719 1718//1718
f 1671//1671 1672//1672 1720//1720
f 1671//1671 1720//1720 1719//1719
f 1672//1672 1673//1673 1721//1721
f 1672//1672 1721//1721 1720//1720
f 1673//1673 1674//1674 1722//1722
f 1673//1673 1722//1722 1721//1721
f 1674//1674 1675//1675 1723//1723
f 1674//1674 1723//1723 1722//1722
f 1675//1675 1676//1676 1724//1724
f 1675//1675 1724//1724 1723//1723
f 1676//1676 1677//1677 1725//1725
f 1676//1676 1725//1725 1724//1724
f 1677//1677 1678//1678 1726//1726
f 1677//1677 1726//1726 1725//1725
f 1678//1678 1679//1679 1727//1727
f 1678//1678 1727//1727 1726//1726
f 1679//1679 1680//1680 1728//1728
f 1679//1679 1728//1728 1727//1727
f 1680//1680 1633//1633 1681//1681
f 1680//1680 1681//1681 1728//1728
f 1681//1681 1682//1682 1730//1730
f 1681//1681 1730//1730 1729//1729
f 1682//1682 1683//1683 1731//1731
f 1682//1682 1731//1731 1730//1730
f 1683//1683 1684//1684 1732//1732
f 1683//1683 1732//1732 1731//1731
f 1684//1684 1685//1685 1733//1733
f 1684//1684 1733//1733 1732//1732
f 1685//1685 1686//1686 1734//1734
f 1685//1685 1734//1734 1733//1733
f 1686//1686 1687//1687 1735//1735
f 1686//1686 1735//1735 1734//1734
f 1687//1687 1688//1688 1736//1736
f 1687//1687 1736//1736 1735//1735
f 1688//1688 1689//1689 1737//1737
f 1688//1688 1737//1737 1736//1736
f 1689//1689 1690//1690 1738//1738
f 1689//1689 1738//1738 1737//1737
f 1690//1690 1691//1691 1739//1739
f 1690//1690 1739//1739 1738//1738
f 1691//1691 1692//1692 1740//1740
f 1691//1691 1740//1740 1739//1739
f 1692//1692 1693//1693 1741//1741
f 1692//1692 1741//1741 1740//1740
f 1693//1693 1694//1694 1742//1742
f 1693//1693 1742//1742 1741//1741
f 1694//1694 1695//1695 1743//1743
f 1694//1694 1743//1743 1742//1742
f 1695//1695 1696//1696 1744//1744
f 1695//1695 1744//1744 1743//1743
f 1696//1696 1697//1697 1745//1745
f 1696//1696 1745//1745 1744//1744
f 1697//1697 1698//1698 1746//1746
f 1697//1697 1746//1746 1745//1745
f 1698//1698 1699//1699 1747//1747
f 1698//1698 1747//1747 1746//1746
f 1699//1699 1700//1700 1748//1748
f 1699//1699 1748//1748 1747//1747
f 1700//1700 1701//1701 1749//1749
f 1700//1700 1749//1749 1748//1748
f 1701//1701 1702//1702 1750//1750
f 1701//1701 1750//1750 1749//1749
f 1702//1702 1703//1703 1751//1751
f 1702//1702 1751//1751 1750//1750
f 1703//1703 1704//1704 1752//1752
f 1703//1703 1752//1752 1751//1751
f 1704//1704 1705//1705 1753//1753
f 1704//1704 1753//1753 1752//1752
f 1705//1705 1706//1706 1754//1754
f 1705//1705 1754//1754 1753//1753
f 1706//1706 1707//1707 1755//1755
f 1706//1706 1755//1755 1754//1754
f 1707//1707 1708//1708 1756//1756
f 1707//1707 1756//1756 1755//1755
f 1708//1708 1709//1709 1757//1757
f 1708//1708 1757//1757 1756//1756
f 1709//1709 1710//1710 1758//1758
f 1709//1709 1758//1758 1757//1757
f 1710//1710 1711//1711 1759//1759
f 1710//1710 1759//1759 1758//1758
f 1711//1711 1712//1712 1760//1760
f 1711//1711 1760//1760 1759//1759
f 1712//1712 1713//1713 1761//1761
f 1712//1712 1761//1761 1760//1760
f 1713//1713 1714//1714 1762//1762
f 1713//1713 1762//1762 1761//1761
f 1714//1714 1715//1715 1763//1763
f 1714//1714 1763//1763 1762//1762
f 1715//1715 1716//1716 1764//1764
f 1715//1715 1764//1764 1763//1763
f 1716//1716 1717//1717 1765//1765
f 1716//1716 1765//1765 1764//1764
f 1717//1717 1718//1718 1766//1766
f 1717//1717 1766//1766 1765//1765
f 1718//1718 1719//1719 1767//1767
f 1718//1718 1767//1767 1766//1766
f 1719//1719 1720//1720 1768//1768
f 1719//1719 1768//1768 1767//1767
f 1720//1720 1721//1721 1769//1769
f 1720//1720 1769//1769 1768//1768
f 1721//1721 1722//1722 1770//1770
f 1721//1721 1770//1770 1769//1769
f 1722//1722 1723//1723 1771//1771
f 1722//1722 1771//1771 1770//1770
f 1723//1723 1724//1724 1772//1772
f 1723//1723 1772//1772 1771//1771
f 1724//1724 1725//1725 1773//1773
f 1724//1724 1773//1773 1772//1772
f 1725//1725 1726//1726 1774//1774
f 1725//1725 1774//1774 1773//1773
f 1726//1726 1727//1727 1775//1775
f 1726//1726 1775//1775 1774//1774
f 1727//1727 1728//1728 1776//1776
f 1727//1727 1776//1776 1775//1775
f 1728//1728 1681//1681 1729//1729
f 1728//1728 1729//1729 1776//1776
f 1729//1729 1730//1730 1778//1778
f 1729//1729 1778//1778 1777//1777
f 1730//1730 1731//1731 1779//1779
f 1730//1730 1779//1779 1778//1778
f 1731//1731 1732//1732 1780//1780
f 1731//1731 1780//1780 1779//1779
f 1732//1732 1733//1733 1781//1781
f 1732//1732 1781//1781 1780//1780
f 1733//1733 1734//1734 1782//1782
f 1733//1733 1782//1782 1781//1781
f 1734//1734 1735//1735 1783//1783
f 1734//1734 1783//1783 1782//1782
f 1735//1735 1736//1736 1784//1784
f 1735//1735 1784//1784 1783//1783
f 1736//1736 1737//1737 1785//1785
f 1736//1736 1785//1785 1784//1784
f 1737//1737 1738//1738 1786//1786
f 1737//1737 1786//1786 1785//1785
f 1738//1738 1739//1739 1787//1787
f 1738//1738 1787//1787 1786//1786
f 1739//1739 1740//1740 1788//1788
f 1739//1739 1788//1788 1787//1787
f 1740//1740 1741//1741 1789//1789
f 1740//1740 1789//1789 1788//1788
f 1741//1741 1742//1742 1790//1790
f 1741//1741 1790//1790 1789//1789
f 1742//1742 1743//1743 1791//1791
f 1742//1742 1791//1791 1790//1790
f 1743//1743 1744//1744 1792//1792
f 1743//1743 1792//1792 1791//1791
f 1744//1744 1745//1745 1793//1793
f 1744//1744 1793//1793 1792//1792
f 1745//1745 1746//1746 1794//1794
f 1745//1745 1794//1794 1793//1793
f 1746//1746 1747//1747 1795//1795
f 1746//1746 1795//1795 1794//1794
f 1747//1747 1748//1748 1796//1796
f 1747//1747 1796//1796 1795//1795
f 1748//1748 1749//1749 1797//1797
f 1748//1748 1797//1797 1796//1796
f 1749//1749 1750//1750 1798//1798
f 1749//1749 1798//1798 1797//1797
f 1750//1750 1751//1751 1799//1799
f 1750//1750 1799//1799 1798//1798
f 1751//1751 1752//1752 1800//1800
f 1751//1751 1800//1800 1799//1799
f 1752//1752 1753//1753 1801//1801
f 1752//1752 1801//1801 1800//1800
f 1753//1753 1754//1754 1802//1802
f 1753//1753 1802//1802 1801//1801
f 1754//1754 1755//1755 1803//1803
f 1754//1754 1803//1803 1802//1802
f 1755//1755 1756//1756 1804//1804
f 1755//1755 1804//1804 1803//1803
f 1756//1756 1757//1757 1805//1805
f 1756//1756 1805//1805 1804//1804
f 1757//1757 1758//1758 1806//1806
f 1757//1757 1806//1806 1805//1805
f 1758//1758 1759//1759 1807//1807
f 1758//1758 1807//1807 1806//1806
f 1759//1759 1760//1760 1808//1808
f 1759//1759 1808//1808 1807//1807
f 1760//1760 1761//1761 1809//1809
f 1760//1760 1809//1809 1808//1808
f 1761//1761 1762//1762 1810//1810
f 1761//1761 1810//1810 1809//1809
f 1762//1762 1763//1763 1811//1811
f 1762//1762 1811//1811 1810//1810
f 1763//1763 1764//1764 1812//1812
f 1763//1763 1812//1812 1811//1811
f 1764//1764 1765//1765 1813//1813
f 1764//1764 1813//1813 1812//1812
f 1765//1765 1766//1766 1814//1814
f 1765//1765 1814//1814 1813//1813
f 1766//1766 1767//1767 1815//1815
f 1766//1766 1815//1815 1814//1814
f 1767//1767 1768//1768 1816//1816
f 1767//1767 1816//1816 1815//1815
f 1768//1768 1769//1769 1817//1817
f 1768//1768 1817//1817 1816//1816
f 1769//1769 1770//1770 1818//1818
f 1769//1769 1818//1818 1817//1817
f 1770//1770 1771//1771 1819//1819
f 1770//1770 1819//1819 1818//1818
f 1771//1771 1772//1772 1820//1820
f 1771//1771 1820//1820 1819//1819
f 1772//1772 1773//1773 1821//1821
f 1772//1772 1821//1821 1820//1820
f 1773//1773 1774//1774 1822//1822
f 1773//1773 1822//1822 1821//1821
f 1774//1774 1775//1775 1823//1823
f 1774//1774 1823//1823 1822//1822
f 1775//1775 1776//1776 1824//1824
f 1775//1775 1824//1824 1823//1823
f 1776//1776 1729//1729 1777//1777
f 1776//1776 1777//1777 1824//1824
f 1777//1777 1778//1778 1826//1826
f 1777//1777 1826//1826 1825//1825
f 1778//1778 1779//1779 1827//1827
f 1778//1778 1827//1827 1826//1826
f 1779//1779 1780//1780 1828//1828
f 1779//1779 1828//1828 1827//1827
f 1780//1780 1781//1781 1829//1829
f 1780//1780 1829//1829 1828//1828
f 1781//1781 1782//1782 1830//1830
f 1781//1781 1830//1830 1829//1829
f 1782//1782 1783//1783 1831//1831
f 1782//1782 1831//1831 1830//1830
f 1783//1783 1784//1784 1832//1832
f 1783//1783 1832//1832 1831//1831
f 1784//1784 1785//1785 1833//1833
f 1784//1784 1833//1833 1832//1832
f 1785//1785 1786//1786 1834//1834
f 1785//1785 1834//1834 1833//1833
f 1786//1786 1787//1787 1835//1835
f 1786//1786 1835//1835 1834//1834
f 1787//1787 1788//1788 1836//1836
f 1787//1787 1836//1836 1835//1835
f 1788//1788 1789//1789 1837//1837
f 1788//1788 1837//1837 1836//1836
f 1789//1789 1790//1790 1838//1838
f 1789//1789 1838//1838 1837//1837
f 1790//1790 1791//1791 1839//1839
f 1790//1790 1839//1839 1838//1838
f 1791//1791 1792//1792 1840//1840
f 1791//1791 1840//1840 1839//1839
f 1792//1792 1793//1793 1841//1841
f 1792//1792 1841//1841 1840//1840
f 1793//1793 1794//1794 1842//1842
f 1793//1793 1842//1842 1841//1841
f 1794//1794 1795//1795 1843//1843
f 1794//1794 1843//1843 1842//1842
f 1795//1795 1796//1796 1844//1844
f 1795//1795 1844//1844 1843//1843
f 1796//1796 1797//1797 1845//1845
f 1796//1796 1845//1845 1844//1844
f 1797//1797 1798//1798 1846//1846
f 1797//1797 1846//1846 1845//1845
f 1798//1798 1799//1799 1847//1847
f 1798//1798 1847//1847 1846//1846
f 1799//1799 1800//1800 1848//1848
f 1799//1799 1848//1848 1847//1847
f 1800//1800 1801//1801 1849//1849
f 1800//1800 1849//1849 1848//1848
f 1801//1801 1802//1802 1850//1850
f 1801//1801 1850//1850 1849//1849
f 1802//1802 1803//1803 1851//1851
f 1802//1802 1851//1851 1850//1850
f 1803//1803 1804//1804 1852//1852
f 1803//1803 1852//1852 1851//1851
f 1804//1804 1805//1805 1853//1853
f 1804//1804 1853//1853 1852//1852
f 1805//1805 1806//1806 1854//1854
f 1805//1805 1854//1854 1853//1853
f 1806//1806 1807//1807 1855//1855
f 1806//1806 1855//1855 1854//1854
f 1807//1807 1808//1808 1856//1856
f 1807//1807 1856//1856 1855//1855
f 1808//1808 1809//1809 1857//1857
f 1808//1808 1857//1857 1856//1856
f 1809//1809 1810//1810 1858//1858
f 1809//1809 1858//1858 1857//1857
f 1810//1810 1811//1811 1859//1859
f 1810//1810 1859//1859 1858//1858
f 1811//1811 1812//1812 1860//1860
f 1811//1811 1860//1860 1859//1859
f 1812//1812 1813//1813 1861//1861
f 1812//1812 1861//1861 1860//1860
f 1813//1813 1814//1814 1862//1862
f 1813//1813 1862//1862 1861//1861
f 1814//1814 1815//1815 1863//1863
f 1814//1814 1863//1863 1862//1862
f 1815//1815 1816//1816 1864//1864
f 1815//1815 1864//1864 1863//1863
f 1816//1816 1817//1817 1865//1865
f 1816//1816 1865//1865 1864//1864
f 1817//1817 1818//1818 1866//1866
f 1817//1817 1866//1866 1865//1865
f 1818//1818 1819//1819 1867//1867
f 1818//1818 1867//1867 1866//1866
f 1819//1819 1820//1820 1868//1868
f 1819//1819 1868//1868 1867//1867
f 1820//1820 1821//1821 1869//1869
f 1820//1820 1869//1869 1868//1868
f 1821//1821 1822//1822 1870//1870
f 1821//1821 1870//1870 1869//1869
f 1822//1822 1823//1823 1871//1871
f 1822//1822 1871//1871 1870//1870
f 1823//1823 1824//1824 1872//1872
f 1823//1823 1872//1872 1871//1871
f 1824//1824 1777//1777 1825//1825
f 1824//1824 1825//1825 1872//1872
f 1825//1825 1826//1826 1874//1874
f 1825//1825 1874//1874 1873//1873
f 1826//1826 1827//1827 1875//1875
f 1826//1826 1875//1875 1874//1874
f 1827//1827 1828//1828 1876//1876
f 1827//1827 1876//1876 1875//1875
f 1828//1828 1829//1829 1877//1877
f 1828//1828 1877//1877 1876//1876
f 1829//1829 1830//1830 1878//1878
f 1829//1829 1878//1878 1877//1877
f 1830//1830 1831//1831 1879//1879
f 1830//1830 1879//1879 1878//1878
f 1831//1831 1832//1832 1880//1880
f 1831//1831 1880//1880 1879//1879
f 1832//1832 1833//1833 1881//1881
f 1832//1832 1881//1881 1880//1880
f 1833//1833 1834//1834 1882//1882
f 1833//1833 1882//1882 1881//1881
f 1834//1834 1835//1835 1883//1883
f 1834//1834 1883//1883 1882//1882
f 1835//1835 1836//1836 1884//1884
f 1835//1835 1884//1884 1883//1883
f 1836//1836 1837//1837 1885//1885
f 1836//1836 1885//1885 1884//1884
f 1837//1837 1838//1838 1886//1886
f 1837//1837 1886//1886 1885//1885
f 1838//1838 1839//1839 1887//1887
f 1838//1838 1887//1887 1886//1886
f 1839//1839 1840//1840 1888//1888
f 1839//1839 1888//1888 1887//1887
f 1840//1840 1841//1841 1889//1889
f 1840//1840 1889//1889 1888//1888
f 1841//1841 1842//1842 1890//1890
f 1841//1841 1890//1890 1889//1889
f 1842//1842 1843//1843 1891//1891
f 1842//1842 1891//1891 1890//1890
f 1843//1843 1844//1844 1892//1892
f 1843//1843 1892//1892 1891//1891
f 1844//1844 1845//1845 1893//1893
f 1844//1844 1893//1893 1892//1892
f 1845//1845 1846//1846 1894//1894
f 1845//1845 1894//1894 1893//1893
f 1846//1846 1847//1847 1895//1895
f 1846//1846 1895//1895 1894//1894
f 1847//1847 1848//1848 1896//1896
f 1847//1847 1896//1896 1895//1895
f 1848//1848 1849//1849 1897//1897
f 1848//1848 1897//1897 1896//1896
f 1849//1849 1850//1850 1898//1898
f 1849//1849 1898//1898 1897//1897
f 1850//1850 1851//1851 1899//1899
f 1850//1850 1899//1899 1898//1898
f 1851//1851 1852//1852 1900//1900
f 1851//1851 1900//1900 1899//1899
f 1852//1852 1853//1853 1901//1901
f 1852//1852 1901//1901 1900//1900
f 1853//1853 1854//1854 1902//1902
f 1853//1853 1902//1902 1901//1901
f 1854//1854 1855//1855 1903//1903
f 1854//1854 1903//1903 1902//1902
f 1855//1855 1856//1856 1904//1904
f 1855//1855 1904//1904 1903//1903
f 1856//1856 1857//1857 1905//1905
f 1856//1856 1905//1905 1904//1904
f 1857//1857 1858//1858 1906//1906
f 1857//1857 1906//1906 1905//1905
f 1858//1858 1859//1859 1907//1907
f 1858//1858 1907//1907 1906//1906
f 1859//1859 1860//1860 1908//1908
f 1859//1859 1908//1908 1907//1907
f 1860//1860 1861//1861 1909//1909
f 1860//1860 1909//1909 1908//1908
f 1861//1861 1862//1862 1910//1910
f 1861//1861 1910//1910 1909//1909
f 1862//1862 1863//1863 1911//1911
f 1862//1862 1911//1911 1910//1910
f 1863//1863 1864//1864 1912//1912
f 1863//1863 1912//1912 1911//1911
f 1864//1864 1865//1865 1913//1913
f 1864//1864 1913//1913 1912//1912
f 1865//1865 1866//1866 1914//1914
f 1865//1865 1914//1914 1913//1913
f 1866//1866 1867//1867 1915//1915
f 1866//1866 1915//1915 1914//1914
f 1867//1867 1868//1868 1916//1916
f 1867//1867 1916//1916 1915//1915
f 1868//1868 1869//1869 1917//1917
f 1868//1868 1917//1917 1916//1916
f 1869//1869 1870//1870 1918//1918
f 1869//1869 1918//1918 1917//1917
f 1870//1870 1871//1871 1919//1919
f 1870//1870 1919//1919 1918//1918
f 1871//1871 1872//1872 1920//1920
f 1871//1871 1920//1920 1919//1919
f 1872//1872 1825//1825 1873//1873
f 1872//1872 1873//1873 1920//1920
f 1873//1873 1874//1874 1922//1922
f 1873//1873 1922//1922 1921//1921
f 1874//1874 1875//1875 1923//1923
f 1874//1874 1923//1923 1922//1922
f 1875//1875 1876//1876 1924//1924
f 1875//1875 1924//1924 1923//1923
f 1876//1876 1877//1877 1925//1925
f 1876//1876 1925//1925 1924//1924
f 1877//1877 1878//1878 1926//1926
f 1877//1877 1926//1926 1925//1925
f 1878//1878 1879//1879 1927//1927
f 1878//1878 1927//1927 1926//1926
f 1879//1879 1880//1880 1928//1928
f 1879//1879 1928//1928 1927//1927
f 1880//1880 1881//1881 1929//1929
f 1880//1880 1929//1929 1928//1928
f 1881//1881 1882//1882 1930//1930
f 1881//1881 1930//1930 1929//1929
f 1882//1882 1883//1883 1931//1931
f 1882//1882 1931//1931 1930//1930
f 1883//1883 1884//1884 1932//1932
f 1883//1883 1932//1932 1931//1931
f 1884//1884 1885//1885 1933//1933
f 1884//1884 1933//1933 1932//1932
f 1885//1885 1886//1886 1934//1934
f 1885//1885 1934//1934 1933//1933
f 1886//1886 1887//1887 1935//1935
f 1886//1886 1935//1935 1934//1934
f 1887//1887 1888//1888 1936//1936
f 1887//1887 1936//1936 1935//1935
f 1888//1888 1889//1889 1937//1937
f 1888//1888 1937//1937 1936//1936
f 1889//1889 1890//1890 1938//1938
f 1889//1889 1938//1938 1937//1937
f 1890//1890 1891//1891 1939//1939
f 1890//1890 1939//1939 1938//1938
f 1891//1891 1892//1892 1940//1940
f 1891//1891 1940//1940 1939//1939
f 1892//1892 1893//1893 1941//1941
f 1892//1892 1941//1941 1940//1940
f 1893//1893 1894//1894 1942//1942
f 1893//1893 1942//1942 1941//1941
f 1894//1894 1895//1895 1943//1943
f 1894//1894 1943//1943 1942//1942
f 1895//1895 1896//1896 1944//1944
f 1895//1895 1944//1944 1943//1943
f 1896//1896 1897//1897 1945//1945
f 1896//1896 1945//1945 1944//1944
f 1897//1897 1898//1898 1946//1946
f 1897//1897 1946//1946 1945//1945
f 1898//1898 1899//1899 1947//1947
f 1898//1898 1947//1947 1946//1946
f 1899//1899 1900//1900 1948//1948
f 1899//1899 1948//1948 1947//1947
f 1900//1900 1901//1901 1949//1949
f 1900//1900 1949//1949 1948//1948
f 1901//1901 1902//1902 1950//1950
f 1901//1901 1950//1950 1949//1949
f 1902//1902 1903//1903 1951//1951
f 1902//1902 1951//1951 1950//1950
f 1903//1903 1904//1904 1952//1952
f 1903//1903 1952//1952 1951//1951
f 1904//1904 1905//1905 1953//1953
f 1904//1904 1953//1953 1952//1952
f 1905//1905 1906//1906 1954//1954
f 1905//1905 1954//1954 1953//1953
f 1906//1906 1907//1907 1955//1955
f 1906//1906 1955//1955 1954//1954
f 1907//1907 1908//1908 1956//1956
f 1907//1907 1956//1956 1955//1955
f 1908//1908 1909//1909 1957//1957
f 1908//1908 1957//1957 1956//1956
f 1909//1909 1910//1910 1958//1958
f 1909//1909 1958//1958 1957//1957
f 1910//1910 1911//1911 1959//1959
f 1910//1910 1959//1959 1958//1958
f 1911//1911 1912//1912 1960//1960
f 1911//1911 1960//1960 1959//1959
f 1912//1912 1913//1913 1961//1961
f 1912//1912 1961//1961 1960//1960
f 1913//1913 1914//1914 1962//1962
f 1913//1913 1962//1962 1961//1961
f 1914//1914 1915//1915 1963//1963
f 1914//1914 1963//1963 1962//1962
f 1915//1915 1916//1916 1964//1964
f 1915//1915 1964//1964 1963//1963
f 1916//1916 1917//1917 1965//1965
f 1916//1916 1965//1965 1964//1964
f 1917//1917 1918//1918 1966//1966
f 1917//1917 1966//1966 1965//1965
f 1918//1918 1919//1919 1967//1967
f 1918//1918 1967//1967 1966//1966
f 1919//1919 1920//1920 1968//1968
f 1919//1919 1968//1968 1967//1967
f 1920//1920 1873//1873 1921//1921
f 1920//1920 1921//1921 1968//1968
f 1921//1921 1922//1922 1970//1970
f 1921//1921 1970//1970 1969//1969
f 1922//1922 1923//1923 1971//1971
f 1922//1922 1971//1971 1970//1970
f 1923//1923 1924//1924 1972//1972
f 1923//1923 1972//1972 1971//1971
f 1924//1924 1925//1925 1973//1973
f 1924//1924 1973//1973 1972//1972
f 1925//1925 1926//1926 1974//1974
f 1925//1925 1974//1974 1973//1973
f 1926//1926 1927//1927 1975//1975
f 1926//1926 1975//1975 1974//1974
f 1927//1927 1928//1928 1976//1976
f 1927//1927 1976//1976 1975//1975
f 1928//1928 1929//1929 1977//1977
f 1928//1928 1977//1977 1976//1976
f 1929//1929 1930//1930 1978//1978
f 1929//1929 1978//1978 1977//1977
f 1930//1930 1931//1931 1979//1979
f 1930//1930 1979//1979 1978//1978
f 1931//1931 1932//1932 1980//1980
f 1931//1931 1980//1980 1979//1979
f 1932//1932 1933//1933 1981//1981
f 1932//1932 1981//1981 1980//1980
f 1933//1933 1934//1934 1982//1982
f 1933//1933 1982//1982 1981//1981
f 1934//1934 1935//1935 1983//1983
f 1934//1934 1983//1983 1982//1982
f 1935//1935 1936//1936 1984//1984
f 1935//1935 1984//1984 1983//1983
f 1936//1936 1937//1937 1985//1985
f 1936//1936 1985//1985 1984//1984
f 1937//1937 1938//1938 1986//1986
f 1937//1937 1986//1986 1985//1985
f 1938//1938 1939//1939 1987//1987
f 1938//1938 1987//1987 1986//1986
f 1939//1939 1940//1940 1988//1988
f 1939//1939 1988//1988 1987//1987
f 1940//1940 1941//1941 1989//1989
f 1940//1940 1989//1989 1988//1988
f 1941//1941 1942//1942 1990//1990
f 1941//1941 1990//1990 1989//1989
f 1942//1942 1943//1943 1991//1991
f 1942//1942 1991//1991 1990//1990
f 1943//1943 1944//1944 1992//1992
f 1943//1943 1992//1992 1991//1991
f 1944//1944 1945//1945 1993//1993
f 1944//1944 1993//1993 1992//1992
f 1945//1945 1946//1946 1994//1994
f 1945//1945 1994//1994 1993//1993
f 1946//1946 1947//1947 1995//1995
f 1946//1946 1995//1995 1994//1994
f 1947//1947 1948//1948 1996//1996
f 1947//1947 1996//1996 1995//1995
f 1948//1948 1949//1949 1997//1997
f 1948//1948 1997//1997 1996//1996
f 1949//1949 1950//1950 1998//1998
f 1949//1949 1998//1998 1997//1997
f 1950//1950 1951//1951 1999//1999
f 1950//1950 1999//1999 1998//1998
f 1951//1951 1952//1952 2000//2000
f 1951//1951 2000//2000 1999//1999
f 1952//1952 1953//1953 2001//2001
f 1952//1952 2001//2001 2000//2000
f 1953//1953 1954//1954 2002//2002
f 1953//1953 2002//2002 2001//2001
f 1954//1954 1955//1955 2003//2003
f 1954//1954 2003//2003 2002//2002
f 1955//1955 1956//1956 2004//2004
f 1955//1955 2004//2004 2003//2003
f 1956//1956 1957//1957 2005//2005
f 1956//1956 2005//2005 2004//2004
f 1957//1957 1958//1958 2006//2006
f 1957//1957 2006//2006 2005//2005
f 1958//1958 1959//1959 2007//2007
f 1958//1958 2007//2007 2006//2006
f 1959//1959 1960//1960 2008//2008
f 1959//1959 2008//2008 2007//2007
f 1960//1960 1961//1961 2009//2009
f 1960//1960 2009//2009 2008//2008
f 1961//1961 1962//1962 2010//2010
f 1961//1961 2010//2010 2009//2009
f 1962//1962 1963//1963 2011//2011
f 1962//1962 2011//2011 2010//2010
f 1963//1963 1964//1964 2012//2012
f 1963//1963 2012//2012 2011//2011
f 1964//1964 1965//1965 2013//2013
f 1964//1964 2013//2013 2012//2012
f 1965//1965 1966//1966 2014//2014
f 1965//1965 2014//2014 2013//2013
f 1966//1966 1967//1967 2015//2015
f 1966//1966 2015//2015 2014//2014
f 1967//1967 1968//1968 2016//2016
f 1967//1967 2016//2016 2015//2015
f 1968//1968 1921//1921 1969//1969
f 1968//1968 1969//1969 2016//2016
f 1969//1969 1970//1970 2018//2018
f 1969//1969 2018//2018 2017//2017
f 1970//1970 1971//1971 2019//2019
f 1970//1970 2019//2019 2018//2018
f 1971//1971 1972//1972 2020//2020
f 1971//1971 2020//2020 2019//2019
f 1972//1972 1973//1973 2021//2021
f 1972//1972 2021//2021 2020//2020
f 1973//1973 1974//1974 2022//2022
f 1973//1973 2022//2022 2021//2021
f 1974//1974 1975//1975 2023//2023
f 1974//1974 2023//2023 2022//2022
f 1975//1975 1976//1976 2024//2024
f 1975//1975 2024//2024 2023//2023
f 1976//1976 1977//1977 2025//2025
f 1976//1976 2025//2025 2024//2024
f 1977//1977 1978//1978 2026//2026
f 1977//1977 2026//2026 2025//2025
f 1978//1978 1979//1979 2027//2027
f 1978//1978 2027//2027 2026//2026
f 1979//1979 1980//1980 2028//2028
f 1979//1979 2028//2028 2027//2027
f 1980//1980 1981//1981 2029//2029
f 1980//1980 2029//2029 2028//2028
f 1981//1981 1982//1982 2030//2030
f 1981//1981 2030//2030 2029//2029
f 1982//1982 1983//1983 2031//2031
f 1982//1982 2031//2031 2030//2030
f 1983//1983 1984//1984 2032//2032
f 1983//1983 2032//2032 2031//2031
f 1984//1984 1985//1985 2033//2033
f 1984//1984 2033//2033 2032//2032
f 1985//1985 1986//1986 2034//2034
f 1985//1985 2034//2034 2033//2033
f 1986//1986 1987//1987 2035//2035
f 1986//1986 2035//2035 2034//2034
f 1987//1987 1988//1988 2036//2036
f 1987//1987 2036//2036 2035//2035
f 1988//1988 1989//1989 2037//2037
f 1988//1988 2037//2037 2036//2036
f 1989//1989 1990//1990 2038//2038
f 1989//1989 2038//2038 2037//2037
f 1990//1990 1991//1991 2039//2039
f 1990//1990 2039//2039 2038//2038
f 1991//1991 1992//1992 2040//2040
f 1991//1991 2040//2040 2039//2039
f 1992//1992 1993//1993 2041//2041
f 1992//1992 2041//2041 2040//2040
f 1993//1993 1994//1994 2042//2042
f 1993//1993 2042//2042 2041//2041
f 1994//1994 1995//1995 2043//2043
f 1994//1994 2043//2043 2042//2042
f 1995//1995 1996//1996 2044//2044
f 1995//1995 2044//2044 2043//2043
f 1996//1996 1997//1997 2045//2045
f 1996//1996 2045//2045 2044//2044
f 1997//1997 1998//1998 2046//2046
f 1997//1997 2046//2046 2045//2045
f 1998//1998 1999//1999 2047//2047
f 1998//1998 2047//2047 2046//2046
f 1999//1999 2000//2000 2048//2048
f 1999//1999 2048//2048 2047//2047
f 2000//2000 2001//2001 2049//2049
f 2000//2000 2049//2049 2048//2048
f 2001//2001 2002//2002 2050//2050
f 2001//2001 2050//2050 2049//2049
f 2002//2002 2003//2003 2051//2051
f 2002//2002 2051//2051 2050//2050
f 2003//2003 2004//2004 2052//2052
f 2003//2003 2052//2052 2051//2051
f 2004//2004 2005//2005 2053//2053
f 2004//2004 2053//2053 2052//2052
f 2005//2005 2006//2006 2054//2054
f 2005//2005 2054//2054 2053//2053
f 2006//2006 2007//2007 2055//2055
f 2006//2006 2055//2055 2054//2054
f 2007//2007 2008//2008 2056//2056
f 2007//2007 2056//2056 2055//2055
f 2008//2008 2009//2009 2057//2057
f 2008//2008 2057//2057 2056//2056
f 2009//2009 2010//2010 2058//2058
f 2009//2009 2058//2058 2057//2057
f 2010//2010 2011//2011 2059//2059
f 2010//2010 2059//2059 2058//2058
f 2011//2011 2012//2012 2060//2060
f 2011//2011 2060//2060 2059//2059
f 2012//2012 2013//2013 2061//2061
f 2012//2012 2061//2061 2060//2060
f 2013//2013 2014//2014 2062//2062
f 2013//2013 2062//2062 2061//2061
f 2014//2014 2015//2015 2063//2063
f 2014//2014 2063//2063 2062//2062
f 2015//2015 2016//2016 2064//2064
f 2015//2015 2064//2064 2063//2063
f 2016//2016 1969//1969 2017//2017
f 2016//2016 2017//2017 2064//2064
f 2017//2017 2018//2018 2066//2066
f 2017//2017 2066//2066 2065//2065
f 2018//2018 2019//2019 2067//2067
f 2018//2018 2067//2067 2066//2066
f 2019//2019 2020//2020 2068//2068
f 2019//2019 2068//2068 2067//2067
f 2020//2020 2021//2021 2069//2069
f 2020//2020 2069//2069 2068//2068
f 2021//2021 2022//2022 2070//2070
f 2021//2021 2070//2070 2069//2069
f 2022//2022 2023//2023 2071//2071
f 2022//2022 2071//2071 2070//2070
f 2023//2023 2024//2024 2072//2072
f 2023//2023 2072//2072 2071//2071
f 2024//2024 2025//2025 2073//2073
f 2024//2024 2073//2073 2072//2072
f 2025//2025 2026//2026 2074//2074
f 2025//2025 2074//2074 2073//2073
f 2026//2026 2027//2027 2075//2075
f 2026//2026 2075//2075 2074//2074
f 2027//2027 2028//2028 2076//2076
f 2027//2027 2076//2076 2075//2075
f 2028//2028 2029//2029 2077//2077
f 2028//2028 2077//2077 2076//2076
f 2029//2029 2030//2030 2078//2078
f 2029//2029 2078//2078 2077//2077
f 2030//2030 2031//2031 2079//2079
f 2030//2030 2079//2079 2078//2078
f 2031//2031 2032//2032 2080//2080
f 2031//2031 2080//2080 2079//2079
f 2032//2032 2033//2033 2081//2081
f 2032//2032 2081//2081 2080//2080
f 2033//2033 2034//2034 2082//2082
f 2033//2033 2082//2082 2081//2081
f 2034//2034 2035//2035 2083//2083
f 2034//2034 2083//2083 2082//2082
f 2035//2035 2036//2036 2084//2084
f 2035//2035 2084//2084 2083//2083
f 2036//2036 2037//2037 2085//2085
f 2036//2036 2085//2085 2084//2084
f 2037//2037 2038//2038 2086//2086
f 2037//2037 2086//2086 2085//2085
f 2038//2038 2039//2039 2087//2087
f 2038//2038 2087//2087 2086//2086
f 2039//2039 2040//2040 2088//2088
f 2039//2039 2088//2088 2087//2087
f 2040//2040 2041//2041 2089//2089
f 2040//2040 2089//2089 2088//2088
f 2041//2041 2042//2042 2090//2090
f 2041//2041 2090//2090 2089//2089
f 2042//2042 2043//2043 2091//2091
f 2042//2042 2091//2091 2090//2090
f 2043//2043 2044//2044 2092//2092
f 2043//2043 2092//2092 2091//2091
f 2044//2044 2045//2045 2093//2093
f 2044//2044 2093//2093 2092//2092
f 2045//2045 2046//2046 2094//2094
f 2045//2045 2094//2094 2093//2093
f 2046//2046 2047//2047 2095//2095
f 2046//2046 2095//2095 2094//2094
f 2047//2047 2048//2048 2096//2096
f 2047//2047 2096//2096 2095//2095
f 2048//2048 2049//2049 2097//2097
f 2048//2048 2097//2097 2096//2096
f 2049//2049 2050//2050 2098//2098
f 2049//2049 2098//2098 2097//2097
f 2050//2050 2051//2051 2099//2099
f 2050//2050 2099//2099 2098//2098
f 2051//2051 2052//2052 2100//2100
f 2051//2051 2100//2100 2099//2099
f 2052//2052 2053//2053 2101//2101
f 2052//2052 2101//2101 2100//2100
f 2053//2053 2054//2054 2102//2102
f 2053//2053 2102//2102 2101//2101
f 2054//2054 2055//2055 2103//2103
f 2054//2054 2103//2103 2102//2102
f 2055//2055 2056//2056 2104//2104
f 2055//2055 2104//2104 2103//2103
f 2056//2056 2057//2057 2105//2105
f 2056//2056 2105//2105 2104//2104
f 2057//2057 2058//2058 2106//2106
f 2057//2057 2106//2106 2105//2105
f 2058//2058 2059//2059 2107//2107
f 2058//2058 2107//2107 2106//2106
f 2059//2059 2060//2060 2108//2108
f 2059//2059 2108//2108 2107//2107
f 2060//2060 2061//2061 2109//2109
f 2060//2060 2109//2109 2108//2108
f 2061//2061 2062//2062 2110//2110
f 2061//2061 2110//2110 2109//2109
f 2062//2062 2063//2063 2111//2111
f 2062//2062 2111//2111 2110//2110
f 2063//2063 2064//2064 2112//2112
f 2063//2063 2112//2112 2111//2111
f 2064//2064 2017//2017 2065//2065
f 2064//2064 2065//2065 2112//2112
f 2065//2065 2066//2066 2114//2114
f 2065//2065 2114//2114 2113//2113
f 2066//2066 2067//2067 2115//2115
f 2066//2066 2115//2115 2114//2114
f 2067//2067 2068//2068 2116//2116
f 2067//2067 2116//2116 2115//2115
f 2068//2068 2069//2069 2117//2117
f 2068//2068 2117//2117 2116//2116
f 2069//2069 2070//2070 2118//2118
f 2069//2069 2118//2118 2117//2117
f 2070//2070 2071//2071 2119//2119
f 2070//2070 2119//2119 2118//2118
f 2071//2071 2072//2072 2120//2120
f 2071//2071 2120//2120 2119//2119
f 2072//2072 2073//2073 2121//2121
f 2072//2072 2121//2121 2120//2120
f 2073//2073 2074//2074 2122//2122
f 2073//2073 2122//2122 2121//2121
f 2074//2074 2075//2075 2123//2123
f 2074//2074 2123//2123 2122//2122
f 2075//2075 2076//2076 2124//2124
f 2075//2075 2124//2124 2123//2123
f 2076//2076 2077//2077 2125//2125
f 2076//2076 2125//2125 2124//2124
f 2077//2077 2078//2078 2126//2126
f 2077//2077 2126//2126 2125//2125
f 2078//2078 2079//2079 2127//2127
f 2078//2078 2127//2127 2126//2126
f 2079//2079 2080//2080 2128//2128
f 2079//2079 2128//2128 2127//2127
f 2080//2080 2081//2081 2129//2129
f 2080//2080 2129//2129 2128//2128
f 2081//2081 2082//2082 2130//2130
f 2081//2081 2130//2130 2129//2129
f 2082//2082 2083//2083 2131//2131
f 2082//2082 2131//2131 2130//2130
f 2083//2083 2084//2084 2132//2132
f 2083//2083 2132//2132 2131//2131
f 2084//2084 2085//2085 2133//2133
f 2084//2084 2133//2133 2132//2132
f 2085//2085 2086//2086 2134//2134
f 2085//2085 2134//2134 2133//2133
f 2086//2086 2087//2087 2135//2135
f 2086//2086 2135//2135 2134//2134
f 2087//2087 2088//2088 2136//2136
f 2087//2087 2136//2136 2135//2135
f 2088//2088 2089//2089 2137//2137
f 2088//2088 2137//2137 2136//2136
f 2089//2089 2090//2090 2138//2138
f 2089//2089 2138//2138 2137//2137
f 2090//2090 2091//2091 2139//2139
f 2090//2090 2139//2139 2138//2138
f 2091//2091 2092//2092 2140//2140
f 2091//2091 2140//2140 2139//2139
f 2092//2092 2093//2093 2141//2141
f 2092//2092 2141//2141 2140//2140
f 2093//2093 2094//2094 2142//2142
f 2093//2093 2142//2142 2141//2141
f 2094//2094 2095//2095 2143//2143
f 2094//2094 2143//2143 2142//2142
f 2095//2095 2096//2096 2144//2144
f 2095//2095 2144//2144 2143//2143
f 2096//2096 2097//2097 2145//2145
f 2096//2096 2145//2145 2144//2144
f 2097//2097 2098//2098 2146//2146
f 2097//2097 2146//2146 2145//2145
f 2098//2098 2099//2099 2147//2147
f 2098//2098 2147//2147 2146//2146
f 2099//2099 2100//2100 2148//2148
f 2099//2099 2148//2148 2147//2147
f 2100//2100 2101//2101 2149//2149
f 2100//2100 2149//2149 2148//2148
f 2101//2101 2102//2102 2150//2150
f 2101//2101 2150//2150 2149//2149
f 2102//2102 2103//2103 2151//2151
f 2102//2102 2151//2151 2150//2150
f 2103//2103 2104//2104 2152//2152
f 2103//2103 2152//2152 2151//2151
f 2104//2104 2105//2105 2153//2153
f 2104//2104 2153//2153 2152//2152
f 2105//2105 2106//2106 2154//2154
f 2105//2105 2154//2154 2153//2153
f 2106//2106 2107//2107 2155//2155
f 2106//2106 2155//2155 2154//2154
f 2107//2107 2108//2108 2156//2156
f 2107//2107 2156//2156 2155//2155
f 2108//2108 2109//2109 2157//2157
f 2108//2108 2157//2157 2156//2156
f 2109//2109 2110//2110 2158//2158
f 2109//2109 2158//2158 2157//2157
f 2110//2110 2111//2111 2159//2159
f 2110//2110 2159//2159 2158//2158
f 2111//2111 2112//2112 2160//2160
f 2111//2111 2160//2160 2159//2159
f 2112//2112 2065//2065 2113//2113
f 2112//2112 2113//2113 2160//2160
f 2161//2161 2162//2162 2170//2170
f 2161//2161 2170//2170 2169//2169
f 2162//2162 2163//2163 2171//2171
f 2162//2162 2171//2171 2170//2170
f 2163//2163 2164//2164 2172//2172
f 2163//2163 2172//2172 2171//2171
f 2164//2164 2165//2165 2173//2173
f 2164//2164 2173//2173 2172//2172
f 2165//2165 2166//2166 2174//2174
f 2165//2165 2174//2174 2173//2173
f 2166//2166 2167//2167 2175//2175
f 2166//2166 2175//2175 2174//2174
f 2167//2167 2168//2168 2176//2176
f 2167//2167 2176//2176 2175//2175
f 2168//2168 2161//2161 2169//2169
f 2168//2168 2169//2169 2176//2176
