v 0.000000 0.000000 0.900000
v 0.000000 0.000000 0.900000
v 0.000000 0.000000 0.900000
v 0.000000 0.000000 0.900000
v 0.000000 0.000000 0.900000
v 0.000000 0.000000 0.900000
v 0.000000 0.000000 0.900000
v 0.000000 0.000000 0.900000
v 0.000000 0.000000 0.900000
v 0.000000 0.000000 0.900000
v 0.000000 0.000000 0.900000
v 0.000000 0.000000 0.900000
v 0.000000 0.000000 0.900000
v -0.000000 0.000000 0.900000
v -0.000000 0.000000 0.900000
v -0.000000 0.000000 0.900000
v -0.000000 0.000000 0.900000
v -0.000000 0.000000 0.900000
v -0.000000 0.000000 0.900000
v -0.000000 0.000000 0.900000
v -0.000000 0.000000 0.900000
v -0.000000 0.000000 0.900000
v -0.000000 0.000000 0.900000
v -0.000000 0.000000 0.900000
v -0.000000 0.000000 0.900000
v -0.000000 -0.000000 0.900000
v -0.000000 -0.000000 0.900000
v -0.000000 -0.000000 0.900000
v -0.000000 -0.000000 0.900000
v -0.000000 -0.000000 0.900000
v -0.000000 -0.000000 0.900000
v -0.000000 -0.000000 0.900000
v -0.000000 -0.000000 0.900000
v -0.000000 -0.000000 0.900000
v -0.000000 -0.000000 0.900000
v -0.000000 -0.000000 0.900000
v -0.000000 -0.000000 0.900000
v 0.000000 -0.000000 0.900000
v 0.000000 -0.000000 0.900000
v 0.000000 -0.000000 0.900000
v 0.000000 -0.000000 0.900000
v 0.000000 -0.000000 0.900000
v 0.000000 -0.000000 0.900000
v 0.000000 -0.000000 0.900000
v 0.000000 -0.000000 0.900000
v 0.000000 -0.000000 0.900000
v 0.000000 -0.000000 0.900000
v 0.000000 -0.000000 0.900000
v 0.049950 0.000000 0.897707
v 0.049523 0.006520 0.897707
v 0.048248 0.012928 0.897707
v 0.046148 0.019115 0.897707
v 0.043258 0.024975 0.897707
v 0.039628 0.030408 0.897707
v 0.035320 0.035320 0.897707
v 0.030408 0.039628 0.897707
v 0.024975 0.043258 0.897707
v 0.019115 0.046148 0.897707
v 0.012928 0.048248 0.897707
v 0.006520 0.049523 0.897707
v 0.000000 0.049950 0.897707
v -0.006520 0.049523 0.897707
v -0.012928 0.048248 0.897707
v -0.019115 0.046148 0.897707
v -0.024975 0.043258 0.897707
v -0.030408 0.039628 0.897707
v -0.035320 0.035320 0.897707
v -0.039628 0.030408 0.897707
v -0.043258 0.024975 0.897707
v -0.046148 0.019115 0.897707
v -0.048248 0.012928 0.897707
v -0.049523 0.006520 0.897707
v -0.049950 0.000000 0.897707
v -0.049523 -0.006520 0.897707
v -0.048248 -0.012928 0.897707
v -0.046148 -0.019115 0.897707
v -0.043258 -0.024975 0.897707
v -0.039628 -0.030408 0.897707
v -0.035320 -0.035320 0.897707
v -0.030408 -0.039628 0.897707
v -0.024975 -0.043258 0.897707
v -0.019115 -0.046148 0.897707
v -0.012928 -0.048248 0.897707
v -0.006520 -0.049523 0.897707
v -0.000000 -0.049950 0.897707
v 0.006520 -0.049523 0.897707
v 0.012928 -0.048248 0.897707
v 0.019115 -0.046148 0.897707
v 0.024975 -0.043258 0.897707
v 0.030408 -0.039628 0.897707
v 0.035320 -0.035320 0.897707
v 0.039628 -0.030408 0.897707
v 0.043258 -0.024975 0.897707
v 0.046148 -0.019115 0.897707
v 0.048248 -0.012928 0.897707
v 0.049523 -0.006520 0.897707
v 0.100015 0.000000 0.890839
v 0.099159 0.013055 0.890839
v 0.096607 0.025886 0.890839
v 0.092401 0.038274 0.890839
v 0.086615 0.050007 0.890839
v 0.079347 0.060885 0.890839
v 0.070721 0.070721 0.890839
v 0.060885 0.079347 0.890839
v 0.050007 0.086615 0.890839
v 0.038274 0.092401 0.890839
v 0.025886 0.096607 0.890839
v 0.013055 0.099159 0.890839
v 0.000000 0.100015 0.890839
v -0.013055 0.099159 0.890839
v -0.025886 0.096607 0.890839
v -0.038274 0.092401 0.890839
v -0.050007 0.086615 0.890839
v -0.060885 0.079347 0.890839
v -0.070721 0.070721 0.890839
v -0.079347 0.060885 0.890839
v -0.086615 0.050007 0.890839
v -0.092401 0.038274 0.890839
v -0.096607 0.025886 0.890839
v -0.099159 0.013055 0.890839
v -0.100015 0.000000 0.890839
v -0.099159 -0.013055 0.890839
v -0.096607 -0.025886 0.890839
v -0.092401 -0.038274 0.890839
v -0.086615 -0.050007 0.890839
v -0.079347 -0.060885 0.890839
v -0.070721 -0.070721 0.890839
v -0.060885 -0.079347 0.890839
v -0.050007 -0.086615 0.890839
v -0.038274 -0.092401 0.890839
v -0.025886 -0.096607 0.890839
v -0.013055 -0.099159 0.890839
v -0.000000 -0.100015 0.890839
v 0.013055 -0.099159 0.890839
v 0.025886 -0.096607 0.890839
v 0.038274 -0.092401 0.890839
v 0.050007 -0.086615 0.890839
v 0.060885 -0.079347 0.890839
v 0.070721 -0.070721 0.890839
v 0.079347 -0.060885 0.890839
v 0.086615 -0.050007 0.890839
v 0.092401 -0.038274 0.890839
v 0.096607 -0.025886 0.890839
v 0.099159 -0.013055 0.890839
v 0.151618 0.000000 0.879432
v 0.150321 0.019790 0.879432
v 0.146452 0.039242 0.879432
v 0.140077 0.058022 0.879432
v 0.131305 0.075809 0.879432
v 0.120287 0.092299 0.879432
v 0.107210 0.107210 0.879432
v 0.092299 0.120287 0.879432
v 0.075809 0.131305 0.879432
v 0.058022 0.140077 0.879432
v 0.039242 0.146452 0.879432
v 0.019790 0.150321 0.879432
v 0.000000 0.151618 0.879432
v -0.019790 0.150321 0.879432
v -0.039242 0.146452 0.879432
v -0.058022 0.140077 0.879432
v -0.075809 0.131305 0.879432
v -0.092299 0.120287 0.879432
v -0.107210 0.107210 0.879432
v -0.120287 0.092299 0.879432
v -0.131305 0.075809 0.879432
v -0.140077 0.058022 0.879432
v -0.146452 0.039242 0.879432
v -0.150321 0.019790 0.879432
v -0.151618 0.000000 0.879432
v -0.150321 -0.019790 0.879432
v -0.146452 -0.039242 0.879432
v -0.140077 -0.058022 0.879432
v -0.131305 -0.075809 0.879432
v -0.120287 -0.092299 0.879432
v -0.107210 -0.107210 0.879432
v -0.092299 -0.120287 0.879432
v -0.075809 -0.131305 0.879432
v -0.058022 -0.140077 0.879432
v -0.039242 -0.146452 0.879432
v -0.019790 -0.150321 0.879432
v -0.000000 -0.151618 0.879432
v 0.019790 -0.150321 0.879432
v 0.039242 -0.146452 0.879432
v 0.058022 -0.140077 0.879432
v 0.075809 -0.131305 0.879432
v 0.092299 -0.120287 0.879432
v 0.107210 -0.107210 0.879432
v 0.120287 -0.092299 0.879432
v 0.131305 -0.075809 0.879432
v 0.140077 -0.058022 0.879432
v 0.146452 -0.039242 0.879432
v 0.150321 -0.019790 0.879432
v 0.208127 0.000000 0.863544
v 0.206347 0.027166 0.863544
v 0.201035 0.053867 0.863544
v 0.192284 0.079647 0.863544
v 0.180243 0.104064 0.863544
v 0.165118 0.126700 0.863544
v 0.147168 0.147168 0.863544
v 0.126700 0.165118 0.863544
v 0.104064 0.180243 0.863544
v 0.079647 0.192284 0.863544
v 0.053867 0.201035 0.863544
v 0.027166 0.206347 0.863544
v 0.000000 0.208127 0.863544
v -0.027166 0.206347 0.863544
v -0.053867 0.201035 0.863544
v -0.079647 0.192284 0.863544
v -0.104064 0.180243 0.863544
v -0.126700 0.165118 0.863544
v -0.147168 0.147168 0.863544
v -0.165118 0.126700 0.863544
v -0.180243 0.104064 0.863544
v -0.192284 0.079647 0.863544
v -0.201035 0.053867 0.863544
v -0.206347 0.027166 0.863544
v -0.208127 0.000000 0.863544
v -0.206347 -0.027166 0.863544
v -0.201035 -0.053867 0.863544
v -0.192284 -0.079647 0.863544
v -0.180243 -0.104064 0.863544
v -0.165118 -0.126700 0.863544
v -0.147168 -0.147168 0.863544
v -0.126700 -0.165118 0.863544
v -0.104064 -0.180243 0.863544
v -0.079647 -0.192284 0.863544
v -0.053867 -0.201035 0.863544
v -0.027166 -0.206347 0.863544
v -0.000000 -0.208127 0.863544
v 0.027166 -0.206347 0.863544
v 0.053867 -0.201035 0.863544
v 0.079647 -0.192284 0.863544
v 0.104064 -0.180243 0.863544
v 0.126700 -0.165118 0.863544
v 0.147168 -0.147168 0.863544
v 0.165118 -0.126700 0.863544
v 0.180243 -0.104064 0.863544
v 0.192284 -0.079647 0.863544
v 0.201035 -0.053867 0.863544
v 0.206347 -0.027166 0.863544
v 0.274203 0.000000 0.843255
v 0.271858 0.035791 0.843255
v 0.264860 0.070969 0.843255
v 0.253331 0.104933 0.843255
v 0.237467 0.137102 0.843255
v 0.217540 0.166924 0.843255
v 0.193891 0.193891 0.843255
v 0.166924 0.217540 0.843255
v 0.137102 0.237467 0.843255
v 0.104933 0.253331 0.843255
v 0.070969 0.264860 0.843255
v 0.035791 0.271858 0.843255
v 0.000000 0.274203 0.843255
v -0.035791 0.271858 0.843255
v -0.070969 0.264860 0.843255
v -0.104933 0.253331 0.843255
v -0.137102 0.237467 0.843255
v -0.166924 0.217540 0.843255
v -0.193891 0.193891 0.843255
v -0.217540 0.166924 0.843255
v -0.237467 0.137102 0.843255
v -0.253331 0.104933 0.843255
v -0.264860 0.070969 0.843255
v -0.271858 0.035791 0.843255
v -0.274203 0.000000 0.843255
v -0.271858 -0.035791 0.843255
v -0.264860 -0.070969 0.843255
v -0.253331 -0.104933 0.843255
v -0.237467 -0.137102 0.843255
v -0.217540 -0.166924 0.843255
v -0.193891 -0.193891 0.843255
v -0.166924 -0.217540 0.843255
v -0.137102 -0.237467 0.843255
v -0.104933 -0.253331 0.843255
v -0.070969 -0.264860 0.843255
v -0.035791 -0.271858 0.843255
v -0.000000 -0.274203 0.843255
v 0.035791 -0.271858 0.843255
v 0.070969 -0.264860 0.843255
v 0.104933 -0.253331 0.843255
v 0.137102 -0.237467 0.843255
v 0.166924 -0.217540 0.843255
v 0.193891 -0.193891 0.843255
v 0.217540 -0.166924 0.843255
v 0.237467 -0.137102 0.843255
v 0.253331 -0.104933 0.843255
v 0.264860 -0.070969 0.843255
v 0.271858 -0.035791 0.843255
v 0.353485 0.000000 0.818669
v 0.350461 0.046139 0.818669
v 0.341440 0.091489 0.818669
v 0.326578 0.135273 0.818669
v 0.306127 0.176742 0.818669
v 0.280438 0.215188 0.818669
v 0.249952 0.249952 0.818669
v 0.215188 0.280438 0.818669
v 0.176742 0.306127 0.818669
v 0.135273 0.326578 0.818669
v 0.091489 0.341440 0.818669
v 0.046139 0.350461 0.818669
v 0.000000 0.353485 0.818669
v -0.046139 0.350461 0.818669
v -0.091489 0.341440 0.818669
v -0.135273 0.326578 0.818669
v -0.176742 0.306127 0.818669
v -0.215188 0.280438 0.818669
v -0.249952 0.249952 0.818669
v -0.280438 0.215188 0.818669
v -0.306127 0.176742 0.818669
v -0.326578 0.135273 0.818669
v -0.341440 0.091489 0.818669
v -0.350461 0.046139 0.818669
v -0.353485 0.000000 0.818669
v -0.350461 -0.046139 0.818669
v -0.341440 -0.091489 0.818669
v -0.326578 -0.135273 0.818669
v -0.306127 -0.176742 0.818669
v -0.280438 -0.215188 0.818669
v -0.249952 -0.249952 0.818669
v -0.215188 -0.280438 0.818669
v -0.176742 -0.306127 0.818669
v -0.135273 -0.326578 0.818669
v -0.091489 -0.341440 0.818669
v -0.046139 -0.350461 0.818669
v -0.000000 -0.353485 0.818669
v 0.046139 -0.350461 0.818669
v 0.091489 -0.341440 0.818669
v 0.135273 -0.326578 0.818669
v 0.176742 -0.306127 0.818669
v 0.215188 -0.280438 0.818669
v 0.249952 -0.249952 0.818669
v 0.280438 -0.215188 0.818669
v 0.306127 -0.176742 0.818669
v 0.326578 -0.135273 0.818669
v 0.341440 -0.091489 0.818669
v 0.350461 -0.046139 0.818669
v 0.444421 0.000000 0.789911
v 0.440619 0.058009 0.789911
v 0.429278 0.115025 0.789911
v 0.410592 0.170073 0.789911
v 0.384880 0.222211 0.789911
v 0.352583 0.270547 0.789911
v 0.314253 0.314253 0.789911
v 0.270547 0.352583 0.789911
v 0.222211 0.384880 0.789911
v 0.170073 0.410592 0.789911
v 0.115025 0.429278 0.789911
v 0.058009 0.440619 0.789911
v 0.000000 0.444421 0.789911
v -0.058009 0.440619 0.789911
v -0.115025 0.429278 0.789911
v -0.170073 0.410592 0.789911
v -0.222211 0.384880 0.789911
v -0.270547 0.352583 0.789911
v -0.314253 0.314253 0.789911
v -0.352583 0.270547 0.789911
v -0.384880 0.222211 0.789911
v -0.410592 0.170073 0.789911
v -0.429278 0.115025 0.789911
v -0.440619 0.058009 0.789911
v -0.444421 0.000000 0.789911
v -0.440619 -0.058009 0.789911
v -0.429278 -0.115025 0.789911
v -0.410592 -0.170073 0.789911
v -0.384880 -0.222211 0.789911
v -0.352583 -0.270547 0.789911
v -0.314253 -0.314253 0.789911
v -0.270547 -0.352583 0.789911
v -0.222211 -0.384880 0.789911
v -0.170073 -0.410592 0.789911
v -0.115025 -0.429278 0.789911
v -0.058009 -0.440619 0.789911
v -0.000000 -0.444421 0.789911
v 0.058009 -0.440619 0.789911
v 0.115025 -0.429278 0.789911
v 0.170073 -0.410592 0.789911
v 0.222211 -0.384880 0.789911
v 0.270547 -0.352583 0.789911
v 0.314253 -0.314253 0.789911
v 0.352583 -0.270547 0.789911
v 0.384880 -0.222211 0.789911
v 0.410592 -0.170073 0.789911
v 0.429278 -0.115025 0.789911
v 0.440619 -0.058009 0.789911
v 0.534391 0.000000 0.757128
v 0.529819 0.069752 0.757128
v 0.516182 0.138311 0.757128
v 0.493713 0.204503 0.757128
v 0.462796 0.267196 0.757128
v 0.423961 0.325317 0.757128
v 0.377872 0.377872 0.757128
v 0.325317 0.423961 0.757128
v 0.267196 0.462796 0.757128
v 0.204503 0.493713 0.757128
v 0.138311 0.516182 0.757128
v 0.069752 0.529819 0.757128
v 0.000000 0.534391 0.757128
v -0.069752 0.529819 0.757128
v -0.138311 0.516182 0.757128
v -0.204503 0.493713 0.757128
v -0.267196 0.462796 0.757128
v -0.325317 0.423961 0.757128
v -0.377872 0.377872 0.757128
v -0.423961 0.325317 0.757128
v -0.462796 0.267196 0.757128
v -0.493713 0.204503 0.757128
v -0.516182 0.138311 0.757128
v -0.529819 0.069752 0.757128
v -0.534391 0.000000 0.757128
v -0.529819 -0.069752 0.757128
v -0.516182 -0.138311 0.757128
v -0.493713 -0.204503 0.757128
v -0.462796 -0.267196 0.757128
v -0.423961 -0.325317 0.757128
v -0.377872 -0.377872 0.757128
v -0.325317 -0.423961 0.757128
v -0.267196 -0.462796 0.757128
v -0.204503 -0.493713 0.757128
v -0.138311 -0.516182 0.757128
v -0.069752 -0.529819 0.757128
v -0.000000 -0.534391 0.757128
v 0.069752 -0.529819 0.757128
v 0.138311 -0.516182 0.757128
v 0.204503 -0.493713 0.757128
v 0.267196 -0.462796 0.757128
v 0.325317 -0.423961 0.757128
v 0.377872 -0.377872 0.757128
v 0.423961 -0.325317 0.757128
v 0.462796 -0.267196 0.757128
v 0.493713 -0.204503 0.757128
v 0.516182 -0.138311 0.757128
v 0.529819 -0.069752 0.757128
v 0.599278 0.000000 0.720487
v 0.594151 0.078221 0.720487
v 0.578858 0.155104 0.720487
v 0.553660 0.229334 0.720487
v 0.518990 0.299639 0.720487
v 0.475439 0.364817 0.720487
v 0.423753 0.423753 0.720487
v 0.364817 0.475439 0.720487
v 0.299639 0.518990 0.720487
v 0.229334 0.553660 0.720487
v 0.155104 0.578858 0.720487
v 0.078221 0.594151 0.720487
v 0.000000 0.599278 0.720487
v -0.078221 0.594151 0.720487
v -0.155104 0.578858 0.720487
v -0.229334 0.553660 0.720487
v -0.299639 0.518990 0.720487
v -0.364817 0.475439 0.720487
v -0.423753 0.423753 0.720487
v -0.475439 0.364817 0.720487
v -0.518990 0.299639 0.720487
v -0.553660 0.229334 0.720487
v -0.578858 0.155104 0.720487
v -0.594151 0.078221 0.720487
v -0.599278 0.000000 0.720487
v -0.594151 -0.078221 0.720487
v -0.578858 -0.155104 0.720487
v -0.553660 -0.229334 0.720487
v -0.518990 -0.299639 0.720487
v -0.475439 -0.364817 0.720487
v -0.423753 -0.423753 0.720487
v -0.364817 -0.475439 0.720487
v -0.299639 -0.518990 0.720487
v -0.229334 -0.553660 0.720487
v -0.155104 -0.578858 0.720487
v -0.078221 -0.594151 0.720487
v -0.000000 -0.599278 0.720487
v 0.078221 -0.594151 0.720487
v 0.155104 -0.578858 0.720487
v 0.229334 -0.553660 0.720487
v 0.299639 -0.518990 0.720487
v 0.364817 -0.475439 0.720487
v 0.423753 -0.423753 0.720487
v 0.475439 -0.364817 0.720487
v 0.518990 -0.299639 0.720487
v 0.553660 -0.229334 0.720487
v 0.578858 -0.155104 0.720487
v 0.594151 -0.078221 0.720487
v 0.654861 0.000000 0.680175
v 0.649258 0.085476 0.680175
v 0.632547 0.169490 0.680175
v 0.605012 0.250604 0.680175
v 0.567126 0.327430 0.680175
v 0.519536 0.398654 0.680175
v 0.463056 0.463056 0.680175
v 0.398654 0.519536 0.680175
v 0.327430 0.567126 0.680175
v 0.250604 0.605012 0.680175
v 0.169490 0.632547 0.680175
v 0.085476 0.649258 0.680175
v 0.000000 0.654861 0.680175
v -0.085476 0.649258 0.680175
v -0.169490 0.632547 0.680175
v -0.250604 0.605012 0.680175
v -0.327430 0.567126 0.680175
v -0.398654 0.519536 0.680175
v -0.463056 0.463056 0.680175
v -0.519536 0.398654 0.680175
v -0.567126 0.327430 0.680175
v -0.605012 0.250604 0.680175
v -0.632547 0.169490 0.680175
v -0.649258 0.085476 0.680175
v -0.654861 0.000000 0.680175
v -0.649258 -0.085476 0.680175
v -0.632547 -0.169490 0.680175
v -0.605012 -0.250604 0.680175
v -0.567126 -0.327430 0.680175
v -0.519536 -0.398654 0.680175
v -0.463056 -0.463056 0.680175
v -0.398654 -0.519536 0.680175
v -0.327430 -0.567126 0.680175
v -0.250604 -0.605012 0.680175
v -0.169490 -0.632547 0.680175
v -0.085476 -0.649258 0.680175
v -0.000000 -0.654861 0.680175
v 0.085476 -0.649258 0.680175
v 0.169490 -0.632547 0.680175
v 0.250604 -0.605012 0.680175
v 0.327430 -0.567126 0.680175
v 0.398654 -0.519536 0.680175
v 0.463056 -0.463056 0.680175
v 0.519536 -0.398654 0.680175
v 0.567126 -0.327430 0.680175
v 0.605012 -0.250604 0.680175
v 0.632547 -0.169490 0.680175
v 0.649258 -0.085476 0.680175
v 0.707107 0.000000 0.636396
v 0.701057 0.092296 0.636396
v 0.683013 0.183013 0.636396
v 0.653281 0.270598 0.636396
v 0.612372 0.353553 0.636396
v 0.560986 0.430459 0.636396
v 0.500000 0.500000 0.636396
v 0.430459 0.560986 0.636396
v 0.353553 0.612372 0.636396
v 0.270598 0.653281 0.636396
v 0.183013 0.683013 0.636396
v 0.092296 0.701057 0.636396
v 0.000000 0.707107 0.636396
v -0.092296 0.701057 0.636396
v -0.183013 0.683013 0.636396
v -0.270598 0.653281 0.636396
v -0.353553 0.612372 0.636396
v -0.430459 0.560986 0.636396
v -0.500000 0.500000 0.636396
v -0.560986 0.430459 0.636396
v -0.612372 0.353553 0.636396
v -0.653281 0.270598 0.636396
v -0.683013 0.183013 0.636396
v -0.701057 0.092296 0.636396
v -0.707107 0.000000 0.636396
v -0.701057 -0.092296 0.636396
v -0.683013 -0.183013 0.636396
v -0.653281 -0.270598 0.636396
v -0.612372 -0.353553 0.636396
v -0.560986 -0.430459 0.636396
v -0.500000 -0.500000 0.636396
v -0.430459 -0.560986 0.636396
v -0.353553 -0.612372 0.636396
v -0.270598 -0.653281 0.636396
v -0.183013 -0.683013 0.636396
v -0.092296 -0.701057 0.636396
v -0.000000 -0.707107 0.636396
v 0.092296 -0.701057 0.636396
v 0.183013 -0.683013 0.636396
v 0.270598 -0.653281 0.636396
v 0.353553 -0.612372 0.636396
v 0.430459 -0.560986 0.636396
v 0.500000 -0.500000 0.636396
v 0.560986 -0.430459 0.636396
v 0.612372 -0.353553 0.636396
v 0.653281 -0.270598 0.636396
v 0.683013 -0.183013 0.636396
v 0.701057 -0.092296 0.636396
v 0.755750 0.000000 0.589375
v 0.749284 0.098645 0.589375
v 0.729998 0.195602 0.589375
v 0.698222 0.289213 0.589375
v 0.654498 0.377875 0.589375
v 0.599576 0.460071 0.589375
v 0.534396 0.534396 0.589375
v 0.460071 0.599576 0.589375
v 0.377875 0.654498 0.589375
v 0.289213 0.698222 0.589375
v 0.195602 0.729998 0.589375
v 0.098645 0.749284 0.589375
v 0.000000 0.755750 0.589375
v -0.098645 0.749284 0.589375
v -0.195602 0.729998 0.589375
v -0.289213 0.698222 0.589375
v -0.377875 0.654498 0.589375
v -0.460071 0.599576 0.589375
v -0.534396 0.534396 0.589375
v -0.599576 0.460071 0.589375
v -0.654498 0.377875 0.589375
v -0.698222 0.289213 0.589375
v -0.729998 0.195602 0.589375
v -0.749284 0.098645 0.589375
v -0.755750 0.000000 0.589375
v -0.749284 -0.098645 0.589375
v -0.729998 -0.195602 0.589375
v -0.698222 -0.289213 0.589375
v -0.654498 -0.377875 0.589375
v -0.599576 -0.460071 0.589375
v -0.534396 -0.534396 0.589375
v -0.460071 -0.599576 0.589375
v -0.377875 -0.654498 0.589375
v -0.289213 -0.698222 0.589375
v -0.195602 -0.729998 0.589375
v -0.098645 -0.749284 0.589375
v -0.000000 -0.755750 0.589375
v 0.098645 -0.749284 0.589375
v 0.195602 -0.729998 0.589375
v 0.289213 -0.698222 0.589375
v 0.377875 -0.654498 0.589375
v 0.460071 -0.599576 0.589375
v 0.534396 -0.534396 0.589375
v 0.599576 -0.460071 0.589375
v 0.654498 -0.377875 0.589375
v 0.698222 -0.289213 0.589375
v 0.729998 -0.195602 0.589375
v 0.749284 -0.098645 0.589375
v 0.800541 0.000000 0.539350
v 0.793692 0.104492 0.539350
v 0.773263 0.207195 0.539350
v 0.739604 0.306354 0.539350
v 0.693289 0.400271 0.539350
v 0.635112 0.487339 0.539350
v 0.566068 0.566068 0.539350
v 0.487339 0.635112 0.539350
v 0.400271 0.693289 0.539350
v 0.306354 0.739604 0.539350
v 0.207195 0.773263 0.539350
v 0.104492 0.793692 0.539350
v 0.000000 0.800541 0.539350
v -0.104492 0.793692 0.539350
v -0.207195 0.773263 0.539350
v -0.306354 0.739604 0.539350
v -0.400271 0.693289 0.539350
v -0.487339 0.635112 0.539350
v -0.566068 0.566068 0.539350
v -0.635112 0.487339 0.539350
v -0.693289 0.400271 0.539350
v -0.739604 0.306354 0.539350
v -0.773263 0.207195 0.539350
v -0.793692 0.104492 0.539350
v -0.800541 0.000000 0.539350
v -0.793692 -0.104492 0.539350
v -0.773263 -0.207195 0.539350
v -0.739604 -0.306354 0.539350
v -0.693289 -0.400271 0.539350
v -0.635112 -0.487339 0.539350
v -0.566068 -0.566068 0.539350
v -0.487339 -0.635112 0.539350
v -0.400271 -0.693289 0.539350
v -0.306354 -0.739604 0.539350
v -0.207195 -0.773263 0.539350
v -0.104492 -0.793692 0.539350
v -0.000000 -0.800541 0.539350
v 0.104492 -0.793692 0.539350
v 0.207195 -0.773263 0.539350
v 0.306354 -0.739604 0.539350
v 0.400271 -0.693289 0.539350
v 0.487339 -0.635112 0.539350
v 0.566068 -0.566068 0.539350
v 0.635112 -0.487339 0.539350
v 0.693289 -0.400271 0.539350
v 0.739604 -0.306354 0.539350
v 0.773263 -0.207195 0.539350
v 0.793692 -0.104492 0.539350
v 0.841254 0.000000 0.486577
v 0.834056 0.109806 0.486577
v 0.812589 0.217732 0.486577
v 0.777217 0.321934 0.486577
v 0.728547 0.420627 0.486577
v 0.667411 0.512123 0.486577
v 0.594856 0.594856 0.486577
v 0.512123 0.667411 0.486577
v 0.420627 0.728547 0.486577
v 0.321934 0.777217 0.486577
v 0.217732 0.812589 0.486577
v 0.109806 0.834056 0.486577
v 0.000000 0.841254 0.486577
v -0.109806 0.834056 0.486577
v -0.217732 0.812589 0.486577
v -0.321934 0.777217 0.486577
v -0.420627 0.728547 0.486577
v -0.512123 0.667411 0.486577
v -0.594856 0.594856 0.486577
v -0.667411 0.512123 0.486577
v -0.728547 0.420627 0.486577
v -0.777217 0.321934 0.486577
v -0.812589 0.217732 0.486577
v -0.834056 0.109806 0.486577
v -0.841254 0.000000 0.486577
v -0.834056 -0.109806 0.486577
v -0.812589 -0.217732 0.486577
v -0.777217 -0.321934 0.486577
v -0.728547 -0.420627 0.486577
v -0.667411 -0.512123 0.486577
v -0.594856 -0.594856 0.486577
v -0.512123 -0.667411 0.486577
v -0.420627 -0.728547 0.486577
v -0.321934 -0.777217 0.486577
v -0.217732 -0.812589 0.486577
v -0.109806 -0.834056 0.486577
v -0.000000 -0.841254 0.486577
v 0.109806 -0.834056 0.486577
v 0.217732 -0.812589 0.486577
v 0.321934 -0.777217 0.486577
v 0.420627 -0.728547 0.486577
v 0.512123 -0.667411 0.486577
v 0.594856 -0.594856 0.486577
v 0.667411 -0.512123 0.486577
v 0.728547 -0.420627 0.486577
v 0.777217 -0.321934 0.486577
v 0.812589 -0.217732 0.486577
v 0.834056 -0.109806 0.486577
v 0.877679 0.000000 0.431324
v 0.870170 0.114560 0.431324
v 0.847773 0.227160 0.431324
v 0.810870 0.335873 0.431324
v 0.760092 0.438839 0.431324
v 0.696310 0.534297 0.431324
v 0.620613 0.620613 0.431324
v 0.534297 0.696310 0.431324
v 0.438839 0.760092 0.431324
v 0.335873 0.810870 0.431324
v 0.227160 0.847773 0.431324
v 0.114560 0.870170 0.431324
v 0.000000 0.877679 0.431324
v -0.114560 0.870170 0.431324
v -0.227160 0.847773 0.431324
v -0.335873 0.810870 0.431324
v -0.438839 0.760092 0.431324
v -0.534297 0.696310 0.431324
v -0.620613 0.620613 0.431324
v -0.696310 0.534297 0.431324
v -0.760092 0.438839 0.431324
v -0.810870 0.335873 0.431324
v -0.847773 0.227160 0.431324
v -0.870170 0.114560 0.431324
v -0.877679 0.000000 0.431324
v -0.870170 -0.114560 0.431324
v -0.847773 -0.227160 0.431324
v -0.810870 -0.335873 0.431324
v -0.760092 -0.438839 0.431324
v -0.696310 -0.534297 0.431324
v -0.620613 -0.620613 0.431324
v -0.534297 -0.696310 0.431324
v -0.438839 -0.760092 0.431324
v -0.335873 -0.810870 0.431324
v -0.227160 -0.847773 0.431324
v -0.114560 -0.870170 0.431324
v -0.000000 -0.877679 0.431324
v 0.114560 -0.870170 0.431324
v 0.227160 -0.847773 0.431324
v 0.335873 -0.810870 0.431324
v 0.438839 -0.760092 0.431324
v 0.534297 -0.696310 0.431324
v 0.620613 -0.620613 0.431324
v 0.696310 -0.534297 0.431324
v 0.760092 -0.438839 0.431324
v 0.810870 -0.335873 0.431324
v 0.847773 -0.227160 0.431324
v 0.870170 -0.114560 0.431324
v 0.909632 0.000000 0.373874
v 0.901850 0.118731 0.373874
v 0.878637 0.235430 0.373874
v 0.840390 0.348101 0.373874
v 0.787764 0.454816 0.373874
v 0.721660 0.553749 0.373874
v 0.643207 0.643207 0.373874
v 0.553749 0.721660 0.373874
v 0.454816 0.787764 0.373874
v 0.348101 0.840390 0.373874
v 0.235430 0.878637 0.373874
v 0.118731 0.901850 0.373874
v 0.000000 0.909632 0.373874
v -0.118731 0.901850 0.373874
v -0.235430 0.878637 0.373874
v -0.348101 0.840390 0.373874
v -0.454816 0.787764 0.373874
v -0.553749 0.721660 0.373874
v -0.643207 0.643207 0.373874
v -0.721660 0.553749 0.373874
v -0.787764 0.454816 0.373874
v -0.840390 0.348101 0.373874
v -0.878637 0.235430 0.373874
v -0.901850 0.118731 0.373874
v -0.909632 0.000000 0.373874
v -0.901850 -0.118731 0.373874
v -0.878637 -0.235430 0.373874
v -0.840390 -0.348101 0.373874
v -0.787764 -0.454816 0.373874
v -0.721660 -0.553749 0.373874
v -0.643207 -0.643207 0.373874
v -0.553749 -0.721660 0.373874
v -0.454816 -0.787764 0.373874
v -0.348101 -0.840390 0.373874
v -0.235430 -0.878637 0.373874
v -0.118731 -0.901850 0.373874
v -0.000000 -0.909632 0.373874
v 0.118731 -0.901850 0.373874
v 0.235430 -0.878637 0.373874
v 0.348101 -0.840390 0.373874
v 0.454816 -0.787764 0.373874
v 0.553749 -0.721660 0.373874
v 0.643207 -0.643207 0.373874
v 0.721660 -0.553749 0.373874
v 0.787764 -0.454816 0.373874
v 0.840390 -0.348101 0.373874
v 0.878637 -0.235430 0.373874
v 0.901850 -0.118731 0.373874
v 0.936950 0.000000 0.314518
v 0.928934 0.122296 0.314518
v 0.905024 0.242500 0.314518
v 0.865629 0.358555 0.314518
v 0.811422 0.468475 0.314518
v 0.743332 0.570379 0.314518
v 0.662524 0.662524 0.314518
v 0.570379 0.743332 0.314518
v 0.468475 0.811422 0.314518
v 0.358555 0.865629 0.314518
v 0.242500 0.905024 0.314518
v 0.122296 0.928934 0.314518
v 0.000000 0.936950 0.314518
v -0.122296 0.928934 0.314518
v -0.242500 0.905024 0.314518
v -0.358555 0.865629 0.314518
v -0.468475 0.811422 0.314518
v -0.570379 0.743332 0.314518
v -0.662524 0.662524 0.314518
v -0.743332 0.570379 0.314518
v -0.811422 0.468475 0.314518
v -0.865629 0.358555 0.314518
v -0.905024 0.242500 0.314518
v -0.928934 0.122296 0.314518
v -0.936950 0.000000 0.314518
v -0.928934 -0.122296 0.314518
v -0.905024 -0.242500 0.314518
v -0.865629 -0.358555 0.314518
v -0.811422 -0.468475 0.314518
v -0.743332 -0.570379 0.314518
v -0.662524 -0.662524 0.314518
v -0.570379 -0.743332 0.314518
v -0.468475 -0.811422 0.314518
v -0.358555 -0.865629 0.314518
v -0.242500 -0.905024 0.314518
v -0.122296 -0.928934 0.314518
v -0.000000 -0.936950 0.314518
v 0.122296 -0.928934 0.314518
v 0.242500 -0.905024 0.314518
v 0.358555 -0.865629 0.314518
v 0.468475 -0.811422 0.314518
v 0.570379 -0.743332 0.314518
v 0.662524 -0.662524 0.314518
v 0.743332 -0.570379 0.314518
v 0.811422 -0.468475 0.314518
v 0.865629 -0.358555 0.314518
v 0.905024 -0.242500 0.314518
v 0.928934 -0.122296 0.314518
v 0.959493 0.000000 0.253559
v 0.951284 0.125239 0.253559
v 0.926799 0.248335 0.253559
v 0.886456 0.367182 0.253559
v 0.830945 0.479746 0.253559
v 0.761217 0.584102 0.253559
v 0.678464 0.678464 0.253559
v 0.584102 0.761217 0.253559
v 0.479746 0.830945 0.253559
v 0.367182 0.886456 0.253559
v 0.248335 0.926799 0.253559
v 0.125239 0.951284 0.253559
v 0.000000 0.959493 0.253559
v -0.125239 0.951284 0.253559
v -0.248335 0.926799 0.253559
v -0.367182 0.886456 0.253559
v -0.479746 0.830945 0.253559
v -0.584102 0.761217 0.253559
v -0.678464 0.678464 0.253559
v -0.761217 0.584102 0.253559
v -0.830945 0.479746 0.253559
v -0.886456 0.367182 0.253559
v -0.926799 0.248335 0.253559
v -0.951284 0.125239 0.253559
v -0.959493 0.000000 0.253559
v -0.951284 -0.125239 0.253559
v -0.926799 -0.248335 0.253559
v -0.886456 -0.367182 0.253559
v -0.830945 -0.479746 0.253559
v -0.761217 -0.584102 0.253559
v -0.678464 -0.678464 0.253559
v -0.584102 -0.761217 0.253559
v -0.479746 -0.830945 0.253559
v -0.367182 -0.886456 0.253559
v -0.248335 -0.926799 0.253559
v -0.125239 -0.951284 0.253559
v -0.000000 -0.959493 0.253559
v 0.125239 -0.951284 0.253559
v 0.248335 -0.926799 0.253559
v 0.367182 -0.886456 0.253559
v 0.479746 -0.830945 0.253559
v 0.584102 -0.761217 0.253559
v 0.678464 -0.678464 0.253559
v 0.761217 -0.584102 0.253559
v 0.830945 -0.479746 0.253559
v 0.886456 -0.367182 0.253559
v 0.926799 -0.248335 0.253559
v 0.951284 -0.125239 0.253559
v 0.977147 0.000000 0.191309
v 0.968787 0.127543 0.191309
v 0.943851 0.252904 0.191309
v 0.902766 0.373938 0.191309
v 0.846234 0.488573 0.191309
v 0.775223 0.594849 0.191309
v 0.690947 0.690947 0.191309
v 0.594849 0.775223 0.191309
v 0.488573 0.846234 0.191309
v 0.373938 0.902766 0.191309
v 0.252904 0.943851 0.191309
v 0.127543 0.968787 0.191309
v 0.000000 0.977147 0.191309
v -0.127543 0.968787 0.191309
v -0.252904 0.943851 0.191309
v -0.373938 0.902766 0.191309
v -0.488573 0.846234 0.191309
v -0.594849 0.775223 0.191309
v -0.690947 0.690947 0.191309
v -0.775223 0.594849 0.191309
v -0.846234 0.488573 0.191309
v -0.902766 0.373938 0.191309
v -0.943851 0.252904 0.191309
v -0.968787 0.127543 0.191309
v -0.977147 0.000000 0.191309
v -0.968787 -0.127543 0.191309
v -0.943851 -0.252904 0.191309
v -0.902766 -0.373938 0.191309
v -0.846234 -0.488573 0.191309
v -0.775223 -0.594849 0.191309
v -0.690947 -0.690947 0.191309
v -0.594849 -0.775223 0.191309
v -0.488573 -0.846234 0.191309
v -0.373938 -0.902766 0.191309
v -0.252904 -0.943851 0.191309
v -0.127543 -0.968787 0.191309
v -0.000000 -0.977147 0.191309
v 0.127543 -0.968787 0.191309
v 0.252904 -0.943851 0.191309
v 0.373938 -0.902766 0.191309
v 0.488573 -0.846234 0.191309
v 0.594849 -0.775223 0.191309
v 0.690947 -0.690947 0.191309
v 0.775223 -0.594849 0.191309
v 0.846234 -0.488573 0.191309
v 0.902766 -0.373938 0.191309
v 0.943851 -0.252904 0.191309
v 0.968787 -0.127543 0.191309
v 0.989821 0.000000 0.128083
v 0.981353 0.129198 0.128083
v 0.956094 0.256185 0.128083
v 0.914476 0.378788 0.128083
v 0.857211 0.494911 0.128083
v 0.785278 0.602565 0.128083
v 0.699909 0.699909 0.128083
v 0.602565 0.785278 0.128083
v 0.494911 0.857211 0.128083
v 0.378788 0.914476 0.128083
v 0.256185 0.956094 0.128083
v 0.129198 0.981353 0.128083
v 0.000000 0.989821 0.128083
v -0.129198 0.981353 0.128083
v -0.256185 0.956094 0.128083
v -0.378788 0.914476 0.128083
v -0.494911 0.857211 0.128083
v -0.602565 0.785278 0.128083
v -0.699909 0.699909 0.128083
v -0.785278 0.602565 0.128083
v -0.857211 0.494911 0.128083
v -0.914476 0.378788 0.128083
v -0.956094 0.256185 0.128083
v -0.981353 0.129198 0.128083
v -0.989821 0.000000 0.128083
v -0.981353 -0.129198 0.128083
v -0.956094 -0.256185 0.128083
v -0.914476 -0.378788 0.128083
v -0.857211 -0.494911 0.128083
v -0.785278 -0.602565 0.128083
v -0.699909 -0.699909 0.128083
v -0.602565 -0.785278 0.128083
v -0.494911 -0.857211 0.128083
v -0.378788 -0.914476 0.128083
v -0.256185 -0.956094 0.128083
v -0.129198 -0.981353 0.128083
v -0.000000 -0.989821 0.128083
v 0.129198 -0.981353 0.128083
v 0.256185 -0.956094 0.128083
v 0.378788 -0.914476 0.128083
v 0.494911 -0.857211 0.128083
v 0.602565 -0.785278 0.128083
v 0.699909 -0.699909 0.128083
v 0.785278 -0.602565 0.128083
v 0.857211 -0.494911 0.128083
v 0.914476 -0.378788 0.128083
v 0.956094 -0.256185 0.128083
v 0.981353 -0.129198 0.128083
v 0.997452 0.000000 0.064205
v 0.988919 0.130194 0.064205
v 0.963465 0.258160 0.064205
v 0.921526 0.381708 0.064205
v 0.863819 0.498726 0.064205
v 0.791332 0.607210 0.064205
v 0.705305 0.705305 0.064205
v 0.607210 0.791332 0.064205
v 0.498726 0.863819 0.064205
v 0.381708 0.921526 0.064205
v 0.258160 0.963465 0.064205
v 0.130194 0.988919 0.064205
v 0.000000 0.997452 0.064205
v -0.130194 0.988919 0.064205
v -0.258160 0.963465 0.064205
v -0.381708 0.921526 0.064205
v -0.498726 0.863819 0.064205
v -0.607210 0.791332 0.064205
v -0.705305 0.705305 0.064205
v -0.791332 0.607210 0.064205
v -0.863819 0.498726 0.064205
v -0.921526 0.381708 0.064205
v -0.963465 0.258160 0.064205
v -0.988919 0.130194 0.064205
v -0.997452 0.000000 0.064205
v -0.988919 -0.130194 0.064205
v -0.963465 -0.258160 0.064205
v -0.921526 -0.381708 0.064205
v -0.863819 -0.498726 0.064205
v -0.791332 -0.607210 0.064205
v -0.705305 -0.705305 0.064205
v -0.607210 -0.791332 0.064205
v -0.498726 -0.863819 0.064205
v -0.381708 -0.921526 0.064205
v -0.258160 -0.963465 0.064205
v -0.130194 -0.988919 0.064205
v -0.000000 -0.997452 0.064205
v 0.130194 -0.988919 0.064205
v 0.258160 -0.963465 0.064205
v 0.381708 -0.921526 0.064205
v 0.498726 -0.863819 0.064205
v 0.607210 -0.791332 0.064205
v 0.705305 -0.705305 0.064205
v 0.791332 -0.607210 0.064205
v 0.863819 -0.498726 0.064205
v 0.921526 -0.381708 0.064205
v 0.963465 -0.258160 0.064205
v 0.988919 -0.130194 0.064205
v 1.000000 0.000000 0.000000
v 0.991445 0.130526 0.000000
v 0.965926 0.258819 0.000000
v 0.923880 0.382683 0.000000
v 0.866025 0.500000 0.000000
v 0.793353 0.608761 0.000000
v 0.707107 0.707107 0.000000
v 0.608761 0.793353 0.000000
v 0.500000 0.866025 0.000000
v 0.382683 0.923880 0.000000
v 0.258819 0.965926 0.000000
v 0.130526 0.991445 0.000000
v 0.000000 1.000000 0.000000
v -0.130526 0.991445 0.000000
v -0.258819 0.965926 0.000000
v -0.382683 0.923880 0.000000
v -0.500000 0.866025 0.000000
v -0.608761 0.793353 0.000000
v -0.707107 0.707107 0.000000
v -0.793353 0.608761 0.000000
v -0.866025 0.500000 0.000000
v -0.923880 0.382683 0.000000
v -0.965926 0.258819 0.000000
v -0.991445 0.130526 0.000000
v -1.000000 0.000000 0.000000
v -0.991445 -0.130526 0.000000
v -0.965926 -0.258819 0.000000
v -0.923880 -0.382683 0.000000
v -0.866025 -0.500000 0.000000
v -0.793353 -0.608761 0.000000
v -0.707107 -0.707107 0.000000
v -0.608761 -0.793353 0.000000
v -0.500000 -0.866025 0.000000
v -0.382683 -0.923880 0.000000
v -0.258819 -0.965926 0.000000
v -0.130526 -0.991445 0.000000
v -0.000000 -1.000000 0.000000
v 0.130526 -0.991445 0.000000
v 0.258819 -0.965926 0.000000
v 0.382683 -0.923880 0.000000
v 0.500000 -0.866025 0.000000
v 0.608761 -0.793353 0.000000
v 0.707107 -0.707107 0.000000
v 0.793353 -0.608761 0.000000
v 0.866025 -0.500000 0.000000
v 0.923880 -0.382683 0.000000
v 0.965926 -0.258819 0.000000
v 0.991445 -0.130526 0.000000
v 0.997452 0.000000 -0.064205
v 0.988919 0.130194 -0.064205
v 0.963465 0.258160 -0.064205
v 0.921526 0.381708 -0.064205
v 0.863819 0.498726 -0.064205
v 0.791332 0.607210 -0.064205
v 0.705305 0.705305 -0.064205
v 0.607210 0.791332 -0.064205
v 0.498726 0.863819 -0.064205
v 0.381708 0.921526 -0.064205
v 0.258160 0.963465 -0.064205
v 0.130194 0.988919 -0.064205
v 0.000000 0.997452 -0.064205
v -0.130194 0.988919 -0.064205
v -0.258160 0.963465 -0.064205
v -0.381708 0.921526 -0.064205
v -0.498726 0.863819 -0.064205
v -0.607210 0.791332 -0.064205
v -0.705305 0.705305 -0.064205
v -0.791332 0.607210 -0.064205
v -0.863819 0.498726 -0.064205
v -0.921526 0.381708 -0.064205
v -0.963465 0.258160 -0.064205
v -0.988919 0.130194 -0.064205
v -0.997452 0.000000 -0.064205
v -0.988919 -0.130194 -0.064205
v -0.963465 -0.258160 -0.064205
v -0.921526 -0.381708 -0.064205
v -0.863819 -0.498726 -0.064205
v -0.791332 -0.607210 -0.064205
v -0.705305 -0.705305 -0.064205
v -0.607210 -0.791332 -0.064205
v -0.498726 -0.863819 -0.064205
v -0.381708 -0.921526 -0.064205
v -0.258160 -0.963465 -0.064205
v -0.130194 -0.988919 -0.064205
v -0.000000 -0.997452 -0.064205
v 0.130194 -0.988919 -0.064205
v 0.258160 -0.963465 -0.064205
v 0.381708 -0.921526 -0.064205
v 0.498726 -0.863819 -0.064205
v 0.607210 -0.791332 -0.064205
v 0.705305 -0.705305 -0.064205
v 0.791332 -0.607210 -0.064205
v 0.863819 -0.498726 -0.064205
v 0.921526 -0.381708 -0.064205
v 0.963465 -0.258160 -0.064205
v 0.988919 -0.130194 -0.064205
v 0.989821 0.000000 -0.128083
v 0.981353 0.129198 -0.128083
v 0.956094 0.256185 -0.128083
v 0.914476 0.378788 -0.128083
v 0.857211 0.494911 -0.128083
v 0.785278 0.602565 -0.128083
v 0.699909 0.699909 -0.128083
v 0.602565 0.785278 -0.128083
v 0.494911 0.857211 -0.128083
v 0.378788 0.914476 -0.128083
v 0.256185 0.956094 -0.128083
v 0.129198 0.981353 -0.128083
v 0.000000 0.989821 -0.128083
v -0.129198 0.981353 -0.128083
v -0.256185 0.956094 -0.128083
v -0.378788 0.914476 -0.128083
v -0.494911 0.857211 -0.128083
v -0.602565 0.785278 -0.128083
v -0.699909 0.699909 -0.128083
v -0.785278 0.602565 -0.128083
v -0.857211 0.494911 -0.128083
v -0.914476 0.378788 -0.128083
v -0.956094 0.256185 -0.128083
v -0.981353 0.129198 -0.128083
v -0.989821 0.000000 -0.128083
v -0.981353 -0.129198 -0.128083
v -0.956094 -0.256185 -0.128083
v -0.914476 -0.378788 -0.128083
v -0.857211 -0.494911 -0.128083
v -0.785278 -0.602565 -0.128083
v -0.699909 -0.699909 -0.128083
v -0.602565 -0.785278 -0.128083
v -0.494911 -0.857211 -0.128083
v -0.378788 -0.914476 -0.128083
v -0.256185 -0.956094 -0.128083
v -0.129198 -0.981353 -0.128083
v -0.000000 -0.989821 -0.128083
v 0.129198 -0.981353 -0.128083
v 0.256185 -0.956094 -0.128083
v 0.378788 -0.914476 -0.128083
v 0.494911 -0.857211 -0.128083
v 0.602565 -0.785278 -0.128083
v 0.699909 -0.699909 -0.128083
v 0.785278 -0.602565 -0.128083
v 0.857211 -0.494911 -0.128083
v 0.914476 -0.378788 -0.128083
v 0.956094 -0.256185 -0.128083
v 0.981353 -0.129198 -0.128083
v 0.977147 0.000000 -0.191309
v 0.968787 0.127543 -0.191309
v 0.943851 0.252904 -0.191309
v 0.902766 0.373938 -0.191309
v 0.846234 0.488573 -0.191309
v 0.775223 0.594849 -0.191309
v 0.690947 0.690947 -0.191309
v 0.594849 0.775223 -0.191309
v 0.488573 0.846234 -0.191309
v 0.373938 0.902766 -0.191309
v 0.252904 0.943851 -0.191309
v 0.127543 0.968787 -0.191309
v 0.000000 0.977147 -0.191309
v -0.127543 0.968787 -0.191309
v -0.252904 0.943851 -0.191309
v -0.373938 0.902766 -0.191309
v -0.488573 0.846234 -0.191309
v -0.594849 0.775223 -0.191309
v -0.690947 0.690947 -0.191309
v -0.775223 0.594849 -0.191309
v -0.846234 0.488573 -0.191309
v -0.902766 0.373938 -0.191309
v -0.943851 0.252904 -0.191309
v -0.968787 0.127543 -0.191309
v -0.977147 0.000000 -0.191309
v -0.968787 -0.127543 -0.191309
v -0.943851 -0.252904 -0.191309
v -0.902766 -0.373938 -0.191309
v -0.846234 -0.488573 -0.191309
v -0.775223 -0.594849 -0.191309
v -0.690947 -0.690947 -0.191309
v -0.594849 -0.775223 -0.191309
v -0.488573 -0.846234 -0.191309
v -0.373938 -0.902766 -0.191309
v -0.252904 -0.943851 -0.191309
v -0.127543 -0.968787 -0.191309
v -0.000000 -0.977147 -0.191309
v 0.127543 -0.968787 -0.191309
v 0.252904 -0.943851 -0.191309
v 0.373938 -0.902766 -0.191309
v 0.488573 -0.846234 -0.191309
v 0.594849 -0.775223 -0.191309
v 0.690947 -0.690947 -0.191309
v 0.775223 -0.594849 -0.191309
v 0.846234 -0.488573 -0.191309
v 0.902766 -0.373938 -0.191309
v 0.943851 -0.252904 -0.191309
v 0.968787 -0.127543 -0.191309
v 0.959493 0.000000 -0.253559
v 0.951284 0.125239 -0.253559
v 0.926799 0.248335 -0.253559
v 0.886456 0.367182 -0.253559
v 0.830945 0.479746 -0.253559
v 0.761217 0.584102 -0.253559
v 0.678464 0.678464 -0.253559
v 0.584102 0.761217 -0.253559
v 0.479746 0.830945 -0.253559
v 0.367182 0.886456 -0.253559
v 0.248335 0.926799 -0.253559
v 0.125239 0.951284 -0.253559
v 0.000000 0.959493 -0.253559
v -0.125239 0.951284 -0.253559
v -0.248335 0.926799 -0.253559
v -0.367182 0.886456 -0.253559
v -0.479746 0.830945 -0.253559
v -0.584102 0.761217 -0.253559
v -0.678464 0.678464 -0.253559
v -0.761217 0.584102 -0.253559
v -0.830945 0.479746 -0.253559
v -0.886456 0.367182 -0.253559
v -0.926799 0.248335 -0.253559
v -0.951284 0.125239 -0.253559
v -0.959493 0.000000 -0.253559
v -0.951284 -0.125239 -0.253559
v -0.926799 -0.248335 -0.253559
v -0.886456 -0.367182 -0.253559
v -0.830945 -0.479746 -0.253559
v -0.761217 -0.584102 -0.253559
v -0.678464 -0.678464 -0.253559
v -0.584102 -0.761217 -0.253559
v -0.479746 -0.830945 -0.253559
v -0.367182 -0.886456 -0.253559
v -0.248335 -0.926799 -0.253559
v -0.125239 -0.951284 -0.253559
v -0.000000 -0.959493 -0.253559
v 0.125239 -0.951284 -0.253559
v 0.248335 -0.926799 -0.253559
v 0.367182 -0.886456 -0.253559
v 0.479746 -0.830945 -0.253559
v 0.584102 -0.761217 -0.253559
v 0.678464 -0.678464 -0.253559
v 0.761217 -0.584102 -0.253559
v 0.830945 -0.479746 -0.253559
v 0.886456 -0.367182 -0.253559
v 0.926799 -0.248335 -0.253559
v 0.951284 -0.125239 -0.253559
v 0.936950 0.000000 -0.314518
v 0.928934 0.122296 -0.314518
v 0.905024 0.242500 -0.314518
v 0.865629 0.358555 -0.314518
v 0.811422 0.468475 -0.314518
v 0.743332 0.570379 -0.314518
v 0.662524 0.662524 -0.314518
v 0.570379 0.743332 -0.314518
v 0.468475 0.811422 -0.314518
v 0.358555 0.865629 -0.314518
v 0.242500 0.905024 -0.314518
v 0.122296 0.928934 -0.314518
v 0.000000 0.936950 -0.314518
v -0.122296 0.928934 -0.314518
v -0.242500 0.905024 -0.314518
v -0.358555 0.865629 -0.314518
v -0.468475 0.811422 -0.314518
v -0.570379 0.743332 -0.314518
v -0.662524 0.662524 -0.314518
v -0.743332 0.570379 -0.314518
v -0.811422 0.468475 -0.314518
v -0.865629 0.358555 -0.314518
v -0.905024 0.242500 -0.314518
v -0.928934 0.122296 -0.314518
v -0.936950 0.000000 -0.314518
v -0.928934 -0.122296 -0.314518
v -0.905024 -0.242500 -0.314518
v -0.865629 -0.358555 -0.314518
v -0.811422 -0.468475 -0.314518
v -0.743332 -0.570379 -0.314518
v -0.662524 -0.662524 -0.314518
v -0.570379 -0.743332 -0.314518
v -0.468475 -0.811422 -0.314518
v -0.358555 -0.865629 -0.314518
v -0.242500 -0.905024 -0.314518
v -0.122296 -0.928934 -0.314518
v -0.000000 -0.936950 -0.314518
v 0.122296 -0.928934 -0.314518
v 0.242500 -0.905024 -0.314518
v 0.358555 -0.865629 -0.314518
v 0.468475 -0.811422 -0.314518
v 0.570379 -0.743332 -0.314518
v 0.662524 -0.662524 -0.314518
v 0.743332 -0.570379 -0.314518
v 0.811422 -0.468475 -0.314518
v 0.865629 -0.358555 -0.314518
v 0.905024 -0.242500 -0.314518
v 0.928934 -0.122296 -0.314518
v 0.909632 0.000000 -0.373874
v 0.901850 0.118731 -0.373874
v 0.878637 0.235430 -0.373874
v 0.840390 0.348101 -0.373874
v 0.787764 0.454816 -0.373874
v 0.721660 0.553749 -0.373874
v 0.643207 0.643207 -0.373874
v 0.553749 0.721660 -0.373874
v 0.454816 0.787764 -0.373874
v 0.348101 0.840390 -0.373874
v 0.235430 0.878637 -0.373874
v 0.118731 0.901850 -0.373874
v 0.000000 0.909632 -0.373874
v -0.118731 0.901850 -0.373874
v -0.235430 0.878637 -0.373874
v -0.348101 0.840390 -0.373874
v -0.454816 0.787764 -0.373874
v -0.553749 0.721660 -0.373874
v -0.643207 0.643207 -0.373874
v -0.721660 0.553749 -0.373874
v -0.787764 0.454816 -0.373874
v -0.840390 0.348101 -0.373874
v -0.878637 0.235430 -0.373874
v -0.901850 0.118731 -0.373874
v -0.909632 0.000000 -0.373874
v -0.901850 -0.118731 -0.373874
v -0.878637 -0.235430 -0.373874
v -0.840390 -0.348101 -0.373874
v -0.787764 -0.454816 -0.373874
v -0.721660 -0.553749 -0.373874
v -0.643207 -0.643207 -0.373874
v -0.553749 -0.721660 -0.373874
v -0.454816 -0.787764 -0.373874
v -0.348101 -0.840390 -0.373874
v -0.235430 -0.878637 -0.373874
v -0.118731 -0.901850 -0.373874
v -0.000000 -0.909632 -0.373874
v 0.118731 -0.901850 -0.373874
v 0.235430 -0.878637 -0.373874
v 0.348101 -0.840390 -0.373874
v 0.454816 -0.787764 -0.373874
v 0.553749 -0.721660 -0.373874
v 0.643207 -0.643207 -0.373874
v 0.721660 -0.553749 -0.373874
v 0.787764 -0.454816 -0.373874
v 0.840390 -0.348101 -0.373874
v 0.878637 -0.235430 -0.373874
v 0.901850 -0.118731 -0.373874
v 0.877679 0.000000 -0.431324
v 0.870170 0.114560 -0.431324
v 0.847773 0.227160 -0.431324
v 0.810870 0.335873 -0.431324
v 0.760092 0.438839 -0.431324
v 0.696310 0.534297 -0.431324
v 0.620613 0.620613 -0.431324
v 0.534297 0.696310 -0.431324
v 0.438839 0.760092 -0.431324
v 0.335873 0.810870 -0.431324
v 0.227160 0.847773 -0.431324
v 0.114560 0.870170 -0.431324
v 0.000000 0.877679 -0.431324
v -0.114560 0.870170 -0.431324
v -0.227160 0.847773 -0.431324
v -0.335873 0.810870 -0.431324
v -0.438839 0.760092 -0.431324
v -0.534297 0.696310 -0.431324
v -0.620613 0.620613 -0.431324
v -0.696310 0.534297 -0.431324
v -0.760092 0.438839 -0.431324
v -0.810870 0.335873 -0.431324
v -0.847773 0.227160 -0.431324
v -0.870170 0.114560 -0.431324
v -0.877679 0.000000 -0.431324
v -0.870170 -0.114560 -0.431324
v -0.847773 -0.227160 -0.431324
v -0.810870 -0.335873 -0.431324
v -0.760092 -0.438839 -0.431324
v -0.696310 -0.534297 -0.431324
v -0.620613 -0.620613 -0.431324
v -0.534297 -0.696310 -0.431324
v -0.438839 -0.760092 -0.431324
v -0.335873 -0.810870 -0.431324
v -0.227160 -0.847773 -0.431324
v -0.114560 -0.870170 -0.431324
v -0.000000 -0.877679 -0.431324
v 0.114560 -0.870170 -0.431324
v 0.227160 -0.847773 -0.431324
v 0.335873 -0.810870 -0.431324
v 0.438839 -0.760092 -0.431324
v 0.534297 -0.696310 -0.431324
v 0.620613 -0.620613 -0.431324
v 0.696310 -0.534297 -0.431324
v 0.760092 -0.438839 -0.431324
v 0.810870 -0.335873 -0.431324
v 0.847773 -0.227160 -0.431324
v 0.870170 -0.114560 -0.431324
v 0.841254 0.000000 -0.486577
v 0.834056 0.109806 -0.486577
v 0.812589 0.217732 -0.486577
v 0.777217 0.321934 -0.486577
v 0.728547 0.420627 -0.486577
v 0.667411 0.512123 -0.486577
v 0.594856 0.594856 -0.486577
v 0.512123 0.667411 -0.486577
v 0.420627 0.728547 -0.486577
v 0.321934 0.777217 -0.486577
v 0.217732 0.812589 -0.486577
v 0.109806 0.834056 -0.486577
v 0.000000 0.841254 -0.486577
v -0.109806 0.834056 -0.486577
v -0.217732 0.812589 -0.486577
v -0.321934 0.777217 -0.486577
v -0.420627 0.728547 -0.486577
v -0.512123 0.667411 -0.486577
v -0.594856 0.594856 -0.486577
v -0.667411 0.512123 -0.486577
v -0.728547 0.420627 -0.486577
v -0.777217 0.321934 -0.486577
v -0.812589 0.217732 -0.486577
v -0.834056 0.109806 -0.486577
v -0.841254 0.000000 -0.486577
v -0.834056 -0.109806 -0.486577
v -0.812589 -0.217732 -0.486577
v -0.777217 -0.321934 -0.486577
v -0.728547 -0.420627 -0.486577
v -0.667411 -0.512123 -0.486577
v -0.594856 -0.594856 -0.486577
v -0.512123 -0.667411 -0.486577
v -0.420627 -0.728547 -0.486577
v -0.321934 -0.777217 -0.486577
v -0.217732 -0.812589 -0.486577
v -0.109806 -0.834056 -0.486577
v -0.000000 -0.841254 -0.486577
v 0.109806 -0.834056 -0.486577
v 0.217732 -0.812589 -0.486577
v 0.321934 -0.777217 -0.486577
v 0.420627 -0.728547 -0.486577
v 0.512123 -0.667411 -0.486577
v 0.594856 -0.594856 -0.486577
v 0.667411 -0.512123 -0.486577
v 0.728547 -0.420627 -0.486577
v 0.777217 -0.321934 -0.486577
v 0.812589 -0.217732 -0.486577
v 0.834056 -0.109806 -0.486577
v 0.800541 0.000000 -0.539350
v 0.793692 0.104492 -0.539350
v 0.773263 0.207195 -0.539350
v 0.739604 0.306354 -0.539350
v 0.693289 0.400271 -0.539350
v 0.635112 0.487339 -0.539350
v 0.566068 0.566068 -0.539350
v 0.487339 0.635112 -0.539350
v 0.400271 0.693289 -0.539350
v 0.306354 0.739604 -0.539350
v 0.207195 0.773263 -0.539350
v 0.104492 0.793692 -0.539350
v 0.000000 0.800541 -0.539350
v -0.104492 0.793692 -0.539350
v -0.207195 0.773263 -0.539350
v -0.306354 0.739604 -0.539350
v -0.400271 0.693289 -0.539350
v -0.487339 0.635112 -0.539350
v -0.566068 0.566068 -0.539350
v -0.635112 0.487339 -0.539350
v -0.693289 0.400271 -0.539350
v -0.739604 0.306354 -0.539350
v -0.773263 0.207195 -0.539350
v -0.793692 0.104492 -0.539350
v -0.800541 0.000000 -0.539350
v -0.793692 -0.104492 -0.539350
v -0.773263 -0.207195 -0.539350
v -0.739604 -0.306354 -0.539350
v -0.693289 -0.400271 -0.539350
v -0.635112 -0.487339 -0.539350
v -0.566068 -0.566068 -0.539350
v -0.487339 -0.635112 -0.539350
v -0.400271 -0.693289 -0.539350
v -0.306354 -0.739604 -0.539350
v -0.207195 -0.773263 -0.539350
v -0.104492 -0.793692 -0.539350
v -0.000000 -0.800541 -0.539350
v 0.104492 -0.793692 -0.539350
v 0.207195 -0.773263 -0.539350
v 0.306354 -0.739604 -0.539350
v 0.400271 -0.693289 -0.539350
v 0.487339 -0.635112 -0.539350
v 0.566068 -0.566068 -0.539350
v 0.635112 -0.487339 -0.539350
v 0.693289 -0.400271 -0.539350
v 0.739604 -0.306354 -0.539350
v 0.773263 -0.207195 -0.539350
v 0.793692 -0.104492 -0.539350
v 0.755750 0.000000 -0.589375
v 0.749284 0.098645 -0.589375
v 0.729998 0.195602 -0.589375
v 0.698222 0.289213 -0.589375
v 0.654498 0.377875 -0.589375
v 0.599576 0.460071 -0.589375
v 0.534396 0.534396 -0.589375
v 0.460071 0.599576 -0.589375
v 0.377875 0.654498 -0.589375
v 0.289213 0.698222 -0.589375
v 0.195602 0.729998 -0.589375
v 0.098645 0.749284 -0.589375
v 0.000000 0.755750 -0.589375
v -0.098645 0.749284 -0.589375
v -0.195602 0.729998 -0.589375
v -0.289213 0.698222 -0.589375
v -0.377875 0.654498 -0.589375
v -0.460071 0.599576 -0.589375
v -0.534396 0.534396 -0.589375
v -0.599576 0.460071 -0.589375
v -0.654498 0.377875 -0.589375
v -0.698222 0.289213 -0.589375
v -0.729998 0.195602 -0.589375
v -0.749284 0.098645 -0.589375
v -0.755750 0.000000 -0.589375
v -0.749284 -0.098645 -0.589375
v -0.729998 -0.195602 -0.589375
v -0.698222 -0.289213 -0.589375
v -0.654498 -0.377875 -0.589375
v -0.599576 -0.460071 -0.589375
v -0.534396 -0.534396 -0.589375
v -0.460071 -0.599576 -0.589375
v -0.377875 -0.654498 -0.589375
v -0.289213 -0.698222 -0.589375
v -0.195602 -0.729998 -0.589375
v -0.098645 -0.749284 -0.589375
v -0.000000 -0.755750 -0.589375
v 0.098645 -0.749284 -0.589375
v 0.195602 -0.729998 -0.589375
v 0.289213 -0.698222 -0.589375
v 0.377875 -0.654498 -0.589375
v 0.460071 -0.599576 -0.589375
v 0.534396 -0.534396 -0.589375
v 0.599576 -0.460071 -0.589375
v 0.654498 -0.377875 -0.589375
v 0.698222 -0.289213 -0.589375
v 0.729998 -0.195602 -0.589375
v 0.749284 -0.098645 -0.589375
v 0.707107 0.000000 -0.636396
v 0.701057 0.092296 -0.636396
v 0.683013 0.183013 -0.636396
v 0.653281 0.270598 -0.636396
v 0.612372 0.353553 -0.636396
v 0.560986 0.430459 -0.636396
v 0.500000 0.500000 -0.636396
v 0.430459 0.560986 -0.636396
v 0.353553 0.612372 -0.636396
v 0.270598 0.653281 -0.636396
v 0.183013 0.683013 -0.636396
v 0.092296 0.701057 -0.636396
v 0.000000 0.707107 -0.636396
v -0.092296 0.701057 -0.636396
v -0.183013 0.683013 -0.636396
v -0.270598 0.653281 -0.636396
v -0.353553 0.612372 -0.636396
v -0.430459 0.560986 -0.636396
v -0.500000 0.500000 -0.636396
v -0.560986 0.430459 -0.636396
v -0.612372 0.353553 -0.636396
v -0.653281 0.270598 -0.636396
v -0.683013 0.183013 -0.636396
v -0.701057 0.092296 -0.636396
v -0.707107 0.000000 -0.636396
v -0.701057 -0.092296 -0.636396
v -0.683013 -0.183013 -0.636396
v -0.653281 -0.270598 -0.636396
v -0.612372 -0.353553 -0.636396
v -0.560986 -0.430459 -0.636396
v -0.500000 -0.500000 -0.636396
v -0.430459 -0.560986 -0.636396
v -0.353553 -0.612372 -0.636396
v -0.270598 -0.653281 -0.636396
v -0.183013 -0.683013 -0.636396
v -0.092296 -0.701057 -0.636396
v -0.000000 -0.707107 -0.636396
v 0.092296 -0.701057 -0.636396
v 0.183013 -0.683013 -0.636396
v 0.270598 -0.653281 -0.636396
v 0.353553 -0.612372 -0.636396
v 0.430459 -0.560986 -0.636396
v 0.500000 -0.500000 -0.636396
v 0.560986 -0.430459 -0.636396
v 0.612372 -0.353553 -0.636396
v 0.653281 -0.270598 -0.636396
v 0.683013 -0.183013 -0.636396
v 0.701057 -0.092296 -0.636396
v 0.654861 0.000000 -0.680175
v 0.649258 0.085476 -0.680175
v 0.632547 0.169490 -0.680175
v 0.605012 0.250604 -0.680175
v 0.567126 0.327430 -0.680175
v 0.519536 0.398654 -0.680175
v 0.463056 0.463056 -0.680175
v 0.398654 0.519536 -0.680175
v 0.327430 0.567126 -0.680175
v 0.250604 0.605012 -0.680175
v 0.169490 0.632547 -0.680175
v 0.085476 0.649258 -0.680175
v 0.000000 0.654861 -0.680175
v -0.085476 0.649258 -0.680175
v -0.169490 0.632547 -0.680175
v -0.250604 0.605012 -0.680175
v -0.327430 0.567126 -0.680175
v -0.398654 0.519536 -0.680175
v -0.463056 0.463056 -0.680175
v -0.519536 0.398654 -0.680175
v -0.567126 0.327430 -0.680175
v -0.605012 0.250604 -0.680175
v -0.632547 0.169490 -0.680175
v -0.649258 0.085476 -0.680175
v -0.654861 0.000000 -0.680175
v -0.649258 -0.085476 -0.680175
v -0.632547 -0.169490 -0.680175
v -0.605012 -0.250604 -0.680175
v -0.567126 -0.327430 -0.680175
v -0.519536 -0.398654 -0.680175
v -0.463056 -0.463056 -0.680175
v -0.398654 -0.519536 -0.680175
v -0.327430 -0.567126 -0.680175
v -0.250604 -0.605012 -0.680175
v -0.169490 -0.632547 -0.680175
v -0.085476 -0.649258 -0.680175
v -0.000000 -0.654861 -0.680175
v 0.085476 -0.649258 -0.680175
v 0.169490 -0.632547 -0.680175
v 0.250604 -0.605012 -0.680175
v 0.327430 -0.567126 -0.680175
v 0.398654 -0.519536 -0.680175
v 0.463056 -0.463056 -0.680175
v 0.519536 -0.398654 -0.680175
v 0.567126 -0.327430 -0.680175
v 0.605012 -0.250604 -0.680175
v 0.632547 -0.169490 -0.680175
v 0.649258 -0.085476 -0.680175
v 0.592664 0.000000 -0.720487
v 0.587593 0.077358 -0.720487
v 0.572469 0.153393 -0.720487
v 0.547550 0.226803 -0.720487
v 0.513262 0.296332 -0.720487
v 0.470192 0.360791 -0.720487
v 0.419077 0.419077 -0.720487
v 0.360791 0.470192 -0.720487
v 0.296332 0.513262 -0.720487
v 0.226803 0.547550 -0.720487
v 0.153393 0.572469 -0.720487
v 0.077358 0.587593 -0.720487
v 0.000000 0.592664 -0.720487
v -0.077358 0.587593 -0.720487
v -0.153393 0.572469 -0.720487
v -0.226803 0.547550 -0.720487
v -0.296332 0.513262 -0.720487
v -0.360791 0.470192 -0.720487
v -0.419077 0.419077 -0.720487
v -0.470192 0.360791 -0.720487
v -0.513262 0.296332 -0.720487
v -0.547550 0.226803 -0.720487
v -0.572469 0.153393 -0.720487
v -0.587593 0.077358 -0.720487
v -0.592664 0.000000 -0.720487
v -0.587593 -0.077358 -0.720487
v -0.572469 -0.153393 -0.720487
v -0.547550 -0.226803 -0.720487
v -0.513262 -0.296332 -0.720487
v -0.470192 -0.360791 -0.720487
v -0.419077 -0.419077 -0.720487
v -0.360791 -0.470192 -0.720487
v -0.296332 -0.513262 -0.720487
v -0.226803 -0.547550 -0.720487
v -0.153393 -0.572469 -0.720487
v -0.077358 -0.587593 -0.720487
v -0.000000 -0.592664 -0.720487
v 0.077358 -0.587593 -0.720487
v 0.153393 -0.572469 -0.720487
v 0.226803 -0.547550 -0.720487
v 0.296332 -0.513262 -0.720487
v 0.360791 -0.470192 -0.720487
v 0.419077 -0.419077 -0.720487
v 0.470192 -0.360791 -0.720487
v 0.513262 -0.296332 -0.720487
v 0.547550 -0.226803 -0.720487
v 0.572469 -0.153393 -0.720487
v 0.587593 -0.077358 -0.720487
v 0.494563 0.000000 -0.757128
v 0.490332 0.064553 -0.757128
v 0.477712 0.128002 -0.757128
v 0.456917 0.189261 -0.757128
v 0.428304 0.247282 -0.757128
v 0.392364 0.301071 -0.757128
v 0.349709 0.349709 -0.757128
v 0.301071 0.392364 -0.757128
v 0.247282 0.428304 -0.757128
v 0.189261 0.456917 -0.757128
v 0.128002 0.477712 -0.757128
v 0.064553 0.490332 -0.757128
v 0.000000 0.494563 -0.757128
v -0.064553 0.490332 -0.757128
v -0.128002 0.477712 -0.757128
v -0.189261 0.456917 -0.757128
v -0.247282 0.428304 -0.757128
v -0.301071 0.392364 -0.757128
v -0.349709 0.349709 -0.757128
v -0.392364 0.301071 -0.757128
v -0.428304 0.247282 -0.757128
v -0.456917 0.189261 -0.757128
v -0.477712 0.128002 -0.757128
v -0.490332 0.064553 -0.757128
v -0.494563 0.000000 -0.757128
v -0.490332 -0.064553 -0.757128
v -0.477712 -0.128002 -0.757128
v -0.456917 -0.189261 -0.757128
v -0.428304 -0.247282 -0.757128
v -0.392364 -0.301071 -0.757128
v -0.349709 -0.349709 -0.757128
v -0.301071 -0.392364 -0.757128
v -0.247282 -0.428304 -0.757128
v -0.189261 -0.456917 -0.757128
v -0.128002 -0.477712 -0.757128
v -0.064553 -0.490332 -0.757128
v -0.000000 -0.494563 -0.757128
v 0.064553 -0.490332 -0.757128
v 0.128002 -0.477712 -0.757128
v 0.189261 -0.456917 -0.757128
v 0.247282 -0.428304 -0.757128
v 0.301071 -0.392364 -0.757128
v 0.349709 -0.349709 -0.757128
v 0.392364 -0.301071 -0.757128
v 0.428304 -0.247282 -0.757128
v 0.456917 -0.189261 -0.757128
v 0.477712 -0.128002 -0.757128
v 0.490332 -0.064553 -0.757128
v 0.389459 0.000000 -0.789911
v 0.386127 0.050835 -0.789911
v 0.376189 0.100799 -0.789911
v 0.359813 0.149040 -0.789911
v 0.337282 0.194730 -0.789911
v 0.308979 0.237088 -0.789911
v 0.275389 0.275389 -0.789911
v 0.237088 0.308979 -0.789911
v 0.194730 0.337282 -0.789911
v 0.149040 0.359813 -0.789911
v 0.100799 0.376189 -0.789911
v 0.050835 0.386127 -0.789911
v 0.000000 0.389459 -0.789911
v -0.050835 0.386127 -0.789911
v -0.100799 0.376189 -0.789911
v -0.149040 0.359813 -0.789911
v -0.194730 0.337282 -0.789911
v -0.237088 0.308979 -0.789911
v -0.275389 0.275389 -0.789911
v -0.308979 0.237088 -0.789911
v -0.337282 0.194730 -0.789911
v -0.359813 0.149040 -0.789911
v -0.376189 0.100799 -0.789911
v -0.386127 0.050835 -0.789911
v -0.389459 0.000000 -0.789911
v -0.386127 -0.050835 -0.789911
v -0.376189 -0.100799 -0.789911
v -0.359813 -0.149040 -0.789911
v -0.337282 -0.194730 -0.789911
v -0.308979 -0.237088 -0.789911
v -0.275389 -0.275389 -0.789911
v -0.237088 -0.308979 -0.789911
v -0.194730 -0.337282 -0.789911
v -0.149040 -0.359813 -0.789911
v -0.100799 -0.376189 -0.789911
v -0.050835 -0.386127 -0.789911
v -0.000000 -0.389459 -0.789911
v 0.050835 -0.386127 -0.789911
v 0.100799 -0.376189 -0.789911
v 0.149040 -0.359813 -0.789911
v 0.194730 -0.337282 -0.789911
v 0.237088 -0.308979 -0.789911
v 0.275389 -0.275389 -0.789911
v 0.308979 -0.237088 -0.789911
v 0.337282 -0.194730 -0.789911
v 0.359813 -0.149040 -0.789911
v 0.376189 -0.100799 -0.789911
v 0.386127 -0.050835 -0.789911
v 0.297190 0.000000 -0.818669
v 0.294647 0.038791 -0.818669
v 0.287063 0.076918 -0.818669
v 0.274568 0.113730 -0.818669
v 0.257374 0.148595 -0.818669
v 0.235777 0.180918 -0.818669
v 0.210145 0.210145 -0.818669
v 0.180918 0.235777 -0.818669
v 0.148595 0.257374 -0.818669
v 0.113730 0.274568 -0.818669
v 0.076918 0.287063 -0.818669
v 0.038791 0.294647 -0.818669
v 0.000000 0.297190 -0.818669
v -0.038791 0.294647 -0.818669
v -0.076918 0.287063 -0.818669
v -0.113730 0.274568 -0.818669
v -0.148595 0.257374 -0.818669
v -0.180918 0.235777 -0.818669
v -0.210145 0.210145 -0.818669
v -0.235777 0.180918 -0.818669
v -0.257374 0.148595 -0.818669
v -0.274568 0.113730 -0.818669
v -0.287063 0.076918 -0.818669
v -0.294647 0.038791 -0.818669
v -0.297190 0.000000 -0.818669
v -0.294647 -0.038791 -0.818669
v -0.287063 -0.076918 -0.818669
v -0.274568 -0.113730 -0.818669
v -0.257374 -0.148595 -0.818669
v -0.235777 -0.180918 -0.818669
v -0.210145 -0.210145 -0.818669
v -0.180918 -0.235777 -0.818669
v -0.148595 -0.257374 -0.818669
v -0.113730 -0.274568 -0.818669
v -0.076918 -0.287063 -0.818669
v -0.038791 -0.294647 -0.818669
v -0.000000 -0.297190 -0.818669
v 0.038791 -0.294647 -0.818669
v 0.076918 -0.287063 -0.818669
v 0.113730 -0.274568 -0.818669
v 0.148595 -0.257374 -0.818669
v 0.180918 -0.235777 -0.818669
v 0.210145 -0.210145 -0.818669
v 0.235777 -0.180918 -0.818669
v 0.257374 -0.148595 -0.818669
v 0.274568 -0.113730 -0.818669
v 0.287063 -0.076918 -0.818669
v 0.294647 -0.038791 -0.818669
v 0.223551 0.000000 -0.843255
v 0.221639 0.029179 -0.843255
v 0.215934 0.057859 -0.843255
v 0.206534 0.085549 -0.843255
v 0.193601 0.111776 -0.843255
v 0.177355 0.136089 -0.843255
v 0.158075 0.158075 -0.843255
v 0.136089 0.177355 -0.843255
v 0.111776 0.193601 -0.843255
v 0.085549 0.206534 -0.843255
v 0.057859 0.215934 -0.843255
v 0.029179 0.221639 -0.843255
v 0.000000 0.223551 -0.843255
v -0.029179 0.221639 -0.843255
v -0.057859 0.215934 -0.843255
v -0.085549 0.206534 -0.843255
v -0.111776 0.193601 -0.843255
v -0.136089 0.177355 -0.843255
v -0.158075 0.158075 -0.843255
v -0.177355 0.136089 -0.843255
v -0.193601 0.111776 -0.843255
v -0.206534 0.085549 -0.843255
v -0.215934 0.057859 -0.843255
v -0.221639 0.029179 -0.843255
v -0.223551 0.000000 -0.843255
v -0.221639 -0.029179 -0.843255
v -0.215934 -0.057859 -0.843255
v -0.206534 -0.085549 -0.843255
v -0.193601 -0.111776 -0.843255
v -0.177355 -0.136089 -0.843255
v -0.158075 -0.158075 -0.843255
v -0.136089 -0.177355 -0.843255
v -0.111776 -0.193601 -0.843255
v -0.085549 -0.206534 -0.843255
v -0.057859 -0.215934 -0.843255
v -0.029179 -0.221639 -0.843255
v -0.000000 -0.223551 -0.843255
v 0.029179 -0.221639 -0.843255
v 0.057859 -0.215934 -0.843255
v 0.085549 -0.206534 -0.843255
v 0.111776 -0.193601 -0.843255
v 0.136089 -0.177355 -0.843255
v 0.158075 -0.158075 -0.843255
v 0.177355 -0.136089 -0.843255
v 0.193601 -0.111776 -0.843255
v 0.206534 -0.085549 -0.843255
v 0.215934 -0.057859 -0.843255
v 0.221639 -0.029179 -0.843255
v 0.166264 0.000000 -0.863544
v 0.164842 0.021702 -0.863544
v 0.160599 0.043032 -0.863544
v 0.153608 0.063627 -0.863544
v 0.143989 0.083132 -0.863544
v 0.131906 0.101215 -0.863544
v 0.117567 0.117567 -0.863544
v 0.101215 0.131906 -0.863544
v 0.083132 0.143989 -0.863544
v 0.063627 0.153608 -0.863544
v 0.043032 0.160599 -0.863544
v 0.021702 0.164842 -0.863544
v 0.000000 0.166264 -0.863544
v -0.021702 0.164842 -0.863544
v -0.043032 0.160599 -0.863544
v -0.063627 0.153608 -0.863544
v -0.083132 0.143989 -0.863544
v -0.101215 0.131906 -0.863544
v -0.117567 0.117567 -0.863544
v -0.131906 0.101215 -0.863544
v -0.143989 0.083132 -0.863544
v -0.153608 0.063627 -0.863544
v -0.160599 0.043032 -0.863544
v -0.164842 0.021702 -0.863544
v -0.166264 0.000000 -0.863544
v -0.164842 -0.021702 -0.863544
v -0.160599 -0.043032 -0.863544
v -0.153608 -0.063627 -0.863544
v -0.143989 -0.083132 -0.863544
v -0.131906 -0.101215 -0.863544
v -0.117567 -0.117567 -0.863544
v -0.101215 -0.131906 -0.863544
v -0.083132 -0.143989 -0.863544
v -0.063627 -0.153608 -0.863544
v -0.043032 -0.160599 -0.863544
v -0.021702 -0.164842 -0.863544
v -0.000000 -0.166264 -0.863544
v 0.021702 -0.164842 -0.863544
v 0.043032 -0.160599 -0.863544
v 0.063627 -0.153608 -0.863544
v 0.083132 -0.143989 -0.863544
v 0.101215 -0.131906 -0.863544
v 0.117567 -0.117567 -0.863544
v 0.131906 -0.101215 -0.863544
v 0.143989 -0.083132 -0.863544
v 0.153608 -0.063627 -0.863544
v 0.160599 -0.043032 -0.863544
v 0.164842 -0.021702 -0.863544
v 0.119793 0.000000 -0.879432
v 0.118768 0.015636 -0.879432
v 0.115711 0.031005 -0.879432
v 0.110674 0.045843 -0.879432
v 0.103744 0.059896 -0.879432
v 0.095038 0.072925 -0.879432
v 0.084706 0.084706 -0.879432
v 0.072925 0.095038 -0.879432
v 0.059896 0.103744 -0.879432
v 0.045843 0.110674 -0.879432
v 0.031005 0.115711 -0.879432
v 0.015636 0.118768 -0.879432
v 0.000000 0.119793 -0.879432
v -0.015636 0.118768 -0.879432
v -0.031005 0.115711 -0.879432
v -0.045843 0.110674 -0.879432
v -0.059896 0.103744 -0.879432
v -0.072925 0.095038 -0.879432
v -0.084706 0.084706 -0.879432
v -0.095038 0.072925 -0.879432
v -0.103744 0.059896 -0.879432
v -0.110674 0.045843 -0.879432
v -0.115711 0.031005 -0.879432
v -0.118768 0.015636 -0.879432
v -0.119793 0.000000 -0.879432
v -0.118768 -0.015636 -0.879432
v -0.115711 -0.031005 -0.879432
v -0.110674 -0.045843 -0.879432
v -0.103744 -0.059896 -0.879432
v -0.095038 -0.072925 -0.879432
v -0.084706 -0.084706 -0.879432
v -0.072925 -0.095038 -0.879432
v -0.059896 -0.103744 -0.879432
v -0.045843 -0.110674 -0.879432
v -0.031005 -0.115711 -0.879432
v -0.015636 -0.118768 -0.879432
v -0.000000 -0.119793 -0.879432
v 0.015636 -0.118768 -0.879432
v 0.031005 -0.115711 -0.879432
v 0.045843 -0.110674 -0.879432
v 0.059896 -0.103744 -0.879432
v 0.072925 -0.095038 -0.879432
v 0.084706 -0.084706 -0.879432
v 0.095038 -0.072925 -0.879432
v 0.103744 -0.059896 -0.879432
v 0.110674 -0.045843 -0.879432
v 0.115711 -0.031005 -0.879432
v 0.118768 -0.015636 -0.879432
v 0.078672 0.000000 -0.890839
v 0.077999 0.010269 -0.890839
v 0.075991 0.020362 -0.890839
v 0.072683 0.030106 -0.890839
v 0.068132 0.039336 -0.890839
v 0.062414 0.047892 -0.890839
v 0.055629 0.055629 -0.890839
v 0.047892 0.062414 -0.890839
v 0.039336 0.068132 -0.890839
v 0.030106 0.072683 -0.890839
v 0.020362 0.075991 -0.890839
v 0.010269 0.077999 -0.890839
v 0.000000 0.078672 -0.890839
v -0.010269 0.077999 -0.890839
v -0.020362 0.075991 -0.890839
v -0.030106 0.072683 -0.890839
v -0.039336 0.068132 -0.890839
v -0.047892 0.062414 -0.890839
v -0.055629 0.055629 -0.890839
v -0.062414 0.047892 -0.890839
v -0.068132 0.039336 -0.890839
v -0.072683 0.030106 -0.890839
v -0.075991 0.020362 -0.890839
v -0.077999 0.010269 -0.890839
v -0.078672 0.000000 -0.890839
v -0.077999 -0.010269 -0.890839
v -0.075991 -0.020362 -0.890839
v -0.072683 -0.030106 -0.890839
v -0.068132 -0.039336 -0.890839
v -0.062414 -0.047892 -0.890839
v -0.055629 -0.055629 -0.890839
v -0.047892 -0.062414 -0.890839
v -0.039336 -0.068132 -0.890839
v -0.030106 -0.072683 -0.890839
v -0.020362 -0.075991 -0.890839
v -0.010269 -0.077999 -0.890839
v -0.000000 -0.078672 -0.890839
v 0.010269 -0.077999 -0.890839
v 0.020362 -0.075991 -0.890839
v 0.030106 -0.072683 -0.890839
v 0.039336 -0.068132 -0.890839
v 0.047892 -0.062414 -0.890839
v 0.055629 -0.055629 -0.890839
v 0.062414 -0.047892 -0.890839
v 0.068132 -0.039336 -0.890839
v 0.072683 -0.030106 -0.890839
v 0.075991 -0.020362 -0.890839
v 0.077999 -0.010269 -0.890839
v 0.039249 0.000000 -0.897707
v 0.038914 0.005123 -0.897707
v 0.037912 0.010158 -0.897707
v 0.036262 0.015020 -0.897707
v 0.033991 0.019625 -0.897707
v 0.031139 0.023894 -0.897707
v 0.027753 0.027753 -0.897707
v 0.023894 0.031139 -0.897707
v 0.019625 0.033991 -0.897707
v 0.015020 0.036262 -0.897707
v 0.010158 0.037912 -0.897707
v 0.005123 0.038914 -0.897707
v 0.000000 0.039249 -0.897707
v -0.005123 0.038914 -0.897707
v -0.010158 0.037912 -0.897707
v -0.015020 0.036262 -0.897707
v -0.019625 0.033991 -0.897707
v -0.023894 0.031139 -0.897707
v -0.027753 0.027753 -0.897707
v -0.031139 0.023894 -0.897707
v -0.033991 0.019625 -0.897707
v -0.036262 0.015020 -0.897707
v -0.037912 0.010158 -0.897707
v -0.038914 0.005123 -0.897707
v -0.039249 0.000000 -0.897707
v -0.038914 -0.005123 -0.897707
v -0.037912 -0.010158 -0.897707
v -0.036262 -0.015020 -0.897707
v -0.033991 -0.019625 -0.897707
v -0.031139 -0.023894 -0.897707
v -0.027753 -0.027753 -0.897707
v -0.023894 -0.031139 -0.897707
v -0.019625 -0.033991 -0.897707
v -0.015020 -0.036262 -0.897707
v -0.010158 -0.037912 -0.897707
v -0.005123 -0.038914 -0.897707
v -0.000000 -0.039249 -0.897707
v 0.005123 -0.038914 -0.897707
v 0.010158 -0.037912 -0.897707
v 0.015020 -0.036262 -0.897707
v 0.019625 -0.033991 -0.897707
v 0.023894 -0.031139 -0.897707
v 0.027753 -0.027753 -0.897707
v 0.031139 -0.023894 -0.897707
v 0.033991 -0.019625 -0.897707
v 0.036262 -0.015020 -0.897707
v 0.037912 -0.010158 -0.897707
v 0.038914 -0.005123 -0.897707
v 0.000000 0.000000 -0.900000
v 0.000000 0.000000 -0.900000
v 0.000000 0.000000 -0.900000
v 0.000000 0.000000 -0.900000
v 0.000000 0.000000 -0.900000
v 0.000000 0.000000 -0.900000
v 0.000000 0.000000 -0.900000
v 0.000000 0.000000 -0.900000
v 0.000000 0.000000 -0.900000
v 0.000000 0.000000 -0.900000
v 0.000000 0.000000 -0.900000
v 0.000000 0.000000 -0.900000
v 0.000000 0.000000 -0.900000
v -0.000000 0.000000 -0.900000
v -0.000000 0.000000 -0.900000
v -0.000000 0.000000 -0.900000
v -0.000000 0.000000 -0.900000
v -0.000000 0.000000 -0.900000
v -0.000000 0.000000 -0.900000
v -0.000000 0.000000 -0.900000
v -0.000000 0.000000 -0.900000
v -0.000000 0.000000 -0.900000
v -0.000000 0.000000 -0.900000
v -0.000000 0.000000 -0.900000
v -0.000000 0.000000 -0.900000
v -0.000000 -0.000000 -0.900000
v -0.000000 -0.000000 -0.900000
v -0.000000 -0.000000 -0.900000
v -0.000000 -0.000000 -0.900000
v -0.000000 -0.000000 -0.900000
v -0.000000 -0.000000 -0.900000
v -0.000000 -0.000000 -0.900000
v -0.000000 -0.000000 -0.900000
v -0.000000 -0.000000 -0.900000
v -0.000000 -0.000000 -0.900000
v -0.000000 -0.000000 -0.900000
v -0.000000 -0.000000 -0.900000
v 0.000000 -0.000000 -0.900000
v 0.000000 -0.000000 -0.900000
v 0.000000 -0.000000 -0.900000
v 0.000000 -0.000000 -0.900000
v 0.000000 -0.000000 -0.900000
v 0.000000 -0.000000 -0.900000
v 0.000000 -0.000000 -0.900000
v 0.000000 -0.000000 -0.900000
v 0.000000 -0.000000 -0.900000
v 0.000000 -0.000000 -0.900000
v 0.000000 -0.000000 -0.900000
vn 0.000000 0.000000 0.000000
vn 0.000000 0.000000 0.000000
vn 0.000000 0.000000 0.000000
vn 0.000000 0.000000 0.000000
vn 0.000000 0.000000 0.000000
vn 0.000000 0.000000 0.000000
vn 0.000000 0.000000 0.000000
vn 0.000000 0.000000 0.000000
vn 0.000000 0.000000 0.000000
vn 0.000000 0.000000 0.000000
vn 0.000000 0.000000 0.000000
vn 0.000000 0.000000 0.000000
vn 0.000000 0.000000 0.000000
vn 0.000000 0.000000 0.000000
vn 0.000000 0.000000 0.000000
vn 0.000000 0.000000 0.000000
vn 0.000000 0.000000 0.000000
vn 0.000000 0.000000 0.000000
vn 0.000000 0.000000 0.000000
vn 0.000000 0.000000 0.000000
vn 0.000000 0.000000 0.000000
vn 0.000000 0.000000 0.000000
vn 0.000000 0.000000 0.000000
vn 0.000000 0.000000 0.000000
vn 0.000000 0.000000 0.000000
vn 0.000000 0.000000 0.000000
vn 0.000000 0.000000 0.000000
vn 0.000000 0.000000 0.000000
vn 0.000000 0.000000 0.000000
vn 0.000000 0.000000 0.000000
vn 0.000000 0.000000 0.000000
vn 0.000000 0.000000 0.000000
vn 0.000000 0.000000 0.000000
vn 0.000000 0.000000 0.000000
vn 0.000000 0.000000 0.000000
vn 0.000000 0.000000 0.000000
vn 0.000000 0.000000 0.000000
vn 0.000000 0.000000 0.000000
vn 0.000000 0.000000 0.000000
vn 0.000000 0.000000 0.000000
vn 0.000000 0.000000 0.000000
vn 0.000000 0.000000 0.000000
vn 0.000000 0.000000 0.000000
vn 0.000000 0.000000 0.000000
vn 0.000000 0.000000 0.000000
vn 0.000000 0.000000 0.000000
vn 0.000000 0.000000 0.000000
vn 0.000000 0.000000 0.000000
vn 0.000000 0.000000 0.000000
vn 0.000000 0.000000 0.000000
vn 0.000000 0.000000 0.000000
vn 0.000000 0.000000 0.000000
vn 0.000000 0.000000 0.000000
vn 0.000000 0.000000 0.000000
vn 0.000000 0.000000 0.000000
vn 0.000000 0.000000 0.000000
vn 0.000000 0.000000 0.000000
vn 0.000000 0.000000 0.000000
vn 0.000000 0.000000 0.000000
vn 0.000000 0.000000 0.000000
vn 0.000000 0.000000 0.000000
vn 0.000000 0.000000 0.000000
vn 0.000000 0.000000 0.000000
vn 0.000000 0.000000 0.000000
vn 0.000000 0.000000 0.000000
vn 0.000000 0.000000 0.000000
vn 0.000000 0.000000 0.000000
vn 0.000000 0.000000 0.000000
vn 0.000000 0.000000 0.000000
vn 0.000000 0.000000 0.000000
vn 0.000000 0.000000 0.000000
vn 0.000000 0.000000 0.000000
vn 0.000000 0.000000 0.000000
vn 0.000000 0.000000 0.000000
vn 0.000000 0.000000 0.000000
vn 0.000000 0.000000 0.000000
vn 0.000000 0.000000 0.000000
vn 0.000000 0.000000 0.000000
vn 0.000000 0.000000 0.000000
vn 0.000000 0.000000 0.000000
vn 0.000000 0.000000 0.000000
vn 0.000000 0.000000 0.000000
vn 0.000000 0.000000 0.000000
vn 0.000000 0.000000 0.000000
vn 0.000000 0.000000 0.000000
vn 0.000000 0.000000 0.000000
vn 0.000000 0.000000 0.000000
vn 0.000000 0.000000 0.000000
vn 0.000000 0.000000 0.000000
vn 0.000000 0.000000 0.000000
vn 0.000000 0.000000 0.000000
vn 0.000000 0.000000 0.000000
vn 0.000000 0.000000 0.000000
vn 0.000000 0.000000 0.000000
vn 0.000000 0.000000 0.000000
vn 0.000000 0.000000 0.000000
vn 0.000000 0.000000 0.000000
vn 0.000000 0.000000 0.000000
vn 0.000000 0.000000 0.000000
vn 0.000000 0.000000 0.000000
vn 0.000000 0.000000 0.000000
vn 0.000000 0.000000 0.000000
vn 0.000000 0.000000 0.000000
vn 0.000000 0.000000 0.000000
vn 0.000000 0.000000 0.000000
vn 0.000000 0.000000 0.000000
vn 0.000000 0.000000 0.000000
vn 0.000000 0.000000 0.000000
vn 0.000000 0.000000 0.000000
vn 0.000000 0.000000 0.000000
vn 0.000000 0.000000 0.000000
vn 0.000000 0.000000 0.000000
vn 0.000000 0.000000 0.000000
vn 0.000000 0.000000 0.000000
vn 0.000000 0.000000 0.000000
vn 0.000000 0.000000 0.000000
vn 0.000000 0.000000 0.000000
vn 0.000000 0.000000 0.000000
vn 0.000000 0.000000 0.000000
vn 0.000000 0.000000 0.000000
vn 0.000000 0.000000 0.000000
vn 0.000000 0.000000 0.000000
vn 0.000000 0.000000 0.000000
vn 0.000000 0.000000 0.000000
vn 0.000000 0.000000 0.000000
vn 0.000000 0.000000 0.000000
vn 0.000000 0.000000 0.000000
vn 0.000000 0.000000 0.000000
vn 0.000000 0.000000 0.000000
vn 0.000000 0.000000 0.000000
vn 0.000000 0.000000 0.000000
vn 0.000000 0.000000 0.000000
vn 0.000000 0.000000 0.000000
vn 0.000000 0.000000 0.000000
vn 0.000000 0.000000 0.000000
vn 0.000000 0.000000 0.000000
vn 0.000000 0.000000 0.000000
vn 0.000000 0.000000 0.000000
vn 0.000000 0.000000 0.000000
vn 0.000000 0.000000 0.000000
vn 0.000000 0.000000 0.000000
vn 0.000000 0.000000 0.000000
vn 0.000000 0.000000 0.000000
vn 0.000000 0.000000 0.000000
vn 0.000000 0.000000 0.000000
vn 0.000000 0.000000 0.000000
vn 0.000000 0.000000 0.000000
vn 0.000000 0.000000 0.000000
vn 0.000000 0.000000 0.000000
vn 0.000000 0.000000 0.000000
vn 0.000000 0.000000 0.000000
vn 0.000000 0.000000 0.000000
vn 0.000000 0.000000 0.000000
vn 0.000000 0.000000 0.000000
vn 0.000000 0.000000 0.000000
vn 0.000000 0.000000 0.000000
vn 0.000000 0.000000 0.000000
vn 0.000000 0.000000 0.000000
vn 0.000000 0.000000 0.000000
vn 0.000000 0.000000 0.000000
vn 0.000000 0.000000 0.000000
vn 0.000000 0.000000 0.000000
vn 0.000000 0.000000 0.000000
vn 0.000000 0.000000 0.000000
vn 0.000000 0.000000 0.000000
vn 0.000000 0.000000 0.000000
vn 0.000000 0.000000 0.000000
vn 0.000000 0.000000 0.000000
vn 0.000000 0.000000 0.000000
vn 0.000000 0.000000 0.000000
vn 0.000000 0.000000 0.000000
vn 0.000000 0.000000 0.000000
vn 0.000000 0.000000 0.000000
vn 0.000000 0.000000 0.000000
vn 0.000000 0.000000 0.000000
vn 0.000000 0.000000 0.000000
vn 0.000000 0.000000 0.000000
vn 0.000000 0.000000 0.000000
vn 0.000000 0.000000 0.000000
vn 0.000000 0.000000 0.000000
vn 0.000000 0.000000 0.000000
vn 0.000000 0.000000 0.000000
vn 0.000000 0.000000 0.000000
vn 0.000000 0.000000 0.000000
vn 0.000000 0.000000 0.000000
vn 0.000000 0.000000 0.000000
vn 0.000000 0.000000 0.000000
vn 0.000000 0.000000 0.000000
vn 0.000000 0.000000 0.000000
vn 0.000000 0.000000 0.000000
vn 0.000000 0.000000 0.000000
vn 0.000000 0.000000 0.000000
vn 0.000000 0.000000 0.000000
vn 0.000000 0.000000 0.000000
vn 0.000000 0.000000 0.000000
vn 0.000000 0.000000 0.000000
vn 0.000000 0.000000 0.000000
vn 0.000000 0.000000 0.000000
vn 0.000000 0.000000 0.000000
vn 0.000000 0.000000 0.000000
vn 0.000000 0.000000 0.000000
vn 0.000000 0.000000 0.000000
vn 0.000000 0.000000 0.000000
vn 0.000000 0.000000 0.000000
vn 0.000000 0.000000 0.000000
vn 0.000000 0.000000 0.000000
vn 0.000000 0.000000 0.000000
vn 0.000000 0.000000 0.000000
vn 0.000000 0.000000 0.000000
vn 0.000000 0.000000 0.000000
vn 0.000000 0.000000 0.000000
vn 0.000000 0.000000 0.000000
vn 0.000000 0.000000 0.000000
vn 0.000000 0.000000 0.000000
vn 0.000000 0.000000 0.000000
vn 0.000000 0.000000 0.000000
vn 0.000000 0.000000 0.000000
vn 0.000000 0.000000 0.000000
vn 0.000000 0.000000 0.000000
vn 0.000000 0.000000 0.000000
vn 0.000000 0.000000 0.000000
vn 0.000000 0.000000 0.000000
vn 0.000000 0.000000 0.000000
vn 0.000000 0.000000 0.000000
vn 0.000000 0.000000 0.000000
vn 0.000000 0.000000 0.000000
vn 0.000000 0.000000 0.000000
vn 0.000000 0.000000 0.000000
vn 0.000000 0.000000 0.000000
vn 0.000000 0.000000 0.000000
vn 0.000000 0.000000 0.000000
vn 0.000000 0.000000 0.000000
vn 0.000000 0.000000 0.000000
vn 0.000000 0.000000 0.000000
vn 0.000000 0.000000 0.000000
vn 0.000000 0.000000 0.000000
vn 0.000000 0.000000 0.000000
vn 0.000000 0.000000 0.000000
vn 0.000000 0.000000 0.000000
vn 0.000000 0.000000 0.000000
vn 0.000000 0.000000 0.000000
vn 0.000000 0.000000 0.000000
vn 0.000000 0.000000 0.000000
vn 0.000000 0.000000 0.000000
vn 0.000000 0.000000 0.000000
vn 0.000000 0.000000 0.000000
vn 0.000000 0.000000 0.000000
vn 0.000000 0.000000 0.000000
vn 0.000000 0.000000 0.000000
vn 0.000000 0.000000 0.000000
vn 0.000000 0.000000 0.000000
vn 0.000000 0.000000 0.000000
vn 0.000000 0.000000 0.000000
vn 0.000000 0.000000 0.000000
vn 0.000000 0.000000 0.000000
vn 0.000000 0.000000 0.000000
vn 0.000000 0.000000 0.000000
vn 0.000000 0.000000 0.000000
vn 0.000000 0.000000 0.000000
vn 0.000000 0.000000 0.000000
vn 0.000000 0.000000 0.000000
vn 0.000000 0.000000 0.000000
vn 0.000000 0.000000 0.000000
vn 0.000000 0.000000 0.000000
vn 0.000000 0.000000 0.000000
vn 0.000000 0.000000 0.000000
vn 0.000000 0.000000 0.000000
vn 0.000000 0.000000 0.000000
vn 0.000000 0.000000 0.000000
vn 0.000000 0.000000 0.000000
vn 0.000000 0.000000 0.000000
vn 0.000000 0.000000 0.000000
vn 0.000000 0.000000 0.000000
vn 0.000000 0.000000 0.000000
vn 0.000000 0.000000 0.000000
vn 0.000000 0.000000 0.000000
vn 0.000000 0.000000 0.000000
vn 0.000000 0.000000 0.000000
vn 0.000000 0.000000 0.000000
vn 0.000000 0.000000 0.000000
vn 0.000000 0.000000 0.000000
vn 0.000000 0.000000 0.000000
vn 0.000000 0.000000 0.000000
vn 0.000000 0.000000 0.000000
vn 0.000000 0.000000 0.000000
vn 0.000000 0.000000 0.000000
vn 0.000000 0.000000 0.000000
vn 0.000000 0.000000 0.000000
vn 0.000000 0.000000 0.000000
vn 0.000000 0.000000 0.000000
vn 0.000000 0.000000 0.000000
vn 0.000000 0.000000 0.000000
vn 0.000000 0.000000 0.000000
vn 0.000000 0.000000 0.000000
vn 0.000000 0.000000 0.000000
vn 0.000000 0.000000 0.000000
vn 0.000000 0.000000 0.000000
vn 0.000000 0.000000 0.000000
vn 0.000000 0.000000 0.000000
vn 0.000000 0.000000 0.000000
vn 0.000000 0.000000 0.000000
vn 0.000000 0.000000 0.000000
vn 0.000000 0.000000 0.000000
vn 0.000000 0.000000 0.000000
vn 0.000000 0.000000 0.000000
vn 0.000000 0.000000 0.000000
vn 0.000000 0.000000 0.000000
vn 0.000000 0.000000 0.000000
vn 0.000000 0.000000 0.000000
vn 0.000000 0.000000 0.000000
vn 0.000000 0.000000 0.000000
vn 0.000000 0.000000 0.000000
vn 0.000000 0.000000 0.000000
vn 0.000000 0.000000 0.000000
vn 0.000000 0.000000 0.000000
vn 0.000000 0.000000 0.000000
vn 0.000000 0.000000 0.000000
vn 0.000000 0.000000 0.000000
vn 0.000000 0.000000 0.000000
vn 0.000000 0.000000 0.000000
vn 0.000000 0.000000 0.000000
vn 0.000000 0.000000 0.000000
vn 0.000000 0.000000 0.000000
vn 0.000000 0.000000 0.000000
vn 0.000000 0.000000 0.000000
vn 0.000000 0.000000 0.000000
vn 0.000000 0.000000 0.000000
vn 0.000000 0.000000 0.000000
vn 0.000000 0.000000 0.000000
vn 0.000000 0.000000 0.000000
vn 0.000000 0.000000 0.000000
vn 0.000000 0.000000 0.000000
vn 0.000000 0.000000 0.000000
vn 0.000000 0.000000 0.000000
vn 0.000000 0.000000 0.000000
vn 0.000000 0.000000 0.000000
vn 0.000000 0.000000 0.000000
vn 0.000000 0.000000 0.000000
vn 0.000000 0.000000 0.000000
vn 0.000000 0.000000 0.000000
vn 0.000000 0.000000 0.000000
vn 0.000000 0.000000 0.000000
vn 0.000000 0.000000 0.000000
vn 0.000000 0.000000 0.000000
vn 0.000000 0.000000 0.000000
vn 0.000000 0.000000 0.000000
vn 0.000000 0.000000 0.000000
vn 0.000000 0.000000 0.000000
vn 0.000000 0.000000 0.000000
vn 0.000000 0.000000 0.000000
vn 0.000000 0.000000 0.000000
vn 0.000000 0.000000 0.000000
vn 0.000000 0.000000 0.000000
vn 0.000000 0.000000 0.000000
vn 0.000000 0.000000 0.000000
vn 0.000000 0.000000 0.000000
vn 0.000000 0.000000 0.000000
vn 0.000000 0.000000 0.000000
vn 0.000000 0.000000 0.000000
vn 0.000000 0.000000 0.000000
vn 0.000000 0.000000 0.000000
vn 0.000000 0.000000 0.000000
vn 0.000000 0.000000 0.000000
vn 0.000000 0.000000 0.000000
vn 0.000000 0.000000 0.000000
vn 0.000000 0.000000 0.000000
vn 0.000000 0.000000 0.000000
vn 0.000000 0.000000 0.000000
vn 0.000000 0.000000 0.000000
vn 0.000000 0.000000 0.000000
vn 0.000000 0.000000 0.000000
vn 0.000000 0.000000 0.000000
vn 0.000000 0.000000 0.000000
vn 0.000000 0.000000 0.000000
vn 0.000000 0.000000 0.000000
vn 0.000000 0.000000 0.000000
vn 0.000000 0.000000 0.000000
vn 0.000000 0.000000 0.000000
vn 0.000000 0.000000 0.000000
vn 0.000000 0.000000 0.000000
vn 0.000000 0.000000 0.000000
vn 0.000000 0.000000 0.000000
vn 0.000000 0.000000 0.000000
vn 0.000000 0.000000 0.000000
vn 0.000000 0.000000 0.000000
vn 0.000000 0.000000 0.000000
vn 0.000000 0.000000 0.000000
vn 0.000000 0.000000 0.000000
vn 0.000000 0.000000 0.000000
vn 0.000000 0.000000 0.000000
vn 0.000000 0.000000 0.000000
vn 0.000000 0.000000 0.000000
vn 0.000000 0.000000 0.000000
vn 0.000000 0.000000 0.000000
vn 0.000000 0.000000 0.000000
vn 0.000000 0.000000 0.000000
vn 0.000000 0.000000 0.000000
vn 0.000000 0.000000 0.000000
vn 0.000000 0.000000 0.000000
vn 0.000000 0.000000 0.000000
vn 0.000000 0.000000 0.000000
vn 0.000000 0.000000 0.000000
vn 0.000000 0.000000 0.000000
vn 0.000000 0.000000 0.000000
vn 0.000000 0.000000 0.000000
vn 0.000000 0.000000 0.000000
vn 0.000000 0.000000 0.000000
vn 0.000000 0.000000 0.000000
vn 0.000000 0.000000 0.000000
vn 0.000000 0.000000 0.000000
vn 0.000000 0.000000 0.000000
vn 0.000000 0.000000 0.000000
vn 0.000000 0.000000 0.000000
vn 0.000000 0.000000 0.000000
vn 0.000000 0.000000 0.000000
vn 0.000000 0.000000 0.000000
vn 0.000000 0.000000 0.000000
vn 0.000000 0.000000 0.000000
vn 0.000000 0.000000 0.000000
vn 0.000000 0.000000 0.000000
vn 0.000000 0.000000 0.000000
vn 0.000000 0.000000 0.000000
vn 0.000000 0.000000 0.000000
vn 0.000000 0.000000 0.000000
vn 0.000000 0.000000 0.000000
vn 0.000000 0.000000 0.000000
vn 0.000000 0.000000 0.000000
vn 0.000000 0.000000 0.000000
vn 0.000000 0.000000 0.000000
vn 0.000000 0.000000 0.000000
vn 0.000000 0.000000 0.000000
vn 0.000000 0.000000 0.000000
vn 0.000000 0.000000 0.000000
vn 0.000000 0.000000 0.000000
vn 0.000000 0.000000 0.000000
vn 0.000000 0.000000 0.000000
vn 0.000000 0.000000 0.000000
vn 0.000000 0.000000 0.000000
vn 0.000000 0.000000 0.000000
vn 0.000000 0.000000 0.000000
vn 0.000000 0.000000 0.000000
vn 0.000000 0.000000 0.000000
vn 0.000000 0.000000 0.000000
vn 0.000000 0.000000 0.000000
vn 0.000000 0.000000 0.000000
vn 0.000000 0.000000 0.000000
vn 0.000000 0.000000 0.000000
vn 0.000000 0.000000 0.000000
vn 0.000000 0.000000 0.000000
vn 0.000000 0.000000 0.000000
vn 0.000000 0.000000 0.000000
vn 0.000000 0.000000 0.000000
vn 0.000000 0.000000 0.000000
vn 0.000000 0.000000 0.000000
vn 0.000000 0.000000 0.000000
vn 0.000000 0.000000 0.000000
vn 0.000000 0.000000 0.000000
vn 0.000000 0.000000 0.000000
vn 0.000000 0.000000 0.000000
vn 0.000000 0.000000 0.000000
vn 0.000000 0.000000 0.000000
vn 0.000000 0.000000 0.000000
vn 0.000000 0.000000 0.000000
vn 0.000000 0.000000 0.000000
vn 0.000000 0.000000 0.000000
vn 0.000000 0.000000 0.000000
vn 0.000000 0.000000 0.000000
vn 0.000000 0.000000 0.000000
vn 0.000000 0.000000 0.000000
vn 0.000000 0.000000 0.000000
vn 0.000000 0.000000 0.000000
vn 0.000000 0.000000 0.000000
vn 0.000000 0.000000 0.000000
vn 0.000000 0.000000 0.000000
vn 0.000000 0.000000 0.000000
vn 0.000000 0.000000 0.000000
vn 0.000000 0.000000 0.000000
vn 0.000000 0.000000 0.000000
vn 0.000000 0.000000 0.000000
vn 0.000000 0.000000 0.000000
vn 0.000000 0.000000 0.000000
vn 0.000000 0.000000 0.000000
vn 0.000000 0.000000 0.000000
vn 0.000000 0.000000 0.000000
vn 0.000000 0.000000 0.000000
vn 0.000000 0.000000 0.000000
vn 0.000000 0.000000 0.000000
vn 0.000000 0.000000 0.000000
vn 0.000000 0.000000 0.000000
vn 0.000000 0.000000 0.000000
vn 0.000000 0.000000 0.000000
vn 0.000000 0.000000 0.000000
vn 0.000000 0.000000 0.000000
vn 0.000000 0.000000 0.000000
vn 0.000000 0.000000 0.000000
vn 0.000000 0.000000 0.000000
vn 0.000000 0.000000 0.000000
vn 0.000000 0.000000 0.000000
vn 0.000000 0.000000 0.000000
vn 0.000000 0.000000 0.000000
vn 0.000000 0.000000 0.000000
vn 0.000000 0.000000 0.000000
vn 0.000000 0.000000 0.000000
vn 0.000000 0.000000 0.000000
vn 0.000000 0.000000 0.000000
vn 0.000000 0.000000 0.000000
vn 0.000000 0.000000 0.000000
vn 0.000000 0.000000 0.000000
vn 0.000000 0.000000 0.000000
vn 0.000000 0.000000 0.000000
vn 0.000000 0.000000 0.000000
vn 0.000000 0.000000 0.000000
vn 0.000000 0.000000 0.000000
vn 0.000000 0.000000 0.000000
vn 0.000000 0.000000 0.000000
vn 0.000000 0.000000 0.000000
vn 0.000000 0.000000 0.000000
vn 0.000000 0.000000 0.000000
vn 0.000000 0.000000 0.000000
vn 0.000000 0.000000 0.000000
vn 0.000000 0.000000 0.000000
vn 0.000000 0.000000 0.000000
vn 0.000000 0.000000 0.000000
vn 0.000000 0.000000 0.000000
vn 0.000000 0.000000 0.000000
vn 0.000000 0.000000 0.000000
vn 0.000000 0.000000 0.000000
vn 0.000000 0.000000 0.000000
vn 0.000000 0.000000 0.000000
vn 0.000000 0.000000 0.000000
vn 0.000000 0.000000 0.000000
vn 0.000000 0.000000 0.000000
vn 0.000000 0.000000 0.000000
vn 0.000000 0.000000 0.000000
vn 0.000000 0.000000 0.000000
vn 0.000000 0.000000 0.000000
vn 0.000000 0.000000 0.000000
vn 0.000000 0.000000 0.000000
vn 0.000000 0.000000 0.000000
vn 0.000000 0.000000 0.000000
vn 0.000000 0.000000 0.000000
vn 0.000000 0.000000 0.000000
vn 0.000000 0.000000 0.000000
vn 0.000000 0.000000 0.000000
vn 0.000000 0.000000 0.000000
vn 0.000000 0.000000 0.000000
vn 0.000000 0.000000 0.000000
vn 0.000000 0.000000 0.000000
vn 0.000000 0.000000 0.000000
vn 0.000000 0.000000 0.000000
vn 0.000000 0.000000 0.000000
vn 0.000000 0.000000 0.000000
vn 0.000000 0.000000 0.000000
vn 0.000000 0.000000 0.000000
vn 0.000000 0.000000 0.000000
vn 0.000000 0.000000 0.000000
vn 0.000000 0.000000 0.000000
vn 0.000000 0.000000 0.000000
vn 0.000000 0.000000 0.000000
vn 0.000000 0.000000 0.000000
vn 0.000000 0.000000 0.000000
vn 0.000000 0.000000 0.000000
vn 0.000000 0.000000 0.000000
vn 0.000000 0.000000 0.000000
vn 0.000000 0.000000 0.000000
vn 0.000000 0.000000 0.000000
vn 0.000000 0.000000 0.000000
vn 0.000000 0.000000 0.000000
vn 0.000000 0.000000 0.000000
vn 0.000000 0.000000 0.000000
vn 0.000000 0.000000 0.000000
vn 0.000000 0.000000 0.000000
vn 0.000000 0.000000 0.000000
vn 0.000000 0.000000 0.000000
vn 0.000000 0.000000 0.000000
vn 0.000000 0.000000 0.000000
vn 0.000000 0.000000 0.000000
vn 0.000000 0.000000 0.000000
vn 0.000000 0.000000 0.000000
vn 0.000000 0.000000 0.000000
vn 0.000000 0.000000 0.000000
vn 0.000000 0.000000 0.000000
vn 0.000000 0.000000 0.000000
vn 0.000000 0.000000 0.000000
vn 0.000000 0.000000 0.000000
vn 0.000000 0.000000 0.000000
vn 0.000000 0.000000 0.000000
vn 0.000000 0.000000 0.000000
vn 0.000000 0.000000 0.000000
vn 0.000000 0.000000 0.000000
vn 0.000000 0.000000 0.000000
vn 0.000000 0.000000 0.000000
vn 0.000000 0.000000 0.000000
vn 0.000000 0.000000 0.000000
vn 0.000000 0.000000 0.000000
vn 0.000000 0.000000 0.000000
vn 0.000000 0.000000 0.000000
vn 0.000000 0.000000 0.000000
vn 0.000000 0.000000 0.000000
vn 0.000000 0.000000 0.000000
vn 0.000000 0.000000 0.000000
vn 0.000000 0.000000 0.000000
vn 0.000000 0.000000 0.000000
vn 0.000000 0.000000 0.000000
vn 0.000000 0.000000 0.000000
vn 0.000000 0.000000 0.000000
vn 0.000000 0.000000 0.000000
vn 0.000000 0.000000 0.000000
vn 0.000000 0.000000 0.000000
vn 0.000000 0.000000 0.000000
vn 0.000000 0.000000 0.000000
vn 0.000000 0.000000 0.000000
vn 0.000000 0.000000 0.000000
vn 0.000000 0.000000 0.000000
vn 0.000000 0.000000 0.000000
vn 0.000000 0.000000 0.000000
vn 0.000000 0.000000 0.000000
vn 0.000000 0.000000 0.000000
vn 0.000000 0.000000 0.000000
vn 0.000000 0.000000 0.000000
vn 0.000000 0.000000 0.000000
vn 0.000000 0.000000 0.000000
vn 0.000000 0.000000 0.000000
vn 0.000000 0.000000 0.000000
vn 0.000000 0.000000 0.000000
vn 0.000000 0.000000 0.000000
vn 0.000000 0.000000 0.000000
vn 0.000000 0.000000 0.000000
vn 0.000000 0.000000 0.000000
vn 0.000000 0.000000 0.000000
vn 0.000000 0.000000 0.000000
vn 0.000000 0.000000 0.000000
vn 0.000000 0.000000 0.000000
vn 0.000000 0.000000 0.000000
vn 0.000000 0.000000 0.000000
vn 0.000000 0.000000 0.000000
vn 0.000000 0.000000 0.000000
vn 0.000000 0.000000 0.000000
vn 0.000000 0.000000 0.000000
vn 0.000000 0.000000 0.000000
vn 0.000000 0.000000 0.000000
vn 0.000000 0.000000 0.000000
vn 0.000000 0.000000 0.000000
vn 0.000000 0.000000 0.000000
vn 0.000000 0.000000 0.000000
vn 0.000000 0.000000 0.000000
vn 0.000000 0.000000 0.000000
vn 0.000000 0.000000 0.000000
vn 0.000000 0.000000 0.000000
vn 0.000000 0.000000 0.000000
vn 0.000000 0.000000 0.000000
vn 0.000000 0.000000 0.000000
vn 0.000000 0.000000 0.000000
vn 0.000000 0.000000 0.000000
vn 0.000000 0.000000 0.000000
vn 0.000000 0.000000 0.000000
vn 0.000000 0.000000 0.000000
vn 0.000000 0.000000 0.000000
vn 0.000000 0.000000 0.000000
vn 0.000000 0.000000 0.000000
vn 0.000000 0.000000 0.000000
vn 0.000000 0.000000 0.000000
vn 0.000000 0.000000 0.000000
vn 0.000000 0.000000 0.000000
vn 0.000000 0.000000 0.000000
vn 0.000000 0.000000 0.000000
vn 0.000000 0.000000 0.000000
vn 0.000000 0.000000 0.000000
vn 0.000000 0.000000 0.000000
vn 0.000000 0.000000 0.000000
vn 0.000000 0.000000 0.000000
vn 0.000000 0.000000 0.000000
vn 0.000000 0.000000 0.000000
vn 0.000000 0.000000 0.000000
vn 0.000000 0.000000 0.000000
vn 0.000000 0.000000 0.000000
vn 0.000000 0.000000 0.000000
vn 0.000000 0.000000 0.000000
vn 0.000000 0.000000 0.000000
vn 0.000000 0.000000 0.000000
vn 0.000000 0.000000 0.000000
vn 0.000000 0.000000 0.000000
vn 0.000000 0.000000 0.000000
vn 0.000000 0.000000 0.000000
vn 0.000000 0.000000 0.000000
vn 0.000000 0.000000 0.000000
vn 0.000000 0.000000 0.000000
vn 0.000000 0.000000 0.000000
vn 0.000000 0.000000 0.000000
vn 0.000000 0.000000 0.000000
vn 0.000000 0.000000 0.000000
vn 0.000000 0.000000 0.000000
vn 0.000000 0.000000 0.000000
vn 0.000000 0.000000 0.000000
vn 0.000000 0.000000 0.000000
vn 0.000000 0.000000 0.000000
vn 0.000000 0.000000 0.000000
vn 0.000000 0.000000 0.000000
vn 0.000000 0.000000 0.000000
vn 0.000000 0.000000 0.000000
vn 0.000000 0.000000 0.000000
vn 0.000000 0.000000 0.000000
vn 0.000000 0.000000 0.000000
vn 0.000000 0.000000 0.000000
vn 0.000000 0.000000 0.000000
vn 0.000000 0.000000 0.000000
vn 0.000000 0.000000 0.000000
vn 0.000000 0.000000 0.000000
vn 0.000000 0.000000 0.000000
vn 0.000000 0.000000 0.000000
vn 0.000000 0.000000 0.000000
vn 0.000000 0.000000 0.000000
vn 0.000000 0.000000 0.000000
vn 0.000000 0.000000 0.000000
vn 0.000000 0.000000 0.000000
vn 0.000000 0.000000 0.000000
vn 0.000000 0.000000 0.000000
vn 0.000000 0.000000 0.000000
vn 0.000000 0.000000 0.000000
vn 0.000000 0.000000 0.000000
vn 0.000000 0.000000 0.000000
vn 0.000000 0.000000 0.000000
vn 0.000000 0.000000 0.000000
vn 0.000000 0.000000 0.000000
vn 0.000000 0.000000 0.000000
vn 0.000000 0.000000 0.000000
vn 0.000000 0.000000 0.000000
vn 0.000000 0.000000 0.000000
vn 0.000000 0.000000 0.000000
vn 0.000000 0.000000 0.000000
vn 0.000000 0.000000 0.000000
vn 0.000000 0.000000 0.000000
vn 0.000000 0.000000 0.000000
vn 0.000000 0.000000 0.000000
vn 0.000000 0.000000 0.000000
vn 0.000000 0.000000 0.000000
vn 0.000000 0.000000 0.000000
vn 0.000000 0.000000 0.000000
vn 0.000000 0.000000 0.000000
vn 0.000000 0.000000 0.000000
vn 0.000000 0.000000 0.000000
vn 0.000000 0.000000 0.000000
vn 0.000000 0.000000 0.000000
vn 0.000000 0.000000 0.000000
vn 0.000000 0.000000 0.000000
vn 0.000000 0.000000 0.000000
vn 0.000000 0.000000 0.000000
vn 0.000000 0.000000 0.000000
vn 0.000000 0.000000 0.000000
vn 0.000000 0.000000 0.000000
vn 0.000000 0.000000 0.000000
vn 0.000000 0.000000 0.000000
vn 0.000000 0.000000 0.000000
vn 0.000000 0.000000 0.000000
vn 0.000000 0.000000 0.000000
vn 0.000000 0.000000 0.000000
vn 0.000000 0.000000 0.000000
vn 0.000000 0.000000 0.000000
vn 0.000000 0.000000 0.000000
vn 0.000000 0.000000 0.000000
vn 0.000000 0.000000 0.000000
vn 0.000000 0.000000 0.000000
vn 0.000000 0.000000 0.000000
vn 0.000000 0.000000 0.000000
vn 0.000000 0.000000 0.000000
vn 0.000000 0.000000 0.000000
vn 0.000000 0.000000 0.000000
vn 0.000000 0.000000 0.000000
vn 0.000000 0.000000 0.000000
vn 0.000000 0.000000 0.000000
vn 0.000000 0.000000 0.000000
vn 0.000000 0.000000 0.000000
vn 0.000000 0.000000 0.000000
vn 0.000000 0.000000 0.000000
vn 0.000000 0.000000 0.000000
vn 0.000000 0.000000 0.000000
vn 0.000000 0.000000 0.000000
vn 0.000000 0.000000 0.000000
vn 0.000000 0.000000 0.000000
vn 0.000000 0.000000 0.000000
vn 0.000000 0.000000 0.000000
vn 0.000000 0.000000 0.000000
vn 0.000000 0.000000 0.000000
vn 0.000000 0.000000 0.000000
vn 0.000000 0.000000 0.000000
vn 0.000000 0.000000 0.000000
vn 0.000000 0.000000 0.000000
vn 0.000000 0.000000 0.000000
vn 0.000000 0.000000 0.000000
vn 0.000000 0.000000 0.000000
vn 0.000000 0.000000 0.000000
vn 0.000000 0.000000 0.000000
vn 0.000000 0.000000 0.000000
vn 0.000000 0.000000 0.000000
vn 0.000000 0.000000 0.000000
vn 0.000000 0.000000 0.000000
vn 0.000000 0.000000 0.000000
vn 0.000000 0.000000 0.000000
vn 0.000000 0.000000 0.000000
vn 0.000000 0.000000 0.000000
vn 0.000000 0.000000 0.000000
vn 0.000000 0.000000 0.000000
vn 0.000000 0.000000 0.000000
vn 0.000000 0.000000 0.000000
vn 0.000000 0.000000 0.000000
vn 0.000000 0.000000 0.000000
vn 0.000000 0.000000 0.000000
vn 0.000000 0.000000 0.000000
vn 0.000000 0.000000 0.000000
vn 0.000000 0.000000 0.000000
vn 0.000000 0.000000 0.000000
vn 0.000000 0.000000 0.000000
vn 0.000000 0.000000 0.000000
vn 0.000000 0.000000 0.000000
vn 0.000000 0.000000 0.000000
vn 0.000000 0.000000 0.000000
vn 0.000000 0.000000 0.000000
vn 0.000000 0.000000 0.000000
vn 0.000000 0.000000 0.000000
vn 0.000000 0.000000 0.000000
vn 0.000000 0.000000 0.000000
vn 0.000000 0.000000 0.000000
vn 0.000000 0.000000 0.000000
vn 0.000000 0.000000 0.000000
vn 0.000000 0.000000 0.000000
vn 0.000000 0.000000 0.000000
vn 0.000000 0.000000 0.000000
vn 0.000000 0.000000 0.000000
vn 0.000000 0.000000 0.000000
vn 0.000000 0.000000 0.000000
vn 0.000000 0.000000 0.000000
vn 0.000000 0.000000 0.000000
vn 0.000000 0.000000 0.000000
vn 0.000000 0.000000 0.000000
vn 0.000000 0.000000 0.000000
vn 0.000000 0.000000 0.000000
vn 0.000000 0.000000 0.000000
vn 0.000000 0.000000 0.000000
vn 0.000000 0.000000 0.000000
vn 0.000000 0.000000 0.000000
vn 0.000000 0.000000 0.000000
vn 0.000000 0.000000 0.000000
vn 0.000000 0.000000 0.000000
vn 0.000000 0.000000 0.000000
vn 0.000000 0.000000 0.000000
vn 0.000000 0.000000 0.000000
vn 0.000000 0.000000 0.000000
vn 0.000000 0.000000 0.000000
vn 0.000000 0.000000 0.000000
vn 0.000000 0.000000 0.000000
vn 0.000000 0.000000 0.000000
vn 0.000000 0.000000 0.000000
vn 0.000000 0.000000 0.000000
vn 0.000000 0.000000 0.000000
vn 0.000000 0.000000 0.000000
vn 0.000000 0.000000 0.000000
vn 0.000000 0.000000 0.000000
vn 0.000000 0.000000 0.000000
vn 0.000000 0.000000 0.000000
vn 0.000000 0.000000 0.000000
vn 0.000000 0.000000 0.000000
vn 0.000000 0.000000 0.000000
vn 0.000000 0.000000 0.000000
vn 0.000000 0.000000 0.000000
vn 0.000000 0.000000 0.000000
vn 0.000000 0.000000 0.000000
vn 0.000000 0.000000 0.000000
vn 0.000000 0.000000 0.000000
vn 0.000000 0.000000 0.000000
vn 0.000000 0.000000 0.000000
vn 0.000000 0.000000 0.000000
vn 0.000000 0.000000 0.000000
vn 0.000000 0.000000 0.000000
vn 0.000000 0.000000 0.000000
vn 0.000000 0.000000 0.000000
vn 0.000000 0.000000 0.000000
vn 0.000000 0.000000 0.000000
vn 0.000000 0.000000 0.000000
vn 0.000000 0.000000 0.000000
vn 0.000000 0.000000 0.000000
vn 0.000000 0.000000 0.000000
vn 0.000000 0.000000 0.000000
vn 0.000000 0.000000 0.000000
vn 0.000000 0.000000 0.000000
vn 0.000000 0.000000 0.000000
vn 0.000000 0.000000 0.000000
vn 0.000000 0.000000 0.000000
vn 0.000000 0.000000 0.000000
vn 0.000000 0.000000 0.000000
vn 0.000000 0.000000 0.000000
vn 0.000000 0.000000 0.000000
vn 0.000000 0.000000 0.000000
vn 0.000000 0.000000 0.000000
vn 0.000000 0.000000 0.000000
vn 0.000000 0.000000 0.000000
vn 0.000000 0.000000 0.000000
vn 0.000000 0.000000 0.000000
vn 0.000000 0.000000 0.000000
vn 0.000000 0.000000 0.000000
vn 0.000000 0.000000 0.000000
vn 0.000000 0.000000 0.000000
vn 0.000000 0.000000 0.000000
vn 0.000000 0.000000 0.000000
vn 0.000000 0.000000 0.000000
vn 0.000000 0.000000 0.000000
vn 0.000000 0.000000 0.000000
vn 0.000000 0.000000 0.000000
vn 0.000000 0.000000 0.000000
vn 0.000000 0.000000 0.000000
vn 0.000000 0.000000 0.000000
vn 0.000000 0.000000 0.000000
vn 0.000000 0.000000 0.000000
vn 0.000000 0.000000 0.000000
vn 0.000000 0.000000 0.000000
vn 0.000000 0.000000 0.000000
vn 0.000000 0.000000 0.000000
vn 0.000000 0.000000 0.000000
vn 0.000000 0.000000 0.000000
vn 0.000000 0.000000 0.000000
vn 0.000000 0.000000 0.000000
vn 0.000000 0.000000 0.000000
vn 0.000000 0.000000 0.000000
vn 0.000000 0.000000 0.000000
vn 0.000000 0.000000 0.000000
vn 0.000000 0.000000 0.000000
vn 0.000000 0.000000 0.000000
vn 0.000000 0.000000 0.000000
vn 0.000000 0.000000 0.000000
vn 0.000000 0.000000 0.000000
vn 0.000000 0.000000 0.000000
vn 0.000000 0.000000 0.000000
vn 0.000000 0.000000 0.000000
vn 0.000000 0.000000 0.000000
vn 0.000000 0.000000 0.000000
vn 0.000000 0.000000 0.000000
vn 0.000000 0.000000 0.000000
vn 0.000000 0.000000 0.000000
vn 0.000000 0.000000 0.000000
vn 0.000000 0.000000 0.000000
vn 0.000000 0.000000 0.000000
vn 0.000000 0.000000 0.000000
vn 0.000000 0.000000 0.000000
vn 0.000000 0.000000 0.000000
vn 0.000000 0.000000 0.000000
vn 0.000000 0.000000 0.000000
vn 0.000000 0.000000 0.000000
vn 0.000000 0.000000 0.000000
vn 0.000000 0.000000 0.000000
vn 0.000000 0.000000 0.000000
vn 0.000000 0.000000 0.000000
vn 0.000000 0.000000 0.000000
vn 0.000000 0.000000 0.000000
vn 0.000000 0.000000 0.000000
vn 0.000000 0.000000 0.000000
vn 0.000000 0.000000 0.000000
vn 0.000000 0.000000 0.000000
vn 0.000000 0.000000 0.000000
vn 0.000000 0.000000 0.000000
vn 0.000000 0.000000 0.000000
vn 0.000000 0.000000 0.000000
vn 0.000000 0.000000 0.000000
vn 0.000000 0.000000 0.000000
vn 0.000000 0.000000 0.000000
vn 0.000000 0.000000 0.000000
vn 0.000000 0.000000 0.000000
vn 0.000000 0.000000 0.000000
vn 0.000000 0.000000 0.000000
vn 0.000000 0.000000 0.000000
vn 0.000000 0.000000 0.000000
vn 0.000000 0.000000 0.000000
vn 0.000000 0.000000 0.000000
vn 0.000000 0.000000 0.000000
vn 0.000000 0.000000 0.000000
vn 0.000000 0.000000 0.000000
vn 0.000000 0.000000 0.000000
vn 0.000000 0.000000 0.000000
vn 0.000000 0.000000 0.000000
vn 0.000000 0.000000 0.000000
vn 0.000000 0.000000 0.000000
vn 0.000000 0.000000 0.000000
vn 0.000000 0.000000 0.000000
vn 0.000000 0.000000 0.000000
vn 0.000000 0.000000 0.000000
vn 0.000000 0.000000 0.000000
vn 0.000000 0.000000 0.000000
vn 0.000000 0.000000 0.000000
vn 0.000000 0.000000 0.000000
vn 0.000000 0.000000 0.000000
vn 0.000000 0.000000 0.000000
vn 0.000000 0.000000 0.000000
vn 0.000000 0.000000 0.000000
vn 0.000000 0.000000 0.000000
vn 0.000000 0.000000 0.000000
vn 0.000000 0.000000 0.000000
vn 0.000000 0.000000 0.000000
vn 0.000000 0.000000 0.000000
vn 0.000000 0.000000 0.000000
vn 0.000000 0.000000 0.000000
vn 0.000000 0.000000 0.000000
vn 0.000000 0.000000 0.000000
vn 0.000000 0.000000 0.000000
vn 0.000000 0.000000 0.000000
vn 0.000000 0.000000 0.000000
vn 0.000000 0.000000 0.000000
vn 0.000000 0.000000 0.000000
vn 0.000000 0.000000 0.000000
vn 0.000000 0.000000 0.000000
vn 0.000000 0.000000 0.000000
vn 0.000000 0.000000 0.000000
vn 0.000000 0.000000 0.000000
vn 0.000000 0.000000 0.000000
vn 0.000000 0.000000 0.000000
vn 0.000000 0.000000 0.000000
vn 0.000000 0.000000 0.000000
vn 0.000000 0.000000 0.000000
vn 0.000000 0.000000 0.000000
vn 0.000000 0.000000 0.000000
vn 0.000000 0.000000 0.000000
vn 0.000000 0.000000 0.000000
vn 0.000000 0.000000 0.000000
vn 0.000000 0.000000 0.000000
vn 0.000000 0.000000 0.000000
vn 0.000000 0.000000 0.000000
vn 0.000000 0.000000 0.000000
vn 0.000000 0.000000 0.000000
vn 0.000000 0.000000 0.000000
vn 0.000000 0.000000 0.000000
vn 0.000000 0.000000 0.000000
vn 0.000000 0.000000 0.000000
vn 0.000000 0.000000 0.000000
vn 0.000000 0.000000 0.000000
vn 0.000000 0.000000 0.000000
vn 0.000000 0.000000 0.000000
vn 0.000000 0.000000 0.000000
vn 0.000000 0.000000 0.000000
vn 0.000000 0.000000 0.000000
vn 0.000000 0.000000 0.000000
vn 0.000000 0.000000 0.000000
vn 0.000000 0.000000 0.000000
vn 0.000000 0.000000 0.000000
vn 0.000000 0.000000 0.000000
vn 0.000000 0.000000 0.000000
vn 0.000000 0.000000 0.000000
vn 0.000000 0.000000 0.000000
vn 0.000000 0.000000 0.000000
vn 0.000000 0.000000 0.000000
vn 0.000000 0.000000 0.000000
vn 0.000000 0.000000 0.000000
vn 0.000000 0.000000 0.000000
vn 0.000000 0.000000 0.000000
vn 0.000000 0.000000 0.000000
vn 0.000000 0.000000 0.000000
vn 0.000000 0.000000 0.000000
vn 0.000000 0.000000 0.000000
vn 0.000000 0.000000 0.000000
vn 0.000000 0.000000 0.000000
vn -0.998976 -0.021788 0.039643
vn -0.987586 -0.151995 0.039643
vn -0.959298 -0.279600 0.039643
vn -0.914596 -0.402422 0.039643
vn -0.854245 -0.518357 0.039643
vn -0.779277 -0.625424 0.039643
vn -0.690976 -0.721790 0.039643
vn -0.590852 -0.805805 0.039643
vn -0.480619 -0.876033 0.039643
vn -0.362162 -0.931272 0.039643
vn -0.237508 -0.970576 0.039643
vn -0.108791 -0.993274 0.039643
vn 0.021788 -0.998976 0.039643
vn 0.151995 -0.987586 0.039643
vn 0.279600 -0.959298 0.039643
vn 0.402422 -0.914596 0.039643
vn 0.518357 -0.854245 0.039643
vn 0.625424 -0.779277 0.039643
vn 0.721790 -0.690976 0.039643
vn 0.805805 -0.590852 0.039643
vn 0.876033 -0.480619 0.039643
vn 0.931272 -0.362162 0.039643
vn 0.970576 -0.237508 0.039643
vn 0.993274 -0.108791 0.039643
vn 0.998976 0.021788 0.039643
vn 0.987586 0.151995 0.039643
vn 0.959298 0.279600 0.039643
vn 0.914596 0.402422 0.039643
vn 0.854245 0.518357 0.039643
vn 0.779277 0.625424 0.039643
vn 0.690976 0.721790 0.039643
vn 0.590852 0.805805 0.039643
vn 0.480619 0.876033 0.039643
vn 0.362162 0.931272 0.039643
vn 0.237508 0.970576 0.039643
vn 0.108791 0.993274 0.039643
vn -0.021788 0.998976 0.039643
vn -0.151995 0.987586 0.039643
vn -0.279600 0.959298 0.039643
vn -0.402422 0.914596 0.039643
vn -0.518357 0.854245 0.039643
vn -0.625424 0.779277 0.039643
vn -0.721790 0.690976 0.039643
vn -0.805805 0.590852 0.039643
vn -0.876033 0.480619 0.039643
vn -0.931272 0.362162 0.039643
vn -0.970576 0.237508 0.039643
vn -0.993274 0.108791 0.039643
vn -0.996863 0.000167 0.079151
vn -0.988356 -0.129951 0.079151
vn -0.962938 -0.257846 0.079151
vn -0.921045 -0.381329 0.079151
vn -0.863392 -0.498287 0.079151
vn -0.790966 -0.606719 0.079151
vn -0.705006 -0.704770 0.079151
vn -0.606984 -0.790763 0.079151
vn -0.498576 -0.863225 0.079151
vn -0.381637 -0.920917 0.079151
vn -0.258168 -0.962852 0.079151
vn -0.130282 -0.988313 0.079151
vn -0.000167 -0.996863 0.079151
vn 0.129951 -0.988356 0.079151
vn 0.257846 -0.962938 0.079151
vn 0.381329 -0.921045 0.079151
vn 0.498287 -0.863392 0.079151
vn 0.606719 -0.790966 0.079151
vn 0.704770 -0.705006 0.079151
vn 0.790763 -0.606984 0.079151
vn 0.863225 -0.498576 0.079151
vn 0.920917 -0.381637 0.079151
vn 0.962852 -0.258168 0.079151
vn 0.988313 -0.130282 0.079151
vn 0.996863 -0.000167 0.079151
vn 0.988356 0.129951 0.079151
vn 0.962938 0.257846 0.079151
vn 0.921045 0.381329 0.079151
vn 0.863392 0.498287 0.079151
vn 0.790966 0.606719 0.079151
vn 0.705006 0.704770 0.079151
vn 0.606984 0.790763 0.079151
vn 0.498576 0.863225 0.079151
vn 0.381637 0.920917 0.079151
vn 0.258168 0.962852 0.079151
vn 0.130282 0.988313 0.079151
vn 0.000167 0.996863 0.079151
vn -0.129951 0.988356 0.079151
vn -0.257846 0.962938 0.079151
vn -0.381329 0.921045 0.079151
vn -0.498287 0.863392 0.079151
vn -0.606719 0.790966 0.079151
vn -0.704770 0.705006 0.079151
vn -0.790763 0.606984 0.079151
vn -0.863225 0.498576 0.079151
vn -0.920917 0.381637 0.079151
vn -0.962852 0.258168 0.079151
vn -0.988313 0.130282 0.079151
vn -0.987500 0.000332 0.157620
vn -0.979095 -0.128565 0.157620
vn -0.953938 -0.255263 0.157620
vn -0.912458 -0.377593 0.157620
vn -0.855366 -0.493462 0.157620
vn -0.783638 -0.600888 0.157620
vn -0.698503 -0.698033 0.157620
vn -0.601415 -0.783234 0.157620
vn -0.494037 -0.855034 0.157620
vn -0.378207 -0.912204 0.157620
vn -0.255905 -0.953766 0.157620
vn -0.129224 -0.979008 0.157620
vn -0.000332 -0.987500 0.157620
vn 0.128565 -0.979095 0.157620
vn 0.255263 -0.953938 0.157620
vn 0.377593 -0.912458 0.157620
vn 0.493462 -0.855366 0.157620
vn 0.600888 -0.783638 0.157620
vn 0.698033 -0.698503 0.157620
vn 0.783234 -0.601415 0.157620
vn 0.855034 -0.494037 0.157620
vn 0.912204 -0.378207 0.157620
vn 0.953766 -0.255905 0.157620
vn 0.979008 -0.129224 0.157620
vn 0.987500 -0.000332 0.157620
vn 0.979095 0.128565 0.157620
vn 0.953938 0.255263 0.157620
vn 0.912458 0.377593 0.157620
vn 0.855366 0.493462 0.157620
vn 0.783638 0.600888 0.157620
vn 0.698503 0.698033 0.157620
vn 0.601415 0.783234 0.157620
vn 0.494037 0.855034 0.157620
vn 0.378207 0.912204 0.157620
vn 0.255905 0.953766 0.157620
vn 0.129224 0.979008 0.157620
vn 0.000332 0.987500 0.157620
vn -0.128565 0.979095 0.157620
vn -0.255263 0.953938 0.157620
vn -0.377593 0.912458 0.157620
vn -0.493462 0.855366 0.157620
vn -0.600888 0.783638 0.157620
vn -0.698033 0.698503 0.157620
vn -0.783234 0.601415 0.157620
vn -0.855034 0.494037 0.157620
vn -0.912204 0.378207 0.157620
vn -0.953766 0.255905 0.157620
vn -0.979008 0.129224 0.157620
vn -0.972057 0.000495 0.234744
vn -0.963806 -0.126389 0.234744
vn -0.939063 -0.251109 0.234744
vn -0.898253 -0.371533 0.234744
vn -0.842073 -0.485600 0.234744
vn -0.771486 -0.591358 0.234744
vn -0.687698 -0.686998 0.234744
vn -0.592143 -0.770884 0.234744
vn -0.486457 -0.841579 0.234744
vn -0.372447 -0.897874 0.234744
vn -0.252065 -0.938807 0.234744
vn -0.127369 -0.963676 0.234744
vn -0.000495 -0.972057 0.234744
vn 0.126389 -0.963806 0.234744
vn 0.251109 -0.939063 0.234744
vn 0.371533 -0.898253 0.234744
vn 0.485600 -0.842073 0.234744
vn 0.591358 -0.771486 0.234744
vn 0.686998 -0.687698 0.234744
vn 0.770884 -0.592143 0.234744
vn 0.841579 -0.486457 0.234744
vn 0.897874 -0.372447 0.234744
vn 0.938807 -0.252065 0.234744
vn 0.963676 -0.127369 0.234744
vn 0.972057 -0.000495 0.234744
vn 0.963806 0.126389 0.234744
vn 0.939063 0.251109 0.234744
vn 0.898253 0.371533 0.234744
vn 0.842073 0.485600 0.234744
vn 0.771486 0.591358 0.234744
vn 0.687698 0.686998 0.234744
vn 0.592143 0.770884 0.234744
vn 0.486457 0.841579 0.234744
vn 0.372447 0.897874 0.234744
vn 0.252065 0.938807 0.234744
vn 0.127369 0.963676 0.234744
vn 0.000495 0.972057 0.234744
vn -0.126389 0.963806 0.234744
vn -0.251109 0.939063 0.234744
vn -0.371533 0.898253 0.234744
vn -0.485600 0.842073 0.234744
vn -0.591358 0.771486 0.234744
vn -0.686998 0.687698 0.234744
vn -0.770884 0.592143 0.234744
vn -0.841579 0.486457 0.234744
vn -0.897874 0.372447 0.234744
vn -0.938807 0.252065 0.234744
vn -0.963676 0.127369 0.234744
vn -0.950768 0.000653 0.309903
vn -0.942719 -0.123453 0.309903
vn -0.918540 -0.245446 0.309903
vn -0.878645 -0.363240 0.309903
vn -0.823716 -0.474819 0.309903
vn -0.754692 -0.578273 0.309903
vn -0.672756 -0.671833 0.309903
vn -0.579309 -0.753897 0.309903
vn -0.475949 -0.823063 0.309903
vn -0.364446 -0.878145 0.309903
vn -0.246707 -0.918202 0.309903
vn -0.124747 -0.942549 0.309903
vn -0.000653 -0.950768 0.309903
vn 0.123453 -0.942719 0.309903
vn 0.245446 -0.918540 0.309903
vn 0.363240 -0.878645 0.309903
vn 0.474819 -0.823716 0.309903
vn 0.578273 -0.754692 0.309903
vn 0.671833 -0.672756 0.309903
vn 0.753897 -0.579309 0.309903
vn 0.823063 -0.475949 0.309903
vn 0.878145 -0.364446 0.309903
vn 0.918202 -0.246707 0.309903
vn 0.942549 -0.124747 0.309903
vn 0.950768 -0.000653 0.309903
vn 0.942719 0.123453 0.309903
vn 0.918540 0.245446 0.309903
vn 0.878645 0.363240 0.309903
vn 0.823716 0.474819 0.309903
vn 0.754692 0.578273 0.309903
vn 0.672756 0.671833 0.309903
vn 0.579309 0.753897 0.309903
vn 0.475949 0.823063 0.309903
vn 0.364446 0.878145 0.309903
vn 0.246707 0.918202 0.309903
vn 0.124747 0.942549 0.309903
vn 0.000653 0.950768 0.309903
vn -0.123453 0.942719 0.309903
vn -0.245446 0.918540 0.309903
vn -0.363240 0.878645 0.309903
vn -0.474819 0.823716 0.309903
vn -0.578273 0.754692 0.309903
vn -0.671833 0.672756 0.309903
vn -0.753897 0.579309 0.309903
vn -0.823063 0.475949 0.309903
vn -0.878145 0.364446 0.309903
vn -0.918202 0.246707 0.309903
vn -0.942549 0.124747 0.309903
vn -0.923942 0.000806 0.382532
vn -0.916143 -0.119800 0.382532
vn -0.892668 -0.238355 0.382532
vn -0.853919 -0.352833 0.382532
vn -0.800560 -0.461273 0.382532
vn -0.733503 -0.561821 0.382532
vn -0.653895 -0.652756 0.382532
vn -0.563100 -0.732522 0.382532
vn -0.462669 -0.799754 0.382532
vn -0.354322 -0.853303 0.382532
vn -0.239912 -0.892251 0.382532
vn -0.121398 -0.915932 0.382532
vn -0.000806 -0.923942 0.382532
vn 0.119800 -0.916143 0.382532
vn 0.238355 -0.892668 0.382532
vn 0.352833 -0.853919 0.382532
vn 0.461273 -0.800560 0.382532
vn 0.561821 -0.733503 0.382532
vn 0.652756 -0.653895 0.382532
vn 0.732522 -0.563100 0.382532
vn 0.799754 -0.462669 0.382532
vn 0.853303 -0.354322 0.382532
vn 0.892251 -0.239912 0.382532
vn 0.915932 -0.121398 0.382532
vn 0.923942 -0.000806 0.382532
vn 0.916143 0.119800 0.382532
vn 0.892668 0.238355 0.382532
vn 0.853919 0.352833 0.382532
vn 0.800560 0.461273 0.382532
vn 0.733503 0.561821 0.382532
vn 0.653895 0.652756 0.382532
vn 0.563100 0.732522 0.382532
vn 0.462669 0.799754 0.382532
vn 0.354322 0.853303 0.382532
vn 0.239912 0.892251 0.382532
vn 0.121398 0.915932 0.382532
vn 0.000806 0.923942 0.382532
vn -0.119800 0.916143 0.382532
vn -0.238355 0.892668 0.382532
vn -0.352833 0.853919 0.382532
vn -0.461273 0.800560 0.382532
vn -0.561821 0.733503 0.382532
vn -0.652756 0.653895 0.382532
vn -0.732522 0.563100 0.382532
vn -0.799754 0.462669 0.382532
vn -0.853303 0.354322 0.382532
vn -0.892251 0.239912 0.382532
vn -0.915932 0.121398 0.382532
vn -0.891949 0.000953 0.452135
vn -0.884443 -0.115478 0.452135
vn -0.861803 -0.229933 0.452135
vn -0.824418 -0.340454 0.452135
vn -0.772927 -0.445150 0.452135
vn -0.708211 -0.542229 0.452135
vn -0.631377 -0.630030 0.452135
vn -0.543740 -0.707051 0.452135
vn -0.446800 -0.771974 0.452135
vn -0.342214 -0.823689 0.452135
vn -0.231774 -0.861310 0.452135
vn -0.117367 -0.884194 0.452135
vn -0.000953 -0.891949 0.452135
vn 0.115478 -0.884443 0.452135
vn 0.229933 -0.861803 0.452135
vn 0.340454 -0.824418 0.452135
vn 0.445150 -0.772927 0.452135
vn 0.542229 -0.708211 0.452135
vn 0.630030 -0.631377 0.452135
vn 0.707051 -0.543740 0.452135
vn 0.771974 -0.446800 0.452135
vn 0.823689 -0.342214 0.452135
vn 0.861310 -0.231774 0.452135
vn 0.884194 -0.117367 0.452135
vn 0.891949 -0.000953 0.452135
vn 0.884443 0.115478 0.452135
vn 0.861803 0.229933 0.452135
vn 0.824418 0.340454 0.452135
vn 0.772927 0.445150 0.452135
vn 0.708211 0.542229 0.452135
vn 0.631377 0.630030 0.452135
vn 0.543740 0.707051 0.452135
vn 0.446800 0.771974 0.452135
vn 0.342214 0.823689 0.452135
vn 0.231774 0.861310 0.452135
vn 0.117367 0.884194 0.452135
vn 0.000953 0.891949 0.452135
vn -0.115478 0.884443 0.452135
vn -0.229933 0.861803 0.452135
vn -0.340454 0.824418 0.452135
vn -0.445150 0.772927 0.452135
vn -0.542229 0.708211 0.452135
vn -0.630030 0.631377 0.452135
vn -0.707051 0.543740 0.452135
vn -0.771974 0.446800 0.452135
vn -0.823689 0.342214 0.452135
vn -0.861310 0.231774 0.452135
vn -0.884194 0.117367 0.452135
vn -0.855204 0.001092 0.518291
vn -0.848030 -0.110544 0.518291
vn -0.826346 -0.220288 0.518291
vn -0.790523 -0.326264 0.518291
vn -0.741174 -0.426656 0.518291
vn -0.679144 -0.519749 0.518291
vn -0.605493 -0.603948 0.518291
vn -0.521481 -0.677814 0.518291
vn -0.428548 -0.740082 0.518291
vn -0.328281 -0.789688 0.518291
vn -0.222398 -0.825781 0.518291
vn -0.112709 -0.847745 0.518291
vn -0.001092 -0.855204 0.518291
vn 0.110544 -0.848030 0.518291
vn 0.220288 -0.826346 0.518291
vn 0.326264 -0.790523 0.518291
vn 0.426656 -0.741174 0.518291
vn 0.519749 -0.679144 0.518291
vn 0.603948 -0.605493 0.518291
vn 0.677814 -0.521481 0.518291
vn 0.740082 -0.428548 0.518291
vn 0.789688 -0.328281 0.518291
vn 0.825781 -0.222398 0.518291
vn 0.847745 -0.112709 0.518291
vn 0.855204 -0.001092 0.518291
vn 0.848030 0.110544 0.518291
vn 0.826346 0.220288 0.518291
vn 0.790523 0.326264 0.518291
vn 0.741174 0.426656 0.518291
vn 0.679144 0.519749 0.518291
vn 0.605493 0.603948 0.518291
vn 0.521481 0.677814 0.518291
vn 0.428548 0.740082 0.518291
vn 0.328281 0.789688 0.518291
vn 0.222398 0.825781 0.518291
vn 0.112709 0.847745 0.518291
vn 0.001092 0.855204 0.518291
vn -0.110544 0.848030 0.518291
vn -0.220288 0.826346 0.518291
vn -0.326264 0.790523 0.518291
vn -0.426656 0.741174 0.518291
vn -0.519749 0.679144 0.518291
vn -0.603948 0.605493 0.518291
vn -0.677814 0.521481 0.518291
vn -0.740082 0.428548 0.518291
vn -0.789688 0.328281 0.518291
vn -0.825781 0.222398 0.518291
vn -0.847745 0.112709 0.518291
vn -0.814147 0.001223 0.580658
vn -0.807341 -0.105055 0.580658
vn -0.786722 -0.209535 0.580658
vn -0.752642 -0.310430 0.580658
vn -0.705683 -0.406014 0.580658
vn -0.646651 -0.494651 0.580658
vn -0.576554 -0.574824 0.580658
vn -0.496592 -0.645161 0.580658
vn -0.408133 -0.704460 0.580658
vn -0.312691 -0.751705 0.580658
vn -0.211898 -0.786089 0.580658
vn -0.107480 -0.807022 0.580658
vn -0.001223 -0.814147 0.580658
vn 0.105055 -0.807341 0.580658
vn 0.209535 -0.786722 0.580658
vn 0.310430 -0.752642 0.580658
vn 0.406014 -0.705683 0.580658
vn 0.494651 -0.646651 0.580658
vn 0.574824 -0.576554 0.580658
vn 0.645161 -0.496592 0.580658
vn 0.704460 -0.408133 0.580658
vn 0.751705 -0.312691 0.580658
vn 0.786089 -0.211898 0.580658
vn 0.807022 -0.107480 0.580658
vn 0.814147 -0.001223 0.580658
vn 0.807341 0.105055 0.580658
vn 0.786722 0.209535 0.580658
vn 0.752642 0.310430 0.580658
vn 0.705683 0.406014 0.580658
vn 0.646651 0.494651 0.580658
vn 0.576554 0.574824 0.580658
vn 0.496592 0.645161 0.580658
vn 0.408133 0.704460 0.580658
vn 0.312691 0.751705 0.580658
vn 0.211898 0.786089 0.580658
vn 0.107480 0.807022 0.580658
vn 0.001223 0.814147 0.580658
vn -0.105055 0.807341 0.580658
vn -0.209535 0.786722 0.580658
vn -0.310430 0.752642 0.580658
vn -0.406014 0.705683 0.580658
vn -0.494651 0.646651 0.580658
vn -0.574824 0.576554 0.580658
vn -0.645161 0.496592 0.580658
vn -0.704460 0.408133 0.580658
vn -0.751705 0.312691 0.580658
vn -0.786089 0.211898 0.580658
vn -0.807022 0.107480 0.580658
vn -0.769229 0.001346 0.638972
vn -0.762824 -0.099070 0.638972
vn -0.743367 -0.197791 0.638972
vn -0.711190 -0.293128 0.638972
vn -0.666845 -0.383449 0.638972
vn -0.611090 -0.467209 0.638972
vn -0.544879 -0.542975 0.638972
vn -0.469345 -0.609451 0.638972
vn -0.385780 -0.665499 0.638972
vn -0.295615 -0.710160 0.638972
vn -0.200391 -0.742670 0.638972
vn -0.101739 -0.762473 0.638972
vn -0.001346 -0.769229 0.638972
vn 0.099070 -0.762824 0.638972
vn 0.197791 -0.743367 0.638972
vn 0.293128 -0.711190 0.638972
vn 0.383449 -0.666845 0.638972
vn 0.467209 -0.611090 0.638972
vn 0.542975 -0.544879 0.638972
vn 0.609451 -0.469345 0.638972
vn 0.665499 -0.385780 0.638972
vn 0.710160 -0.295615 0.638972
vn 0.742670 -0.200391 0.638972
vn 0.762473 -0.101739 0.638972
vn 0.769229 -0.001346 0.638972
vn 0.762824 0.099070 0.638972
vn 0.743367 0.197791 0.638972
vn 0.711190 0.293128 0.638972
vn 0.666845 0.383449 0.638972
vn 0.611090 0.467209 0.638972
vn 0.544879 0.542975 0.638972
vn 0.469345 0.609451 0.638972
vn 0.385780 0.665499 0.638972
vn 0.295615 0.710160 0.638972
vn 0.200391 0.742670 0.638972
vn 0.101739 0.762473 0.638972
vn 0.001346 0.769229 0.638972
vn -0.099070 0.762824 0.638972
vn -0.197791 0.743367 0.638972
vn -0.293128 0.711190 0.638972
vn -0.383449 0.666845 0.638972
vn -0.467209 0.611090 0.638972
vn -0.542975 0.544879 0.638972
vn -0.609451 0.469345 0.638972
vn -0.665499 0.385780 0.638972
vn -0.710160 0.295615 0.638972
vn -0.742670 0.200391 0.638972
vn -0.762473 0.101739 0.638972
vn -0.720900 0.001460 0.693038
vn -0.714923 -0.092649 0.693038
vn -0.696714 -0.185172 0.693038
vn -0.666583 -0.274527 0.693038
vn -0.625047 -0.359185 0.693038
vn -0.572817 -0.437698 0.693038
vn -0.510786 -0.508721 0.693038
vn -0.440014 -0.571039 0.693038
vn -0.361714 -0.623587 0.693038
vn -0.277225 -0.665466 0.693038
vn -0.187993 -0.695958 0.693038
vn -0.095544 -0.714542 0.693038
vn -0.001460 -0.720900 0.693038
vn 0.092649 -0.714923 0.693038
vn 0.185172 -0.696714 0.693038
vn 0.274527 -0.666583 0.693038
vn 0.359185 -0.625047 0.693038
vn 0.437698 -0.572817 0.693038
vn 0.508721 -0.510786 0.693038
vn 0.571039 -0.440014 0.693038
vn 0.623587 -0.361714 0.693038
vn 0.665466 -0.277225 0.693038
vn 0.695958 -0.187993 0.693038
vn 0.714542 -0.095544 0.693038
vn 0.720900 -0.001460 0.693038
vn 0.714923 0.092649 0.693038
vn 0.696714 0.185172 0.693038
vn 0.666583 0.274527 0.693038
vn 0.625047 0.359185 0.693038
vn 0.572817 0.437698 0.693038
vn 0.510786 0.508721 0.693038
vn 0.440014 0.571039 0.693038
vn 0.361714 0.623587 0.693038
vn 0.277225 0.665466 0.693038
vn 0.187993 0.695958 0.693038
vn 0.095544 0.714542 0.693038
vn 0.001460 0.720900 0.693038
vn -0.092649 0.714923 0.693038
vn -0.185172 0.696714 0.693038
vn -0.274527 0.666583 0.693038
vn -0.359185 0.625047 0.693038
vn -0.437698 0.572817 0.693038
vn -0.508721 0.510786 0.693038
vn -0.571039 0.440014 0.693038
vn -0.623587 0.361714 0.693038
vn -0.665466 0.277225 0.693038
vn -0.695958 0.187993 0.693038
vn -0.714542 0.095544 0.693038
vn -0.669592 0.001565 0.742727
vn -0.664068 -0.085848 0.742727
vn -0.647181 -0.171792 0.742727
vn -0.619221 -0.254796 0.742727
vn -0.580666 -0.333441 0.742727
vn -0.532176 -0.406380 0.742727
vn -0.474580 -0.472367 0.742727
vn -0.408863 -0.530271 0.742727
vn -0.336151 -0.579101 0.742727
vn -0.257687 -0.618024 0.742727
vn -0.174815 -0.646371 0.742727
vn -0.088951 -0.663659 0.742727
vn -0.001565 -0.669592 0.742727
vn 0.085848 -0.664068 0.742727
vn 0.171792 -0.647181 0.742727
vn 0.254796 -0.619221 0.742727
vn 0.333441 -0.580666 0.742727
vn 0.406380 -0.532176 0.742727
vn 0.472367 -0.474580 0.742727
vn 0.530271 -0.408863 0.742727
vn 0.579101 -0.336151 0.742727
vn 0.618024 -0.257687 0.742727
vn 0.646371 -0.174815 0.742727
vn 0.663659 -0.088951 0.742727
vn 0.669592 -0.001565 0.742727
vn 0.664068 0.085848 0.742727
vn 0.647181 0.171792 0.742727
vn 0.619221 0.254796 0.742727
vn 0.580666 0.333441 0.742727
vn 0.532176 0.406380 0.742727
vn 0.474580 0.472367 0.742727
vn 0.408863 0.530271 0.742727
vn 0.336151 0.579101 0.742727
vn 0.257687 0.618024 0.742727
vn 0.174815 0.646371 0.742727
vn 0.088951 0.663659 0.742727
vn 0.001565 0.669592 0.742727
vn -0.085848 0.664068 0.742727
vn -0.171792 0.647181 0.742727
vn -0.254796 0.619221 0.742727
vn -0.333441 0.580666 0.742727
vn -0.406380 0.532176 0.742727
vn -0.472367 0.474580 0.742727
vn -0.530271 0.408863 0.742727
vn -0.579101 0.336151 0.742727
vn -0.618024 0.257687 0.742727
vn -0.646371 0.174815 0.742727
vn -0.663659 0.088951 0.742727
vn -0.593563 0.001666 0.804786
vn -0.588703 -0.075824 0.804786
vn -0.573769 -0.152016 0.804786
vn -0.549018 -0.225608 0.804786
vn -0.514874 -0.295339 0.804786
vn -0.471919 -0.360017 0.804786
vn -0.420890 -0.418535 0.804786
vn -0.362660 -0.469891 0.804786
vn -0.298224 -0.513208 0.804786
vn -0.228686 -0.547743 0.804786
vn -0.155235 -0.572907 0.804786
vn -0.079127 -0.588268 0.804786
vn -0.001666 -0.593563 0.804786
vn 0.075824 -0.588703 0.804786
vn 0.152016 -0.573769 0.804786
vn 0.225608 -0.549018 0.804786
vn 0.295339 -0.514874 0.804786
vn 0.360017 -0.471919 0.804786
vn 0.418535 -0.420890 0.804786
vn 0.469891 -0.362660 0.804786
vn 0.513208 -0.298224 0.804786
vn 0.547743 -0.228686 0.804786
vn 0.572907 -0.155235 0.804786
vn 0.588268 -0.079127 0.804786
vn 0.593563 -0.001666 0.804786
vn 0.588703 0.075824 0.804786
vn 0.573769 0.152016 0.804786
vn 0.549018 0.225608 0.804786
vn 0.514874 0.295339 0.804786
vn 0.471919 0.360017 0.804786
vn 0.420890 0.418535 0.804786
vn 0.362660 0.469891 0.804786
vn 0.298224 0.513208 0.804786
vn 0.228686 0.547743 0.804786
vn 0.155235 0.572907 0.804786
vn 0.079127 0.588268 0.804786
vn 0.001666 0.593563 0.804786
vn -0.075824 0.588703 0.804786
vn -0.152016 0.573769 0.804786
vn -0.225608 0.549018 0.804786
vn -0.295339 0.514874 0.804786
vn -0.360017 0.471919 0.804786
vn -0.418535 0.420890 0.804786
vn -0.469891 0.362660 0.804786
vn -0.513208 0.298224 0.804786
vn -0.547743 0.228686 0.804786
vn -0.572907 0.155235 0.804786
vn -0.588268 0.079127 0.804786
vn -0.437161 0.001747 0.899382
vn -0.433649 -0.055329 0.899382
vn -0.422717 -0.111458 0.899382
vn -0.404553 -0.165680 0.899382
vn -0.379466 -0.217067 0.899382
vn -0.347887 -0.264740 0.899382
vn -0.310355 -0.307884 0.899382
vn -0.267513 -0.345759 0.899382
vn -0.220094 -0.377719 0.899382
vn -0.168909 -0.403215 0.899382
vn -0.114833 -0.421813 0.899382
vn -0.058793 -0.433193 0.899382
vn -0.001747 -0.437161 0.899382
vn 0.055329 -0.433649 0.899382
vn 0.111458 -0.422717 0.899382
vn 0.165680 -0.404553 0.899382
vn 0.217067 -0.379466 0.899382
vn 0.264740 -0.347887 0.899382
vn 0.307884 -0.310355 0.899382
vn 0.345759 -0.267513 0.899382
vn 0.377719 -0.220094 0.899382
vn 0.403215 -0.168909 0.899382
vn 0.421813 -0.114833 0.899382
vn 0.433193 -0.058793 0.899382
vn 0.437161 -0.001747 0.899382
vn 0.433649 0.055329 0.899382
vn 0.422717 0.111458 0.899382
vn 0.404553 0.165680 0.899382
vn 0.379466 0.217067 0.899382
vn 0.347887 0.264740 0.899382
vn 0.310355 0.307884 0.899382
vn 0.267513 0.345759 0.899382
vn 0.220094 0.377719 0.899382
vn 0.168909 0.403215 0.899382
vn 0.114833 0.421813 0.899382
vn 0.058793 0.433193 0.899382
vn 0.001747 0.437161 0.899382
vn -0.055329 0.433649 0.899382
vn -0.111458 0.422717 0.899382
vn -0.165680 0.404553 0.899382
vn -0.217067 0.379466 0.899382
vn -0.264740 0.347887 0.899382
vn -0.307884 0.310355 0.899382
vn -0.345759 0.267513 0.899382
vn -0.377719 0.220094 0.899382
vn -0.403215 0.168909 0.899382
vn -0.421813 0.114833 0.899382
vn -0.433193 0.058793 0.899382
vn -0.325090 0.001848 0.945681
vn -0.322550 -0.040600 0.945681
vn -0.314491 -0.082354 0.945681
vn -0.301051 -0.122699 0.945681
vn -0.282460 -0.160944 0.945681
vn -0.259036 -0.196436 0.945681
vn -0.231180 -0.228566 0.945681
vn -0.199369 -0.256786 0.945681
vn -0.164146 -0.280612 0.945681
vn -0.126114 -0.299636 0.945681
vn -0.085925 -0.313534 0.945681
vn -0.044265 -0.322067 0.945681
vn -0.001848 -0.325090 0.945681
vn 0.040600 -0.322550 0.945681
vn 0.082354 -0.314491 0.945681
vn 0.122699 -0.301051 0.945681
vn 0.160944 -0.282460 0.945681
vn 0.196436 -0.259036 0.945681
vn 0.228566 -0.231180 0.945681
vn 0.256786 -0.199369 0.945681
vn 0.280612 -0.164146 0.945681
vn 0.299636 -0.126114 0.945681
vn 0.313534 -0.085925 0.945681
vn 0.322067 -0.044265 0.945681
vn 0.325090 -0.001848 0.945681
vn 0.322550 0.040600 0.945681
vn 0.314491 0.082354 0.945681
vn 0.301051 0.122699 0.945681
vn 0.282460 0.160944 0.945681
vn 0.259036 0.196436 0.945681
vn 0.231180 0.228566 0.945681
vn 0.199369 0.256786 0.945681
vn 0.164146 0.280612 0.945681
vn 0.126114 0.299636 0.945681
vn 0.085925 0.313534 0.945681
vn 0.044265 0.322067 0.945681
vn 0.001848 0.325090 0.945681
vn -0.040600 0.322550 0.945681
vn -0.082354 0.314491 0.945681
vn -0.122699 0.301051 0.945681
vn -0.160944 0.282460 0.945681
vn -0.196436 0.259036 0.945681
vn -0.228566 0.231180 0.945681
vn -0.256786 0.199369 0.945681
vn -0.280612 0.164146 0.945681
vn -0.299636 0.126114 0.945681
vn -0.313534 0.085925 0.945681
vn -0.322067 0.044265 0.945681
vn -0.297672 0.002058 0.954666
vn -0.295394 -0.036814 0.954666
vn -0.288062 -0.075056 0.954666
vn -0.275801 -0.112013 0.954666
vn -0.258821 -0.147054 0.954666
vn -0.237412 -0.179579 0.954666
vn -0.211941 -0.209031 0.954666
vn -0.182844 -0.234907 0.954666
vn -0.150618 -0.256763 0.954666
vn -0.115815 -0.274226 0.954666
vn -0.079031 -0.286997 0.954666
vn -0.040894 -0.294857 0.954666
vn -0.002058 -0.297672 0.954666
vn 0.036814 -0.295394 0.954666
vn 0.075056 -0.288062 0.954666
vn 0.112013 -0.275801 0.954666
vn 0.147054 -0.258821 0.954666
vn 0.179579 -0.237412 0.954666
vn 0.209031 -0.211941 0.954666
vn 0.234907 -0.182844 0.954666
vn 0.256763 -0.150618 0.954666
vn 0.274226 -0.115815 0.954666
vn 0.286997 -0.079031 0.954666
vn 0.294857 -0.040894 0.954666
vn 0.297672 -0.002058 0.954666
vn 0.295394 0.036814 0.954666
vn 0.288062 0.075056 0.954666
vn 0.275801 0.112013 0.954666
vn 0.258821 0.147054 0.954666
vn 0.237412 0.179579 0.954666
vn 0.211941 0.209031 0.954666
vn 0.182844 0.234907 0.954666
vn 0.150618 0.256763 0.954666
vn 0.115815 0.274226 0.954666
vn 0.079031 0.286997 0.954666
vn 0.040894 0.294857 0.954666
vn 0.002058 0.297672 0.954666
vn -0.036814 0.295394 0.954666
vn -0.075056 0.288062 0.954666
vn -0.112013 0.275801 0.954666
vn -0.147054 0.258821 0.954666
vn -0.179579 0.237412 0.954666
vn -0.209031 0.211941 0.954666
vn -0.234907 0.182844 0.954666
vn -0.256763 0.150618 0.954666
vn -0.274226 0.115815 0.954666
vn -0.286997 0.079031 0.954666
vn -0.294857 0.040894 0.954666
vn -0.305230 0.002357 0.952276
vn -0.302926 -0.037503 0.952276
vn -0.295439 -0.076722 0.952276
vn -0.282898 -0.114628 0.952276
vn -0.265515 -0.150573 0.952276
vn -0.243590 -0.183942 0.952276
vn -0.217497 -0.214163 0.952276
vn -0.187682 -0.240720 0.952276
vn -0.154656 -0.263158 0.952276
vn -0.118984 -0.281093 0.952276
vn -0.081276 -0.294219 0.952276
vn -0.042178 -0.302311 0.952276
vn -0.002357 -0.305230 0.952276
vn 0.037503 -0.302926 0.952276
vn 0.076722 -0.295439 0.952276
vn 0.114628 -0.282898 0.952276
vn 0.150573 -0.265515 0.952276
vn 0.183942 -0.243590 0.952276
vn 0.214163 -0.217497 0.952276
vn 0.240720 -0.187682 0.952276
vn 0.263158 -0.154656 0.952276
vn 0.281093 -0.118984 0.952276
vn 0.294219 -0.081276 0.952276
vn 0.302311 -0.042178 0.952276
vn 0.305230 -0.002357 0.952276
vn 0.302926 0.037503 0.952276
vn 0.295439 0.076722 0.952276
vn 0.282898 0.114628 0.952276
vn 0.265515 0.150573 0.952276
vn 0.243590 0.183942 0.952276
vn 0.217497 0.214163 0.952276
vn 0.187682 0.240720 0.952276
vn 0.154656 0.263158 0.952276
vn 0.118984 0.281093 0.952276
vn 0.081276 0.294219 0.952276
vn 0.042178 0.302311 0.952276
vn 0.002357 0.305230 0.952276
vn -0.037503 0.302926 0.952276
vn -0.076722 0.295439 0.952276
vn -0.114628 0.282898 0.952276
vn -0.150573 0.265515 0.952276
vn -0.183942 0.243590 0.952276
vn -0.214163 0.217497 0.952276
vn -0.240720 0.187682 0.952276
vn -0.263158 0.154656 0.952276
vn -0.281093 0.118984 0.952276
vn -0.294219 0.081276 0.952276
vn -0.302311 0.042178 0.952276
vn -0.323427 0.002712 0.946249
vn -0.321014 -0.039527 0.946249
vn -0.313108 -0.081089 0.946249
vn -0.299845 -0.121264 0.946249
vn -0.281452 -0.159365 0.946249
vn -0.258243 -0.194738 0.946249
vn -0.230615 -0.226780 0.946249
vn -0.199041 -0.254941 0.946249
vn -0.164062 -0.278740 0.946249
vn -0.126276 -0.297770 0.946249
vn -0.086329 -0.311704 0.946249
vn -0.044905 -0.320306 0.946249
vn -0.002712 -0.323427 0.946249
vn 0.039527 -0.321014 0.946249
vn 0.081089 -0.313108 0.946249
vn 0.121264 -0.299845 0.946249
vn 0.159365 -0.281452 0.946249
vn 0.194738 -0.258243 0.946249
vn 0.226780 -0.230615 0.946249
vn 0.254941 -0.199041 0.946249
vn 0.278740 -0.164062 0.946249
vn 0.297770 -0.126276 0.946249
vn 0.311704 -0.086329 0.946249
vn 0.320306 -0.044905 0.946249
vn 0.323427 -0.002712 0.946249
vn 0.321014 0.039527 0.946249
vn 0.313108 0.081089 0.946249
vn 0.299845 0.121264 0.946249
vn 0.281452 0.159365 0.946249
vn 0.258243 0.194738 0.946249
vn 0.230615 0.226780 0.946249
vn 0.199041 0.254941 0.946249
vn 0.164062 0.278740 0.946249
vn 0.126276 0.297770 0.946249
vn 0.086329 0.311704 0.946249
vn 0.044905 0.320306 0.946249
vn 0.002712 0.323427 0.946249
vn -0.039527 0.321014 0.946249
vn -0.081089 0.313108 0.946249
vn -0.121264 0.299845 0.946249
vn -0.159365 0.281452 0.946249
vn -0.194738 0.258243 0.946249
vn -0.226780 0.230615 0.946249
vn -0.254941 0.199041 0.946249
vn -0.278740 0.164062 0.946249
vn -0.297770 0.126276 0.946249
vn -0.311704 0.086329 0.946249
vn -0.320306 0.044905 0.946249
vn -0.329750 0.003080 0.944063
vn -0.327331 -0.039987 0.944063
vn -0.319311 -0.082370 0.944063
vn -0.305828 -0.123344 0.944063
vn -0.287112 -0.162207 0.944063
vn -0.263483 -0.198295 0.944063
vn -0.235347 -0.230990 0.944063
vn -0.203183 -0.259733 0.944063
vn -0.167543 -0.284032 0.944063
vn -0.129036 -0.303470 0.944063
vn -0.088321 -0.317717 0.944063
vn -0.046095 -0.326527 0.944063
vn -0.003080 -0.329750 0.944063
vn 0.039987 -0.327331 0.944063
vn 0.082370 -0.319311 0.944063
vn 0.123344 -0.305828 0.944063
vn 0.162207 -0.287112 0.944063
vn 0.198295 -0.263483 0.944063
vn 0.230990 -0.235347 0.944063
vn 0.259733 -0.203183 0.944063
vn 0.284032 -0.167543 0.944063
vn 0.303470 -0.129036 0.944063
vn 0.317717 -0.088321 0.944063
vn 0.326527 -0.046095 0.944063
vn 0.329750 -0.003080 0.944063
vn 0.327331 0.039987 0.944063
vn 0.319311 0.082370 0.944063
vn 0.305828 0.123344 0.944063
vn 0.287112 0.162207 0.944063
vn 0.263483 0.198295 0.944063
vn 0.235347 0.230990 0.944063
vn 0.203183 0.259733 0.944063
vn 0.167543 0.284032 0.944063
vn 0.129036 0.303470 0.944063
vn 0.088321 0.317717 0.944063
vn 0.046095 0.326527 0.944063
vn 0.003080 0.329750 0.944063
vn -0.039987 0.327331 0.944063
vn -0.082370 0.319311 0.944063
vn -0.123344 0.305828 0.944063
vn -0.162207 0.287112 0.944063
vn -0.198295 0.263483 0.944063
vn -0.230990 0.235347 0.944063
vn -0.259733 0.203183 0.944063
vn -0.284032 0.167543 0.944063
vn -0.303470 0.129036 0.944063
vn -0.317717 0.088321 0.944063
vn -0.326527 0.046095 0.944063
vn -0.300860 0.003413 0.953662
vn -0.298732 -0.035887 0.953662
vn -0.291492 -0.074572 0.953662
vn -0.279265 -0.111981 0.953662
vn -0.262259 -0.147475 0.953662
vn -0.240766 -0.180445 0.953662
vn -0.215153 -0.210327 0.953662
vn -0.185860 -0.236611 0.953662
vn -0.153386 -0.258846 0.953662
vn -0.118287 -0.276653 0.953662
vn -0.081165 -0.289725 0.953662
vn -0.042654 -0.297841 0.953662
vn -0.003413 -0.300860 0.953662
vn 0.035887 -0.298732 0.953662
vn 0.074572 -0.291492 0.953662
vn 0.111981 -0.279265 0.953662
vn 0.147475 -0.262259 0.953662
vn 0.180445 -0.240766 0.953662
vn 0.210327 -0.215153 0.953662
vn 0.236611 -0.185860 0.953662
vn 0.258846 -0.153386 0.953662
vn 0.276653 -0.118287 0.953662
vn 0.289725 -0.081165 0.953662
vn 0.297841 -0.042654 0.953662
vn 0.300860 -0.003413 0.953662
vn 0.298732 0.035887 0.953662
vn 0.291492 0.074572 0.953662
vn 0.279265 0.111981 0.953662
vn 0.262259 0.147475 0.953662
vn 0.240766 0.180445 0.953662
vn 0.215153 0.210327 0.953662
vn 0.185860 0.236611 0.953662
vn 0.153386 0.258846 0.953662
vn 0.118287 0.276653 0.953662
vn 0.081165 0.289725 0.953662
vn 0.042654 0.297841 0.953662
vn 0.003413 0.300860 0.953662
vn -0.035887 0.298732 0.953662
vn -0.074572 0.291492 0.953662
vn -0.111981 0.279265 0.953662
vn -0.147475 0.262259 0.953662
vn -0.180445 0.240766 0.953662
vn -0.210327 0.215153 0.953662
vn -0.236611 0.185860 0.953662
vn -0.258846 0.153386 0.953662
vn -0.276653 0.118287 0.953662
vn -0.289725 0.081165 0.953662
vn -0.297841 0.042654 0.953662
vn -0.229347 0.003655 0.973338
vn -0.227862 -0.026312 0.973338
vn -0.222479 -0.055829 0.973338
vn -0.213288 -0.084391 0.973338
vn -0.200448 -0.111508 0.973338
vn -0.184179 -0.136718 0.973338
vn -0.164758 -0.159589 0.973338
vn -0.142518 -0.179728 0.973338
vn -0.117839 -0.196793 0.973338
vn -0.091144 -0.210491 0.973338
vn -0.062890 -0.220587 0.973338
vn -0.033560 -0.226908 0.973338
vn -0.003655 -0.229347 0.973338
vn 0.026312 -0.227862 0.973338
vn 0.055829 -0.222479 0.973338
vn 0.084391 -0.213288 0.973338
vn 0.111508 -0.200448 0.973338
vn 0.136718 -0.184179 0.973338
vn 0.159589 -0.164758 0.973338
vn 0.179728 -0.142518 0.973338
vn 0.196793 -0.117839 0.973338
vn 0.210491 -0.091144 0.973338
vn 0.220587 -0.062890 0.973338
vn 0.226908 -0.033560 0.973338
vn 0.229347 -0.003655 0.973338
vn 0.227862 0.026312 0.973338
vn 0.222479 0.055829 0.973338
vn 0.213288 0.084391 0.973338
vn 0.200448 0.111508 0.973338
vn 0.184179 0.136718 0.973338
vn 0.164758 0.159589 0.973338
vn 0.142518 0.179728 0.973338
vn 0.117839 0.196793 0.973338
vn 0.091144 0.210491 0.973338
vn 0.062890 0.220587 0.973338
vn 0.033560 0.226908 0.973338
vn 0.003655 0.229347 0.973338
vn -0.026312 0.227862 0.973338
vn -0.055829 0.222479 0.973338
vn -0.084391 0.213288 0.973338
vn -0.111508 0.200448 0.973338
vn -0.136718 0.184179 0.973338
vn -0.159589 0.164758 0.973338
vn -0.179728 0.142518 0.973338
vn -0.196793 0.117839 0.973338
vn -0.210491 0.091144 0.973338
vn -0.220587 0.062890 0.973338
vn -0.226908 0.033560 0.973338
vn -0.134518 0.003782 0.990904
vn -0.133861 -0.013808 0.990904
vn -0.130914 -0.031162 0.990904
vn -0.125726 -0.047983 0.990904
vn -0.118388 -0.063983 0.990904
vn -0.109023 -0.078889 0.990904
vn -0.097793 -0.092444 0.990904
vn -0.084890 -0.104418 0.990904
vn -0.070535 -0.114605 0.990904
vn -0.054972 -0.122831 0.990904
vn -0.038469 -0.128956 0.990904
vn -0.021308 -0.132874 0.990904
vn -0.003782 -0.134518 0.990904
vn 0.013808 -0.133861 0.990904
vn 0.031162 -0.130914 0.990904
vn 0.047983 -0.125726 0.990904
vn 0.063983 -0.118388 0.990904
vn 0.078889 -0.109023 0.990904
vn 0.092444 -0.097793 0.990904
vn 0.104418 -0.084890 0.990904
vn 0.114605 -0.070535 0.990904
vn 0.122831 -0.054972 0.990904
vn 0.128956 -0.038469 0.990904
vn 0.132874 -0.021308 0.990904
vn 0.134518 -0.003782 0.990904
vn 0.133861 0.013808 0.990904
vn 0.130914 0.031162 0.990904
vn 0.125726 0.047983 0.990904
vn 0.118388 0.063983 0.990904
vn 0.109023 0.078889 0.990904
vn 0.097793 0.092444 0.990904
vn 0.084890 0.104418 0.990904
vn 0.070535 0.114605 0.990904
vn 0.054972 0.122831 0.990904
vn 0.038469 0.128956 0.990904
vn 0.021308 0.132874 0.990904
vn 0.003782 0.134518 0.990904
vn -0.013808 0.133861 0.990904
vn -0.031162 0.130914 0.990904
vn -0.047983 0.125726 0.990904
vn -0.063983 0.118388 0.990904
vn -0.078889 0.109023 0.990904
vn -0.092444 0.097793 0.990904
vn -0.104418 0.084890 0.990904
vn -0.114605 0.070535 0.990904
vn -0.122831 0.054972 0.990904
vn -0.128956 0.038469 0.990904
vn -0.132874 0.021308 0.990904
vn -0.058324 0.003823 0.998290
vn -0.058324 -0.003823 0.998290
vn -0.057326 -0.011403 0.998290
vn -0.055347 -0.018788 0.998290
vn -0.052421 -0.025851 0.998290
vn -0.048599 -0.032473 0.998290
vn -0.043944 -0.038538 0.998290
vn -0.038538 -0.043944 0.998290
vn -0.032473 -0.048599 0.998290
vn -0.025851 -0.052421 0.998290
vn -0.018788 -0.055347 0.998290
vn -0.011403 -0.057326 0.998290
vn -0.003823 -0.058324 0.998290
vn 0.003823 -0.058324 0.998290
vn 0.011403 -0.057326 0.998290
vn 0.018788 -0.055347 0.998290
vn 0.025851 -0.052421 0.998290
vn 0.032473 -0.048599 0.998290
vn 0.038538 -0.043944 0.998290
vn 0.043944 -0.038538 0.998290
vn 0.048599 -0.032473 0.998290
vn 0.052421 -0.025851 0.998290
vn 0.055347 -0.018788 0.998290
vn 0.057326 -0.011403 0.998290
vn 0.058324 -0.003823 0.998290
vn 0.058324 0.003823 0.998290
vn 0.057326 0.011403 0.998290
vn 0.055347 0.018788 0.998290
vn 0.052421 0.025851 0.998290
vn 0.048599 0.032473 0.998290
vn 0.043944 0.038538 0.998290
vn 0.038538 0.043944 0.998290
vn 0.032473 0.048599 0.998290
vn 0.025851 0.052421 0.998290
vn 0.018788 0.055347 0.998290
vn 0.011403 0.057326 0.998290
vn 0.003823 0.058324 0.998290
vn -0.003823 0.058324 0.998290
vn -0.011403 0.057326 0.998290
vn -0.018788 0.055347 0.998290
vn -0.025851 0.052421 0.998290
vn -0.032473 0.048599 0.998290
vn -0.038538 0.043944 0.998290
vn -0.043944 0.038538 0.998290
vn -0.048599 0.032473 0.998290
vn -0.052421 0.025851 0.998290
vn -0.055347 0.018788 0.998290
vn -0.057326 0.011403 0.998290
f 1057//1057 1058//1058 1106//1106
f 1057//1057 1106//1106 1105//1105
f 1058//1058 1059//1059 1107//1107
f 1058//1058 1107//1107 1106//1106
f 1059//1059 1060//1060 1108//1108
f 1059//1059 1108//1108 1107//1107
f 1060//1060 1061//1061 1109//1109
f 1060//1060 1109//1109 1108//1108
f 1061//1061 1062//1062 1110//1110
f 1061//1061 1110//1110 1109//1109
f 1062//1062 1063//1063 1111//1111
f 1062//1062 1111//1111 1110//1110
f 1063//1063 1064//1064 1112//1112
f 1063//1063 1112//1112 1111//1111
f 1064//1064 1065//1065 1113//1113
f 1064//1064 1113//1113 1112//1112
f 1065//1065 1066//1066 1114//1114
f 1065//1065 1114//1114 1113//1113
f 1066//1066 1067//1067 1115//1115
f 1066//1066 1115//1115 1114//1114
f 1067//1067 1068//1068 1116//1116
f 1067//1067 1116//1116 1115//1115
f 1068//1068 1069//1069 1117//1117
f 1068//1068 1117//1117 1116//1116
f 1069//1069 1070//1070 1118//1118
f 1069//1069 1118//1118 1117//1117
f 1070//1070 1071//1071 1119//1119
f 1070//1070 1119//1119 1118//1118
f 1071//1071 1072//1072 1120//1120
f 1071//1071 1120//1120 1119//1119
f 1072//1072 1073//1073 1121//1121
f 1072//1072 1121//1121 1120//1120
f 1073//1073 1074//1074 1122//1122
f 1073//1073 1122//1122 1121//1121
f 1074//1074 1075//1075 1123//1123
f 1074//1074 1123//1123 1122//1122
f 1075//1075 1076//1076 1124//1124
f 1075//1075 1124//1124 1123//1123
f 1076//1076 1077//1077 1125//1125
f 1076//1076 1125//1125 1124//1124
f 1077//1077 1078//1078 1126//1126
f 1077//1077 1126//1126 1125//1125
f 1078//1078 1079//1079 1127//1127
f 1078//1078 1127//1127 1126//1126
f 1079//1079 1080//1080 1128//1128
f 1079//1079 1128//1128 1127//1127
f 1080//1080 1081//1081 1129//1129
f 1080//1080 1129//1129 1128//1128
f 1081//1081 1082//1082 1130//1130
f 1081//1081 1130//1130 1129//1129
f 1082//1082 1083//1083 1131//1131
f 1082//1082 1131//1131 1130//1130
f 1083//1083 1084//1084 1132//1132
f 1083//1083 1132//1132 1131//1131
f 1084//1084 1085//1085 1133//1133
f 1084//1084 1133//1133 1132//1132
f 1085//1085 1086//1086 1134//1134
f 1085//1085 1134//1134 1133//1133
f 1086//1086 1087//1087 1135//1135
f 1086//1086 1135//1135 1134//1134
f 1087//1087 1088//1088 1136//1136
f 1087//1087 1136//1136 1135//1135
f 1088//1088 1089//1089 1137//1137
f 1088//1088 1137//1137 1136//1136
f 1089//1089 1090//1090 1138//1138
f 1089//1089 1138//1138 1137//1137
f 1090//1090 1091//1091 1139//1139
f 1090//1090 1139//1139 1138//1138
f 1091//1091 1092//1092 1140//1140
f 1091//1091 1140//1140 1139//1139
f 1092//1092 1093//1093 1141//1141
f 1092//1092 1141//1141 1140//1140
f 1093//1093 1094//1094 1142//1142
f 1093//1093 1142//1142 1141//1141
f 1094//1094 1095//1095 1143//1143
f 1094//1094 1143//1143 1142//1142
f 1095//1095 1096//1096 1144//1144
f 1095//1095 1144//1144 1143//1143
f 1096//1096 1097//1097 1145//1145
f 1096//1096 1145//1145 1144//1144
f 1097//1097 1098//1098 1146//1146
f 1097//1097 1146//1146 1145//1145
f 1098//1098 1099//1099 1147//1147
f 1098//1098 1147//1147 1146//1146
f 1099//1099 1100//1100 1148//1148
f 1099//1099 1148//1148 1147//1147
f 1100//1100 1101//1101 1149//1149
f 1100//1100 1149//1149 1148//1148
f 1101//1101 1102//1102 1150//1150
f 1101//1101 1150//1150 1149//1149
f 1102//1102 1103//1103 1151//1151
f 1102//1102 1151//1151 1150//1150
f 1103//1103 1104//1104 1152//1152
f 1103//1103 1152//1152 1151//1151
f 1104//1104 1057//1057 1105//1105
f 1104//1104 1105//1105 1152//1152
f 1105//1105 1106//1106 1154//1154
f 1105//1105 1154//1154 1153//1153
f 1106//1106 1107//1107 1155//1155
f 1106//1106 1155//1155 1154//1154
f 1107//1107 1108//1108 1156//1156
f 1107//1107 1156//1156 1155//1155
f 1108//1108 1109//1109 1157//1157
f 1108//1108 1157//1157 1156//1156
f 1109//1109 1110//1110 1158//1158
f 1109//1109 1158//1158 1157//1157
f 1110//1110 1111//1111 1159//1159
f 1110//1110 1159//1159 1158//1158
f 1111//1111 1112//1112 1160//1160
f 1111//1111 1160//1160 1159//1159
f 1112//1112 1113//1113 1161//1161
f 1112//1112 1161//1161 1160//1160
f 1113//1113 1114//1114 1162//1162
f 1113//1113 1162//1162 1161//1161
f 1114//1114 1115//1115 1163//1163
f 1114//1114 1163//1163 1162//1162
f 1115//1115 1116//1116 1164//1164
f 1115//1115 1164//1164 1163//1163
f 1116//1116 1117//1117 1165//1165
f 1116//1116 1165//1165 1164//1164
f 1117//1117 1118//1118 1166//1166
f 1117//1117 1166//1166 1165//1165
f 1118//1118 1119//1119 1167//1167
f 1118//1118 1167//1167 1166//1166
f 1119//1119 1120//1120 1168//1168
f 1119//1119 1168//1168 1167//1167
f 1120//1120 1121//1121 1169//1169
f 1120//1120 1169//1169 1168//1168
f 1121//1121 1122//1122 1170//1170
f 1121//1121 1170//1170 1169//1169
f 1122//1122 1123//1123 1171//1171
f 1122//1122 1171//1171 1170//1170
f 1123//1123 1124//1124 1172//1172
f 1123//1123 1172//1172 1171//1171
f 1124//1124 1125//1125 1173//1173
f 1124//1124 1173//1173 1172//1172
f 1125//1125 1126//1126 1174//1174
f 1125//1125 1174//1174 1173//1173
f 1126//1126 1127//1127 1175//1175
f 1126//1126 1175//1175 1174//1174
f 1127//1127 1128//1128 1176//1176
f 1127//1127 1176//1176 1175//1175
f 1128//1128 1129//1129 1177//1177
f 1128//1128 1177//1177 1176//1176
f 1129//1129 1130//1130 1178//1178
f 1129//1129 1178//1178 1177//1177
f 1130//1130 1131//1131 1179//1179
f 1130//1130 1179//1179 1178//1178
f 1131//1131 1132//1132 1180//1180
f 1131//1131 1180//1180 1179//1179
f 1132//1132 1133//1133 1181//1181
f 1132//1132 1181//1181 1180//1180
f 1133//1133 1134//1134 1182//1182
f 1133//1133 1182//1182 1181//1181
f 1134//1134 1135//1135 1183//1183
f 1134//1134 1183//1183 1182//1182
f 1135//1135 1136//1136 1184//1184
f 1135//1135 1184//1184 1183//1183
f 1136//1136 1137//1137 1185//1185
f 1136//1136 1185//1185 1184//1184
f 1137//1137 1138//1138 1186//1186
f 1137//1137 1186//1186 1185//1185
f 1138//1138 1139//1139 1187//1187
f 1138//1138 1187//1187 1186//1186
f 1139//1139 1140//1140 1188//1188
f 1139//1139 1188//1188 1187//1187
f 1140//1140 1141//1141 1189//1189
f 1140//1140 1189//1189 1188//1188
f 1141//1141 1142//1142 1190//1190
f 1141//1141 1190//1190 1189//1189
f 1142//1142 1143//1143 1191//1191
f 1142//1142 1191//1191 1190//1190
f 1143//1143 1144//1144 1192//1192
f 1143//1143 1192//1192 1191//1191
f 1144//1144 1145//1145 1193//1193
f 1144//1144 1193//1193 1192//1192
f 1145//1145 1146//1146 1194//1194
f 1145//1145 1194//1194 1193//1193
f 1146//1146 1147//1147 1195//1195
f 1146//1146 1195//1195 1194//1194
f 1147//1147 1148//1148 1196//1196
f 1147//1147 1196//1196 1195//1195
f 1148//1148 1149//1149 1197//1197
f 1148//1148 1197//1197 1196//1196
f 1149//1149 1150//1150 1198//1198
f 1149//1149 1198//1198 1197//1197
f 1150//1150 1151//1151 1199//1199
f 1150//1150 1199//1199 1198//1198
f 1151//1151 1152//1152 1200//1200
f 1151//1151 1200//1200 1199//1199
f 1152//1152 1105//1105 1153//1153
f 1152//1152 1153//1153 1200//1200
f 1153//1153 1154//1154 1202//1202
f 1153//1153 1202//1202 1201//1201
f 1154//1154 1155//1155 1203//1203
f 1154//1154 1203//1203 1202//1202
f 1155//1155 1156//1156 1204//1204
f 1155//1155 1204//1204 1203//1203
f 1156//1156 1157//1157 1205//1205
f 1156//1156 1205//1205 1204//1204
f 1157//1157 1158//1158 1206//1206
f 1157//1157 1206//1206 1205//1205
f 1158//1158 1159//1159 1207//1207
f 1158//1158 1207//1207 1206//1206
f 1159//1159 1160//1160 1208//1208
f 1159//1159 1208//1208 1207//1207
f 1160//1160 1161//1161 1209//1209
f 1160//1160 1209//1209 1208//1208
f 1161//1161 1162//1162 1210//1210
f 1161//1161 1210//1210 1209//1209
f 1162//1162 1163//1163 1211//1211
f 1162//1162 1211//1211 1210//1210
f 1163//1163 1164//1164 1212//1212
f 1163//1163 1212//1212 1211//1211
f 1164//1164 1165//1165 1213//1213
f 1164//1164 1213//1213 1212//1212
f 1165//1165 1166//1166 1214//1214
f 1165//1165 1214//1214 1213//1213
f 1166//1166 1167//1167 1215//1215
f 1166//1166 1215//1215 1214//1214
f 1167//1167 1168//1168 1216//1216
f 1167//1167 1216//1216 1215//1215
f 1168//1168 1169//1169 1217//1217
f 1168//1168 1217//1217 1216//1216
f 1169//1169 1170//1170 1218//1218
f 1169//1169 1218//1218 1217//1217
f 1170//1170 1171//1171 1219//1219
f 1170//1170 1219//1219 1218//1218
f 1171//1171 1172//1172 1220//1220
f 1171//1171 1220//1220 1219//1219
f 1172//1172 1173//1173 1221//1221
f 1172//1172 1221//1221 1220//1220
f 1173//1173 1174//1174 1222//1222
f 1173//1173 1222//1222 1221//1221
f 1174//1174 1175//1175 1223//1223
f 1174//1174 1223//1223 1222//1222
f 1175//1175 1176//1176 1224//1224
f 1175//1175 1224//1224 1223//1223
f 1176//1176 1177//1177 1225//1225
f 1176//1176 1225//1225 1224//1224
f 1177//1177 1178//1178 1226//1226
f 1177//1177 1226//1226 1225//1225
f 1178//1178 1179//1179 1227//1227
f 1178//1178 1227//1227 1226//1226
f 1179//1179 1180//1180 1228//1228
f 1179//1179 1228//1228 1227//1227
f 1180//1180 1181//1181 1229//1229
f 1180//1180 1229//1229 1228//1228
f 1181//1181 1182//1182 1230//1230
f 1181//1181 1230//1230 1229//1229
f 1182//1182 1183//1183 1231//1231
f 1182//1182 1231//1231 1230//1230
f 1183//1183 1184//1184 1232//1232
f 1183//1183 1232//1232 1231//1231
f 1184//1184 1185//1185 1233//1233
f 1184//1184 1233//1233 1232//1232
f 1185//1185 1186//1186 1234//1234
f 1185//1185 1234//1234 1233//1233
f 1186//1186 1187//1187 1235//1235
f 1186//1186 1235//1235 1234//1234
f 1187//1187 1188//1188 1236//1236
f 1187//1187 1236//1236 1235//1235
f 1188//1188 1189//1189 1237//1237
f 1188//1188 1237//1237 1236//1236
f 1189//1189 1190//1190 1238//1238
f 1189//1189 1238//1238 1237//1237
f 1190//1190 1191//1191 1239//1239
f 1190//1190 1239//1239 1238//1238
f 1191//1191 1192//1192 1240//1240
f 1191//1191 1240//1240 1239//1239
f 1192//1192 1193//1193 1241//1241
f 1192//1192 1241//1241 1240//1240
f 1193//1193 1194//1194 1242//1242
f 1193//1193 1242//1242 1241//1241
f 1194//1194 1195//1195 1243//1243
f 1194//1194 1243//1243 1242//1242
f 1195//1195 1196//1196 1244//1244
f 1195//1195 1244//1244 1243//1243
f 1196//1196 1197//1197 1245//1245
f 1196//1196 1245//1245 1244//1244
f 1197//1197 1198//1198 1246//1246
f 1197//1197 1246//1246 1245//1245
f 1198//1198 1199//1199 1247//1247
f 1198//1198 1247//1247 1246//1246
f 1199//1199 1200//1200 1248//1248
f 1199//1199 1248//1248 1247//1247
f 1200//1200 1153//1153 1201//1201
f 1200//1200 1201//1201 1248//1248
f 1201//1201 1202//1202 1250//1250
f 1201//1201 1250//1250 1249//1249
f 1202//1202 1203//1203 1251//1251
f 1202//1202 1251//1251 1250//1250
f 1203//1203 1204//1204 1252//1252
f 1203//1203 1252//1252 1251//1251
f 1204//1204 1205//1205 1253//1253
f 1204//1204 1253//1253 1252//1252
f 1205//1205 1206//1206 1254//1254
f 1205//1205 1254//1254 1253//1253
f 1206//1206 1207//1207 1255//1255
f 1206//1206 1255//1255 1254//1254
f 1207//1207 1208//1208 1256//1256
f 1207//1207 1256//1256 1255//1255
f 1208//1208 1209//1209 1257//1257
f 1208//1208 1257//1257 1256//1256
f 1209//1209 1210//1210 1258//1258
f 1209//1209 1258//1258 1257//1257
f 1210//1210 1211//1211 1259//1259
f 1210//1210 1259//1259 1258//1258
f 1211//1211 1212//1212 1260//1260
f 1211//1211 1260//1260 1259//1259
f 1212//1212 1213//1213 1261//1261
f 1212//1212 1261//1261 1260//1260
f 1213//1213 1214//1214 1262//1262
f 1213//1213 1262//1262 1261//1261
f 1214//1214 1215//1215 1263//1263
f 1214//1214 1263//1263 1262//1262
f 1215//1215 1216//1216 1264//1264
f 1215//1215 1264//1264 1263//1263
f 1216//1216 1217//1217 1265//1265
f 1216//1216 1265//1265 1264//1264
f 1217//1217 1218//1218 1266//1266
f 1217//1217 1266//1266 1265//1265
f 1218//1218 1219//1219 1267//1267
f 1218//1218 1267//1267 1266//1266
f 1219//1219 1220//1220 1268//1268
f 1219//1219 1268//1268 1267//1267
f 1220//1220 1221//1221 1269//1269
f 1220//1220 1269//1269 1268//1268
f 1221//1221 1222//1222 1270//1270
f 1221//1221 1270//1270 1269//1269
f 1222//1222 1223//1223 1271//1271
f 1222//1222 1271//1271 1270//1270
f 1223//1223 1224//1224 1272//1272
f 1223//1223 1272//1272 1271//1271
f 1224//1224 1225//1225 1273//1273
f 1224//1224 1273//1273 1272//1272
f 1225//1225 1226//1226 1274//1274
f 1225//1225 1274//1274 1273//1273
f 1226//1226 1227//1227 1275//1275
f 1226//1226 1275//1275 1274//1274
f 1227//1227 1228//1228 1276//1276
f 1227//1227 1276//1276 1275//1275
f 1228//1228 1229//1229 1277//1277
f 1228//1228 1277//1277 1276//1276
f 1229//1229 1230//1230 1278//1278
f 1229//1229 1278//1278 1277//1277
f 1230//1230 1231//1231 1279//1279
f 1230//1230 1279//1279 1278//1278
f 1231//1231 1232//1232 1280//1280
f 1231//1231 1280//1280 1279//1279
f 1232//1232 1233//1233 1281//1281
f 1232//1232 1281//1281 1280//1280
f 1233//1233 1234//1234 1282//1282
f 1233//1233 1282//1282 1281//1281
f 1234//1234 1235//1235 1283//1283
f 1234//1234 1283//1283 1282//1282
f 1235//1235 1236//1236 1284//1284
f 1235//1235 1284//1284 1283//1283
f 1236//1236 1237//1237 1285//1285
f 1236//1236 1285//1285 1284//1284
f 1237//1237 1238//1238 1286//1286
f 1237//1237 1286//1286 1285//1285
f 1238//1238 1239//1239 1287//1287
f 1238//1238 1287//1287 1286//1286
f 1239//1239 1240//1240 1288//1288
f 1239//1239 1288//1288 1287//1287
f 1240//1240 1241//1241 1289//1289
f 1240//1240 1289//1289 1288//1288
f 1241//1241 1242//1242 1290//1290
f 1241//1241 1290//1290 1289//1289
f 1242//1242 1243//1243 1291//1291
f 1242//1242 1291//1291 1290//1290
f 1243//1243 1244//1244 1292//1292
f 1243//1243 1292//1292 1291//1291
f 1244//1244 1245//1245 1293//1293
f 1244//1244 1293//1293 1292//1292
f 1245//1245 1246//1246 1294//1294
f 1245//1245 1294//1294 1293//1293
f 1246//1246 1247//1247 1295//1295
f 1246//1246 1295//1295 1294//1294
f 1247//1247 1248//1248 1296//1296
f 1247//1247 1296//1296 1295//1295
f 1248//1248 1201//1201 1249//1249
f 1248//1248 1249//1249 1296//1296
f 1249//1249 1250//1250 1298//1298
f 1249//1249 1298//1298 1297//1297
f 1250//1250 1251//1251 1299//1299
f 1250//1250 1299//1299 1298//1298
f 1251//1251 1252//1252 1300//1300
f 1251//1251 1300//1300 1299//1299
f 1252//1252 1253//1253 1301//1301
f 1252//1252 1301//1301 1300//1300
f 1253//1253 1254//1254 1302//1302
f 1253//1253 1302//1302 1301//1301
f 1254//1254 1255//1255 1303//1303
f 1254//1254 1303//1303 1302//1302
f 1255//1255 1256//1256 1304//1304
f 1255//1255 1304//1304 1303//1303
f 1256//1256 1257//1257 1305//1305
f 1256//1256 1305//1305 1304//1304
f 1257//1257 1258//1258 1306//1306
f 1257//1257 1306//1306 1305//1305
f 1258//1258 1259//1259 1307//1307
f 1258//1258 1307//1307 1306//1306
f 1259//1259 1260//1260 1308//1308
f 1259//1259 1308//1308 1307//1307
f 1260//1260 1261//1261 1309//1309
f 1260//1260 1309//1309 1308//1308
f 1261//1261 1262//1262 1310//1310
f 1261//1261 1310//1310 1309//1309
f 1262//1262 1263//1263 1311//1311
f 1262//1262 1311//1311 1310//1310
f 1263//1263 1264//1264 1312//1312
f 1263//1263 1312//1312 1311//1311
f 1264//1264 1265//1265 1313//1313
f 1264//1264 1313//1313 1312//1312
f 1265//1265 1266//1266 1314//1314
f 1265//1265 1314//1314 1313//1313
f 1266//1266 1267//1267 1315//1315
f 1266//1266 1315//1315 1314//1314
f 1267//1267 1268//1268 1316//1316
f 1267//1267 1316//1316 1315//1315
f 1268//1268 1269//1269 1317//1317
f 1268//1268 1317//1317 1316//1316
f 1269//1269 1270//1270 1318//1318
f 1269//1269 1318//1318 1317//1317
f 1270//1270 1271//1271 1319//1319
f 1270//1270 1319//1319 1318//1318
f 1271//1271 1272//1272 1320//1320
f 1271//1271 1320//1320 1319//1319
f 1272//1272 1273//1273 1321//1321
f 1272//1272 1321//1321 1320//1320
f 1273//1273 1274//1274 1322//1322
f 1273//1273 1322//1322 1321//1321
f 1274//1274 1275//1275 1323//1323
f 1274//1274 1323//1323 1322//1322
f 1275//1275 1276//1276 1324//1324
f 1275//1275 1324//1324 1323//1323
f 1276//1276 1277//1277 1325//1325
f 1276//1276 1325//1325 1324//1324
f 1277//1277 1278//1278 1326//1326
f 1277//1277 1326//1326 1325//1325
f 1278//1278 1279//1279 1327//1327
f 1278//1278 1327//1327 1326//1326
f 1279//1279 1280//1280 1328//1328
f 1279//1279 1328//1328 1327//1327
f 1280//1280 1281//1281 1329//1329
f 1280//1280 1329//1329 1328//1328
f 1281//1281 1282//1282 1330//1330
f 1281//1281 1330//1330 1329//1329
f 1282//1282 1283//1283 1331//1331
f 1282//1282 1331//1331 1330//1330
f 1283//1283 1284//1284 1332//1332
f 1283//1283 1332//1332 1331//1331
f 1284//1284 1285//1285 1333//1333
f 1284//1284 1333//1333 1332//1332
f 1285//1285 1286//1286 1334//1334
f 1285//1285 1334//1334 1333//1333
f 1286//1286 1287//1287 1335//1335
f 1286//1286 1335//1335 1334//1334
f 1287//1287 1288//1288 1336//1336
f 1287//1287 1336//1336 1335//1335
f 1288//1288 1289//1289 1337//1337
f 1288//1288 1337//1337 1336//1336
f 1289//1289 1290//1290 1338//1338
f 1289//1289 1338//1338 1337//1337
f 1290//1290 1291//1291 1339//1339
f 1290//1290 1339//1339 1338//1338
f 1291//1291 1292//1292 1340//1340
f 1291//1291 1340//1340 1339//1339
f 1292//1292 1293//1293 1341//1341
f 1292//1292 1341//1341 1340//1340
f 1293//1293 1294//1294 1342//1342
f 1293//1293 1342//1342 1341//1341
f 1294//1294 1295//1295 1343//1343
f 1294//1294 1343//1343 1342//1342
f 1295//1295 1296//1296 1344//1344
f 1295//1295 1344//1344 1343//1343
f 1296//1296 1249//1249 1297//1297
f 1296//1296 1297//1297 1344//1344
f 1297//1297 1298//1298 1346//1346
f 1297//1297 1346//1346 1345//1345
f 1298//1298 1299//1299 1347//1347
f 1298//1298 1347//1347 1346//1346
f 1299//1299 1300//1300 1348//1348
f 1299//1299 1348//1348 1347//1347
f 1300//1300 1301//1301 1349//1349
f 1300//1300 1349//1349 1348//1348
f 1301//1301 1302//1302 1350//1350
f 1301//1301 1350//1350 1349//1349
f 1302//1302 1303//1303 1351//1351
f 1302//1302 1351//1351 1350//1350
f 1303//1303 1304//1304 1352//1352
f 1303//1303 1352//1352 1351//1351
f 1304//1304 1305//1305 1353//1353
f 1304//1304 1353//1353 1352//1352
f 1305//1305 1306//1306 1354//1354
f 1305//1305 1354//1354 1353//1353
f 1306//1306 1307//1307 1355//1355
f 1306//1306 1355//1355 1354//1354
f 1307//1307 1308//1308 1356//1356
f 1307//1307 1356//1356 1355//1355
f 1308//1308 1309//1309 1357//1357
f 1308//1308 1357//1357 1356//1356
f 1309//1309 1310//1310 1358//1358
f 1309//1309 1358//1358 1357//1357
f 1310//1310 1311//1311 1359//1359
f 1310//1310 1359//1359 1358//1358
f 1311//1311 1312//1312 1360//1360
f 1311//1311 1360//1360 1359//1359
f 1312//1312 1313//1313 1361//1361
f 1312//1312 1361//1361 1360//1360
f 1313//1313 1314//1314 1362//1362
f 1313//1313 1362//1362 1361//1361
f 1314//1314 1315//1315 1363//1363
f 1314//1314 1363//1363 1362//1362
f 1315//1315 1316//1316 1364//1364
f 1315//1315 1364//1364 1363//1363
f 1316//1316 1317//1317 1365//1365
f 1316//1316 1365//1365 1364//1364
f 1317//1317 1318//1318 1366//1366
f 1317//1317 1366//1366 1365//1365
f 1318//1318 1319//1319 1367//1367
f 1318//1318 1367//1367 1366//1366
f 1319//1319 1320//1320 1368//1368
f 1319//1319 1368//1368 1367//1367
f 1320//1320 1321//1321 1369//1369
f 1320//1320 1369//1369 1368//1368
f 1321//1321 1322//1322 1370//1370
f 1321//1321 1370//1370 1369//1369
f 1322//1322 1323//1323 1371//1371
f 1322//1322 1371//1371 1370//1370
f 1323//1323 1324//1324 1372//1372
f 1323//1323 1372//1372 1371//1371
f 1324//1324 1325//1325 1373//1373
f 1324//1324 1373//1373 1372//1372
f 1325//1325 1326//1326 1374//1374
f 1325//1325 1374//1374 1373//1373
f 1326//1326 1327//1327 1375//1375
f 1326//1326 1375//1375 1374//1374
f 1327//1327 1328//1328 1376//1376
f 1327//1327 1376//1376 1375//1375
f 1328//1328 1329//1329 1377//1377
f 1328//1328 1377//1377 1376//1376
f 1329//1329 1330//1330 1378//1378
f 1329//1329 1378//1378 1377//1377
f 1330//1330 1331//1331 1379//1379
f 1330//1330 1379//1379 1378//1378
f 1331//1331 1332//1332 1380//1380
f 1331//1331 1380//1380 1379//1379
f 1332//1332 1333//1333 1381//1381
f 1332//1332 1381//1381 1380//1380
f 1333//1333 1334//1334 1382//1382
f 1333//1333 1382//1382 1381//1381
f 1334//1334 1335//1335 1383//1383
f 1334//1334 1383//1383 1382//1382
f 1335//1335 1336//1336 1384//1384
f 1335//1335 1384//1384 1383//1383
f 1336//1336 1337//1337 1385//1385
f 1336//1336 1385//1385 1384//1384
f 1337//1337 1338//1338 1386//1386
f 1337//1337 1386//1386 1385//1385
f 1338//1338 1339//1339 1387//1387
f 1338//1338 1387//1387 1386//1386
f 1339//1339 1340//1340 1388//1388
f 1339//1339 1388//1388 1387//1387
f 1340//1340 1341//1341 1389//1389
f 1340//1340 1389//1389 1388//1388
f 1341//1341 1342//1342 1390//1390
f 1341//1341 1390//1390 1389//1389
f 1342//1342 1343//1343 1391//1391
f 1342//1342 1391//1391 1390//1390
f 1343//1343 1344//1344 1392//1392
f 1343//1343 1392//1392 1391//1391
f 1344//1344 1297//1297 1345//1345
f 1344//1344 1345//1345 1392//1392
f 1345//1345 1346//1346 1394//1394
f 1345//1345 1394//1394 1393//1393
f 1346//1346 1347//1347 1395//1395
f 1346//1346 1395//1395 1394//1394
f 1347//1347 1348//1348 1396//1396
f 1347//1347 1396//1396 1395//1395
f 1348//1348 1349//1349 1397//1397
f 1348//1348 1397//1397 1396//1396
f 1349//1349 1350//1350 1398//1398
f 1349//1349 1398//1398 1397//1397
f 1350//1350 1351//1351 1399//1399
f 1350//1350 1399//1399 1398//1398
f 1351//1351 1352//1352 1400//1400
f 1351//1351 1400//1400 1399//1399
f 1352//1352 1353//1353 1401//1401
f 1352//1352 1401//1401 1400//1400
f 1353//1353 1354//1354 1402//1402
f 1353//1353 1402//1402 1401//1401
f 1354//1354 1355//1355 1403//1403
f 1354//1354 1403//1403 1402//1402
f 1355//1355 1356//1356 1404//1404
f 1355//1355 1404//1404 1403//1403
f 1356//1356 1357//1357 1405//1405
f 1356//1356 1405//1405 1404//1404
f 1357//1357 1358//1358 1406//1406
f 1357//1357 1406//1406 1405//1405
f 1358//1358 1359//1359 1407//1407
f 1358//1358 1407//1407 1406//1406
f 1359//1359 1360//1360 1408//1408
f 1359//1359 1408//1408 1407//1407
f 1360//1360 1361//1361 1409//1409
f 1360//1360 1409//1409 1408//1408
f 1361//1361 1362//1362 1410//1410
f 1361//1361 1410//1410 1409//1409
f 1362//1362 1363//1363 1411//1411
f 1362//1362 1411//1411 1410//1410
f 1363//1363 1364//1364 1412//1412
f 1363//1363 1412//1412 1411//1411
f 1364//1364 1365//1365 1413//1413
f 1364//1364 1413//1413 1412//1412
f 1365//1365 1366//1366 1414//1414
f 1365//1365 1414//1414 1413//1413
f 1366//1366 1367//1367 1415//1415
f 1366//1366 1415//1415 1414//1414
f 1367//1367 1368//1368 1416//1416
f 1367//1367 1416//1416 1415//1415
f 1368//1368 1369//1369 1417//1417
f 1368//1368 1417//1417 1416//1416
f 1369//1369 1370//1370 1418//1418
f 1369//1369 1418//1418 1417//1417
f 1370//1370 1371//1371 1419//1419
f 1370//1370 1419//1419 1418//1418
f 1371//1371 1372//1372 1420//1420
f 1371//1371 1420//1420 1419//1419
f 1372//1372 1373//1373 1421//1421
f 1372//1372 1421//1421 1420//1420
f 1373//1373 1374//1374 1422//1422
f 1373//1373 1422//1422 1421//1421
f 1374//1374 1375//1375 1423//1423
f 1374//1374 1423//1423 1422//1422
f 1375//1375 1376//1376 1424//1424
f 1375//1375 1424//1424 1423//1423
f 1376//1376 1377//1377 1425//1425
f 1376//1376 1425//1425 1424//1424
f 1377//1377 1378//1378 1426//1426
f 1377//1377 1426//1426 1425//1425
f 1378//1378 1379//1379 1427//1427
f 1378//1378 1427//1427 1426//1426
f 1379//1379 1380//1380 1428//1428
f 1379//1379 1428//1428 1427//1427
f 1380//1380 1381//1381 1429//1429
f 1380//1380 1429//1429 1428//1428
f 1381//1381 1382//1382 1430//1430
f 1381//1381 1430//1430 1429//1429
f 1382//1382 1383//1383 1431//1431
f 1382//1382 1431//1431 1430//1430
f 1383//1383 1384//1384 1432//1432
f 1383//1383 1432//1432 1431//1431
f 1384//1384 1385//1385 1433//1433
f 1384//1384 1433//1433 1432//1432
f 1385//1385 1386//1386 1434//1434
f 1385//1385 1434//1434 1433//1433
f 1386//1386 1387//1387 1435//1435
f 1386//1386 1435//1435 1434//1434
f 1387//1387 1388//1388 1436//1436
f 1387//1387 1436//1436 1435//1435
f 1388//1388 1389//1389 1437//1437
f 1388//1388 1437//1437 1436//1436
f 1389//1389 1390//1390 1438//1438
f 1389//1389 1438//1438 1437//1437
f 1390//1390 1391//1391 1439//1439
f 1390//1390 1439//1439 1438//1438
f 1391//1391 1392//1392 1440//1440
f 1391//1391 1440//1440 1439//1439
f 1392//1392 1345//1345 1393//1393
f 1392//1392 1393//1393 1440//1440
f 1393//1393 1394//1394 1442//1442
f 1393//1393 1442//1442 1441//1441
f 1394//1394 1395//1395 1443//1443
f 1394//1394 1443//1443 1442//1442
f 1395//1395 1396//1396 1444//1444
f 1395//1395 1444//1444 1443//1443
f 1396//1396 1397//1397 1445//1445
f 1396//1396 1445//1445 1444//1444
f 1397//1397 1398//1398 1446//1446
f 1397//1397 1446//1446 1445//1445
f 1398//1398 1399//1399 1447//1447
f 1398//1398 1447//1447 1446//1446
f 1399//1399 1400//1400 1448//1448
f 1399//1399 1448//1448 1447//1447
f 1400//1400 1401//1401 1449//1449
f 1400//1400 1449//1449 1448//1448
f 1401//1401 1402//1402 1450//1450
f 1401//1401 1450//1450 1449//1449
f 1402//1402 1403//1403 1451//1451
f 1402//1402 1451//1451 1450//1450
f 1403//1403 1404//1404 1452//1452
f 1403//1403 1452//1452 1451//1451
f 1404//1404 1405//1405 1453//1453
f 1404//1404 1453//1453 1452//1452
f 1405//1405 1406//1406 1454//1454
f 1405//1405 1454//1454 1453//1453
f 1406//1406 1407//1407 1455//1455
f 1406//1406 1455//1455 1454//1454
f 1407//1407 1408//1408 1456//1456
f 1407//1407 1456//1456 1455//1455
f 1408//1408 1409//1409 1457//1457
f 1408//1408 1457//1457 1456//1456
f 1409//1409 1410//1410 1458//1458
f 1409//1409 1458//1458 1457//1457
f 1410//1410 1411//1411 1459//1459
f 1410//1410 1459//1459 1458//1458
f 1411//1411 1412//1412 1460//1460
f 1411//1411 1460//1460 1459//1459
f 1412//1412 1413//1413 1461//1461
f 1412//1412 1461//1461 1460//1460
f 1413//1413 1414//1414 1462//1462
f 1413//1413 1462//1462 1461//1461
f 1414//1414 1415//1415 1463//1463
f 1414//1414 1463//1463 1462//1462
f 1415//1415 1416//1416 1464//1464
f 1415//1415 1464//1464 1463//1463
f 1416//1416 1417//1417 1465//1465
f 1416//1416 1465//1465 1464//1464
f 1417//1417 1418//1418 1466//1466
f 1417//1417 1466//1466 1465//1465
f 1418//1418 1419//1419 1467//1467
f 1418//1418 1467//1467 1466//1466
f 1419//1419 1420//1420 1468//1468
f 1419//1419 1468//1468 1467//1467
f 1420//1420 1421//1421 1469//1469
f 1420//1420 1469//1469 1468//1468
f 1421//1421 1422//1422 1470//1470
f 1421//1421 1470//1470 1469//1469
f 1422//1422 1423//1423 1471//1471
f 1422//1422 1471//1471 1470//1470
f 1423//1423 1424//1424 1472//1472
f 1423//1423 1472//1472 1471//1471
f 1424//1424 1425//1425 1473//1473
f 1424//1424 1473//1473 1472//1472
f 1425//1425 1426//1426 1474//1474
f 1425//1425 1474//1474 1473//1473
f 1426//1426 1427//1427 1475//1475
f 1426//1426 1475//1475 1474//1474
f 1427//1427 1428//1428 1476//1476
f 1427//1427 1476//1476 1475//1475
f 1428//1428 1429//1429 1477//1477
f 1428//1428 1477//1477 1476//1476
f 1429//1429 1430//1430 1478//1478
f 1429//1429 1478//1478 1477//1477
f 1430//1430 1431//1431 1479//1479
f 1430//1430 1479//1479 1478//1478
f 1431//1431 1432//1432 1480//1480
f 1431//1431 1480//1480 1479//1479
f 1432//1432 1433//1433 1481//1481
f 1432//1432 1481//1481 1480//1480
f 1433//1433 1434//1434 1482//1482
f 1433//1433 1482//1482 1481//1481
f 1434//1434 1435//1435 1483//1483
f 1434//1434 1483//1483 1482//1482
f 1435//1435 1436//1436 1484//1484
f 1435//1435 1484//1484 1483//1483
f 1436//1436 1437//1437 1485//1485
f 1436//1436 1485//1485 1484//1484
f 1437//1437 1438//1438 1486//1486
f 1437//1437 1486//1486 1485//1485
f 1438//1438 1439//1439 1487//1487
f 1438//1438 1487//1487 1486//1486
f 1439//1439 1440//1440 1488//1488
f 1439//1439 1488//1488 1487//1487
f 1440//1440 1393//1393 1441//1441
f 1440//1440 1441//1441 1488//1488
f 1441//1441 1442//1442 1490//1490
f 1441//1441 1490//1490 1489//1489
f 1442//1442 1443//1443 1491//1491
f 1442//1442 1491//1491 1490//1490
f 1443//1443 1444//1444 1492//1492
f 1443//1443 1492//1492 1491//1491
f 1444//1444 1445//1445 1493//1493
f 1444//1444 1493//1493 1492//1492
f 1445//1445 1446//1446 1494//1494
f 1445//1445 1494//1494 1493//1493
f 1446//1446 1447//1447 1495//1495
f 1446//1446 1495//1495 1494//1494
f 1447//1447 1448//1448 1496//1496
f 1447//1447 1496//1496 1495//1495
f 1448//1448 1449//1449 1497//1497
f 1448//1448 1497//1497 1496//1496
f 1449//1449 1450//1450 1498//1498
f 1449//1449 1498//1498 1497//1497
f 1450//1450 1451//1451 1499//1499
f 1450//1450 1499//1499 1498//1498
f 1451//1451 1452//1452 1500//1500
f 1451//1451 1500//1500 1499//1499
f 1452//1452 1453//1453 1501//1501
f 1452//1452 1501//1501 1500//1500
f 1453//1453 1454//1454 1502//1502
f 1453//1453 1502//1502 1501//1501
f 1454//1454 1455//1455 1503//1503
f 1454//1454 1503//1503 1502//1502
f 1455//1455 1456//1456 1504//1504
f 1455//1455 1504//1504 1503//1503
f 1456//1456 1457//1457 1505//1505
f 1456//1456 1505//1505 1504//1504
f 1457//1457 1458//1458 1506//1506
f 1457//1457 1506//1506 1505//1505
f 1458//1458 1459//1459 1507//1507
f 1458//1458 1507//1507 1506//1506
f 1459//1459 1460//1460 1508//1508
f 1459//1459 1508//1508 1507//1507
f 1460//1460 1461//1461 1509//1509
f 1460//1460 1509//1509 1508//1508
f 1461//1461 1462//1462 1510//1510
f 1461//1461 1510//1510 1509//1509
f 1462//1462 1463//1463 1511//1511
f 1462//1462 1511//1511 1510//1510
f 1463//1463 1464//1464 1512//1512
f 1463//1463 1512//1512 1511//1511
f 1464//1464 1465//1465 1513//1513
f 1464//1464 1513//1513 1512//1512
f 1465//1465 1466//1466 1514//1514
f 1465//1465 1514//1514 1513//1513
f 1466//1466 1467//1467 1515//1515
f 1466//1466 1515//1515 1514//1514
f 1467//1467 1468//1468 1516//1516
f 1467//1467 1516//1516 1515//1515
f 1468//1468 1469//1469 1517//1517
f 1468//1468 1517//1517 1516//1516
f 1469//1469 1470//1470 1518//1518
f 1469//1469 1518//1518 1517//1517
f 1470//1470 1471//1471 1519//1519
f 1470//1470 1519//1519 1518//1518
f 1471//1471 1472//1472 1520//1520
f 1471//1471 1520//1520 1519//1519
f 1472//1472 1473//1473 1521//1521
f 1472//1472 1521//1521 1520//1520
f 1473//1473 1474//1474 1522//1522
f 1473//1473 1522//1522 1521//1521
f 1474//1474 1475//1475 1523//1523
f 1474//1474 1523//1523 1522//1522
f 1475//1475 1476//1476 1524//1524
f 1475//1475 1524//1524 1523//1523
f 1476//1476 1477//1477 1525//1525
f 1476//1476 1525//1525 1524//1524
f 1477//1477 1478//1478 1526//1526
f 1477//1477 1526//1526 1525//1525
f 1478//1478 1479//1479 1527//1527
f 1478//1478 1527//1527 1526//1526
f 1479//1479 1480//1480 1528//1528
f 1479//1479 1528//1528 1527//1527
f 1480//1480 1481//1481 1529//1529
f 1480//1480 1529//1529 1528//1528
f 1481//1481 1482//1482 1530//1530
f 1481//1481 1530//1530 1529//1529
f 1482//1482 1483//1483 1531//1531
f 1482//1482 1531//1531 1530//1530
f 1483//1483 1484//1484 1532//1532
f 1483//1483 1532//1532 1531//1531
f 1484//1484 1485//1485 1533//1533
f 1484//1484 1533//1533 1532//1532
f 1485//1485 1486//1486 1534//1534
f 1485//1485 1534//1534 1533//1533
f 1486//1486 1487//1487 1535//1535
f 1486//1486 1535//1535 1534//1534
f 1487//1487 1488//1488 1536//1536
f 1487//1487 1536//1536 1535//1535
f 1488//1488 1441//1441 1489//1489
f 1488//1488 1489//1489 1536//1536
f 1489//1489 1490//1490 1538//1538
f 1489//1489 1538//1538 1537//1537
f 1490//1490 1491//1491 1539//1539
f 1490//1490 1539//1539 1538//1538
f 1491//1491 1492//1492 1540//1540
f 1491//1491 1540//1540 1539//1539
f 1492//1492 1493//1493 1541//1541
f 1492//1492 1541//1541 1540//1540
f 1493//1493 1494//1494 1542//1542
f 1493//1493 1542//1542 1541//1541
f 1494//1494 1495//1495 1543//1543
f 1494//1494 1543//1543 1542//1542
f 1495//1495 1496//1496 1544//1544
f 1495//1495 1544//1544 1543//1543
f 1496//1496 1497//1497 1545//1545
f 1496//1496 1545//1545 1544//1544
f 1497//1497 1498//1498 1546//1546
f 1497//1497 1546//1546 1545//1545
f 1498//1498 1499//1499 1547//1547
f 1498//1498 1547//1547 1546//1546
f 1499//1499 1500//1500 1548//1548
f 1499//1499 1548//1548 1547//1547
f 1500//1500 1501//1501 1549//1549
f 1500//1500 1549//1549 1548//1548
f 1501//1501 1502//1502 1550//1550
f 1501//1501 1550//1550 1549//1549
f 1502//1502 1503//1503 1551//1551
f 1502//1502 1551//1551 1550//1550
f 1503//1503 1504//1504 1552//1552
f 1503//1503 1552//1552 1551//1551
f 1504//1504 1505//1505 1553//1553
f 1504//1504 1553//1553 1552//1552
f 1505//1505 1506//1506 1554//1554
f 1505//1505 1554//1554 1553//1553
f 1506//1506 1507//1507 1555//1555
f 1506//1506 1555//1555 1554//1554
f 1507//1507 1508//1508 1556//1556
f 1507//1507 1556//1556 1555//1555
f 1508//1508 1509//1509 1557//1557
f 1508//1508 1557//1557 1556//1556
f 1509//1509 1510//1510 1558//1558
f 1509//1509 1558//1558 1557//1557
f 1510//1510 1511//1511 1559//1559
f 1510//1510 1559//1559 1558//1558
f 1511//1511 1512//1512 1560//1560
f 1511//1511 1560//1560 1559//1559
f 1512//1512 1513//1513 1561//1561
f 1512//1512 1561//1561 1560//1560
f 1513//1513 1514//1514 1562//1562
f 1513//1513 1562//1562 1561//1561
f 1514//1514 1515//1515 1563//1563
f 1514//1514 1563//1563 1562//1562
f 1515//1515 1516//1516 1564//1564
f 1515//1515 1564//1564 1563//1563
f 1516//1516 1517//1517 1565//1565
f 1516//1516 1565//1565 1564//1564
f 1517//1517 1518//1518 1566//1566
f 1517//1517 1566//1566 1565//1565
f 1518//1518 1519//1519 1567//1567
f 1518//1518 1567//1567 1566//1566
f 1519//1519 1520//1520 1568//1568
f 1519//1519 1568//1568 1567//1567
f 1520//1520 1521//1521 1569//1569
f 1520//1520 1569//1569 1568//1568
f 1521//1521 1522//1522 1570//1570
f 1521//1521 1570//1570 1569//1569
f 1522//1522 1523//1523 1571//1571
f 1522//1522 1571//1571 1570//1570
f 1523//1523 1524//1524 1572//1572
f 1523//1523 1572//1572 1571//1571
f 1524//1524 1525//1525 1573//1573
f 1524//1524 1573//1573 1572//1572
f 1525//1525 1526//1526 1574//1574
f 1525//1525 1574//1574 1573//1573
f 1526//1526 1527//1527 1575//1575
f 1526//1526 1575//1575 1574//1574
f 1527//1527 1528//1528 1576//1576
f 1527//1527 1576//1576 1575//1575
f 1528//1528 1529//1529 1577//1577
f 1528//1528 1577//1577 1576//1576
f 1529//1529 1530//1530 1578//1578
f 1529//1529 1578//1578 1577//1577
f 1530//1530 1531//1531 1579//1579
f 1530//1530 1579//1579 1578//1578
f 1531//1531 1532//1532 1580//1580
f 1531//1531 1580//1580 1579//1579
f 1532//1532 1533//1533 1581//1581
f 1532//1532 1581//1581 1580//1580
f 1533//1533 1534//1534 1582//1582
f 1533//1533 1582//1582 1581//1581
f 1534//1534 1535//1535 1583//1583
f 1534//1534 1583//1583 1582//1582
f 1535//1535 1536//1536 1584//1584
f 1535//1535 1584//1584 1583//1583
f 1536//1536 1489//1489 1537//1537
f 1536//1536 1537//1537 1584//1584
f 1537//1537 1538//1538 1586//1586
f 1537//1537 1586//1586 1585//1585
f 1538//1538 1539//1539 1587//1587
f 1538//1538 1587//1587 1586//1586
f 1539//1539 1540//1540 1588//1588
f 1539//1539 1588//1588 1587//1587
f 1540//1540 1541//1541 1589//1589
f 1540//1540 1589//1589 1588//1588
f 1541//1541 1542//1542 1590//1590
f 1541//1541 1590//1590 1589//1589
f 1542//1542 1543//1543 1591//1591
f 1542//1542 1591//1591 1590//1590
f 1543//1543 1544//1544 1592//1592
f 1543//1543 1592//1592 1591//1591
f 1544//1544 1545//1545 1593//1593
f 1544//1544 1593//1593 1592//1592
f 1545//1545 1546//1546 1594//1594
f 1545//1545 1594//1594 1593//1593
f 1546//1546 1547//1547 1595//1595
f 1546//1546 1595//1595 1594//1594
f 1547//1547 1548//1548 1596//1596
f 1547//1547 1596//1596 1595//1595
f 1548//1548 1549//1549 1597//1597
f 1548//1548 1597//1597 1596//1596
f 1549//1549 1550//1550 1598//1598
f 1549//1549 1598//1598 1597//1597
f 1550//1550 1551//1551 1599//1599
f 1550//1550 1599//1599 1598//1598
f 1551//1551 1552//1552 1600//1600
f 1551//1551 1600//1600 1599//1599
f 1552//1552 1553//1553 1601//1601
f 1552//1552 1601//1601 1600//1600
f 1553//1553 1554//1554 1602//1602
f 1553//1553 1602//1602 1601//1601
f 1554//1554 1555//1555 1603//1603
f 1554//1554 1603//1603 1602//1602
f 1555//1555 1556//1556 1604//1604
f 1555//1555 1604//1604 1603//1603
f 1556//1556 1557//1557 1605//1605
f 1556//1556 1605//1605 1604//1604
f 1557//1557 1558//1558 1606//1606
f 1557//1557 1606//1606 1605//1605
f 1558//1558 1559//1559 1607//1607
f 1558//1558 1607//1607 1606//1606
f 1559//1559 1560//1560 1608//1608
f 1559//1559 1608//1608 1607//1607
f 1560//1560 1561//1561 1609//1609
f 1560//1560 1609//1609 1608//1608
f 1561//1561 1562//1562 1610//1610
f 1561//1561 1610//1610 1609//1609
f 1562//1562 1563//1563 1611//1611
f 1562//1562 1611//1611 1610//1610
f 1563//1563 1564//1564 1612//1612
f 1563//1563 1612//1612 1611//1611
f 1564//1564 1565//1565 1613//1613
f 1564//1564 1613//1613 1612//1612
f 1565//1565 1566//1566 1614//1614
f 1565//1565 1614//1614 1613//1613
f 1566//1566 1567//1567 1615//1615
f 1566//1566 1615//1615 1614//1614
f 1567//1567 1568//1568 1616//1616
f 1567//1567 1616//1616 1615//1615
f 1568//1568 1569//1569 1617//1617
f 1568//1568 1617//1617 1616//1616
f 1569//1569 1570//1570 1618//1618
f 1569//1569 1618//1618 1617//1617
f 1570//1570 1571//1571 1619//1619
f 1570//1570 1619//1619 1618//1618
f 1571//1571 1572//1572 1620//1620
f 1571//1571 1620//1620 1619//1619
f 1572//1572 1573//1573 1621//1621
f 1572//1572 1621//1621 1620//1620
f 1573//1573 1574//1574 1622//1622
f 1573//1573 1622//1622 1621//1621
f 1574//1574 1575//1575 1623//1623
f 1574//1574 1623//1623 1622//1622
f 1575//1575 1576//1576 1624//1624
f 1575//1575 1624//1624 1623//1623
f 1576//1576 1577//1577 1625//1625
f 1576//1576 1625//1625 1624//1624
f 1577//1577 1578//1578 1626//1626
f 1577//1577 1626//1626 1625//1625
f 1578//1578 1579//1579 1627//1627
f 1578//1578 1627//1627 1626//1626
f 1579//1579 1580//1580 1628//1628
f 1579//1579 1628//1628 1627//1627
f 1580//1580 1581//1581 1629//1629
f 1580//1580 1629//1629 1628//1628
f 1581//1581 1582//1582 1630//1630
f 1581//1581 1630//1630 1629//1629
f 1582//1582 1583//1583 1631//1631
f 1582//1582 1631//1631 1630//1630
f 1583//1583 1584//1584 1632//1632
f 1583//1583 1632//1632 1631//1631
f 1584//1584 1537//1537 1585//1585
f 1584//1584 1585//1585 1632//1632
f 1585//1585 1586//1586 1634//1634
f 1585//1585 1634//1634 1633//1633
f 1586//1586 1587//1587 1635//1635
f 1586//1586 1635//1635 1634//1634
f 1587//1587 1588//1588 1636//1636
f 1587//1587 1636//1636 1635//1635
f 1588//1588 1589//1589 1637//1637
f 1588//1588 1637//1637 1636//1636
f 1589//1589 1590//1590 1638//1638
f 1589//1589 1638//1638 1637//1637
f 1590//1590 1591//1591 1639//1639
f 1590//1590 1639//1639 1638//1638
f 1591//1591 1592//1592 1640//1640
f 1591//1591 1640//1640 1639//1639
f 1592//1592 1593//1593 1641//1641
f 1592//1592 1641//1641 1640//1640
f 1593//1593 1594//1594 1642//1642
f 1593//1593 1642//1642 1641//1641
f 1594//1594 1595//1595 1643//1643
f 1594//1594 1643//1643 1642//1642
f 1595//1595 1596//1596 1644//1644
f 1595//1595 1644//1644 1643//1643
f 1596//1596 1597//1597 1645//1645
f 1596//1596 1645//1645 1644//1644
f 1597//1597 1598//1598 1646//1646
f 1597//1597 1646//1646 1645//1645
f 1598//1598 1599//1599 1647//1647
f 1598//1598 1647//1647 1646//1646
f 1599//1599 1600//1600 1648//1648
f 1599//1599 1648//1648 1647//1647
f 1600//1600 1601//1601 1649//1649
f 1600//1600 1649//1649 1648//1648
f 1601//1601 1602//1602 1650//1650
f 1601//1601 1650//1650 1649//1649
f 1602//1602 1603//1603 1651//1651
f 1602//1602 1651//1651 1650//1650
f 1603//1603 1604//1604 1652//1652
f 1603//1603 1652//1652 1651//1651
f 1604//1604 1605//1605 1653//1653
f 1604//1604 1653//1653 1652//1652
f 1605//1605 1606//1606 1654//1654
f 1605//1605 1654//1654 1653//1653
f 1606//1606 1607//1607 1655//1655
f 1606//1606 1655//1655 1654//1654
f 1607//1607 1608//1608 1656//1656
f 1607//1607 1656//1656 1655//1655
f 1608//1608 1609//1609 1657//1657
f 1608//1608 1657//1657 1656//1656
f 1609//1609 1610//1610 1658//1658
f 1609//1609 1658//1658 1657//1657
f 1610//1610 1611//1611 1659//1659
f 1610//1610 1659//1659 1658//1658
f 1611//1611 1612//1612 1660//1660
f 1611//1611 1660//1660 1659//1659
f 1612//1612 1613//1613 1661//1661
f 1612//1612 1661//1661 1660//1660
f 1613//1613 1614//1614 1662//1662
f 1613//1613 1662//1662 1661//1661
f 1614//1614 1615//1615 1663//1663
f 1614//1614 1663//1663 1662//1662
f 1615//1615 1616//1616 1664//1664
f 1615//1615 1664//1664 1663//1663
f 1616//1616 1617//1617 1665//1665
f 1616//1616 1665//1665 1664//1664
f 1617//1617 1618//1618 1666//1666
f 1617//1617 1666//1666 1665//1665
f 1618//1618 1619//1619 1667//1667
f 1618//1618 1667//1667 1666//1666
f 1619//1619 1620//1620 1668//1668
f 1619//1619 1668//1668 1667//1667
f 1620//1620 1621//1621 1669//1669
f 1620//1620 1669//1669 1668//1668
f 1621//1621 1622//1622 1670//1670
f 1621//1621 1670//1670 1669//1669
f 1622//1622 1623//1623 1671//1671
f 1622//1622 1671//1671 1670//1670
f 1623//1623 1624//1624 1672//1672
f 1623//1623 1672//1672 1671//1671
f 1624//1624 1625//1625 1673//1673
f 1624//1624 1673//1673 1672//1672
f 1625//1625 1626//1626 1674//1674
f 1625//1625 1674//1674 1673//1673
f 1626//1626 1627//1627 1675//1675
f 1626//1626 1675//1675 1674//1674
f 1627//1627 1628//1628 1676//1676
f 1627//1627 1676//1676 1675//1675
f 1628//1628 1629//1629 1677//1677
f 1628//1628 1677//1677 1676//1676
f 1629//1629 1630//1630 1678//1678
f 1629//1629 1678//1678 1677//1677
f 1630//1630 1631//1631 1679//1679
f 1630//1630 1679//1679 1678//1678
f 1631//1631 1632//1632 1680//1680
f 1631//1631 1680//1680 1679//1679
f 1632//1632 1585//1585 1633//1633
f 1632//1632 1633//1633 1680//1680
f 1633//1633 1634//1634 1682//1682
f 1633//1633 1682//1682 1681//1681
f 1634//1634 1635//1635 1683//1683
f 1634//1634 1683//1683 1682//1682
f 1635//1635 1636//1636 1684//1684
f 1635//1635 1684//1684 1683//1683
f 1636//1636 1637//1637 1685//1685
f 1636//1636 1685//1685 1684//1684
f 1637//1637 1638//1638 1686//1686
f 1637//1637 1686//1686 1685//1685
f 1638//1638 1639//1639 1687//1687
f 1638//1638 1687//1687 1686//1686
f 1639//1639 1640//1640 1688//1688
f 1639//1639 1688//1688 1687//1687
f 1640//1640 1641//1641 1689//1689
f 1640//1640 1689//1689 1688//1688
f 1641//1641 1642//1642 1690//1690
f 1641//1641 1690//1690 1689//1689
f 1642//1642 1643//1643 1691//1691
f 1642//1642 1691//1691 1690//1690
f 1643//1643 1644//1644 1692//1692
f 1643//1643 1692//1692 1691//1691
f 1644//1644 1645//1645 1693//1693
f 1644//1644 1693//1693 1692//1692
f 1645//1645 1646//1646 1694//1694
f 1645//1645 1694//1694 1693//1693
f 1646//1646 1647//1647 1695//1695
f 1646//1646 1695//1695 1694//1694
f 1647//1647 1648//1648 1696//1696
f 1647//1647 1696//1696 1695//1695
f 1648//1648 1649//1649 1697//1697
f 1648//1648 1697//1697 1696//1696
f 1649//1649 1650//1650 1698//1698
f 1649//1649 1698//1698 1697//1697
f 1650//1650 1651//1651 1699//1699
f 1650//1650 1699//1699 1698//1698
f 1651//1651 1652//1652 1700//1700
f 1651//1651 1700//1700 1699//1699
f 1652//1652 1653//1653 1701//1701
f 1652//1652 1701//1701 1700//1700
f 1653//1653 1654//1654 1702//1702
f 1653//1653 1702//1702 1701//1701
f 1654//1654 1655//1655 1703//1703
f 1654//1654 1703//1703 1702//1702
f 1655//1655 1656//1656 1704//1704
f 1655//1655 1704//1704 1703//1703
f 1656//1656 1657//1657 1705//1705
f 1656//1656 1705//1705 1704//1704
f 1657//1657 1658//1658 1706//1706
f 1657//1657 1706//1706 1705//1705
f 1658//1658 1659//1659 1707//1707
f 1658//1658 1707//1707 1706//1706
f 1659//1659 1660//1660 1708//1708
f 1659//1659 1708//1708 1707//1707
f 1660//1660 1661//1661 1709//1709
f 1660//1660 1709//1709 1708//1708
f 1661//1661 1662//1662 1710//1710
f 1661//1661 1710//1710 1709//1709
f 1662//1662 1663//1663 1711//1711
f 1662//1662 1711//1711 1710//1710
f 1663//1663 1664//1664 1712//1712
f 1663//1663 1712//1712 1711//1711
f 1664//1664 1665//1665 1713//1713
f 1664//1664 1713//1713 1712//1712
f 1665//1665 1666//1666 1714//1714
f 1665//1665 1714//1714 1713//1713
f 1666//1666 1667//1667 1715//1715
f 1666//1666 1715//1715 1714//1714
f 1667//1667 1668//1668 1716//1716
f 1667//1667 1716//1716 1715//1715
f 1668//1668 1669//1669 1717//1717
f 1668//1668 1717//1717 1716//1716
f 1669//1669 1670//1670 1718//1718
f 1669//1669 1718//1718 1717//1717
f 1670//1670 1671//1671 1719//1719
f 1670//1670 1719//1719 1718//1718
f 1671//1671 1672//1672 1720//1720
f 1671//1671 1720//1720 1719//1719
f 1672//1672 1673//1673 1721//1721
f 1672//1672 1721//1721 1720//1720
f 1673//1673 1674//1674 1722//1722
f 1673//1673 1722//1722 1721//1721
f 1674//1674 1675//1675 1723//1723
f 1674//1674 1723//1723 1722//1722
f 1675//1675 1676//1676 1724//1724
f 1675//1675 1724//1724 1723//1723
f 1676//1676 1677//1677 1725//1725
f 1676//1676 1725//1725 1724//1724
f 1677//1677 1678//1678 1726//1726
f 1677//1677 1726//1726 1725//1725
f 1678//1678 1679//1679 1727//1727
f 1678//1678 1727//1727 1726//1726
f 1679//1679 1680//1680 1728//1728
f 1679//1679 1728//1728 1727//1727
f 1680//1680 1633//1633 1681//1681
f 1680//1680 1681//1681 1728//1728
f 1681//1681 1682//1682 1730//1730
f 1681//1681 1730//1730 1729//1729
f 1682//1682 1683//1683 1731//1731
f 1682//1682 1731//1731 1730//1730
f 1683//1683 1684//1684 1732//1732
f 1683//1683 1732//1732 1731//1731
f 1684//1684 1685//1685 1733//1733
f 1684//1684 1733//1733 1732//1732
f 1685//1685 1686//1686 1734//1734
f 1685//1685 1734//1734 1733//1733
f 1686//1686 1687//1687 1735//1735
f 1686//1686 1735//1735 1734//1734
f 1687//1687 1688//1688 1736//1736
f 1687//1687 1736//1736 1735//1735
f 1688//1688 1689//1689 1737//1737
f 1688//1688 1737//1737 1736//1736
f 1689//1689 1690//1690 1738//1738
f 1689//1689 1738//1738 1737//1737
f 1690//1690 1691//1691 1739//1739
f 1690//1690 1739//1739 1738//1738
f 1691//1691 1692//1692 1740//1740
f 1691//1691 1740//1740 1739//1739
f 1692//1692 1693//1693 1741//1741
f 1692//1692 1741//1741 1740//1740
f 1693//1693 1694//1694 1742//1742
f 1693//1693 1742//1742 1741//1741
f 1694//1694 1695//1695 1743//1743
f 1694//1694 1743//1743 1742//1742
f 1695//1695 1696//1696 1744//1744
f 1695//1695 1744//1744 1743//1743
f 1696//1696 1697//1697 1745//1745
f 1696//1696 1745//1745 1744//1744
f 1697//1697 1698//1698 1746//1746
f 1697//1697 1746//1746 1745//1745
f 1698//1698 1699//1699 1747//1747
f 1698//1698 1747//1747 1746//1746
f 1699//1699 1700//1700 1748//1748
f 1699//1699 1748//1748 1747//1747
f 1700//1700 1701//1701 1749//1749
f 1700//1700 1749//1749 1748//1748
f 1701//1701 1702//1702 1750//1750
f 1701//1701 1750//1750 1749//1749
f 1702//1702 1703//1703 1751//1751
f 1702//1702 1751//1751 1750//1750
f 1703//1703 1704//1704 1752//1752
f 1703//1703 1752//1752 1751//1751
f 1704//1704 1705//1705 1753//1753
f 1704//1704 1753//1753 1752//1752
f 1705//1705 1706//1706 1754//1754
f 1705//1705 1754//1754 1753//1753
f 1706//1706 1707//1707 1755//1755
f 1706//1706 1755//1755 1754//1754
f 1707//1707 1708//1708 1756//1756
f 1707//1707 1756//1756 1755//1755
f 1708//1708 1709//1709 1757//1757
f 1708//1708 1757//1757 1756//1756
f 1709//1709 1710//1710 1758//1758
f 1709//1709 1758//1758 1757//1757
f 1710//1710 1711//1711 1759//1759
f 1710//1710 1759//1759 1758//1758
f 1711//1711 1712//1712 1760//1760
f 1711//1711 1760//1760 1759//1759
f 1712//1712 1713//1713 1761//1761
f 1712//1712 1761//1761 1760//1760
f 1713//1713 1714//1714 1762//1762
f 1713//1713 1762//1762 1761//1761
f 1714//1714 1715//1715 1763//1763
f 1714//1714 1763//1763 1762//1762
f 1715//1715 1716//1716 1764//1764
f 1715//1715 1764//1764 1763//1763
f 1716//1716 1717//1717 1765//1765
f 1716//1716 1765//1765 1764//1764
f 1717//1717 1718//1718 1766//1766
f 1717//1717 1766//1766 1765//1765
f 1718//1718 1719//1719 1767//1767
f 1718//1718 1767//1767 1766//1766
f 1719//1719 1720//1720 1768//1768
f 1719//1719 1768//1768 1767//1767
f 1720//1720 1721//1721 1769//1769
f 1720//1720 1769//1769 1768//1768
f 1721//1721 1722//1722 1770//1770
f 1721//1721 1770//1770 1769//1769
f 1722//1722 1723//1723 1771//1771
f 1722//1722 1771//1771 1770//1770
f 1723//1723 1724//1724 1772//1772
f 1723//1723 1772//1772 1771//1771
f 1724//1724 1725//1725 1773//1773
f 1724//1724 1773//1773 1772//1772
f 1725//1725 1726//1726 1774//1774
f 1725//1725 1774//1774 1773//1773
f 1726//1726 1727//1727 1775//1775
f 1726//1726 1775//1775 1774//1774
f 1727//1727 1728//1728 1776//1776
f 1727//1727 1776//1776 1775//1775
f 1728//1728 1681//1681 1729//1729
f 1728//1728 1729//1729 1776//1776
f 1729//1729 1730//1730 1778//1778
f 1729//1729 1778//1778 1777//1777
f 1730//1730 1731//1731 1779//1779
f 1730//1730 1779//1779 1778//1778
f 1731//1731 1732//1732 1780//1780
f 1731//1731 1780//1780 1779//1779
f 1732//1732 1733//1733 1781//1781
f 1732//1732 1781//1781 1780//1780
f 1733//1733 1734//1734 1782//1782
f 1733//1733 1782//1782 1781//1781
f 1734//1734 1735//1735 1783//1783
f 1734//1734 1783//1783 1782//1782
f 1735//1735 1736//1736 1784//1784
f 1735//1735 1784//1784 1783//1783
f 1736//1736 1737//1737 1785//1785
f 1736//1736 1785//1785 1784//1784
f 1737//1737 1738//1738 1786//1786
f 1737//1737 1786//1786 1785//1785
f 1738//1738 1739//1739 1787//1787
f 1738//1738 1787//1787 1786//1786
f 1739//1739 1740//1740 1788//1788
f 1739//1739 1788//1788 1787//1787
f 1740//1740 1741//1741 1789//1789
f 1740//1740 1789//1789 1788//1788
f 1741//1741 1742//1742 1790//1790
f 1741//1741 1790//1790 1789//1789
f 1742//1742 1743//1743 1791//1791
f 1742//1742 1791//1791 1790//1790
f 1743//1743 1744//1744 1792//1792
f 1743//1743 1792//1792 1791//1791
f 1744//1744 1745//1745 1793//1793
f 1744//1744 1793//1793 1792//1792
f 1745//1745 1746//1746 1794//1794
f 1745//1745 1794//1794 1793//1793
f 1746//1746 1747//1747 1795//1795
f 1746//1746 1795//1795 1794//1794
f 1747//1747 1748//1748 1796//1796
f 1747//1747 1796//1796 1795//1795
f 1748//1748 1749//1749 1797//1797
f 1748//1748 1797//1797 1796//1796
f 1749//1749 1750//1750 1798//1798
f 1749//1749 1798//1798 1797//1797
f 1750//1750 1751//1751 1799//1799
f 1750//1750 1799//1799 1798//1798
f 1751//1751 1752//1752 1800//1800
f 1751//1751 1800//1800 1799//1799
f 1752//1752 1753//1753 1801//1801
f 1752//1752 1801//1801 1800//1800
f 1753//1753 1754//1754 1802//1802
f 1753//1753 1802//1802 1801//1801
f 1754//1754 1755//1755 1803//1803
f 1754//1754 1803//1803 1802//1802
f 1755//1755 1756//1756 1804//1804
f 1755//1755 1804//1804 1803//1803
f 1756//1756 1757//1757 1805//1805
f 1756//1756 1805//1805 1804//1804
f 1757//1757 1758//1758 1806//1806
f 1757//1757 1806//1806 1805//1805
f 1758//1758 1759//1759 1807//1807
f 1758//1758 1807//1807 1806//1806
f 1759//1759 1760//1760 1808//1808
f 1759//1759 1808//1808 1807//1807
f 1760//1760 1761//1761 1809//1809
f 1760//1760 1809//1809 1808//1808
f 1761//1761 1762//1762 1810//1810
f 1761//1761 1810//1810 1809//1809
f 1762//1762 1763//1763 1811//1811
f 1762//1762 1811//1811 1810//1810
f 1763//1763 1764//1764 1812//1812
f 1763//1763 1812//1812 1811//1811
f 1764//1764 1765//1765 1813//1813
f 1764//1764 1813//1813 1812//1812
f 1765//1765 1766//1766 1814//1814
f 1765//1765 1814//1814 1813//1813
f 1766//1766 1767//1767 1815//1815
f 1766//1766 1815//1815 1814//1814
f 1767//1767 1768//1768 1816//1816
f 1767//1767 1816//1816 1815//1815
f 1768//1768 1769//1769 1817//1817
f 1768//1768 1817//1817 1816//1816
f 1769//1769 1770//1770 1818//1818
f 1769//1769 1818//1818 1817//1817
f 1770//1770 1771//1771 1819//1819
f 1770//1770 1819//1819 1818//1818
f 1771//1771 1772//1772 1820//1820
f 1771//1771 1820//1820 1819//1819
f 1772//1772 1773//1773 1821//1821
f 1772//1772 1821//1821 1820//1820
f 1773//1773 1774//1774 1822//1822
f 1773//1773 1822//1822 1821//1821
f 1774//1774 1775//1775 1823//1823
f 1774//1774 1823//1823 1822//1822
f 1775//1775 1776//1776 1824//1824
f 1775//1775 1824//1824 1823//1823
f 1776//1776 1729//1729 1777//1777
f 1776//1776 1777//1777 1824//1824
f 1777//1777 1778//1778 1826//1826
f 1777//1777 1826//1826 1825//1825
f 1778//1778 1779//1779 1827//1827
f 1778//1778 1827//1827 1826//1826
f 1779//1779 1780//1780 1828//1828
f 1779//1779 1828//1828 1827//1827
f 1780//1780 1781//1781 1829//1829
f 1780//1780 1829//1829 1828//1828
f 1781//1781 1782//1782 1830//1830
f 1781//1781 1830//1830 1829//1829
f 1782//1782 1783//1783 1831//1831
f 1782//1782 1831//1831 1830//1830
f 1783//1783 1784//1784 1832//1832
f 1783//1783 1832//1832 1831//1831
f 1784//1784 1785//1785 1833//1833
f 1784//1784 1833//1833 1832//1832
f 1785//1785 1786//1786 1834//1834
f 1785//1785 1834//1834 1833//1833
f 1786//1786 1787//1787 1835//1835
f 1786//1786 1835//1835 1834//1834
f 1787//1787 1788//1788 1836//1836
f 1787//1787 1836//1836 1835//1835
f 1788//1788 1789//1789 1837//1837
f 1788//1788 1837//1837 1836//1836
f 1789//1789 1790//1790 1838//1838
f 1789//1789 1838//1838 1837//1837
f 1790//1790 1791//1791 1839//1839
f 1790//1790 1839//1839 1838//1838
f 1791//1791 1792//1792 1840//1840
f 1791//1791 1840//1840 1839//1839
f 1792//1792 1793//1793 1841//1841
f 1792//1792 1841//1841 1840//1840
f 1793//1793 1794//1794 1842//1842
f 1793//1793 1842//1842 1841//1841
f 1794//1794 1795//1795 1843//1843
f 1794//1794 1843//1843 1842//1842
f 1795//1795 1796//1796 1844//1844
f 1795//1795 1844//1844 1843//1843
f 1796//1796 1797//1797 1845//1845
f 1796//1796 1845//1845 1844//1844
f 1797//1797 1798//1798 1846//1846
f 1797//1797 1846//1846 1845//1845
f 1798//1798 1799//1799 1847//1847
f 1798//1798 1847//1847 1846//1846
f 1799//1799 1800//1800 1848//1848
f 1799//1799 1848//1848 1847//1847
f 1800//1800 1801//1801 1849//1849
f 1800//1800 1849//1849 1848//1848
f 1801//1801 1802//1802 1850//1850
f 1801//1801 1850//1850 1849//1849
f 1802//1802 1803//1803 1851//1851
f 1802//1802 1851//1851 1850//1850
f 1803//1803 1804//1804 1852//1852
f 1803//1803 1852//1852 1851//1851
f 1804//1804 1805//1805 1853//1853
f 1804//1804 1853//1853 1852//1852
f 1805//1805 1806//1806 1854//1854
f 1805//1805 1854//1854 1853//1853
f 1806//1806 1807//1807 1855//1855
f 1806//1806 1855//1855 1854//1854
f 1807//1807 1808//1808 1856//1856
f 1807//1807 1856//1856 1855//1855
f 1808//1808 1809//1809 1857//1857
f 1808//1808 1857//1857 1856//1856
f 1809//1809 1810//1810 1858//1858
f 1809//1809 1858//1858 1857//1857
f 1810//1810 1811//1811 1859//1859
f 1810//1810 1859//1859 1858//1858
f 1811//1811 1812//1812 1860//1860
f 1811//1811 1860//1860 1859//1859
f 1812//1812 1813//1813 1861//1861
f 1812//1812 1861//1861 1860//1860
f 1813//1813 1814//1814 1862//1862
f 1813//1813 1862//1862 1861//1861
f 1814//1814 1815//1815 1863//1863
f 1814//1814 1863//1863 1862//1862
f 1815//1815 1816//1816 1864//1864
f 1815//1815 1864//1864 1863//1863
f 1816//1816 1817//1817 1865//1865
f 1816//1816 1865//1865 1864//1864
f 1817//1817 1818//1818 1866//1866
f 1817//1817 1866//1866 1865//1865
f 1818//1818 1819//1819 1867//1867
f 1818//1818 1867//1867 1866//1866
f 1819//1819 1820//1820 1868//1868
f 1819//1819 1868//1868 1867//1867
f 1820//1820 1821//1821 1869//1869
f 1820//1820 1869//1869 1868//1868
f 1821//1821 1822//1822 1870//1870
f 1821//1821 1870//1870 1869//1869
f 1822//1822 1823//1823 1871//1871
f 1822//1822 1871//1871 1870//1870
f 1823//1823 1824//1824 1872//1872
f 1823//1823 1872//1872 1871//1871
f 1824//1824 1777//1777 1825//1825
f 1824//1824 1825//1825 1872//1872
f 1825//1825 1826//1826 1874//1874
f 1825//1825 1874//1874 1873//1873
f 1826//1826 1827//1827 1875//1875
f 1826//1826 1875//1875 1874//1874
f 1827//1827 1828//1828 1876//1876
f 1827//1827 1876//1876 1875//1875
f 1828//1828 1829//1829 1877//1877
f 1828//1828 1877//1877 1876//1876
f 1829//1829 1830//1830 1878//1878
f 1829//1829 1878//1878 1877//1877
f 1830//1830 1831//1831 1879//1879
f 1830//1830 1879//1879 1878//1878
f 1831//1831 1832//1832 1880//1880
f 1831//1831 1880//1880 1879//1879
f 1832//1832 1833//1833 1881//1881
f 1832//1832 1881//1881 1880//1880
f 1833//1833 1834//1834 1882//1882
f 1833//1833 1882//1882 1881//1881
f 1834//1834 1835//1835 1883//1883
f 1834//1834 1883//1883 1882//1882
f 1835//1835 1836//1836 1884//1884
f 1835//1835 1884//1884 1883//1883
f 1836//1836 1837//1837 1885//1885
f 1836//1836 1885//1885 1884//1884
f 1837//1837 1838//1838 1886//1886
f 1837//1837 1886//1886 1885//1885
f 1838//1838 1839//1839 1887//1887
f 1838//1838 1887//1887 1886//1886
f 1839//1839 1840//1840 1888//1888
f 1839//1839 1888//1888 1887//1887
f 1840//1840 1841//1841 1889//1889
f 1840//1840 1889//1889 1888//1888
f 1841//1841 1842//1842 1890//1890
f 1841//1841 1890//1890 1889//1889
f 1842//1842 1843//1843 1891//1891
f 1842//1842 1891//1891 1890//1890
f 1843//1843 1844//1844 1892//1892
f 1843//1843 1892//1892 1891//1891
f 1844//1844 1845//1845 1893//1893
f 1844//1844 1893//1893 1892//1892
f 1845//1845 1846//1846 1894//1894
f 1845//1845 1894//1894 1893//1893
f 1846//1846 1847//1847 1895//1895
f 1846//1846 1895//1895 1894//1894
f 1847//1847 1848//1848 1896//1896
f 1847//1847 1896//1896 1895//1895
f 1848//1848 1849//1849 1897//1897
f 1848//1848 1897//1897 1896//1896
f 1849//1849 1850//1850 1898//1898
f 1849//1849 1898//1898 1897//1897
f 1850//1850 1851//1851 1899//1899
f 1850//1850 1899//1899 1898//1898
f 1851//1851 1852//1852 1900//1900
f 1851//1851 1900//1900 1899//1899
f 1852//1852 1853//1853 1901//1901
f 1852//1852 1901//1901 1900//1900
f 1853//1853 1854//1854 1902//1902
f 1853//1853 1902//1902 1901//1901
f 1854//1854 1855//1855 1903//1903
f 1854//1854 1903//1903 1902//1902
f 1855//1855 1856//1856 1904//1904
f 1855//1855 1904//1904 1903//1903
f 1856//1856 1857//1857 1905//1905
f 1856//1856 1905//1905 1904//1904
f 1857//1857 1858//1858 1906//1906
f 1857//1857 1906//1906 1905//1905
f 1858//1858 1859//1859 1907//1907
f 1858//1858 1907//1907 1906//1906
f 1859//1859 1860//1860 1908//1908
f 1859//1859 1908//1908 1907//1907
f 1860//1860 1861//1861 1909//1909
f 1860//1860 1909//1909 1908//1908
f 1861//1861 1862//1862 1910//1910
f 1861//1861 1910//1910 1909//1909
f 1862//1862 1863//1863 1911//1911
f 1862//1862 1911//1911 1910//1910
f 1863//1863 1864//1864 1912//1912
f 1863//1863 1912//1912 1911//1911
f 1864//1864 1865//1865 1913//1913
f 1864//1864 1913//1913 1912//1912
f 1865//1865 1866//1866 1914//1914
f 1865//1865 1914//1914 1913//1913
f 1866//1866 1867//1867 1915//1915
f 1866//1866 1915//1915 1914//1914
f 1867//1867 1868//1868 1916//1916
f 1867//1867 1916//1916 1915//1915
f 1868//1868 1869//1869 1917//1917
f 1868//1868 1917//1917 1916//1916
f 1869//1869 1870//1870 1918//1918
f 1869//1869 1918//1918 1917//1917
f 1870//1870 1871//1871 1919//1919
f 1870//1870 1919//1919 1918//1918
f 1871//1871 1872//1872 1920//1920
f 1871//1871 1920//1920 1919//1919
f 1872//1872 1825//1825 1873//1873
f 1872//1872 1873//1873 1920//1920
f 1873//1873 1874//1874 1922//1922
f 1873//1873 1922//1922 1921//1921
f 1874//1874 1875//1875 1923//1923
f 1874//1874 1923//1923 1922//1922
f 1875//1875 1876//1876 1924//1924
f 1875//1875 1924//1924 1923//1923
f 1876//1876 1877//1877 1925//1925
f 1876//1876 1925//1925 1924//1924
f 1877//1877 1878//1878 1926//1926
f 1877//1877 1926//1926 1925//1925
f 1878//1878 1879//1879 1927//1927
f 1878//1878 1927//1927 1926//1926
f 1879//1879 1880//1880 1928//1928
f 1879//1879 1928//1928 1927//1927
f 1880//1880 1881//1881 1929//1929
f 1880//1880 1929//1929 1928//1928
f 1881//1881 1882//1882 1930//1930
f 1881//1881 1930//1930 1929//1929
f 1882//1882 1883//1883 1931//1931
f 1882//1882 1931//1931 1930//1930
f 1883//1883 1884//1884 1932//1932
f 1883//1883 1932//1932 1931//1931
f 1884//1884 1885//1885 1933//1933
f 1884//1884 1933//1933 1932//1932
f 1885//1885 1886//1886 1934//1934
f 1885//1885 1934//1934 1933//1933
f 1886//1886 1887//1887 1935//1935
f 1886//1886 1935//1935 1934//1934
f 1887//1887 1888//1888 1936//1936
f 1887//1887 1936//1936 1935//1935
f 1888//1888 1889//1889 1937//1937
f 1888//1888 1937//1937 1936//1936
f 1889//1889 1890//1890 1938//1938
f 1889//1889 1938//1938 1937//1937
f 1890//1890 1891//1891 1939//1939
f 1890//1890 1939//1939 1938//1938
f 1891//1891 1892//1892 1940//1940
f 1891//1891 1940//1940 1939//1939
f 1892//1892 1893//1893 1941//1941
f 1892//1892 1941//1941 1940//1940
f 1893//1893 1894//1894 1942//1942
f 1893//1893 1942//1942 1941//1941
f 1894//1894 1895//1895 1943//1943
f 1894//1894 1943//1943 1942//1942
f 1895//1895 1896//1896 1944//1944
f 1895//1895 1944//1944 1943//1943
f 1896//1896 1897//1897 1945//1945
f 1896//1896 1945//1945 1944//1944
f 1897//1897 1898//1898 1946//1946
f 1897//1897 1946//1946 1945//1945
f 1898//1898 1899//1899 1947//1947
f 1898//1898 1947//1947 1946//1946
f 1899//1899 1900//1900 1948//1948
f 1899//1899 1948//1948 1947//1947
f 1900//1900 1901//1901 1949//1949
f 1900//1900 1949//1949 1948//1948
f 1901//1901 1902//1902 1950//1950
f 1901//1901 1950//1950 1949//1949
f 1902//1902 1903//1903 1951//1951
f 1902//1902 1951//1951 1950//1950
f 1903//1903 1904//1904 1952//1952
f 1903//1903 1952//1952 1951//1951
f 1904//1904 1905//1905 1953//1953
f 1904//1904 1953//1953 1952//1952
f 1905//1905 1906//1906 1954//1954
f 1905//1905 1954//1954 1953//1953
f 1906//1906 1907//1907 1955//1955
f 1906//1906 1955//1955 1954//1954
f 1907//1907 1908//1908 1956//1956
f 1907//1907 1956//1956 1955//1955
f 1908//1908 1909//1909 1957//1957
f 1908//1908 1957//1957 1956//1956
f 1909//1909 1910//1910 1958//1958
f 1909//1909 1958//1958 1957//1957
f 1910//1910 1911//1911 1959//1959
f 1910//1910 1959//1959 1958//1958
f 1911//1911 1912//1912 1960//1960
f 1911//1911 1960//1960 1959//1959
f 1912//1912 1913//1913 1961//1961
f 1912//1912 1961//1961 1960//1960
f 1913//1913 1914//1914 1962//1962
f 1913//1913 1962//1962 1961//1961
f 1914//1914 1915//1915 1963//1963
f 1914//1914 1963//1963 1962//1962
f 1915//1915 1916//1916 1964//1964
f 1915//1915 1964//1964 1963//1963
f 1916//1916 1917//1917 1965//1965
f 1916//1916 1965//1965 1964//1964
f 1917//1917 1918//1918 1966//1966
f 1917//1917 1966//1966 1965//1965
f 1918//1918 1919//1919 1967//1967
f 1918//1918 1967//1967 1966//1966
f 1919//1919 1920//1920 1968//1968
f 1919//1919 1968//1968 1967//1967
f 1920//1920 1873//1873 1921//1921
f 1920//1920 1921//1921 1968//1968
f 1921//1921 1922//1922 1970//1970
f 1921//1921 1970//1970 1969//1969
f 1922//1922 1923//1923 1971//1971
f 1922//1922 1971//1971 1970//1970
f 1923//1923 1924//1924 1972//1972
f 1923//1923 1972//1972 1971//1971
f 1924//1924 1925//1925 1973//1973
f 1924//1924 1973//1973 1972//1972
f 1925//1925 1926//1926 1974//1974
f 1925//1925 1974//1974 1973//1973
f 1926//1926 1927//1927 1975//1975
f 1926//1926 1975//1975 1974//1974
f 1927//1927 1928//1928 1976//1976
f 1927//1927 1976//1976 1975//1975
f 1928//1928 1929//1929 1977//1977
f 1928//1928 1977//1977 1976//1976
f 1929//1929 1930//1930 1978//1978
f 1929//1929 1978//1978 1977//1977
f 1930//1930 1931//1931 1979//1979
f 1930//1930 1979//1979 1978//1978
f 1931//1931 1932//1932 1980//1980
f 1931//1931 1980//1980 1979//1979
f 1932//1932 1933//1933 1981//1981
f 1932//1932 1981//1981 1980//1980
f 1933//1933 1934//1934 1982//1982
f 1933//1933 1982//1982 1981//1981
f 1934//1934 1935//1935 1983//1983
f 1934//1934 1983//1983 1982//1982
f 1935//1935 1936//1936 1984//1984
f 1935//1935 1984//1984 1983//1983
f 1936//1936 1937//1937 1985//1985
f 1936//1936 1985//1985 1984//1984
f 1937//1937 1938//1938 1986//1986
f 1937//1937 1986//1986 1985//1985
f 1938//1938 1939//1939 1987//1987
f 1938//1938 1987//1987 1986//1986
f 1939//1939 1940//1940 1988//1988
f 1939//1939 1988//1988 1987//1987
f 1940//1940 1941//1941 1989//1989
f 1940//1940 1989//1989 1988//1988
f 1941//1941 1942//1942 1990//1990
f 1941//1941 1990//1990 1989//1989
f 1942//1942 1943//1943 1991//1991
f 1942//1942 1991//1991 1990//1990
f 1943//1943 1944//1944 1992//1992
f 1943//1943 1992//1992 1991//1991
f 1944//1944 1945//1945 1993//1993
f 1944//1944 1993//1993 1992//1992
f 1945//1945 1946//1946 1994//1994
f 1945//1945 1994//1994 1993//1993
f 1946//1946 1947//1947 1995//1995
f 1946//1946 1995//1995 1994//1994
f 1947//1947 1948//1948 1996//1996
f 1947//1947 1996//1996 1995//1995
f 1948//1948 1949//1949 1997//1997
f 1948//1948 1997//1997 1996//1996
f 1949//1949 1950//1950 1998//1998
f 1949//1949 1998//1998 1997//1997
f 1950//1950 1951//1951 1999//1999
f 1950//1950 1999//1999 1998//1998
f 1951//1951 1952//1952 2000//2000
f 1951//1951 2000//2000 1999//1999
f 1952//1952 1953//1953 2001//2001
f 1952//1952 2001//2001 2000//2000
f 1953//1953 1954//1954 2002//2002
f 1953//1953 2002//2002 2001//2001
f 1954//1954 1955//1955 2003//2003
f 1954//1954 2003//2003 2002//2002
f 1955//1955 1956//1956 2004//2004
f 1955//1955 2004//2004 2003//2003
f 1956//1956 1957//1957 2005//2005
f 1956//1956 2005//2005 2004//2004
f 1957//1957 1958//1958 2006//2006
f 1957//1957 2006//2006 2005//2005
f 1958//1958 1959//1959 2007//2007
f 1958//1958 2007//2007 2006//2006
f 1959//1959 1960//1960 2008//2008
f 1959//1959 2008//2008 2007//2007
f 1960//1960 1961//1961 2009//2009
f 1960//1960 2009//2009 2008//2008
f 1961//1961 1962//1962 2010//2010
f 1961//1961 2010//2010 2009//2009
f 1962//1962 1963//1963 2011//2011
f 1962//1962 2011//2011 2010//2010
f 1963//1963 1964//1964 2012//2012
f 1963//1963 2012//2012 2011//2011
f 1964//1964 1965//1965 2013//2013
f 1964//1964 2013//2013 2012//2012
f 1965//1965 1966//1966 2014//2014
f 1965//1965 2014//2014 2013//2013
f 1966//1966 1967//1967 2015//2015
f 1966//1966 2015//2015 2014//2014
f 1967//1967 1968//1968 2016//2016
f 1967//1967 2016//2016 2015//2015
f 1968//1968 1921//1921 1969//1969
f 1968//1968 1969//1969 2016//2016
f 1969//1969 1970//1970 2018//2018
f 1969//1969 2018//2018 2017//2017
f 1970//1970 1971//1971 2019//2019
f 1970//1970 2019//2019 2018//2018
f 1971//1971 1972//1972 2020//2020
f 1971//1971 2020//2020 2019//2019
f 1972//1972 1973//1973 2021//2021
f 1972//1972 2021//2021 2020//2020
f 1973//1973 1974//1974 2022//2022
f 1973//1973 2022//2022 2021//2021
f 1974//1974 1975//1975 2023//2023
f 1974//1974 2023//2023 2022//2022
f 1975//1975 1976//1976 2024//2024
f 1975//1975 2024//2024 2023//2023
f 1976//1976 1977//1977 2025//2025
f 1976//1976 2025//2025 2024//2024
f 1977//1977 1978//1978 2026//2026
f 1977//1977 2026//2026 2025//2025
f 1978//1978 1979//1979 2027//2027
f 1978//1978 2027//2027 2026//2026
f 1979//1979 1980//1980 2028//2028
f 1979//1979 2028//2028 2027//2027
f 1980//1980 1981//1981 2029//2029
f 1980//1980 2029//2029 2028//2028
f 1981//1981 1982//1982 2030//2030
f 1981//1981 2030//2030 2029//2029
f 1982//1982 1983//1983 2031//2031
f 1982//1982 2031//2031 2030//2030
f 1983//1983 1984//1984 2032//2032
f 1983//1983 2032//2032 2031//2031
f 1984//1984 1985//1985 2033//2033
f 1984//1984 2033//2033 2032//2032
f 1985//1985 1986//1986 2034//2034
f 1985//1985 2034//2034 2033//2033
f 1986//1986 1987//1987 2035//2035
f 1986//1986 2035//2035 2034//2034
f 1987//1987 1988//1988 2036//2036
f 1987//1987 2036//2036 2035//2035
f 1988//1988 1989//1989 2037//2037
f 1988//1988 2037//2037 2036//2036
f 1989//1989 1990//1990 2038//2038
f 1989//1989 2038//2038 2037//2037
f 1990//1990 1991//1991 2039//2039
f 1990//1990 2039//2039 2038//2038
f 1991//1991 1992//1992 2040//2040
f 1991//1991 2040//2040 2039//2039
f 1992//1992 1993//1993 2041//2041
f 1992//1992 2041//2041 2040//2040
f 1993//1993 1994//1994 2042//2042
f 1993//1993 2042//2042 2041//2041
f 1994//1994 1995//1995 2043//2043
f 1994//1994 2043//2043 2042//2042
f 1995//1995 1996//1996 2044//2044
f 1995//1995 2044//2044 2043//2043
f 1996//1996 1997//1997 2045//2045
f 1996//1996 2045//2045 2044//2044
f 1997//1997 1998//1998 2046//2046
f 1997//1997 2046//2046 2045//2045
f 1998//1998 1999//1999 2047//2047
f 1998//1998 2047//2047 2046//2046
f 1999//1999 2000//2000 2048//2048
f 1999//1999 2048//2048 2047//2047
f 2000//2000 2001//2001 2049//2049
f 2000//2000 2049//2049 2048//2048
f 2001//2001 2002//2002 2050//2050
f 2001//2001 2050//2050 2049//2049
f 2002//2002 2003//2003 2051//2051
f 2002//2002 2051//2051 2050//2050
f 2003//2003 2004//2004 2052//2052
f 2003//2003 2052//2052 2051//2051
f 2004//2004 2005//2005 2053//2053
f 2004//2004 2053//2053 2052//2052
f 2005//2005 2006//2006 2054//2054
f 2005//2005 2054//2054 2053//2053
f 2006//2006 2007//2007 2055//2055
f 2006//2006 2055//2055 2054//2054
f 2007//2007 2008//2008 2056//2056
f 2007//2007 2056//2056 2055//2055
f 2008//2008 2009//2009 2057//2057
f 2008//2008 2057//2057 2056//2056
f 2009//2009 2010//2010 2058//2058
f 2009//2009 2058//2058 2057//2057
f 2010//2010 2011//2011 2059//2059
f 2010//2010 2059//2059 2058//2058
f 2011//2011 2012//2012 2060//2060
f 2011//2011 2060//2060 2059//2059
f 2012//2012 2013//2013 2061//2061
f 2012//2012 2061//2061 2060//2060
f 2013//2013 2014//2014 2062//2062
f 2013//2013 2062//2062 2061//2061
f 2014//2014 2015//2015 2063//2063
f 2014//2014 2063//2063 2062//2062
f 2015//2015 2016//2016 2064//2064
f 2015//2015 2064//2064 2063//2063
f 2016//2016 1969//1969 2017//2017
f 2016//2016 2017//2017 2064//2064
f 2017//2017 2018//2018 2066//2066
f 2017//2017 2066//2066 2065//2065
f 2018//2018 2019//2019 2067//2067
f 2018//2018 2067//2067 2066//2066
f 2019//2019 2020//2020 2068//2068
f 2019//2019 2068//2068 2067//2067
f 2020//2020 2021//2021 2069//2069
f 2020//2020 2069//2069 2068//2068
f 2021//2021 2022//2022 2070//2070
f 2021//2021 2070//2070 2069//2069
f 2022//2022 2023//2023 2071//2071
f 2022//2022 2071//2071 2070//2070
f 2023//2023 2024//2024 2072//2072
f 2023//2023 2072//2072 2071//2071
f 2024//2024 2025//2025 2073//2073
f 2024//2024 2073//2073 2072//2072
f 2025//2025 2026//2026 2074//2074
f 2025//2025 2074//2074 2073//2073
f 2026//2026 2027//2027 2075//2075
f 2026//2026 2075//2075 2074//2074
f 2027//2027 2028//2028 2076//2076
f 2027//2027 2076//2076 2075//2075
f 2028//2028 2029//2029 2077//2077
f 2028//2028 2077//2077 2076//2076
f 2029//2029 2030//2030 2078//2078
f 2029//2029 2078//2078 2077//2077
f 2030//2030 2031//2031 2079//2079
f 2030//2030 2079//2079 2078//2078
f 2031//2031 2032//2032 2080//2080
f 2031//2031 2080//2080 2079//2079
f 2032//2032 2033//2033 2081//2081
f 2032//2032 2081//2081 2080//2080
f 2033//2033 2034//2034 2082//2082
f 2033//2033 2082//2082 2081//2081
f 2034//2034 2035//2035 2083//2083
f 2034//2034 2083//2083 2082//2082
f 2035//2035 2036//2036 2084//2084
f 2035//2035 2084//2084 2083//2083
f 2036//2036 2037//2037 2085//2085
f 2036//2036 2085//2085 2084//2084
f 2037//2037 2038//2038 2086//2086
f 2037//2037 2086//2086 2085//2085
f 2038//2038 2039//2039 2087//2087
f 2038//2038 2087//2087 2086//2086
f 2039//2039 2040//2040 2088//2088
f 2039//2039 2088//2088 2087//2087
f 2040//2040 2041//2041 2089//2089
f 2040//2040 2089//2089 2088//2088
f 2041//2041 2042//2042 2090//2090
f 2041//2041 2090//2090 2089//2089
f 2042//2042 2043//2043 2091//2091
f 2042//2042 2091//2091 2090//2090
f 2043//2043 2044//2044 2092//2092
f 2043//2043 2092//2092 2091//2091
f 2044//2044 2045//2045 2093//2093
f 2044//2044 2093//2093 2092//2092
f 2045//2045 2046//2046 2094//2094
f 2045//2045 2094//2094 2093//2093
f 2046//2046 2047//2047 2095//2095
f 2046//2046 2095//2095 2094//2094
f 2047//2047 2048//2048 2096//2096
f 2047//2047 2096//2096 2095//2095
f 2048//2048 2049//2049 2097//2097
f 2048//2048 2097//2097 2096//2096
f 2049//2049 2050//2050 2098//2098
f 2049//2049 2098//2098 2097//2097
f 2050//2050 2051//2051 2099//2099
f 2050//2050 2099//2099 2098//2098
f 2051//2051 2052//2052 2100//2100
f 2051//2051 2100//2100 2099//2099
f 2052//2052 2053//2053 2101//2101
f 2052//2052 2101//2101 2100//2100
f 2053//2053 2054//2054 2102//2102
f 2053//2053 2102//2102 2101//2101
f 2054//2054 2055//2055 2103//2103
f 2054//2054 2103//2103 2102//2102
f 2055//2055 2056//2056 2104//2104
f 2055//2055 2104//2104 2103//2103
f 2056//2056 2057//2057 2105//2105
f 2056//2056 2105//2105 2104//2104
f 2057//2057 2058//2058 2106//2106
f 2057//2057 2106//2106 2105//2105
f 2058//2058 2059//2059 2107//2107
f 2058//2058 2107//2107 2106//2106
f 2059//2059 2060//2060 2108//2108
f 2059//2059 2108//2108 2107//2107
f 2060//2060 2061//2061 2109//2109
f 2060//2060 2109//2109 2108//2108
f 2061//2061 2062//2062 2110//2110
f 2061//2061 2110//2110 2109//2109
f 2062//2062 2063//2063 2111//2111
f 2062//2062 2111//2111 2110//2110
f 2063//2063 2064//2064 2112//2112
f 2063//2063 2112//2112 2111//2111
f 2064//2064 2017//2017 2065//2065
f 2064//2064 2065//2065 2112//2112
f 2065//2065 2066//2066 2114//2114
f 2065//2065 2114//2114 2113//2113
f 2066//2066 2067//2067 2115//2115
f 2066//2066 2115//2115 2114//2114
f 2067//2067 2068//2068 2116//2116
f 2067//2067 2116//2116 2115//2115
f 2068//2068 2069//2069 2117//2117
f 2068//2068 2117//2117 2116//2116
f 2069//2069 2070//2070 2118//2118
f 2069//2069 2118//2118 2117//2117
f 2070//2070 2071//2071 2119//2119
f 2070//2070 2119//2119 2118//2118
f 2071//2071 2072//2072 2120//2120
f 2071//2071 2120//2120 2119//2119
f 2072//2072 2073//2073 2121//2121
f 2072//2072 2121//2121 2120//2120
f 2073//2073 2074//2074 2122//2122
f 2073//2073 2122//2122 2121//2121
f 2074//2074 2075//2075 2123//2123
f 2074//2074 2123//2123 2122//2122
f 2075//2075 2076//2076 2124//2124
f 2075//2075 2124//2124 2123//2123
f 2076//2076 2077//2077 2125//2125
f 2076//2076 2125//2125 2124//2124
f 2077//2077 2078//2078 2126//2126
f 2077//2077 2126//2126 2125//2125
f 2078//2078 2079//2079 2127//2127
f 2078//2078 2127//2127 2126//2126
f 2079//2079 2080//2080 2128//2128
f 2079//2079 2128//2128 2127//2127
f 2080//2080 2081//2081 2129//2129
f 2080//2080 2129//2129 2128//2128
f 2081//2081 2082//2082 2130//2130
f 2081//2081 2130//2130 2129//2129
f 2082//2082 2083//2083 2131//2131
f 2082//2082 2131//2131 2130//2130
f 2083//2083 2084//2084 2132//2132
f 2083//2083 2132//2132 2131//2131
f 2084//2084 2085//2085 2133//2133
f 2084//2084 2133//2133 2132//2132
f 2085//2085 2086//2086 2134//2134
f 2085//2085 2134//2134 2133//2133
f 2086//2086 2087//2087 2135//2135
f 2086//2086 2135//2135 2134//2134
f 2087//2087 2088//2088 2136//2136
f 2087//2087 2136//2136 2135//2135
f 2088//2088 2089//2089 2137//2137
f 2088//2088 2137//2137 2136//2136
f 2089//2089 2090//2090 2138//2138
f 2089//2089 2138//2138 2137//2137
f 2090//2090 2091//2091 2139//2139
f 2090//2090 2139//2139 2138//2138
f 2091//2091 2092//2092 2140//2140
f 2091//2091 2140//2140 2139//2139
f 2092//2092 2093//2093 2141//2141
f 2092//2092 2141//2141 2140//2140
f 2093//2093 2094//2094 2142//2142
f 2093//2093 2142//2142 2141//2141
f 2094//2094 2095//2095 2143//2143
f 2094//2094 2143//2143 2142//2142
f 2095//2095 2096//2096 2144//2144
f 2095//2095 2144//2144 2143//2143
f 2096//2096 2097//2097 2145//2145
f 2096//2096 2145//2145 2144//2144
f 2097//2097 2098//2098 2146//2146
f 2097//2097 2146//2146 2145//2145
f 2098//2098 2099//2099 2147//2147
f 2098//2098 2147//2147 2146//2146
f 2099//2099 2100//2100 2148//2148
f 2099//2099 2148//2148 2147//2147
f 2100//2100 2101//2101 2149//2149
f 2100//2100 2149//2149 2148//2148
f 2101//2101 2102//2102 2150//2150
f 2101//2101 2150//2150 2149//2149
f 2102//2102 2103//2103 2151//2151
f 2102//2102 2151//2151 2150//2150
f 2103//2103 2104//2104 2152//2152
f 2103//2103 2152//2152 2151//2151
f 2104//2104 2105//2105 2153//2153
f 2104//2104 2153//2153 2152//2152
f 2105//2105 2106//2106 2154//2154
f 2105//2105 2154//2154 2153//2153
f 2106//2106 2107//2107 2155//2155
f 2106//2106 2155//2155 2154//2154
f 2107//2107 2108//2108 2156//2156
f 2107//2107 2156//2156 2155//2155
f 2108//2108 2109//2109 2157//2157
f 2108//2108 2157//2157 2156//2156
f 2109//2109 2110//2110 2158//2158
f 2109//2109 2158//2158 2157//2157
f 2110//2110 2111//2111 2159//2159
f 2110//2110 2159//2159 2158//2158
f 2111//2111 2112//2112 2160//2160
f 2111//2111 2160//2160 2159//2159
f 2112//2112 2065//2065 2113//2113
f 2112//2112 2113//2113 2160//2160
