v 0.000000 0.000000 0.900000
v 0.000000 0.000000 0.900000
v 0.000000 0.000000 0.900000
v 0.000000 0.000000 0.900000
v 0.000000 0.000000 0.900000
v 0.000000 0.000000 0.900000
v 0.000000 0.000000 0.900000
v 0.000000 0.000000 0.900000
v 0.000000 0.000000 0.900000
v 0.000000 0.000000 0.900000
v 0.000000 0.000000 0.900000
v 0.000000 0.000000 0.900000
v 0.000000 0.000000 0.900000
v -0.000000 0.000000 0.900000
v -0.000000 0.000000 0.900000
v -0.000000 0.000000 0.900000
v -0.000000 0.000000 0.900000
v -0.000000 0.000000 0.900000
v -0.000000 0.000000 0.900000
v -0.000000 0.000000 0.900000
v -0.000000 0.000000 0.900000
v -0.000000 0.000000 0.900000
v -0.000000 0.000000 0.900000
v -0.000000 0.000000 0.900000
v -0.000000 0.000000 0.900000
v -0.000000 -0.000000 0.900000
v -0.000000 -0.000000 0.900000
v -0.000000 -0.000000 0.900000
v -0.000000 -0.000000 0.900000
v -0.000000 -0.000000 0.900000
v -0.000000 -0.000000 0.900000
v -0.000000 -0.000000 0.900000
v -0.000000 -0.000000 0.900000
v -0.000000 -0.000000 0.900000
v -0.000000 -0.000000 0.900000
v -0.000000 -0.000000 0.900000
v -0.000000 -0.000000 0.900000
v 0.000000 -0.000000 0.900000
v 0.000000 -0.000000 0.900000
v 0.000000 -0.000000 0.900000
v 0.000000 -0.000000 0.900000
v 0.000000 -0.000000 0.900000
v 0.000000 -0.000000 0.900000
v 0.000000 -0.000000 0.900000
v 0.000000 -0.000000 0.900000
v 0.000000 -0.000000 0.900000
v 0.000000 -0.000000 0.900000
v 0.000000 -0.000000 0.900000
v 0.050890 0.000000 0.897707
v 0.048684 0.006409 0.897707
v 0.045677 0.012239 0.897707
v 0.042423 0.017572 0.897707
v 0.039284 0.022680 0.897707
v 0.036284 0.027842 0.897707
v 0.033135 0.033135 0.897707
v 0.029418 0.038338 0.897707
v 0.024812 0.042976 0.897707
v 0.019273 0.046530 0.897707
v 0.013042 0.048675 0.897707
v 0.006508 0.049434 0.897707
v 0.000000 0.049153 0.897707
v -0.006361 0.048317 0.897707
v -0.012671 0.047291 0.897707
v -0.019107 0.046128 0.897707
v -0.025723 0.044553 0.897707
v -0.032312 0.042110 0.897707
v -0.038412 0.038412 0.897707
v -0.043460 0.033348 0.897707
v -0.047028 0.027152 0.897707
v -0.048999 0.020296 0.897707
v -0.049602 0.013291 0.897707
v -0.049281 0.006488 0.897707
v -0.048477 0.000000 0.897707
v -0.047426 -0.006244 0.897707
v -0.046094 -0.012351 0.897707
v -0.044249 -0.018328 0.897707
v -0.041634 -0.024037 0.897707
v -0.038128 -0.029257 0.897707
v -0.033812 -0.033812 0.897707
v -0.028909 -0.037675 0.897707
v -0.023653 -0.040968 0.897707
v -0.018172 -0.043871 0.897707
v -0.012452 -0.046472 0.897707
v -0.006408 -0.048677 0.897707
v -0.000000 -0.050214 0.897707
v 0.006681 -0.050747 0.897707
v 0.013408 -0.050040 0.897707
v 0.019908 -0.048063 0.897707
v 0.025979 -0.044997 0.897707
v 0.031554 -0.041123 0.897707
v 0.036675 -0.036675 0.897707
v 0.041374 -0.031747 0.897707
v 0.045549 -0.026298 0.897707
v 0.048921 -0.020264 0.897707
v 0.051105 -0.013693 0.897707
v 0.051784 -0.006817 0.897707
v 0.101780 0.000000 0.890839
v 0.097344 0.012816 0.890839
v 0.091331 0.024472 0.890839
v 0.084867 0.035153 0.890839
v 0.078675 0.045423 0.890839
v 0.072782 0.055848 0.890839
v 0.066576 0.066576 0.890839
v 0.059178 0.077122 0.890839
v 0.049937 0.086494 0.890839
v 0.038774 0.093609 0.890839
v 0.026205 0.097799 0.890839
v 0.013050 0.099126 0.890839
v 0.000000 0.098336 0.890839
v -0.012699 0.096459 0.890839
v -0.025262 0.094278 0.890839
v -0.038077 0.091926 0.890839
v -0.051290 0.088837 0.890839
v -0.064503 0.084062 0.890839
v -0.076779 0.076779 0.890839
v -0.086969 0.066733 0.890839
v -0.094183 0.054376 0.890839
v -0.098169 0.040663 0.890839
v -0.099385 0.026630 0.890839
v -0.098734 0.012999 0.890839
v -0.097117 0.000000 0.890839
v -0.095020 -0.012510 0.890839
v -0.092374 -0.024752 0.890839
v -0.088704 -0.036742 0.890839
v -0.083482 -0.048198 0.890839
v -0.076459 -0.058669 0.890839
v -0.067795 -0.067795 0.890839
v -0.057947 -0.075518 0.890839
v -0.047395 -0.082090 0.890839
v -0.036401 -0.087880 0.890839
v -0.024939 -0.093075 0.890839
v -0.012834 -0.097486 0.890839
v -0.000000 -0.100560 0.890839
v 0.013378 -0.101619 0.890839
v 0.026843 -0.100181 0.890839
v 0.039844 -0.096191 0.890839
v 0.051973 -0.090020 0.890839
v 0.063106 -0.082242 0.890839
v 0.073336 -0.073336 0.890839
v 0.082734 -0.063484 0.890839
v 0.091101 -0.052597 0.890839
v 0.097865 -0.040537 0.890839
v 0.102243 -0.027396 0.890839
v 0.103592 -0.013638 0.890839
v 0.153990 0.000000 0.879432
v 0.147228 0.019383 0.879432
v 0.138145 0.037016 0.879432
v 0.128483 0.053219 0.879432
v 0.119334 0.068897 0.879432
v 0.110681 0.084928 0.879432
v 0.101508 0.101508 0.879432
v 0.090403 0.117815 0.879432
v 0.076342 0.132228 0.879432
v 0.059235 0.143006 0.879432
v 0.039950 0.149094 0.879432
v 0.019831 0.150634 0.879432
v 0.000000 0.148872 0.879432
v -0.019159 0.145524 0.879432
v -0.038023 0.141904 0.879432
v -0.057274 0.138271 0.879432
v -0.077216 0.133742 0.879432
v -0.097287 0.126787 0.879432
v -0.116049 0.116049 0.879432
v -0.131696 0.101054 0.879432
v -0.142810 0.082451 0.879432
v -0.148961 0.061701 0.879432
v -0.150836 0.040416 0.879432
v -0.149837 0.019726 0.879432
v -0.147371 0.000000 0.879432
v -0.144209 -0.018986 0.879432
v -0.140245 -0.037579 0.879432
v -0.134737 -0.055810 0.879432
v -0.126853 -0.073239 0.879432
v -0.116194 -0.089159 0.879432
v -0.103008 -0.103008 0.879432
v -0.088005 -0.114690 0.879432
v -0.071940 -0.124604 0.879432
v -0.055226 -0.133329 0.879432
v -0.037826 -0.141169 0.879432
v -0.019464 -0.147841 0.879432
v -0.000000 -0.152489 0.879432
v 0.020283 -0.154066 0.879432
v 0.040683 -0.151829 0.879432
v 0.060352 -0.145703 0.879432
v 0.078676 -0.136271 0.879432
v 0.095481 -0.124434 0.879432
v 0.110931 -0.110931 0.879432
v 0.125155 -0.096035 0.879432
v 0.137849 -0.079587 0.879432
v 0.148128 -0.061357 0.879432
v 0.154771 -0.041471 0.879432
v 0.156789 -0.020642 0.879432
v 0.210769 0.000000 0.863544
v 0.201446 0.026521 0.863544
v 0.189071 0.050661 0.863544
v 0.176094 0.072940 0.863544
v 0.163991 0.094680 0.863544
v 0.152633 0.117120 0.863544
v 0.140466 0.140466 0.863544
v 0.125407 0.163434 0.863544
v 0.105994 0.183586 0.863544
v 0.082160 0.198352 0.863544
v 0.055255 0.206216 0.863544
v 0.027312 0.207452 0.863544
v 0.000000 0.203991 0.863544
v -0.026128 0.198463 0.863544
v -0.051688 0.192902 0.863544
v -0.077778 0.187773 0.863544
v -0.104974 0.181820 0.863544
v -0.132581 0.172782 0.863544
v -0.158601 0.158601 0.863544
v -0.180449 0.138464 0.863544
v -0.196049 0.113189 0.863544
v -0.204718 0.084797 0.863544
v -0.207383 0.055568 0.863544
v -0.206015 0.027122 0.863544
v -0.202618 0.000000 0.863544
v -0.198303 -0.026107 0.863544
v -0.192935 -0.051697 0.863544
v -0.185461 -0.076820 0.863544
v -0.174687 -0.100856 0.863544
v -0.160033 -0.122798 0.863544
v -0.141839 -0.141839 0.863544
v -0.121116 -0.157841 0.863544
v -0.098939 -0.171368 0.863544
v -0.075906 -0.183252 0.863544
v -0.051967 -0.193944 0.863544
v -0.026733 -0.203056 0.863544
v -0.000000 -0.209395 0.863544
v 0.027843 -0.211491 0.863544
v 0.055816 -0.208310 0.863544
v 0.082743 -0.199760 0.863544
v 0.107782 -0.186684 0.863544
v 0.130720 -0.170358 0.863544
v 0.151823 -0.151823 0.863544
v 0.171299 -0.131443 0.863544
v 0.188731 -0.108964 0.863544
v 0.202865 -0.084030 0.863544
v 0.211983 -0.056801 0.863544
v 0.214697 -0.028265 0.863544
v 0.276587 0.000000 0.843255
v 0.264305 0.034796 0.843255
v 0.248233 0.066514 0.843255
v 0.231666 0.095959 0.843255
v 0.216493 0.124992 0.843255
v 0.202363 0.155279 0.843255
v 0.186982 0.186982 0.843255
v 0.167396 0.218154 0.843255
v 0.141601 0.245260 0.843255
v 0.109617 0.264638 0.843255
v 0.073469 0.274191 0.843255
v 0.036128 0.274416 0.843255
v 0.000000 0.268191 0.843255
v -0.034152 0.259408 0.843255
v -0.067284 0.251106 0.843255
v -0.101099 0.244074 0.843255
v -0.136604 0.236604 0.843255
v -0.173019 0.225483 0.843255
v -0.207692 0.207692 0.843255
v -0.237062 0.181904 0.843255
v -0.258196 0.149070 0.843255
v -0.270045 0.111856 0.843255
v -0.273779 0.073359 0.843255
v -0.272044 0.035815 0.843255
v -0.267576 0.000000 0.843255
v -0.261926 -0.034483 0.843255
v -0.254939 -0.068311 0.843255
v -0.245191 -0.101561 0.843255
v -0.231049 -0.133396 0.843255
v -0.211702 -0.162445 0.843255
v -0.187597 -0.187597 0.843255
v -0.160102 -0.208650 0.843255
v -0.130693 -0.226366 0.843255
v -0.100193 -0.241887 0.843255
v -0.068553 -0.255843 0.843255
v -0.035248 -0.267734 0.843255
v -0.000000 -0.275971 0.843255
v 0.036676 -0.278585 0.843255
v 0.073472 -0.274201 0.843255
v 0.108824 -0.262724 0.843255
v 0.141631 -0.245313 0.843255
v 0.171655 -0.223705 0.843255
v 0.199296 -0.199296 0.843255
v 0.224865 -0.172545 0.843255
v 0.247805 -0.143070 0.843255
v 0.266422 -0.110355 0.843255
v 0.278391 -0.074595 0.843255
v 0.281868 -0.037109 0.843255
v 0.354722 0.000000 0.818669
v 0.339032 0.044634 0.818669
v 0.318827 0.085429 0.818669
v 0.298393 0.123598 0.818669
v 0.280041 0.161682 0.818669
v 0.263039 0.201837 0.818669
v 0.244089 0.244089 0.818669
v 0.219117 0.285558 0.818669
v 0.185466 0.321237 0.818669
v 0.143336 0.346043 0.818669
v 0.095699 0.357153 0.818669
v 0.046789 0.355400 0.818669
v 0.000000 0.344964 0.818669
v -0.043635 0.331444 0.818669
v -0.085547 0.319265 0.818669
v -0.128284 0.309706 0.818669
v -0.173502 0.300515 0.818669
v -0.220415 0.287251 0.818669
v -0.265606 0.265606 0.818669
v -0.304307 0.233503 0.818669
v -0.332466 0.191950 0.818669
v -0.348500 0.144353 0.818669
v -0.353798 0.094800 0.818669
v -0.351792 0.046314 0.818669
v -0.346110 0.000000 0.818669
v -0.338862 -0.044612 0.818669
v -0.329909 -0.088399 0.818669
v -0.317407 -0.131474 0.818669
v -0.299200 -0.172743 0.818669
v -0.274191 -0.210394 0.818669
v -0.242943 -0.242943 0.818669
v -0.207251 -0.270095 0.818669
v -0.169069 -0.292836 0.818669
v -0.129510 -0.312665 0.818669
v -0.088539 -0.330433 0.818669
v -0.045488 -0.345517 0.818669
v -0.000000 -0.355868 0.818669
v 0.047256 -0.358942 0.818669
v 0.094581 -0.352981 0.818669
v 0.139961 -0.337896 0.818669
v 0.182001 -0.315236 0.818669
v 0.220441 -0.287284 0.818669
v 0.255848 -0.255848 0.818669
v 0.288651 -0.221490 0.818669
v 0.318117 -0.183665 0.818669
v 0.342011 -0.141665 0.818669
v 0.357299 -0.095738 0.818669
v 0.361617 -0.047608 0.818669
v 0.443079 0.000000 0.789911
v 0.423821 0.055797 0.789911
v 0.399443 0.107031 0.789911
v 0.375276 0.155444 0.789911
v 0.353967 0.204363 0.789911
v 0.334202 0.256442 0.789911
v 0.311415 0.311415 0.789911
v 0.280205 0.365170 0.789911
v 0.237213 0.410865 0.789911
v 0.182956 0.441696 0.789911
v 0.121649 0.454000 0.789911
v 0.059123 0.449086 0.789911
v 0.000000 0.432780 0.789911
v -0.054351 0.412836 0.789911
v -0.105961 0.395451 0.789911
v -0.158473 0.382587 0.789911
v -0.214435 0.371412 0.789911
v -0.273186 0.356023 0.789911
v -0.330510 0.330510 0.789911
v -0.380251 0.291777 0.789911
v -0.416998 0.240754 0.789911
v -0.438426 0.181602 0.789911
v -0.446048 0.119518 0.789911
v -0.444094 0.058466 0.789911
v -0.437184 0.000000 0.789911
v -0.428098 -0.056360 0.789911
v -0.416785 -0.111677 0.789911
v -0.400999 -0.166099 0.789911
v -0.378035 -0.218259 0.789911
v -0.346483 -0.265865 0.789911
v -0.307011 -0.307011 0.789911
v -0.261864 -0.341268 0.789911
v -0.213521 -0.369830 0.789911
v -0.163432 -0.394560 0.789911
v -0.111611 -0.416538 0.789911
v -0.057271 -0.435018 0.789911
v -0.000000 -0.447483 0.789911
v 0.059349 -0.450803 0.789911
v 0.118658 -0.442836 0.789911
v 0.175430 -0.423524 0.789911
v 0.227964 -0.394845 0.789911
v 0.275978 -0.359662 0.789911
v 0.320211 -0.320211 0.789911
v 0.361188 -0.277149 0.789911
v 0.397951 -0.229757 0.789911
v 0.427667 -0.177146 0.789911
v 0.446549 -0.119652 0.789911
v 0.451730 -0.059471 0.789911
v 0.528525 0.000000 0.757128
v 0.506435 0.066673 0.757128
v 0.478955 0.128336 0.757128
v 0.452229 0.187319 0.757128
v 0.428986 0.247675 0.757128
v 0.407122 0.312395 0.757128
v 0.380718 0.380718 0.757128
v 0.343084 0.447116 0.757128
v 0.290292 0.502801 0.757128
v 0.223354 0.539225 0.757128
v 0.147891 0.551935 0.757128
v 0.071463 0.542812 0.757128
v 0.000000 0.519461 0.757128
v -0.064765 0.491941 0.757128
v -0.125500 0.468374 0.757128
v -0.187044 0.451565 0.757128
v -0.253002 0.438212 0.757128
v -0.323032 0.420983 0.757128
v -0.392294 0.392294 0.757128
v -0.453331 0.347853 0.757128
v -0.499336 0.288292 0.757128
v -0.527075 0.218322 0.757128
v -0.537946 0.144142 0.757128
v -0.536749 0.070664 0.757128
v -0.528962 0.000000 0.757128
v -0.518043 -0.068202 0.757128
v -0.504154 -0.135088 0.757128
v -0.484822 -0.200820 0.757128
v -0.456939 -0.263814 0.757128
v -0.418827 -0.321378 0.757128
v -0.371217 -0.371217 0.757128
v -0.316702 -0.412733 0.757128
v -0.258202 -0.447220 0.757128
v -0.197489 -0.476782 0.757128
v -0.134688 -0.502663 0.757128
v -0.068990 -0.524031 0.757128
v -0.000000 -0.538026 0.757128
v 0.071237 -0.541098 0.757128
v 0.142240 -0.530847 0.757128
v 0.210122 -0.507280 0.757128
v 0.272933 -0.472734 0.757128
v 0.330358 -0.430531 0.757128
v 0.383230 -0.383230 0.757128
v 0.432084 -0.331550 0.757128
v 0.475705 -0.274648 0.757128
v 0.510726 -0.211549 0.757128
v 0.532765 -0.142754 0.757128
v 0.538655 -0.070915 0.757128
v 0.587055 0.000000 0.720487
v 0.564218 0.074281 0.720487
v 0.536288 0.143698 0.720487
v 0.509561 0.211067 0.720487
v 0.486380 0.280812 0.720487
v 0.463775 0.355867 0.720487
v 0.434784 0.434784 0.720487
v 0.391931 0.510774 0.720487
v 0.331142 0.573556 0.720487
v 0.254066 0.613369 0.720487
v 0.167552 0.625314 0.720487
v 0.080547 0.611814 0.720487
v 0.000000 0.581872 0.720487
v -0.072057 0.547325 0.720487
v -0.138758 0.517852 0.720487
v -0.205896 0.497077 0.720487
v -0.278041 0.481581 0.720487
v -0.355381 0.463141 0.720487
v -0.432940 0.432940 0.720487
v -0.502529 0.385604 0.720487
v -0.556332 0.321199 0.720487
v -0.590214 0.244475 0.720487
v -0.605074 0.162129 0.720487
v -0.605704 0.079742 0.720487
v -0.597929 0.000000 0.720487
v -0.585672 -0.077105 0.720487
v -0.569466 -0.152588 0.720487
v -0.547002 -0.226576 0.720487
v -0.515154 -0.297425 0.720487
v -0.472165 -0.362305 0.720487
v -0.418727 -0.418727 0.720487
v -0.357500 -0.465903 0.720487
v -0.291562 -0.505001 0.720487
v -0.222876 -0.538071 0.720487
v -0.151752 -0.566346 0.720487
v -0.077541 -0.588985 0.720487
v -0.000000 -0.603112 0.720487
v 0.079673 -0.605173 0.720487
v 0.158843 -0.592809 0.720487
v 0.234496 -0.566124 0.720487
v 0.304596 -0.527575 0.720487
v 0.368767 -0.480587 0.720487
v 0.427757 -0.427757 0.720487
v 0.481936 -0.369803 0.720487
v 0.529846 -0.305907 0.720487
v 0.567866 -0.235218 0.720487
v 0.591494 -0.158490 0.720487
v 0.597702 -0.078689 0.720487
v 0.634438 0.000000 0.680175
v 0.612590 0.080649 0.680175
v 0.586270 0.157091 0.680175
v 0.561321 0.232507 0.680175
v 0.539268 0.311347 0.680175
v 0.516204 0.396097 0.680175
v 0.484416 0.484416 0.680175
v 0.436128 0.568373 0.680175
v 0.367536 0.636592 0.680175
v 0.281078 0.678582 0.680175
v 0.184696 0.689297 0.680175
v 0.088426 0.671664 0.680175
v 0.000000 0.635719 0.680175
v -0.078279 0.594589 0.680175
v -0.149825 0.559155 0.680175
v -0.221126 0.533846 0.680175
v -0.297603 0.515463 0.680175
v -0.380137 0.495404 0.680175
v -0.464042 0.464042 0.680175
v -0.540899 0.415046 0.680175
v -0.602206 0.347684 0.680175
v -0.642902 0.266299 0.680175
v -0.663010 0.177653 0.680175
v -0.666749 0.087779 0.680175
v -0.659817 0.000000 0.680175
v -0.646428 -0.085104 0.680175
v -0.627654 -0.168179 0.680175
v -0.601742 -0.249250 0.680175
v -0.565945 -0.326748 0.680175
v -0.518610 -0.397944 0.680175
v -0.460317 -0.460317 0.680175
v -0.393534 -0.512864 0.680175
v -0.321234 -0.556393 0.680175
v -0.245464 -0.592602 0.680175
v -0.166805 -0.622524 0.680175
v -0.084964 -0.645368 0.680175
v -0.000000 -0.658536 0.680175
v 0.086740 -0.658853 0.680175
v 0.172632 -0.644273 0.680175
v 0.254750 -0.615020 0.680175
v 0.331082 -0.573451 0.680175
v 0.401124 -0.522756 0.680175
v 0.465323 -0.465323 0.680175
v 0.523684 -0.401837 0.680175
v 0.574479 -0.331676 0.680175
v 0.614085 -0.254362 0.680175
v 0.638315 -0.171036 0.680175
v 0.644706 -0.084877 0.680175
v 0.676651 0.000000 0.636396
v 0.657630 0.086579 0.636396
v 0.634955 0.170136 0.636396
v 0.613343 0.254055 0.636396
v 0.593043 0.342394 0.636396
v 0.569178 0.436746 0.636396
v 0.533662 0.533662 0.636396
v 0.478993 0.624235 0.636396
v 0.402112 0.696479 0.636396
v 0.306408 0.739733 0.636396
v 0.200733 0.749147 0.636396
v 0.095853 0.728080 0.636396
v 0.000000 0.687138 0.636396
v -0.084274 0.640124 0.636396
v -0.160415 0.598676 0.636396
v -0.235266 0.567982 0.636396
v -0.314911 0.545441 0.636396
v -0.401069 0.522683 0.636396
v -0.489794 0.489794 0.636396
v -0.572999 0.439677 0.636396
v -0.641878 0.370588 0.636396
v -0.690439 0.285989 0.636396
v -0.717417 0.192231 0.636396
v -0.725836 0.095558 0.636396
v -0.720723 0.000000 0.636396
v -0.706366 -0.092995 0.636396
v -0.684554 -0.183426 0.636396
v -0.654530 -0.271115 0.636396
v -0.614368 -0.354705 0.636396
v -0.562751 -0.431814 0.636396
v -0.500077 -0.500077 0.636396
v -0.428351 -0.558238 0.636396
v -0.350161 -0.606496 0.636396
v -0.267524 -0.645860 0.636396
v -0.181389 -0.676952 0.636396
v -0.092036 -0.699082 0.636396
v -0.000000 -0.710236 0.636396
v 0.093213 -0.708027 0.636396
v 0.185156 -0.691011 0.636396
v 0.273195 -0.659551 0.636396
v 0.355449 -0.615657 0.636396
v 0.431181 -0.561925 0.636396
v 0.500281 -0.500281 0.636396
v 0.562154 -0.431356 0.636396
v 0.614784 -0.354946 0.636396
v 0.654814 -0.271233 0.636396
v 0.678858 -0.181899 0.636396
v 0.685480 -0.090245 0.636396
v 0.713775 0.000000 0.589375
v 0.699690 0.092116 0.589375
v 0.682846 0.182968 0.589375
v 0.666075 0.275897 0.589375
v 0.647890 0.374060 0.589375
v 0.622490 0.477653 0.589375
v 0.581934 0.581934 0.589375
v 0.519707 0.677295 0.589375
v 0.434050 0.751797 0.589375
v 0.329437 0.795330 0.589375
v 0.215337 0.803648 0.589375
v 0.102743 0.780413 0.589375
v 0.000000 0.736173 0.589375
v -0.090126 0.684576 0.589375
v -0.170789 0.637392 0.589375
v -0.248715 0.600452 0.589375
v -0.330354 0.572191 0.589375
v -0.418361 0.545219 0.589375
v -0.510038 0.510038 0.589375
v -0.598305 0.459095 0.589375
v -0.674565 0.389460 0.589375
v -0.731964 0.303189 0.589375
v -0.767537 0.205661 0.589375
v -0.782418 0.103007 0.589375
v -0.780323 0.000000 0.589375
v -0.765316 -0.100756 0.589375
v -0.740052 -0.198296 0.589375
v -0.705226 -0.292114 0.589375
v -0.660229 -0.381184 0.589375
v -0.604360 -0.463742 0.589375
v -0.537785 -0.537785 0.589375
v -0.461767 -0.601787 0.589375
v -0.378209 -0.655078 0.589375
v -0.288964 -0.697621 0.589375
v -0.195441 -0.729397 0.589375
v -0.098722 -0.749866 0.589375
v -0.000000 -0.757924 0.589375
v 0.099055 -0.752398 0.589375
v 0.196339 -0.732747 0.589375
v 0.289735 -0.699483 0.589375
v 0.377586 -0.653998 0.589375
v 0.458798 -0.597917 0.589375
v 0.532436 -0.532436 0.589375
v 0.597063 -0.458143 0.589375
v 0.650379 -0.375497 0.589375
v 0.689622 -0.285651 0.589375
v 0.712749 -0.190980 0.589375
v 0.719830 -0.094767 0.589375
v 0.746245 0.000000 0.539350
v 0.739299 0.097331 0.539350
v 0.730394 0.195708 0.539350
v 0.719720 0.298118 0.539350
v 0.703654 0.406255 0.539350
v 0.675618 0.518420 0.539350
v 0.628442 0.628442 0.539350
v 0.557386 0.726400 0.539350
v 0.462558 0.801174 0.539350
v 0.349601 0.844013 0.539350
v 0.228216 0.851712 0.539350
v 0.109016 0.828056 0.539350
v 0.000000 0.782791 0.539350
v -0.095901 0.728438 0.539350
v -0.181173 0.676147 0.539350
v -0.261869 0.632207 0.539350
v -0.344405 0.596527 0.539350
v -0.432413 0.563531 0.539350
v -0.524940 0.524940 0.539350
v -0.616651 0.473173 0.539350
v -0.699753 0.404003 0.539350
v -0.766699 0.317577 0.539350
v -0.812480 0.217703 0.539350
v -0.835657 0.110016 0.539350
v -0.837955 0.000000 0.539350
v -0.822849 -0.108330 0.539350
v -0.793925 -0.212732 0.539350
v -0.753738 -0.312209 0.539350
v -0.703475 -0.406152 0.539350
v -0.643343 -0.493655 0.539350
v -0.573278 -0.573278 0.539350
v -0.493570 -0.643233 0.539350
v -0.405161 -0.701760 0.539350
v -0.309609 -0.747461 0.539350
v -0.208856 -0.779463 0.539350
v -0.104982 -0.797415 0.539350
v -0.000000 -0.801409 0.539350
v 0.104252 -0.791871 0.539350
v 0.206167 -0.769426 0.539350
v 0.304337 -0.734734 0.539350
v 0.397399 -0.688315 0.539350
v 0.483786 -0.630482 0.539350
v 0.561486 -0.561486 0.539350
v 0.628034 -0.481907 0.539350
v 0.680894 -0.393114 0.539350
v 0.718257 -0.297512 0.539350
v 0.739948 -0.198269 0.539350
v 0.747975 -0.098473 0.539350
v 0.774882 0.000000 0.486577
v 0.777119 0.102310 0.486577
v 0.777877 0.208431 0.486577
v 0.774077 0.320633 0.486577
v 0.759701 0.438614 0.486577
v 0.727658 0.558351 0.486577
v 0.672211 0.672211 0.486577
v 0.591160 0.770414 0.486577
v 0.486974 0.843464 0.486577
v 0.366479 0.884759 0.486577
v 0.239156 0.892541 0.486577
v 0.114604 0.870501 0.486577
v 0.000000 0.826816 0.486577
v -0.101620 0.771881 0.486577
v -0.191702 0.715440 0.486577
v -0.275037 0.663997 0.486577
v -0.357559 0.619311 0.486577
v -0.443830 0.578410 0.486577
v -0.535061 0.535061 0.486577
v -0.628349 0.482149 0.486577
v -0.717338 0.414155 0.486577
v -0.794064 0.328912 0.486577
v -0.851270 0.228097 0.486577
v -0.884396 0.116433 0.486577
v -0.892549 0.000000 0.486577
v -0.878195 -0.115617 0.486577
v -0.845796 -0.226630 0.486577
v -0.800015 -0.331377 0.486577
v -0.744208 -0.429669 0.486577
v -0.679772 -0.521607 0.486577
v -0.606478 -0.606478 0.486577
v -0.523522 -0.682267 0.486577
v -0.430705 -0.746003 0.486577
v -0.329186 -0.794726 0.486577
v -0.221476 -0.826559 0.486577
v -0.110768 -0.841363 0.486577
v -0.000000 -0.840615 0.486577
v 0.108823 -0.826591 0.486577
v 0.214695 -0.801251 0.486577
v 0.317033 -0.765386 0.486577
v 0.414807 -0.718466 0.486577
v 0.505876 -0.659271 0.486577
v 0.586995 -0.586995 0.486577
v 0.654584 -0.502280 0.486577
v 0.705996 -0.407607 0.486577
v 0.740712 -0.306813 0.486577
v 0.760849 -0.203869 0.486577
v 0.770628 -0.101455 0.486577
v 0.800846 0.000000 0.431324
v 0.813844 0.107145 0.431324
v 0.825276 0.221132 0.431324
v 0.828418 0.343142 0.431324
v 0.814838 0.470447 0.431324
v 0.777299 0.596442 0.431324
v 0.712124 0.712124 0.431324
v 0.620260 0.808338 0.431324
v 0.506867 0.877919 0.431324
v 0.379862 0.917068 0.431324
v 0.248059 0.925768 0.431324
v 0.119461 0.907395 0.431324
v 0.000000 0.867879 0.431324
v -0.107247 0.814624 0.431324
v -0.202369 0.755251 0.431324
v -0.288375 0.696199 0.431324
v -0.370266 0.641320 0.431324
v -0.453388 0.590867 0.431324
v -0.541366 0.541366 0.431324
v -0.634258 0.486683 0.431324
v -0.727731 0.420156 0.431324
v -0.813775 0.337077 0.431324
v -0.882923 0.236578 0.431324
v -0.927194 0.122067 0.431324
v -0.942613 0.000000 0.431324
v -0.930207 -0.122464 0.431324
v -0.895080 -0.239836 0.431324
v -0.844003 -0.349597 0.431324
v -0.782669 -0.451874 0.431324
v -0.713877 -0.547777 0.431324
v -0.637391 -0.637391 0.431324
v -0.551365 -0.718553 0.431324
v -0.454442 -0.787116 0.431324
v -0.347333 -0.838535 0.431324
v -0.233091 -0.869906 0.431324
v -0.116024 -0.881290 0.431324
v -0.000000 -0.875580 0.431324
v 0.112818 -0.856939 0.431324
v 0.222042 -0.828673 0.431324
v 0.327923 -0.791676 0.431324
v 0.429733 -0.744319 0.431324
v 0.524722 -0.683831 0.431324
v 0.608399 -0.608399 0.431324
v 0.676156 -0.518833 0.431324
v 0.725437 -0.418831 0.431324
v 0.757283 -0.313677 0.431324
v 0.776319 -0.208014 0.431324
v 0.789002 -0.103874 0.431324
v 0.825514 0.000000 0.373874
v 0.850077 0.111915 0.373874
v 0.872173 0.233698 0.373874
v 0.881441 0.365105 0.373874
v 0.867319 0.500747 0.373874
v 0.822887 0.631423 0.373874
v 0.747006 0.747006 0.373874
v 0.644102 0.839410 0.373874
v 0.522098 0.904301 0.373874
v 0.389801 0.941062 0.373874
v 0.254962 0.951532 0.373874
v 0.123566 0.938574 0.373874
v 0.000000 0.905410 0.373874
v -0.112677 0.855866 0.373874
v -0.213001 0.794932 0.373874
v -0.301836 0.728697 0.373874
v -0.382862 0.663136 0.373874
v -0.461961 0.602039 0.373874
v -0.545168 0.545168 0.373874
v -0.635770 0.487844 0.373874
v -0.731892 0.422558 0.373874
v -0.825947 0.342118 0.373874
v -0.906575 0.242916 0.373874
v -0.962454 0.126709 0.373874
v -0.986325 0.000000 0.373874
v -0.977391 -0.128676 0.373874
v -0.940960 -0.252129 0.373874
v -0.885579 -0.366819 0.373874
v -0.819157 -0.472941 0.373874
v -0.745994 -0.572421 0.373874
v -0.666091 -0.666091 0.373874
v -0.576841 -0.751754 0.373874
v -0.475915 -0.824309 0.373874
v -0.363621 -0.877859 0.373874
v -0.243457 -0.908594 0.373874
v -0.120692 -0.916743 0.373874
v -0.000000 -0.906430 0.373874
v 0.116311 -0.883468 0.373874
v 0.228378 -0.852319 0.373874
v 0.337146 -0.813943 0.373874
v 0.442101 -0.765741 0.373874
v 0.539920 -0.703637 0.373874
v 0.625063 -0.625063 0.373874
v 0.692190 -0.531136 0.373874
v 0.739119 -0.426730 0.373874
v 0.768595 -0.318363 0.373874
v 0.787669 -0.211055 0.373874
v 0.804728 -0.105944 0.373874
v 0.850263 0.000000 0.314518
v 0.886168 0.116666 0.314518
v 0.917700 0.245897 0.314518
v 0.931329 0.385769 0.314518
v 0.914979 0.528264 0.314518
v 0.862564 0.661869 0.314518
v 0.775735 0.775735 0.314518
v 0.662351 0.863192 0.314518
v 0.532846 0.922917 0.314518
v 0.396601 0.957480 0.314518
v 0.260035 0.970462 0.314518
v 0.126922 0.964069 0.314518
v 0.000000 0.938665 0.314518
v -0.117742 0.894339 0.314518
v -0.223266 0.833239 0.314518
v -0.315155 0.760852 0.314518
v -0.395509 0.685042 0.314518
v -0.470406 0.613045 0.314518
v -0.547992 0.547992 0.314518
v -0.634684 0.487010 0.314518
v -0.731282 0.422206 0.314518
v -0.831134 0.344267 0.314518
v -0.921635 0.246951 0.314518
v -0.988629 0.130155 0.314518
v -1.021729 0.000000 0.314518
v -1.018019 -0.134025 0.314518
v -0.982385 -0.263229 0.314518
v -0.924462 -0.382925 0.314518
v -0.853904 -0.493002 0.314518
v -0.776452 -0.595792 0.314518
v -0.692672 -0.692672 0.314518
v -0.599704 -0.781549 0.314518
v -0.494669 -0.856792 0.314518
v -0.377616 -0.911647 0.314518
v -0.252327 -0.941697 0.314518
v -0.124711 -0.947273 0.314518
v -0.000000 -0.933327 0.314518
v 0.119380 -0.906778 0.314518
v 0.233881 -0.872855 0.314518
v 0.344848 -0.832537 0.314518
v 0.451829 -0.782590 0.314518
v 0.551067 -0.718164 0.314518
v 0.636393 -0.636393 0.314518
v 0.702250 -0.538856 0.314518
v 0.747176 -0.431382 0.314518
v 0.775589 -0.321260 0.314518
v 0.796533 -0.213430 0.314518
v 0.819644 -0.107908 0.314518
v 0.876192 0.000000 0.253559
v 0.922065 0.121392 0.253559
v 0.960561 0.257382 0.253559
v 0.975922 0.404240 0.253559
v 0.955477 0.551645 0.253559
v 0.894493 0.686368 0.253559
v 0.797372 0.797372 0.253559
v 0.674939 0.879598 0.253559
v 0.539557 0.934540 0.253559
v 0.400766 0.967534 0.253559
v 0.263543 0.983554 0.253559
v 0.129555 0.984071 0.253559
v 0.000000 0.966815 0.253559
v -0.122235 0.928468 0.253559
v -0.232710 0.868487 0.253559
v -0.327878 0.791566 0.253559
v -0.408167 0.706966 0.253559
v -0.479442 0.624821 0.253559
v -0.551360 0.551360 0.253559
v -0.632975 0.485699 0.253559
v -0.727702 0.420139 0.253559
v -0.830333 0.343935 0.253559
v -0.927942 0.248641 0.253559
v -1.004494 0.132244 0.253559
v -1.047013 0.000000 0.253559
v -1.050322 -0.138278 0.253559
v -1.018123 -0.272805 0.253559
v -0.960117 -0.397693 0.253559
v -0.886905 -0.512055 0.253559
v -0.805426 -0.618025 0.253559
v -0.717174 -0.717174 0.253559
v -0.619736 -0.807655 0.253559
v -0.510317 -0.883895 0.253559
v -0.388949 -0.939005 0.253559
v -0.259487 -0.968420 0.253559
v -0.128031 -0.972489 0.253559
v -0.000000 -0.956391 0.253559
v 0.122089 -0.927357 0.253559
v 0.238692 -0.890810 0.253559
v 0.351136 -0.847718 0.253559
v 0.458836 -0.794727 0.253559
v 0.557843 -0.726995 0.253559
v 0.641982 -0.641982 0.253559
v 0.706175 -0.541867 0.253559
v 0.750043 -0.433037 0.253559
v 0.779452 -0.322860 0.253559
v 0.804646 -0.215604 0.253559
v 0.835502 -0.109996 0.253559
v 0.903841 0.000000 0.191309
v 0.957199 0.126018 0.191309
v 0.999136 0.267718 0.191309
v 1.012986 0.419593 0.191309
v 0.986622 0.569627 0.191309
v 0.917120 0.703731 0.191309
v 0.811287 0.811287 0.191309
v 0.682057 0.888874 0.191309
v 0.542845 0.940235 0.191309
v 0.402891 0.972665 0.191309
v 0.265794 0.991958 0.191309
v 0.131503 0.998862 0.191309
v 0.000000 0.989060 0.191309
v -0.125941 0.956620 0.191309
v -0.240840 0.898827 0.191309
v -0.339435 0.819468 0.191309
v -0.420590 0.728483 0.191309
v -0.489522 0.637957 0.191309
v -0.556542 0.556542 0.191309
v -0.632493 0.485329 0.191309
v -0.723053 0.417455 0.191309
v -0.824893 0.341682 0.191309
v -0.925887 0.248091 0.191309
v -1.009429 0.132894 0.191309
v -1.060844 0.000000 0.191309
v -1.072743 -0.141229 0.191309
v -1.046847 -0.280502 0.191309
v -0.991693 -0.410773 0.191309
v -0.917765 -0.529872 0.191309
v -0.832783 -0.639017 0.191309
v -0.739504 -0.739504 0.191309
v -0.636759 -0.829841 0.191309
v -0.522608 -0.905184 0.191309
v -0.397386 -0.959375 0.191309
v -0.264802 -0.988255 0.191309
v -0.130613 -0.992104 0.191309
v -0.000000 -0.975624 0.191309
v 0.124465 -0.945406 0.191309
v 0.242870 -0.906403 0.191309
v 0.356040 -0.859555 0.191309
v 0.463055 -0.802034 0.191309
v 0.560103 -0.729941 0.191309
v 0.641761 -0.641761 0.191309
v 0.704216 -0.540364 0.191309
v 0.748497 -0.432145 0.191309
v 0.781491 -0.323704 0.191309
v 0.813573 -0.217996 0.191309
v 0.853622 -0.112381 0.191309
v 0.932962 0.000000 0.128083
v 0.990447 0.130395 0.128083
v 1.031645 0.276429 0.128083
v 1.040534 0.431003 0.128083
v 1.006725 0.581233 0.128083
v 0.929430 0.713177 0.128083
v 0.817254 0.817254 0.128083
v 0.684092 0.891527 0.128083
v 0.543363 0.941133 0.128083
v 0.403539 0.974229 0.128083
v 0.267071 0.996723 0.128083
v 0.132803 1.008736 0.128083
v 0.000000 1.004760 0.128083
v -0.128677 0.977402 0.128083
v -0.247203 0.922574 0.128083
v -0.349241 0.843141 0.128083
v -0.432363 0.748874 0.128083
v -0.500732 0.652566 0.128083
v -0.564318 0.564318 0.128083
v -0.634645 0.486980 0.128083
v -0.719044 0.415140 0.128083
v -0.816376 0.338154 0.128083
v -0.916463 0.245565 0.128083
v -1.003632 0.132131 0.128083
v -1.062654 0.000000 0.128083
v -1.084188 -0.142736 0.128083
v -1.067276 -0.285976 0.128083
v -1.018020 -0.421678 0.128083
v -0.945602 -0.545943 0.128083
v -0.857964 -0.658339 0.128083
v -0.759360 -0.759360 0.128083
v -0.650635 -0.847924 0.128083
v -0.531479 -0.920548 0.128083
v -0.402891 -0.972664 0.128083
v -0.268243 -1.001095 0.128083
v -0.132440 -1.005985 0.128083
v -0.000000 -0.990856 0.128083
v 0.126481 -0.960720 0.128083
v 0.246356 -0.919412 0.128083
v 0.359483 -0.867869 0.128083
v 0.464452 -0.804454 0.128083
v 0.557959 -0.727147 0.128083
v 0.636116 -0.636116 0.128083
v 0.697125 -0.534923 0.128083
v 0.743638 -0.429339 0.128083
v 0.782972 -0.324318 0.128083
v 0.824421 -0.220903 0.128083
v 0.874576 -0.115140 0.128083
v 0.962434 0.000000 0.064205
v 1.020197 0.134312 0.064205
v 1.056373 0.283054 0.064205
v 1.057123 0.437875 0.064205
v 1.014878 0.585940 0.064205
v 0.931129 0.714481 0.064205
v 0.815489 0.815489 0.064205
v 0.681555 0.888219 0.064205
v 0.541664 0.938189 0.064205
v 0.403118 0.973213 0.064205
v 0.267567 0.998575 0.064205
v 0.133485 1.013920 0.064205
v 0.000000 1.013543 0.064205
v -0.130325 0.989914 0.064205
v -0.251476 0.938521 0.064205
v -0.356794 0.861376 0.064205
v -0.442957 0.767224 0.064205
v -0.512753 0.668232 0.064205
v -0.574813 0.574813 0.064205
v -0.640134 0.491192 0.064205
v -0.716930 0.413920 0.064205
v -0.806357 0.334004 0.064205
v -0.901205 0.241477 0.064205
v -0.988209 0.130100 0.064205
v -1.052828 0.000000 0.064205
v -1.084240 -0.142743 0.064205
v -1.078334 -0.288939 0.064205
v -1.037687 -0.429824 0.064205
v -0.969048 -0.559480 0.064205
v -0.879949 -0.675208 0.064205
v -0.776204 -0.776204 0.064205
v -0.661246 -0.861752 0.064205
v -0.537053 -0.930203 0.064205
v -0.405630 -0.979277 0.064205
v -0.269897 -1.007270 0.064205
v -0.133516 -1.014153 0.064205
v -0.000000 -1.001719 0.064205
v 0.128051 -0.972647 0.064205
v 0.248967 -0.929157 0.064205
v 0.361292 -0.872236 0.064205
v 0.463052 -0.802029 0.064205
v 0.551822 -0.719149 0.064205
v 0.625922 -0.625922 0.064205
v 0.686141 -0.526495 0.064205
v 0.736789 -0.425385 0.064205
v 0.784935 -0.325131 0.064205
v 0.837611 -0.224437 0.064205
v 0.897989 -0.118222 0.064205
v 0.990338 0.000000 0.000000
v 1.044525 0.137514 0.000000
v 1.071885 0.287211 0.000000
v 1.062066 0.439922 0.000000
v 1.011105 0.583762 0.000000
v 0.922703 0.708015 0.000000
v 0.806626 0.806626 0.000000
v 0.674985 0.879658 0.000000
v 0.538097 0.932011 0.000000
v 0.401804 0.970041 0.000000
v 0.267349 0.997758 0.000000
v 0.133564 1.014516 0.000000
v 0.000000 1.015368 0.000000
v -0.130851 0.993910 0.000000
v -0.253518 0.946142 0.000000
v -0.361758 0.873360 0.000000
v -0.451808 0.782555 0.000000
v -0.524887 0.684046 0.000000
v -0.587444 0.587444 0.000000
v -0.648829 0.497864 0.000000
v -0.717304 0.414136 0.000000
v -0.796213 0.329802 0.000000
v -0.882021 0.236337 0.000000
v -0.965081 0.127055 0.000000
v -1.032721 0.000000 0.000000
v -1.073259 -0.141297 0.000000
v -1.079309 -0.289200 0.000000
v -1.049210 -0.434597 0.000000
v -0.986390 -0.569493 0.000000
v -0.897337 -0.688551 0.000000
v -0.789273 -0.789273 0.000000
v -0.668473 -0.871171 0.000000
v -0.539607 -0.934627 0.000000
v -0.405945 -0.980039 0.000000
v -0.269954 -1.007483 0.000000
v -0.133861 -1.016776 0.000000
v -0.000000 -1.007691 0.000000
v 0.129042 -0.980175 0.000000
v 0.250423 -0.934593 0.000000
v 0.361226 -0.872078 0.000000
v 0.458959 -0.794940 0.000000
v 0.542388 -0.706854 0.000000
v 0.612474 -0.612474 0.000000
v 0.672860 -0.516303 0.000000
v 0.729333 -0.421081 0.000000
v 0.788029 -0.326412 0.000000
v 0.852761 -0.228497 0.000000
v 0.922511 -0.121451 0.000000
v 1.006528 0.000000 -0.064205
v 1.053403 0.138683 -0.064205
v 1.069055 0.286452 -0.064205
v 1.047518 0.433896 -0.064205
v 0.988798 0.570883 -0.064205
v 0.898480 0.689428 -0.064205
v 0.785624 0.785624 -0.064205
v 0.659849 0.859932 -0.064205
v 0.528733 0.915793 -0.064205
v 0.396496 0.957225 -0.064205
v 0.264329 0.986490 -0.064205
v 0.132026 1.002835 -0.064205
v 0.000000 1.002860 -0.064205
v -0.129324 0.982311 -0.064205
v -0.251465 0.938481 -0.064205
v -0.361243 0.872117 -0.064205
v -0.454915 0.787935 -0.064205
v -0.532092 0.693435 -0.064205
v -0.596455 0.596455 -0.064205
v -0.654791 0.502439 -0.064205
v -0.714577 0.412561 -0.064205
v -0.780976 0.323491 -0.064205
v -0.854403 0.228936 -0.064205
v -0.929635 0.122389 -0.064205
v -0.996869 0.000000 -0.064205
v -1.044385 -0.137496 -0.064205
v -1.061877 -0.284529 -0.064205
v -1.043301 -0.432149 -0.064205
v -0.988271 -0.570578 -0.064205
v -0.901647 -0.691858 -0.064205
v -0.791614 -0.791614 -0.064205
v -0.667080 -0.869356 -0.064205
v -0.535400 -0.927341 -0.064205
v -0.401210 -0.968606 -0.064205
v -0.266624 -0.995056 -0.064205
v -0.132499 -1.006426 -0.064205
v -0.000000 -1.000538 -0.064205
v 0.128318 -0.974675 -0.064205
v 0.248508 -0.927444 -0.064205
v 0.356323 -0.860239 -0.064205
v 0.448948 -0.777601 -0.064205
v 0.526542 -0.686203 -0.064205
v 0.592786 -0.592786 -0.064205
v 0.654009 -0.501838 -0.064205
v 0.717024 -0.413974 -0.064205
v 0.786393 -0.325735 -0.064205
v 0.862136 -0.231009 -0.064205
v 0.938824 -0.123599 -0.064205
v 1.013536 0.000000 -0.128083
v 1.050647 0.138320 -0.128083
v 1.053371 0.282250 -0.128083
v 1.020356 0.422645 -0.128083
v 0.955388 0.551594 -0.128083
v 0.865429 0.664067 -0.128083
v 0.758216 0.758216 -0.128083
v 0.640360 0.834533 -0.128083
v 0.516444 0.894508 -0.128083
v 0.389116 0.939408 -0.128083
v 0.259798 0.969580 -0.128083
v 0.129587 0.984314 -0.128083
v 0.000000 0.982174 -0.128083
v -0.126595 0.961584 -0.128083
v -0.246936 0.921576 -0.128083
v -0.357274 0.862536 -0.128083
v -0.454235 0.786757 -0.128083
v -0.535969 0.698488 -0.128083
v -0.603228 0.603228 -0.128083
v -0.659787 0.506273 -0.128083
v -0.711728 0.410916 -0.128083
v -0.765487 0.317075 -0.128083
v -0.825158 0.221101 -0.128083
v -0.890083 0.117182 -0.128083
v -0.953856 0.000000 -0.128083
v -1.005476 -0.132373 -0.128083
v -1.032456 -0.276646 -0.128083
v -1.024830 -0.424499 -0.128083
v -0.978442 -0.564904 -0.128083
v -0.896163 -0.687650 -0.128083
v -0.786533 -0.786533 -0.128083
v -0.660489 -0.860766 -0.128083
v -0.527688 -0.913982 -0.128083
v -0.394074 -0.951378 -0.128083
v -0.261638 -0.976448 -0.128083
v -0.130199 -0.988963 -0.128083
v -0.000000 -0.985219 -0.128083
v 0.126438 -0.960394 -0.128083
v 0.244309 -0.911773 -0.128083
v 0.348409 -0.841134 -0.128083
v 0.435896 -0.754995 -0.128083
v 0.508349 -0.662494 -0.128083
v 0.571866 -0.571866 -0.128083
v 0.634902 -0.487177 -0.128083
v 0.704683 -0.406849 -0.128083
v 0.783784 -0.324654 -0.128083
v 0.868391 -0.232685 -0.128083
v 0.949049 -0.124945 -0.128083
v 1.010449 0.000000 -0.191309
v 1.036580 0.136468 -0.191309
v 1.026697 0.275103 -0.191309
v 0.983691 0.407458 -0.191309
v 0.914484 0.527978 -0.191309
v 0.826811 0.634435 -0.191309
v 0.726729 0.726729 -0.191309
v 0.617784 0.805111 -0.191309
v 0.501720 0.869005 -0.191309
v 0.379823 0.916973 -0.191309
v 0.253897 0.947557 -0.191309
v 0.126411 0.960190 -0.191309
v 0.000000 0.955433 -0.191309
v -0.123019 0.934420 -0.191309
v -0.240619 0.898004 -0.191309
v -0.350581 0.846377 -0.191309
v -0.450098 0.779593 -0.191309
v -0.536145 0.698718 -0.191309
v -0.606765 0.606765 -0.191309
v -0.662708 0.508514 -0.191309
v -0.708310 0.408943 -0.191309
v -0.750632 0.310922 -0.191309
v -0.796743 0.213487 -0.191309
v -0.850101 0.111918 -0.191309
v -0.907784 0.000000 -0.191309
v -0.960164 -0.126408 -0.191309
v -0.993585 -0.266230 -0.191309
v -0.995122 -0.412193 -0.191309
v -0.957362 -0.552733 -0.191309
v -0.881048 -0.676052 -0.191309
v -0.774378 -0.774378 -0.191309
v -0.649408 -0.846324 -0.191309
v -0.517398 -0.896160 -0.191309
v -0.385395 -0.930426 -0.191309
v -0.255553 -0.953738 -0.191309
v -0.127182 -0.966041 -0.191309
v -0.000000 -0.962799 -0.191309
v 0.123490 -0.937999 -0.191309
v 0.238015 -0.888283 -0.191309
v 0.337965 -0.815921 -0.191309
v 0.420818 -0.728878 -0.191309
v 0.489447 -0.637860 -0.191309
v 0.551749 -0.551749 -0.191309
v 0.617445 -0.473782 -0.191309
v 0.693480 -0.400381 -0.191309
v 0.780252 -0.323191 -0.191309
v 0.870557 -0.233265 -0.191309
v 0.951805 -0.125308 -0.191309
v 0.996288 0.000000 -0.253559
v 1.011400 0.133153 -0.253559
v 0.990530 0.265412 -0.253559
v 0.939962 0.389345 -0.253559
v 0.868802 0.501603 -0.253559
v 0.784928 0.602296 -0.253559
v 0.692617 0.692617 -0.253559
v 0.592701 0.772423 -0.253559
v 0.484565 0.839291 -0.253559
v 0.368447 0.889510 -0.253559
v 0.246558 0.920169 -0.253559
v 0.122551 0.930870 -0.253559
v 0.000000 0.923885 -0.253559
v -0.118835 0.902642 -0.253559
v -0.233004 0.869582 -0.253559
v -0.341654 0.824827 -0.253559
v -0.442614 0.766631 -0.253559
v -0.532043 0.693371 -0.253559
v -0.605799 0.605799 -0.253559
v -0.661978 0.507954 -0.253559
v -0.703069 0.405917 -0.253559
v -0.736101 0.304903 -0.253559
v -0.770111 0.206351 -0.253559
v -0.811782 0.106873 -0.253559
v -0.861363 0.000000 -0.253559
v -0.911093 -0.119948 -0.253559
v -0.947283 -0.253824 -0.253559
v -0.955337 -0.395714 -0.253559
v -0.925457 -0.534313 -0.253559
v -0.856336 -0.657089 -0.253559
v -0.755139 -0.755139 -0.253559
v -0.633979 -0.826218 -0.253559
v -0.504824 -0.874381 -0.253559
v -0.375492 -0.906518 -0.253559
v -0.248593 -0.927760 -0.253559
v -0.123537 -0.938357 -0.253559
v -0.000000 -0.933766 -0.253559
v 0.119524 -0.907875 -0.253559
v 0.229761 -0.857480 -0.253559
v 0.325323 -0.785398 -0.253559
v 0.404347 -0.700350 -0.253559
v 0.470748 -0.613491 -0.253559
v 0.533396 -0.533396 -0.253559
v 0.602261 -0.462131 -0.253559
v 0.683324 -0.394517 -0.253559
v 0.774853 -0.320955 -0.253559
v 0.867067 -0.232330 -0.253559
v 0.945470 -0.124474 -0.253559
v 0.970873 0.000000 -0.314518
v 0.975910 0.128481 -0.314518
v 0.946565 0.253631 -0.314518
v 0.891387 0.369224 -0.314518
v 0.820561 0.473751 -0.314518
v 0.741535 0.568999 -0.314518
v 0.656940 0.656940 -0.314518
v 0.565514 0.736992 -0.314518
v 0.464974 0.805358 -0.314518
v 0.354874 0.856742 -0.314518
v 0.237744 0.887271 -0.314518
v 0.118053 0.896705 -0.314518
v 0.000000 0.888497 -0.314518
v -0.114229 0.867659 -0.314518
v -0.224475 0.837751 -0.314518
v -0.330918 0.798907 -0.314518
v -0.431960 0.748176 -0.314518
v -0.523332 0.682020 -0.314518
v -0.599419 0.599419 -0.314518
v -0.656290 0.503589 -0.314518
v -0.694714 0.401093 -0.314518
v -0.721099 0.298689 -0.314518
v -0.745324 0.199709 -0.314518
v -0.776144 0.102181 -0.314518
v -0.816371 0.000000 -0.314518
v -0.860404 -0.113274 -0.314518
v -0.895611 -0.239978 -0.314518
v -0.907126 -0.375744 -0.314518
v -0.883827 -0.510278 -0.314518
v -0.822620 -0.631219 -0.314518
v -0.729065 -0.729065 -0.314518
v -0.614283 -0.800549 -0.314518
v -0.490003 -0.848711 -0.314518
v -0.364419 -0.879786 -0.314518
v -0.240828 -0.898781 -0.314518
v -0.119323 -0.906351 -0.314518
v -0.000000 -0.898748 -0.314518
v 0.114648 -0.870839 -0.314518
v 0.219805 -0.820323 -0.314518
v 0.310900 -0.750579 -0.314518
v 0.387008 -0.670317 -0.314518
v 0.452737 -0.590018 -0.314518
v 0.517042 -0.517042 -0.314518
v 0.589135 -0.452059 -0.314518
v 0.673460 -0.388822 -0.314518
v 0.766402 -0.317454 -0.314518
v 0.856626 -0.229532 -0.314518
v 0.929095 -0.122318 -0.314518
v 0.934895 0.000000 -0.373874
v 0.931487 0.122633 -0.373874
v 0.896597 0.240242 -0.373874
v 0.839828 0.347868 -0.373874
v 0.771379 0.445356 -0.373874
v 0.697813 0.535451 -0.373874
v 0.620401 0.620401 -0.373874
v 0.536544 0.699238 -0.373874
v 0.443045 0.767377 -0.373874
v 0.339133 0.818740 -0.373874
v 0.227496 0.849028 -0.373874
v 0.112971 0.858104 -0.373874
v 0.000000 0.849981 -0.373874
v -0.109326 0.830411 -0.373874
v -0.215296 0.803497 -0.373874
v -0.318703 0.769418 -0.373874
v -0.418380 0.724656 -0.373874
v -0.509995 0.664639 -0.373874
v -0.587211 0.587211 -0.373874
v -0.644830 0.494796 -0.373874
v -0.682185 0.393859 -0.373874
v -0.704606 0.291857 -0.373874
v -0.721747 0.193392 -0.373874
v -0.743221 0.097847 -0.373874
v -0.773643 0.000000 -0.373874
v -0.809648 -0.106592 -0.373874
v -0.840557 -0.225226 -0.373874
v -0.852529 -0.353129 -0.373874
v -0.834197 -0.481624 -0.373874
v -0.781079 -0.599343 -0.373874
v -0.696739 -0.696739 -0.373874
v -0.590439 -0.769476 -0.373874
v -0.472824 -0.818955 -0.373874
v -0.352045 -0.849911 -0.373874
v -0.232221 -0.866662 -0.373874
v -0.114579 -0.870312 -0.373874
v -0.000000 -0.858558 -0.373874
v 0.109024 -0.828117 -0.373874
v 0.208513 -0.778181 -0.373874
v 0.295182 -0.712633 -0.373874
v 0.369203 -0.639479 -0.373874
v 0.435502 -0.567558 -0.373874
v 0.502297 -0.502297 -0.373874
v 0.577188 -0.442892 -0.373874
v 0.662706 -0.382614 -0.373874
v 0.753740 -0.312209 -0.373874
v 0.838467 -0.224667 -0.373874
v 0.902588 -0.118828 -0.373874
v 0.889774 0.000000 -0.431324
v 0.879901 0.115841 -0.431324
v 0.842358 0.225709 -0.431324
v 0.786700 0.325862 -0.431324
v 0.722252 0.416992 -0.431324
v 0.654394 0.502134 -0.431324
v 0.583398 0.583398 -0.431324
v 0.506074 0.659528 -0.431324
v 0.419013 0.725751 -0.431324
v 0.321415 0.775964 -0.431324
v 0.215950 0.805935 -0.431324
v 0.107371 0.815562 -0.431324
v 0.000000 0.808817 -0.431324
v -0.104187 0.791380 -0.431324
v -0.205606 0.767333 -0.431324
v -0.305234 0.736899 -0.431324
v -0.402164 0.696569 -0.431324
v -0.492296 0.641572 -0.431324
v -0.569259 0.569259 -0.431324
v -0.627335 0.481371 -0.431324
v -0.664785 0.383814 -0.431324
v -0.685584 0.283978 -0.431324
v -0.698283 0.187104 -0.431324
v -0.712270 0.093772 -0.431324
v -0.733174 0.000000 -0.431324
v -0.759748 -0.100023 -0.431324
v -0.783871 -0.210038 -0.431324
v -0.793742 -0.328779 -0.431324
v -0.778695 -0.449580 -0.431324
v -0.733322 -0.562698 -0.431324
v -0.659041 -0.659041 -0.431324
v -0.562670 -0.733286 -0.431324
v -0.453125 -0.784836 -0.431324
v -0.338145 -0.816353 -0.431324
v -0.222678 -0.831046 -0.431324
v -0.109332 -0.830459 -0.431324
v -0.000000 -0.814131 -0.431324
v 0.102844 -0.781179 -0.431324
v 0.196306 -0.732623 -0.431324
v 0.278658 -0.672740 -0.431324
v 0.351194 -0.608287 -0.431324
v 0.418796 -0.545786 -0.431324
v 0.488303 -0.488303 -0.431324
v 0.565121 -0.433633 -0.431324
v 0.649711 -0.375111 -0.431324
v 0.735931 -0.304832 -0.431324
v 0.812425 -0.217689 -0.431324
v 0.866660 -0.114098 -0.431324
v 0.837388 0.000000 -0.486577
v 0.823078 0.108360 -0.486577
v 0.785386 0.210443 -0.486577
v 0.732965 0.303604 -0.486577
v 0.673636 0.388924 -0.486577
v 0.611468 0.469196 -0.486577
v 0.546096 0.546096 -0.486577
v 0.474373 0.618214 -0.486577
v 0.393225 0.681085 -0.486577
v 0.302041 0.729193 -0.486577
v 0.203307 0.758753 -0.486577
v 0.101325 0.769640 -0.486577
v 0.000000 0.765296 -0.486577
v -0.098828 0.750676 -0.486577
v -0.195437 0.729380 -0.486577
v -0.290635 0.701655 -0.486577
v -0.383613 0.664438 -0.486577
v -0.470704 0.613433 -0.486577
v -0.546046 0.546046 -0.486577
v -0.604027 0.463486 -0.486577
v -0.642219 0.370786 -0.486577
v -0.663138 0.274681 -0.486577
v -0.673645 0.180503 -0.486577
v -0.682065 0.089796 -0.486577
v -0.694335 0.000000 -0.486577
v -0.711059 -0.093613 -0.486577
v -0.726940 -0.194783 -0.486577
v -0.732861 -0.303561 -0.486577
v -0.719562 -0.415439 -0.486577
v -0.681178 -0.522686 -0.486577
v -0.617058 -0.617058 -0.486577
v -0.531329 -0.692442 -0.486577
v -0.430799 -0.746165 -0.486577
v -0.322499 -0.778580 -0.486577
v -0.212096 -0.791553 -0.486577
v -0.103611 -0.787004 -0.486577
v -0.000000 -0.766426 -0.486577
v 0.096305 -0.731511 -0.486577
v 0.183591 -0.685171 -0.486577
v 0.261747 -0.631914 -0.486577
v 0.333087 -0.576923 -0.486577
v 0.402135 -0.524072 -0.486577
v 0.473955 -0.473955 -0.486577
v 0.551488 -0.423172 -0.486577
v 0.633194 -0.365575 -0.486577
v 0.712378 -0.295077 -0.486577
v 0.778887 -0.208702 -0.486577
v 0.822630 -0.108301 -0.486577
v 0.779771 0.000000 -0.539350
v 0.762869 0.100434 -0.539350
v 0.726942 0.194784 -0.539350
v 0.679188 0.281329 -0.539350
v 0.625594 0.361187 -0.539350
v 0.568933 0.436558 -0.539350
v 0.508522 0.508522 -0.539350
v 0.441701 0.575636 -0.539350
v 0.366096 0.634097 -0.539350
v 0.281407 0.679378 -0.539350
v 0.189812 0.708388 -0.539350
v 0.094912 0.720925 -0.539350
v 0.000000 0.719588 -0.539350
v -0.093234 0.708180 -0.539350
v -0.184753 0.689509 -0.539350
v -0.274963 0.663819 -0.539350
v -0.363019 0.628768 -0.539350
v -0.445798 0.580976 -0.539350
v -0.518302 0.518302 -0.539350
v -0.575476 0.441578 -0.539350
v -0.614547 0.354809 -0.539350
v -0.636627 0.263700 -0.539350
v -0.646601 0.173256 -0.539350
v -0.651210 0.085733 -0.539350
v -0.656144 0.000000 -0.539350
v -0.663491 -0.087350 -0.539350
v -0.670725 -0.179720 -0.539350
v -0.671661 -0.278211 -0.539350
v -0.658874 -0.380401 -0.539350
v -0.626457 -0.480698 -0.539350
v -0.571966 -0.571966 -0.539350
v -0.496904 -0.647578 -0.539350
v -0.405864 -0.702977 -0.539350
v -0.304974 -0.736273 -0.539350
v -0.200414 -0.747954 -0.539350
v -0.097450 -0.740205 -0.539350
v -0.000000 -0.716327 -0.539350
v 0.089578 -0.680414 -0.539350
v 0.170705 -0.637079 -0.539350
v 0.244752 -0.590884 -0.539350
v 0.314841 -0.545320 -0.539350
v 0.384916 -0.501633 -0.539350
v 0.458119 -0.458119 -0.539350
v 0.534956 -0.410486 -0.539350
v 0.612146 -0.353423 -0.539350
v 0.682877 -0.282857 -0.539350
v 0.738661 -0.197924 -0.539350
v 0.772154 -0.101656 -0.539350
v 0.718845 0.000000 -0.589375
v 0.700876 0.092272 -0.589375
v 0.667979 0.178984 -0.589375
v 0.625641 0.259149 -0.589375
v 0.577964 0.333687 -0.589375
v 0.526548 0.404035 -0.589375
v 0.470637 0.470637 -0.589375
v 0.408307 0.532116 -0.589375
v 0.338050 0.585519 -0.589375
v 0.259918 0.627497 -0.589375
v 0.175708 0.655753 -0.589375
v 0.088205 0.669985 -0.589375
v 0.000000 0.671806 -0.589375
v -0.087376 0.663685 -0.589375
v -0.173495 0.647492 -0.589375
v -0.258238 0.623441 -0.589375
v -0.340650 0.590023 -0.589375
v -0.418180 0.544983 -0.589375
v -0.486855 0.486855 -0.589375
v -0.542442 0.416230 -0.589375
v -0.582099 0.336075 -0.589375
v -0.605707 0.250892 -0.589375
v -0.616167 0.165102 -0.589375
v -0.618418 0.081416 -0.589375
v -0.617530 0.000000 -0.589375
v -0.616663 -0.081185 -0.589375
v -0.615756 -0.164991 -0.589375
v -0.611460 -0.253275 -0.589375
v -0.598330 -0.345446 -0.589375
v -0.570761 -0.437960 -0.589375
v -0.524913 -0.524913 -0.589375
v -0.459990 -0.599471 -0.589375
v -0.378502 -0.655584 -0.589375
v -0.285575 -0.689439 -0.589375
v -0.187636 -0.700267 -0.589375
v -0.090892 -0.690390 -0.589375
v -0.000000 -0.664569 -0.589375
v 0.082791 -0.628858 -0.589375
v 0.157875 -0.589198 -0.589375
v 0.227827 -0.550024 -0.589375
v 0.296304 -0.513214 -0.589375
v 0.366536 -0.477679 -0.589375
v 0.439816 -0.439816 -0.589375
v 0.514498 -0.394788 -0.589375
v 0.585947 -0.338297 -0.589375
v 0.647593 -0.268242 -0.589375
v 0.692807 -0.185637 -0.589375
v 0.716961 -0.094390 -0.589375
v 0.656229 0.000000 -0.636396
v 0.638347 0.084040 -0.636396
v 0.609148 0.163221 -0.636396
v 0.572411 0.237100 -0.636396
v 0.530502 0.306286 -0.636396
v 0.484057 0.371430 -0.636396
v 0.432398 0.432398 -0.636396
v 0.374415 0.487947 -0.636396
v 0.309468 0.536014 -0.636396
v 0.237935 0.574427 -0.636396
v 0.161217 0.601669 -0.636396
v 0.081274 0.617334 -0.636396
v 0.000000 0.622065 -0.636396
v -0.081232 0.617016 -0.636396
v -0.161608 0.603128 -0.636396
v -0.240477 0.580564 -0.636396
v -0.316746 0.548620 -0.636396
v -0.388402 0.506175 -0.636396
v -0.452504 0.452504 -0.636396
v -0.505733 0.388062 -0.636396
v -0.545372 0.314871 -0.636396
v -0.570325 0.236236 -0.636396
v -0.581709 0.155868 -0.636396
v -0.582697 0.076714 -0.636396
v -0.577539 0.000000 -0.636396
v -0.570064 -0.075050 -0.636396
v -0.562199 -0.150641 -0.636396
v -0.553075 -0.229091 -0.636396
v -0.539148 -0.311277 -0.636396
v -0.515353 -0.395444 -0.636396
v -0.476924 -0.476924 -0.636396
v -0.421248 -0.548981 -0.636396
v -0.349050 -0.604572 -0.636396
v -0.264451 -0.638440 -0.636396
v -0.173845 -0.648797 -0.636396
v -0.083990 -0.637964 -0.636396
v -0.000000 -0.611703 -0.636396
v 0.076020 -0.577432 -0.636396
v 0.145211 -0.541937 -0.636396
v 0.210989 -0.509371 -0.636396
v 0.277254 -0.480218 -0.636396
v 0.346474 -0.451534 -0.636396
v 0.418340 -0.418340 -0.636396
v 0.489495 -0.375602 -0.636396
v 0.554402 -0.320084 -0.636396
v 0.606993 -0.251425 -0.636396
v 0.642475 -0.172151 -0.636396
v 0.658637 -0.086711 -0.636396
v 0.593143 0.000000 -0.680175
v 0.576150 0.075852 -0.680175
v 0.550843 0.147598 -0.680175
v 0.519483 0.215177 -0.680175
v 0.482990 0.278854 -0.680175
v 0.441265 0.338595 -0.680175
v 0.393794 0.393794 -0.680175
v 0.340220 0.443383 -0.680175
v 0.280659 0.486116 -0.680175
v 0.215749 0.520863 -0.680175
v 0.146513 0.546793 -0.680175
v 0.074174 0.563407 -0.680175
v 0.000000 0.570507 -0.680175
v -0.074793 0.568107 -0.680175
v -0.149068 0.556328 -0.680175
v -0.221717 0.535273 -0.680175
v -0.291519 0.504926 -0.680175
v -0.356932 0.465163 -0.680175
v -0.415940 0.415940 -0.680175
v -0.466101 0.357652 -0.680175
v -0.504945 0.291530 -0.680175
v -0.530675 0.219813 -0.680175
v -0.542966 0.145487 -0.680175
v -0.543436 0.071545 -0.680175
v -0.535461 0.000000 -0.680175
v -0.523177 -0.068878 -0.680175
v -0.509942 -0.136638 -0.680175
v -0.496858 -0.205805 -0.680175
v -0.482044 -0.278308 -0.680175
v -0.461116 -0.353826 -0.680175
v -0.428840 -0.428840 -0.680175
v -0.381345 -0.496979 -0.680175
v -0.317964 -0.550730 -0.680175
v -0.241875 -0.583938 -0.680175
v -0.159185 -0.594088 -0.680175
v -0.076804 -0.583385 -0.680175
v -0.000000 -0.558097 -0.680175
v 0.069297 -0.526360 -0.680175
v 0.132718 -0.495310 -0.680175
v 0.194140 -0.468697 -0.680175
v 0.257443 -0.445905 -0.680175
v 0.324353 -0.422705 -0.680175
v 0.393304 -0.393304 -0.680175
v 0.459749 -0.352778 -0.680175
v 0.517698 -0.298893 -0.680175
v 0.561754 -0.232686 -0.680175
v 0.588768 -0.157760 -0.680175
v 0.598496 -0.078794 -0.680175
v 0.524546 0.000000 -0.720487
v 0.509118 0.067027 -0.720487
v 0.487816 0.130710 -0.720487
v 0.461659 0.191225 -0.720487
v 0.430479 0.248537 -0.720487
v 0.393680 0.302081 -0.720487
v 0.350937 0.350937 -0.720487
v 0.302503 0.394229 -0.720487
v 0.249065 0.431393 -0.720487
v 0.191423 0.462137 -0.720487
v 0.130269 0.486171 -0.720487
v 0.066213 0.502940 -0.720487
v 0.000000 0.511607 -0.720487
v -0.067316 0.511313 -0.720487
v -0.134388 0.501543 -0.720487
v -0.199791 0.482338 -0.720487
v -0.262232 0.454199 -0.720487
v -0.320564 0.417768 -0.720487
v -0.373543 0.373543 -0.720487
v -0.419506 0.321898 -0.720487
v -0.456309 0.263450 -0.720487
v -0.481760 0.199552 -0.720487
v -0.494492 0.132499 -0.720487
v -0.494887 0.065153 -0.720487
v -0.485462 0.000000 -0.720487
v -0.470314 -0.061918 -0.720487
v -0.453639 -0.121552 -0.720487
v -0.437910 -0.181388 -0.720487
v -0.422581 -0.243977 -0.720487
v -0.404051 -0.310039 -0.720487
v -0.377082 -0.377082 -0.720487
v -0.337138 -0.439367 -0.720487
v -0.282601 -0.489480 -0.720487
v -0.215791 -0.520966 -0.720487
v -0.142259 -0.530919 -0.720487
v -0.068632 -0.521314 -0.720487
v -0.000000 -0.498402 -0.720487
v 0.061922 -0.470343 -0.720487
v 0.118995 -0.444096 -0.720487
v 0.175167 -0.422891 -0.720487
v 0.234034 -0.405359 -0.720487
v 0.296651 -0.386603 -0.720487
v 0.360604 -0.360604 -0.720487
v 0.420731 -0.322838 -0.720487
v 0.471062 -0.271968 -0.720487
v 0.507003 -0.210008 -0.720487
v 0.526782 -0.141151 -0.720487
v 0.531591 -0.069985 -0.720487
v 0.428530 0.000000 -0.757128
v 0.415787 0.054739 -0.757128
v 0.399251 0.106979 -0.757128
v 0.379036 0.157002 -0.757128
v 0.354314 0.204563 -0.757128
v 0.324261 0.248815 -0.757128
v 0.288737 0.288737 -0.757128
v 0.248369 0.323681 -0.757128
v 0.204142 0.353585 -0.757128
v 0.156874 0.378726 -0.757128
v 0.106962 0.399187 -0.757128
v 0.054560 0.414426 -0.757128
v 0.000000 0.423274 -0.757128
v -0.055872 0.424391 -0.757128
v -0.111708 0.416900 -0.757128
v -0.166012 0.400787 -0.757128
v -0.217562 0.376828 -0.757128
v -0.265568 0.346095 -0.757128
v -0.309399 0.309399 -0.757128
v -0.348073 0.267086 -0.757128
v -0.379897 0.219334 -0.757128
v -0.402680 0.166795 -0.757128
v -0.414548 0.111078 -0.757128
v -0.415046 0.054642 -0.757128
v -0.405844 0.000000 -0.757128
v -0.390528 -0.051414 -0.757128
v -0.373337 -0.100035 -0.757128
v -0.357336 -0.148013 -0.757128
v -0.342907 -0.197978 -0.757128
v -0.327387 -0.251213 -0.757128
v -0.306167 -0.306167 -0.757128
v -0.274837 -0.358175 -0.757128
v -0.231373 -0.400750 -0.757128
v -0.177283 -0.428000 -0.757128
v -0.117121 -0.437102 -0.757128
v -0.056563 -0.429639 -0.757128
v -0.000000 -0.411100 -0.757128
v 0.051172 -0.388688 -0.757128
v 0.098717 -0.368418 -0.757128
v 0.146136 -0.352804 -0.757128
v 0.196392 -0.340162 -0.757128
v 0.249959 -0.325753 -0.757128
v 0.304143 -0.304143 -0.757128
v 0.353982 -0.271620 -0.757128
v 0.394206 -0.227595 -0.757128
v 0.421265 -0.174494 -0.757128
v 0.434471 -0.116416 -0.757128
v 0.435783 -0.057372 -0.757128
v 0.331144 0.000000 -0.789911
v 0.321282 0.042298 -0.789911
v 0.309105 0.082824 -0.789911
v 0.294233 0.121875 -0.789911
v 0.275591 0.159113 -0.789911
v 0.252344 0.193630 -0.789911
v 0.224477 0.224477 -0.789911
v 0.192753 0.251201 -0.789911
v 0.158206 0.274021 -0.789911
v 0.121566 0.293486 -0.789911
v 0.083027 0.309861 -0.789911
v 0.042480 0.322666 -0.789911
v 0.000000 0.330682 -0.789911
v -0.043769 0.332457 -0.789911
v -0.087622 0.327011 -0.789911
v -0.130187 0.314298 -0.789911
v -0.170404 0.295148 -0.789911
v -0.207749 0.270744 -0.789911
v -0.241982 0.241982 -0.789911
v -0.272591 0.209166 -0.789911
v -0.298325 0.172238 -0.789911
v -0.317249 0.131409 -0.789911
v -0.327442 0.087738 -0.789911
v -0.328048 0.043188 -0.789911
v -0.320078 0.000000 -0.789911
v -0.306411 -0.040340 -0.789911
v -0.290801 -0.077920 -0.789911
v -0.276270 -0.114435 -0.789911
v -0.263668 -0.152229 -0.789911
v -0.251171 -0.192730 -0.789911
v -0.235080 -0.235080 -0.789911
v -0.211597 -0.275759 -0.789911
v -0.178727 -0.309565 -0.789911
v -0.137362 -0.331622 -0.789911
v -0.090965 -0.339486 -0.789911
v -0.044015 -0.334326 -0.789911
v -0.000000 -0.320540 -0.789911
v 0.040013 -0.303927 -0.789911
v 0.077504 -0.289250 -0.789911
v 0.115287 -0.278328 -0.789911
v 0.155601 -0.269508 -0.789911
v 0.198524 -0.258722 -0.789911
v 0.241520 -0.241520 -0.789911
v 0.280320 -0.215097 -0.789911
v 0.310660 -0.179359 -0.789911
v 0.329982 -0.136683 -0.789911
v 0.338260 -0.090637 -0.789911
v 0.337634 -0.044450 -0.789911
v 0.248600 0.000000 -0.818669
v 0.241225 0.031758 -0.818669
v 0.232460 0.062288 -0.818669
v 0.221741 0.091848 -0.818669
v 0.208007 0.120093 -0.818669
v 0.190524 0.146195 -0.818669
v 0.169345 0.169345 -0.818669
v 0.145212 0.189243 -0.818669
v 0.119058 0.206214 -0.818669
v 0.091486 0.220867 -0.818669
v 0.062572 0.233521 -0.818669
v 0.032094 0.243775 -0.818669
v 0.000000 0.250523 -0.818669
v -0.033232 0.252426 -0.818669
v -0.066603 0.248564 -0.818669
v -0.098946 0.238877 -0.818669
v -0.129397 0.224122 -0.818669
v -0.157606 0.205396 -0.818669
v -0.183538 0.183538 -0.818669
v -0.206957 0.158804 -0.818669
v -0.226968 0.131040 -0.818669
v -0.241986 0.100234 -0.818669
v -0.250293 0.067066 -0.818669
v -0.250941 0.033037 -0.818669
v -0.244505 0.000000 -0.818669
v -0.233180 -0.030699 -0.818669
v -0.220044 -0.058961 -0.818669
v -0.207743 -0.086050 -0.818669
v -0.197259 -0.113887 -0.818669
v -0.187402 -0.143799 -0.818669
v -0.175363 -0.175363 -0.818669
v -0.158096 -0.206035 -0.818669
v -0.133864 -0.231859 -0.818669
v -0.103151 -0.249029 -0.818669
v -0.068481 -0.255574 -0.818669
v -0.033218 -0.252314 -0.818669
v -0.000000 -0.242582 -0.818669
v 0.030385 -0.230794 -0.818669
v 0.059091 -0.220531 -0.818669
v 0.088247 -0.213048 -0.818669
v 0.119458 -0.206908 -0.818669
v 0.152587 -0.198855 -0.818669
v 0.185461 -0.185461 -0.818669
v 0.214645 -0.164703 -0.818669
v 0.236869 -0.136756 -0.818669
v 0.250352 -0.103699 -0.818669
v 0.255393 -0.068432 -0.818669
v 0.253963 -0.033435 -0.818669
v 0.184465 0.000000 -0.843255
v 0.179025 0.023569 -0.843255
v 0.172742 0.046286 -0.843255
v 0.165036 0.068360 -0.843255
v 0.154984 0.089480 -0.843255
v 0.141986 0.108950 -0.843255
v 0.126122 0.126122 -0.843255
v 0.108038 0.140797 -0.843255
v 0.088513 0.153308 -0.843255
v 0.068021 0.164218 -0.843255
v 0.046577 0.173827 -0.843255
v 0.023936 0.181814 -0.843255
v 0.000000 0.187250 -0.843255
v -0.024882 0.189000 -0.843255
v -0.049913 0.186278 -0.843255
v -0.074153 0.179021 -0.843255
v -0.096915 0.167863 -0.843255
v -0.117964 0.153734 -0.843255
v -0.137351 0.137351 -0.843255
v -0.154986 0.118925 -0.843255
v -0.170232 0.098283 -0.843255
v -0.181847 0.075323 -0.843255
v -0.188405 0.050483 -0.843255
v -0.189030 0.024886 -0.843255
v -0.184031 0.000000 -0.843255
v -0.175041 -0.023045 -0.843255
v -0.164471 -0.044070 -0.843255
v -0.154492 -0.063993 -0.843255
v -0.146035 -0.084313 -0.843255
v -0.138342 -0.106154 -0.843255
v -0.129341 -0.129341 -0.843255
v -0.116689 -0.152072 -0.843255
v -0.098970 -0.171421 -0.843255
v -0.076430 -0.184518 -0.843255
v -0.050866 -0.189833 -0.843255
v -0.024741 -0.187925 -0.843255
v -0.000000 -0.181246 -0.843255
v 0.022784 -0.173059 -0.843255
v 0.044474 -0.165978 -0.843255
v 0.066628 -0.160855 -0.843255
v 0.090365 -0.156516 -0.843255
v 0.115454 -0.150462 -0.843255
v 0.140136 -0.140136 -0.843255
v 0.161751 -0.124116 -0.843255
v 0.177858 -0.102686 -0.843255
v 0.187237 -0.077556 -0.843255
v 0.190296 -0.050990 -0.843255
v 0.188701 -0.024843 -0.843255
v 0.135692 0.000000 -0.863544
v 0.131716 0.017341 -0.863544
v 0.127215 0.034087 -0.863544
v 0.121676 0.050400 -0.863544
v 0.114350 0.066020 -0.863544
v 0.104772 0.080394 -0.863544
v 0.093022 0.093022 -0.863544
v 0.079627 0.103773 -0.863544
v 0.065205 0.112939 -0.863544
v 0.050117 0.120992 -0.863544
v 0.034348 0.128188 -0.863544
v 0.017678 0.134275 -0.863544
v 0.000000 0.138512 -0.863544
v -0.018430 0.139991 -0.863544
v -0.036997 0.138075 -0.863544
v -0.054969 0.132707 -0.863544
v -0.071817 0.124391 -0.863544
v -0.087377 0.113871 -0.863544
v -0.101725 0.101725 -0.863544
v -0.114841 0.088121 -0.863544
v -0.126274 0.072904 -0.863544
v -0.135078 0.055951 -0.863544
v -0.140127 0.037547 -0.863544
v -0.140681 0.018521 -0.863544
v -0.136902 0.000000 -0.863544
v -0.129982 -0.017112 -0.863544
v -0.121753 -0.032624 -0.863544
v -0.113917 -0.047186 -0.863544
v -0.107273 -0.061934 -0.863544
v -0.101344 -0.077764 -0.863544
v -0.094632 -0.094632 -0.863544
v -0.085385 -0.111276 -0.863544
v -0.072500 -0.125573 -0.863544
v -0.056087 -0.135405 -0.863544
v -0.037410 -0.139617 -0.863544
v -0.018245 -0.138587 -0.863544
v -0.000000 -0.134082 -0.863544
v 0.016913 -0.128463 -0.863544
v 0.033121 -0.123607 -0.863544
v 0.049740 -0.120084 -0.863544
v 0.067536 -0.116977 -0.863544
v 0.086262 -0.112419 -0.863544
v 0.104545 -0.104545 -0.863544
v 0.120382 -0.092373 -0.863544
v 0.131983 -0.076200 -0.863544
v 0.138518 -0.057376 -0.863544
v 0.140393 -0.037618 -0.863544
v 0.138936 -0.018291 -0.863544
v 0.096945 0.000000 -0.879432
v 0.094121 0.012391 -0.879432
v 0.090965 0.024374 -0.879432
v 0.087069 0.036065 -0.879432
v 0.081866 0.047266 -0.879432
v 0.075013 0.057560 -0.879432
v 0.066580 0.066580 -0.879432
v 0.056966 0.074240 -0.879432
v 0.046635 0.080774 -0.879432
v 0.035849 0.086548 -0.879432
v 0.024586 0.091756 -0.879432
v 0.012667 0.096215 -0.879432
v 0.000000 0.099365 -0.879432
v -0.013234 0.100520 -0.879432
v -0.026580 0.099199 -0.879432
v -0.039497 0.095355 -0.879432
v -0.051594 0.089363 -0.879432
v -0.062755 0.081784 -0.879432
v -0.073055 0.073055 -0.879432
v -0.082501 0.063305 -0.879432
v -0.090779 0.052411 -0.879432
v -0.097201 0.040262 -0.879432
v -0.100925 0.027043 -0.879432
v -0.101378 0.013347 -0.879432
v -0.098636 0.000000 -0.879432
v -0.093543 -0.012315 -0.879432
v -0.087432 -0.023427 -0.879432
v -0.081568 -0.033786 -0.879432
v -0.076581 -0.044214 -0.879432
v -0.072177 -0.055383 -0.879432
v -0.067308 -0.067308 -0.879432
v -0.060718 -0.079129 -0.879432
v -0.051589 -0.089355 -0.879432
v -0.039964 -0.096481 -0.879432
v -0.026707 -0.099670 -0.879432
v -0.013056 -0.099171 -0.879432
v -0.000000 -0.096217 -0.879432
v 0.012172 -0.092458 -0.879432
v 0.023900 -0.089197 -0.879432
v 0.035957 -0.086809 -0.879432
v 0.048852 -0.084614 -0.879432
v 0.062364 -0.081274 -0.879432
v 0.075474 -0.075474 -0.879432
v 0.086736 -0.066555 -0.879432
v 0.094880 -0.054779 -0.879432
v 0.099354 -0.041154 -0.879432
v 0.100502 -0.026929 -0.879432
v 0.099322 -0.013076 -0.879432
v 0.063290 0.000000 -0.890839
v 0.061454 0.008091 -0.890839
v 0.059419 0.015921 -0.890839
v 0.056901 0.023569 -0.890839
v 0.053516 0.030897 -0.890839
v 0.049037 0.037627 -0.890839
v 0.043515 0.043515 -0.890839
v 0.037222 0.048508 -0.890839
v 0.030467 0.052770 -0.890839
v 0.023423 0.056549 -0.890839
v 0.016072 0.059981 -0.890839
v 0.008286 0.062939 -0.890839
v 0.000000 0.065049 -0.890839
v -0.008669 0.065847 -0.890839
v -0.017418 0.065007 -0.890839
v -0.025886 0.062495 -0.890839
v -0.033811 0.058562 -0.890839
v -0.041119 0.053588 -0.890839
v -0.047867 0.047867 -0.890839
v -0.054066 0.041487 -0.890839
v -0.059518 0.034363 -0.890839
v -0.063768 0.026413 -0.890839
v -0.066251 0.017752 -0.890839
v -0.066573 0.008765 -0.890839
v -0.064769 0.000000 -0.890839
v -0.061383 -0.008081 -0.890839
v -0.057293 -0.015351 -0.890839
v -0.053345 -0.022096 -0.890839
v -0.049975 -0.028853 -0.890839
v -0.047015 -0.036076 -0.890839
v -0.043795 -0.043795 -0.890839
v -0.039493 -0.051469 -0.890839
v -0.033568 -0.058142 -0.890839
v -0.026028 -0.062837 -0.890839
v -0.017419 -0.065008 -0.890839
v -0.008532 -0.064804 -0.890839
v -0.000000 -0.063011 -0.890839
v 0.007989 -0.060686 -0.890839
v 0.015718 -0.058660 -0.890839
v 0.023676 -0.057158 -0.890839
v 0.032175 -0.055729 -0.890839
v 0.041052 -0.053500 -0.890839
v 0.049626 -0.049626 -0.890839
v 0.056946 -0.043696 -0.890839
v 0.062194 -0.035908 -0.890839
v 0.065027 -0.026935 -0.890839
v 0.065693 -0.017602 -0.890839
v 0.064865 -0.008540 -0.890839
v 0.031464 0.000000 -0.897707
v 0.030554 0.004023 -0.897707
v 0.029549 0.007918 -0.897707
v 0.028304 0.011724 -0.897707
v 0.026624 0.015371 -0.897707
v 0.024396 0.018720 -0.897707
v 0.021646 0.021646 -0.897707
v 0.018513 0.024127 -0.897707
v 0.015152 0.026245 -0.897707
v 0.011651 0.028127 -0.897707
v 0.007996 0.029842 -0.897707
v 0.004124 0.031326 -0.897707
v 0.000000 0.032390 -0.897707
v -0.004318 0.032799 -0.897707
v -0.008678 0.032388 -0.897707
v -0.012898 0.031139 -0.897707
v -0.016847 0.029179 -0.897707
v -0.020487 0.026699 -0.897707
v -0.023848 0.023848 -0.897707
v -0.026940 0.020671 -0.897707
v -0.029663 0.017126 -0.897707
v -0.031792 0.013169 -0.897707
v -0.033041 0.008853 -0.897707
v -0.033209 0.004372 -0.897707
v -0.032309 0.000000 -0.897707
v -0.030609 -0.004030 -0.897707
v -0.028547 -0.007649 -0.897707
v -0.026550 -0.010997 -0.897707
v -0.024840 -0.014342 -0.897707
v -0.023343 -0.017911 -0.897707
v -0.021727 -0.021727 -0.897707
v -0.019588 -0.025527 -0.897707
v -0.016652 -0.028842 -0.897707
v -0.012919 -0.031189 -0.897707
v -0.008654 -0.032295 -0.897707
v -0.004243 -0.032232 -0.897707
v -0.000000 -0.031384 -0.897707
v 0.003985 -0.030269 -0.897707
v 0.007849 -0.029293 -0.897707
v 0.011831 -0.028563 -0.897707
v 0.016080 -0.027852 -0.897707
v 0.020508 -0.026727 -0.897707
v 0.024774 -0.024774 -0.897707
v 0.028402 -0.021794 -0.897707
v 0.030990 -0.017892 -0.897707
v 0.032373 -0.013409 -0.897707
v 0.032681 -0.008757 -0.897707
v 0.032253 -0.004246 -0.897707
v 0.000000 0.000000 -0.900000
v 0.000000 0.000000 -0.900000
v 0.000000 0.000000 -0.900000
v 0.000000 0.000000 -0.900000
v 0.000000 0.000000 -0.900000
v 0.000000 0.000000 -0.900000
v 0.000000 0.000000 -0.900000
v 0.000000 0.000000 -0.900000
v 0.000000 0.000000 -0.900000
v 0.000000 0.000000 -0.900000
v 0.000000 0.000000 -0.900000
v 0.000000 0.000000 -0.900000
v 0.000000 0.000000 -0.900000
v -0.000000 0.000000 -0.900000
v -0.000000 0.000000 -0.900000
v -0.000000 0.000000 -0.900000
v -0.000000 0.000000 -0.900000
v -0.000000 0.000000 -0.900000
v -0.000000 0.000000 -0.900000
v -0.000000 0.000000 -0.900000
v -0.000000 0.000000 -0.900000
v -0.000000 0.000000 -0.900000
v -0.000000 0.000000 -0.900000
v -0.000000 0.000000 -0.900000
v -0.000000 0.000000 -0.900000
v -0.000000 -0.000000 -0.900000
v -0.000000 -0.000000 -0.900000
v -0.000000 -0.000000 -0.900000
v -0.000000 -0.000000 -0.900000
v -0.000000 -0.000000 -0.900000
v -0.000000 -0.000000 -0.900000
v -0.000000 -0.000000 -0.900000
v -0.000000 -0.000000 -0.900000
v -0.000000 -0.000000 -0.900000
v -0.000000 -0.000000 -0.900000
v -0.000000 -0.000000 -0.900000
v -0.000000 -0.000000 -0.900000
v 0.000000 -0.000000 -0.900000
v 0.000000 -0.000000 -0.900000
v 0.000000 -0.000000 -0.900000
v 0.000000 -0.000000 -0.900000
v 0.000000 -0.000000 -0.900000
v 0.000000 -0.000000 -0.900000
v 0.000000 -0.000000 -0.900000
v 0.000000 -0.000000 -0.900000
v 0.000000 -0.000000 -0.900000
v 0.000000 -0.000000 -0.900000
v 0.000000 -0.000000 -0.900000
v 0.045000 0.000000 0.900000
v 0.031820 0.031820 0.900000
v 0.000000 0.045000 0.900000
v -0.031820 0.031820 0.900000
v -0.045000 0.000000 0.900000
v -0.031820 -0.031820 0.900000
v -0.000000 -0.045000 0.900000
v 0.031820 -0.031820 0.900000
v 0.022500 0.000000 1.120000
v 0.015910 0.015910 1.120000
v 0.000000 0.022500 1.120000
v -0.015910 0.015910 1.120000
v -0.022500 0.000000 1.120000
v -0.015910 -0.015910 1.120000
v -0.000000 -0.022500 1.120000
v 0.015910 -0.015910 1.120000
vn -0.045009 -0.015490 -0.998867
vn -0.044052 -0.022724 -0.998771
vn -0.043093 -0.026294 -0.998725
vn -0.043030 -0.026445 -0.998724
vn -0.043650 -0.025372 -0.998725
vn -0.043341 -0.025774 -0.998728
vn -0.040309 -0.028809 -0.998772
vn -0.033939 -0.033703 -0.998855
vn -0.024957 -0.038892 -0.998932
vn -0.014836 -0.043086 -0.998961
vn -0.005300 -0.045640 -0.998944
vn 0.002010 -0.046601 -0.998912
vn 0.006124 -0.046600 -0.998895
vn 0.007552 -0.046412 -0.998894
vn 0.008345 -0.046200 -0.998897
vn 0.010761 -0.045200 -0.998920
vn 0.015701 -0.042351 -0.998979
vn 0.022512 -0.037129 -0.999057
vn 0.029868 -0.029776 -0.999110
vn 0.036563 -0.021052 -0.999110
vn 0.041780 -0.012011 -0.999055
vn 0.045142 -0.003885 -0.998973
vn 0.046770 0.002203 -0.998903
vn 0.047249 0.005858 -0.998866
vn 0.047249 0.007950 -0.998852
vn 0.046947 0.010241 -0.998845
vn 0.045895 0.014168 -0.998846
vn 0.043508 0.019930 -0.998854
vn 0.039643 0.026625 -0.998859
vn 0.034785 0.032956 -0.998851
vn 0.029850 0.037889 -0.998836
vn 0.025725 0.041054 -0.998826
vn 0.022669 0.042818 -0.998826
vn 0.019980 0.043933 -0.998835
vn 0.016383 0.044898 -0.998857
vn 0.010937 0.045617 -0.998899
vn 0.003641 0.045619 -0.998952
vn -0.004680 0.044526 -0.998997
vn -0.012871 0.042332 -0.999021
vn -0.019909 0.039417 -0.999024
vn -0.025250 0.036333 -0.999021
vn -0.029034 0.033429 -0.999019
vn -0.031977 0.030487 -0.999024
vn -0.034868 0.026719 -0.999035
vn -0.038026 0.021251 -0.999051
vn -0.041163 0.013679 -0.999059
vn -0.043672 0.004312 -0.999037
vn -0.045013 -0.005899 -0.998969
vn -0.104068 -0.029279 -0.994139
vn -0.102440 -0.047469 -0.993606
vn -0.100262 -0.058092 -0.993264
vn -0.099650 -0.060621 -0.993174
vn -0.100796 -0.058843 -0.993165
vn -0.100739 -0.058824 -0.993172
vn -0.095329 -0.064297 -0.993367
vn -0.082469 -0.074574 -0.993800
vn -0.063150 -0.086436 -0.994254
vn -0.040366 -0.096760 -0.994489
vn -0.017880 -0.103743 -0.994443
vn 0.000537 -0.107113 -0.994247
vn 0.012168 -0.107949 -0.994082
vn 0.017092 -0.107928 -0.994012
vn 0.019058 -0.107780 -0.993992
vn 0.023381 -0.106222 -0.994068
vn 0.033158 -0.100859 -0.994348
vn 0.047766 -0.090142 -0.994783
vn 0.064414 -0.074272 -0.995156
vn 0.080196 -0.054798 -0.995272
vn 0.093045 -0.034003 -0.995081
vn 0.101901 -0.014566 -0.994688
vn 0.106770 0.000910 -0.994283
vn 0.108690 0.011030 -0.994015
vn 0.109109 0.016911 -0.993886
vn 0.108721 0.022052 -0.993828
vn 0.106850 0.030061 -0.993821
vn 0.102205 0.042219 -0.993867
vn 0.094187 0.057111 -0.993915
vn 0.083550 0.071984 -0.993900
vn 0.072156 0.084314 -0.993823
vn 0.062084 0.092839 -0.993744
vn 0.054355 0.097918 -0.993709
vn 0.047964 0.101019 -0.993728
vn 0.040278 0.103447 -0.993819
vn 0.028856 0.105341 -0.994017
vn 0.013107 0.105830 -0.994298
vn -0.005538 0.103981 -0.994564
vn -0.024595 0.099574 -0.994726
vn -0.041629 0.093270 -0.994770
vn -0.055099 0.086248 -0.994749
vn -0.064887 0.079448 -0.994725
vn -0.072269 0.072718 -0.994731
vn -0.079024 0.064564 -0.994780
vn -0.086179 0.052984 -0.994870
vn -0.093427 0.036766 -0.994947
vn -0.099556 0.016231 -0.994900
vn -0.103300 -0.006793 -0.994627
vn -0.180660 -0.047470 -0.982399
vn -0.178108 -0.079670 -0.980780
vn -0.174284 -0.098796 -0.979727
vn -0.172897 -0.103449 -0.979492
vn -0.174508 -0.099858 -0.979579
vn -0.174278 -0.098774 -0.979730
vn -0.165194 -0.107281 -0.980409
vn -0.143522 -0.124656 -0.981765
vn -0.110636 -0.145465 -0.983158
vn -0.071322 -0.164201 -0.983845
vn -0.031834 -0.177515 -0.983603
vn 0.001248 -0.184630 -0.982807
vn 0.022661 -0.187138 -0.982072
vn 0.031601 -0.187868 -0.981686
vn 0.034028 -0.188289 -0.981524
vn 0.039676 -0.186396 -0.981673
vn 0.054967 -0.177992 -0.982495
vn 0.079431 -0.160154 -0.983891
vn 0.108198 -0.133042 -0.985187
vn 0.135938 -0.099303 -0.985728
vn 0.158810 -0.062907 -0.985303
vn 0.174807 -0.028512 -0.984190
vn 0.183799 -0.000719 -0.982964
vn 0.187449 0.017740 -0.982114
vn 0.188256 0.028337 -0.981711
vn 0.187606 0.036897 -0.981551
vn 0.184566 0.049930 -0.981551
vn 0.176958 0.070191 -0.981712
vn 0.163581 0.095627 -0.981884
vn 0.145498 0.121572 -0.981861
vn 0.125780 0.143515 -0.981623
vn 0.108070 0.158986 -0.981348
vn 0.094408 0.168311 -0.981203
vn 0.083410 0.173891 -0.981226
vn 0.070663 0.178131 -0.981466
vn 0.051736 0.181549 -0.982020
vn 0.025212 0.182783 -0.982830
vn -0.006742 0.180149 -0.983616
vn -0.039912 0.173078 -0.984099
vn -0.069967 0.162552 -0.984216
vn -0.093982 0.150570 -0.984122
vn -0.111461 0.138866 -0.984019
vn -0.124432 0.127377 -0.984018
vn -0.136035 0.113672 -0.984161
vn -0.148302 0.094247 -0.984441
vn -0.160929 0.066804 -0.984703
vn -0.171876 0.031666 -0.984609
vn -0.178856 -0.008158 -0.983841
vn -0.245449 -0.063183 -0.967348
vn -0.241981 -0.106798 -0.964385
vn -0.236719 -0.131981 -0.962572
vn -0.234746 -0.136809 -0.962381
vn -0.236634 -0.130232 -0.962831
vn -0.235646 -0.127581 -0.963428
vn -0.222517 -0.138742 -0.965006
vn -0.192556 -0.162552 -0.967729
vn -0.147619 -0.191475 -0.970333
vn -0.093840 -0.217987 -0.971430
vn -0.039361 -0.237454 -0.970601
vn 0.006819 -0.248639 -0.968572
vn 0.036796 -0.253529 -0.966628
vn 0.048321 -0.255949 -0.965482
vn 0.049123 -0.257971 -0.964903
vn 0.053626 -0.256773 -0.964983
vn 0.072121 -0.246336 -0.966497
vn 0.104465 -0.222435 -0.969335
vn 0.143602 -0.185300 -0.972133
vn 0.181677 -0.138746 -0.973521
vn 0.213110 -0.088415 -0.973019
vn 0.235066 -0.040796 -0.971123
vn 0.247374 -0.002261 -0.968917
vn 0.252321 0.023290 -0.967363
vn 0.253333 0.037634 -0.966647
vn 0.252383 0.048668 -0.966403
vn 0.248322 0.065539 -0.966458
vn 0.238218 0.092378 -0.966809
vn 0.220331 0.126615 -0.967173
vn 0.195961 0.161917 -0.967151
vn 0.169210 0.192028 -0.966692
vn 0.145097 0.213406 -0.966129
vn 0.126596 0.226311 -0.965793
vn 0.112023 0.233942 -0.965775
vn 0.095400 0.239691 -0.966151
vn 0.070497 0.244468 -0.967091
vn 0.035097 0.246518 -0.968503
vn -0.008054 0.243462 -0.969877
vn -0.053236 0.234365 -0.970690
vn -0.094402 0.220454 -0.970818
vn -0.127339 0.204459 -0.970557
vn -0.151178 0.188841 -0.970301
vn -0.168629 0.173617 -0.970269
vn -0.184116 0.155473 -0.970530
vn -0.200629 0.129532 -0.971066
vn -0.217880 0.092518 -0.971581
vn -0.233040 0.044778 -0.971436
vn -0.242830 -0.009551 -0.970022
vn -0.283323 -0.072618 -0.956271
vn -0.279211 -0.122193 -0.952423
vn -0.273125 -0.149294 -0.950323
vn -0.270980 -0.152061 -0.950498
vn -0.272988 -0.142023 -0.951476
vn -0.270922 -0.137954 -0.952665
vn -0.254345 -0.151148 -0.955229
vn -0.218439 -0.179514 -0.959197
vn -0.165536 -0.213955 -0.962716
vn -0.102416 -0.245784 -0.963899
vn -0.038087 -0.269686 -0.962195
vn 0.016975 -0.284143 -0.958632
vn 0.052642 -0.291377 -0.955159
vn 0.064750 -0.295944 -0.953008
vn 0.061763 -0.300377 -0.951819
vn 0.062194 -0.301073 -0.951571
vn 0.080280 -0.290401 -0.953532
vn 0.116464 -0.263075 -0.957720
vn 0.161781 -0.219492 -0.962107
vn 0.206212 -0.164510 -0.964579
vn 0.242814 -0.105089 -0.964364
vn 0.268220 -0.048982 -0.962112
vn 0.282319 -0.003678 -0.959314
vn 0.287858 0.026189 -0.957315
vn 0.288879 0.042546 -0.956420
vn 0.287735 0.054591 -0.956153
vn 0.283147 0.073228 -0.956277
vn 0.271697 0.103574 -0.956793
vn 0.251263 0.142805 -0.957326
vn 0.223239 0.183563 -0.957324
vn 0.192345 0.218492 -0.956695
vn 0.164481 0.243360 -0.955888
vn 0.143271 0.258353 -0.955368
vn 0.126921 0.267147 -0.955261
vn 0.108489 0.273773 -0.955656
vn 0.080544 0.279443 -0.956778
vn 0.040263 0.282169 -0.958519
vn -0.009323 0.279105 -0.960215
vn -0.061561 0.269028 -0.961163
vn -0.109271 0.253298 -0.961197
vn -0.147356 0.235130 -0.960729
vn -0.174674 0.217490 -0.960306
vn -0.194414 0.200444 -0.960222
vn -0.211913 0.180056 -0.960558
vn -0.230843 0.150497 -0.961281
vn -0.250916 0.107836 -0.961984
vn -0.268726 0.052472 -0.961786
vn -0.280268 -0.010625 -0.959863
vn -0.296855 -0.075982 -0.951895
vn -0.292386 -0.126513 -0.947895
vn -0.286026 -0.152041 -0.946083
vn -0.284001 -0.151381 -0.946798
vn -0.285975 -0.138328 -0.948200
vn -0.282789 -0.133640 -0.949827
vn -0.263743 -0.148536 -0.953088
vn -0.224420 -0.179680 -0.957784
vn -0.167529 -0.217054 -0.961676
vn -0.099913 -0.251631 -0.962652
vn -0.030586 -0.277971 -0.960102
vn 0.029405 -0.294442 -0.955217
vn 0.068287 -0.303370 -0.950423
vn 0.079723 -0.309870 -0.947431
vn 0.071793 -0.316967 -0.945716
vn 0.066141 -0.320448 -0.944954
vn 0.080838 -0.311230 -0.946890
vn 0.117225 -0.283093 -0.951902
vn 0.164834 -0.236617 -0.957519
vn 0.211919 -0.177537 -0.961026
vn 0.250580 -0.113744 -0.961391
vn 0.277191 -0.053680 -0.959314
vn 0.291754 -0.005299 -0.956479
vn 0.297298 0.026466 -0.954418
vn 0.298192 0.043542 -0.953512
vn 0.297005 0.055614 -0.953255
vn 0.292416 0.074390 -0.953393
vn 0.280744 0.105558 -0.953960
vn 0.259616 0.146309 -0.954564
vn 0.230386 0.188903 -0.954588
vn 0.197994 0.225527 -0.953906
vn 0.168726 0.251640 -0.953000
vn 0.146564 0.267371 -0.952382
vn 0.129798 0.276576 -0.952186
vn 0.111154 0.283568 -0.952488
vn 0.082644 0.289713 -0.953539
vn 0.041049 0.292929 -0.955253
vn -0.010592 0.290126 -0.956930
vn -0.065253 0.279909 -0.957806
vn -0.115222 0.263677 -0.957705
vn -0.154957 0.244893 -0.957087
vn -0.183183 0.226795 -0.956561
vn -0.203363 0.209485 -0.956431
vn -0.221335 0.188699 -0.956767
vn -0.241123 0.158101 -0.957530
vn -0.262396 0.113430 -0.958270
vn -0.281397 0.055145 -0.958006
vn -0.293696 -0.011260 -0.955833
vn -0.304276 -0.077257 -0.949446
vn -0.299307 -0.126826 -0.945690
vn -0.292619 -0.149327 -0.944497
vn -0.290575 -0.144815 -0.945830
vn -0.292223 -0.129399 -0.947556
vn -0.287743 -0.125025 -0.949512
vn -0.266522 -0.142014 -0.953309
vn -0.224624 -0.175652 -0.958484
vn -0.164979 -0.215283 -0.962515
vn -0.094246 -0.251833 -0.963171
vn -0.021169 -0.279908 -0.959793
vn 0.042944 -0.297826 -0.953654
vn 0.084873 -0.308025 -0.947585
vn 0.095829 -0.316266 -0.943818
vn 0.082697 -0.326288 -0.941646
vn 0.069845 -0.333358 -0.940210
vn 0.079700 -0.326704 -0.941760
vn 0.115009 -0.298901 -0.947328
vn 0.163847 -0.250601 -0.954124
vn 0.212618 -0.188467 -0.958788
vn 0.252423 -0.121391 -0.959972
vn 0.279452 -0.058440 -0.958379
vn 0.293918 -0.007827 -0.955798
vn 0.299161 0.025440 -0.953863
vn 0.299832 0.043265 -0.953011
vn 0.298673 0.055462 -0.952743
vn 0.294342 0.074118 -0.952822
vn 0.282928 0.105347 -0.953338
vn 0.261789 0.146512 -0.953940
vn 0.232153 0.189753 -0.953991
vn 0.199036 0.227035 -0.953331
vn 0.168940 0.253676 -0.952422
vn 0.146111 0.269789 -0.951770
vn 0.129028 0.279317 -0.951490
vn 0.110392 0.286700 -0.951639
vn 0.081928 0.293367 -0.952483
vn 0.040070 0.297154 -0.953988
vn -0.012282 0.294774 -0.955488
vn -0.067940 0.284674 -0.956214
vn -0.118853 0.268267 -0.955985
vn -0.159193 0.249208 -0.955276
vn -0.187642 0.230956 -0.954699
vn -0.207895 0.213663 -0.954530
vn -0.226127 0.192864 -0.954814
vn -0.246550 0.161879 -0.955515
vn -0.268732 0.116198 -0.956180
vn -0.288576 0.056342 -0.955798
vn -0.301287 -0.011709 -0.953462
vn -0.333451 -0.082668 -0.939136
vn -0.326894 -0.133425 -0.935595
vn -0.318720 -0.153329 -0.935365
vn -0.315777 -0.144484 -0.937768
vn -0.316370 -0.126524 -0.940161
vn -0.309719 -0.123271 -0.942803
vn -0.284941 -0.144172 -0.947641
vn -0.238166 -0.182835 -0.953860
vn -0.172337 -0.227481 -0.958411
vn -0.094093 -0.268445 -0.958688
vn -0.012400 -0.299992 -0.953861
vn 0.060492 -0.320317 -0.945377
vn 0.109154 -0.332313 -0.936832
vn 0.121489 -0.343070 -0.931420
vn 0.102578 -0.357561 -0.928239
vn 0.080590 -0.370114 -0.925484
vn 0.084881 -0.367087 -0.926306
vn 0.120849 -0.338810 -0.933061
vn 0.174270 -0.285661 -0.942352
vn 0.228155 -0.215774 -0.949414
vn 0.271549 -0.140132 -0.952168
vn 0.300193 -0.069444 -0.951347
vn 0.314822 -0.012745 -0.949065
vn 0.319593 0.024792 -0.947230
vn 0.319842 0.045288 -0.946388
vn 0.318643 0.059094 -0.946031
vn 0.314513 0.079156 -0.945947
vn 0.302999 0.112387 -0.946341
vn 0.280876 0.156325 -0.946927
vn 0.249181 0.202637 -0.947020
vn 0.213264 0.242648 -0.946383
vn 0.180240 0.271346 -0.945455
vn 0.154885 0.288936 -0.944736
vn 0.135889 0.299688 -0.944310
vn 0.115692 0.308360 -0.944208
vn 0.085370 0.316466 -0.944754
vn 0.040708 0.321565 -0.946012
vn -0.015533 0.319863 -0.947336
vn -0.075637 0.309438 -0.947907
vn -0.130691 0.291783 -0.947514
vn -0.174234 0.271030 -0.946671
vn -0.204904 0.251156 -0.946010
vn -0.226906 0.232449 -0.945770
vn -0.247089 0.210040 -0.945955
vn -0.270022 0.176522 -0.946535
vn -0.295028 0.126792 -0.947039
vn -0.317245 0.061416 -0.946353
vn -0.331023 -0.012599 -0.943539
vn -0.433856 -0.102405 -0.895144
vn -0.421584 -0.161751 -0.892246
vn -0.407750 -0.180427 -0.895090
vn -0.400846 -0.164842 -0.901194
vn -0.397983 -0.142205 -0.906304
vn -0.386394 -0.141351 -0.911438
vn -0.353643 -0.171576 -0.919510
vn -0.294466 -0.223776 -0.929093
vn -0.211004 -0.283080 -0.935598
vn -0.110418 -0.337078 -0.934979
vn -0.003789 -0.378119 -0.925749
vn 0.092948 -0.404006 -0.910022
vn 0.159394 -0.419581 -0.893614
vn 0.177906 -0.435921 -0.882226
vn 0.150660 -0.460665 -0.874694
vn 0.113170 -0.485080 -0.867116
vn 0.109714 -0.489074 -0.865315
vn 0.152299 -0.458210 -0.875699
vn 0.221885 -0.390949 -0.893267
vn 0.292813 -0.297763 -0.908624
vn 0.348063 -0.195406 -0.916880
vn 0.381966 -0.100249 -0.918723
vn 0.397064 -0.024504 -0.917464
vn 0.400294 0.026076 -0.916016
vn 0.399155 0.054791 -0.915245
vn 0.397561 0.074274 -0.914565
vn 0.393425 0.100290 -0.913870
vn 0.380638 0.141838 -0.913782
vn 0.354292 0.196520 -0.914252
vn 0.314988 0.254152 -0.914434
vn 0.269323 0.303850 -0.913860
vn 0.226500 0.339575 -0.912900
vn 0.192871 0.362011 -0.912002
vn 0.167324 0.376693 -0.911101
vn 0.141042 0.389496 -0.910165
vn 0.102999 0.402184 -0.909747
vn 0.047247 0.411371 -0.910243
vn -0.023557 0.411571 -0.911073
vn -0.099827 0.399622 -0.911228
vn -0.169865 0.377247 -0.910401
vn -0.225246 0.350148 -0.909209
vn -0.264532 0.323961 -0.908335
vn -0.293478 0.299440 -0.907858
vn -0.320936 0.270559 -0.907633
vn -0.352568 0.227738 -0.907651
vn -0.386974 0.163950 -0.907398
vn -0.416844 0.079679 -0.905479
vn -0.433752 -0.015116 -0.900906
vn -0.581553 -0.126356 -0.803635
vn -0.557026 -0.194060 -0.807504
vn -0.531230 -0.208748 -0.821108
vn -0.514685 -0.184902 -0.837204
vn -0.503728 -0.159333 -0.849041
vn -0.484651 -0.164993 -0.859005
vn -0.443125 -0.210080 -0.871497
vn -0.370220 -0.282873 -0.884828
vn -0.264647 -0.364804 -0.892682
vn -0.133216 -0.438533 -0.888787
vn 0.008974 -0.492002 -0.870548
vn 0.138965 -0.522067 -0.841507
vn 0.229572 -0.537903 -0.811146
vn 0.258038 -0.558428 -0.788400
vn 0.222693 -0.596341 -0.771223
vn 0.164901 -0.638283 -0.751933
vn 0.148612 -0.655643 -0.740302
vn 0.198457 -0.628887 -0.751742
vn 0.291794 -0.550281 -0.782334
vn 0.389810 -0.427776 -0.815510
vn 0.463137 -0.285819 -0.838934
vn 0.502656 -0.152558 -0.850919
vn 0.515009 -0.047149 -0.855887
vn 0.512906 0.023940 -0.858111
vn 0.507726 0.066423 -0.858954
vn 0.504699 0.096040 -0.857937
vn 0.500876 0.131734 -0.855435
vn 0.487631 0.185098 -0.853203
vn 0.457066 0.254197 -0.852335
vn 0.408329 0.326670 -0.852381
vn 0.349326 0.388720 -0.852566
vn 0.292206 0.433160 -0.852636
vn 0.245679 0.461795 -0.852284
vn 0.209252 0.482206 -0.850700
vn 0.173029 0.501829 -0.847484
vn 0.123670 0.522685 -0.843508
vn 0.052767 0.539873 -0.840091
vn -0.037768 0.544954 -0.837615
vn -0.136125 0.532164 -0.835626
vn -0.226647 0.503129 -0.833962
vn -0.298228 0.466031 -0.832992
vn -0.349785 0.429386 -0.832633
vn -0.389619 0.395120 -0.831912
vn -0.429351 0.356115 -0.829964
vn -0.475877 0.299976 -0.826774
vn -0.526174 0.216588 -0.822333
vn -0.568214 0.105874 -0.816042
vn -0.588305 -0.017398 -0.808452
vn -0.675044 -0.128100 -0.726572
vn -0.639061 -0.191880 -0.744837
vn -0.602084 -0.199735 -0.773046
vn -0.575700 -0.174245 -0.798880
vn -0.557184 -0.155409 -0.815717
vn -0.533548 -0.173073 -0.827872
vn -0.488987 -0.232719 -0.840674
vn -0.410675 -0.322140 -0.852978
vn -0.293042 -0.421168 -0.858338
vn -0.141777 -0.508019 -0.849598
vn 0.023835 -0.565971 -0.824081
vn 0.174203 -0.591586 -0.787197
vn 0.278667 -0.599127 -0.750594
vn 0.314728 -0.614641 -0.723300
vn 0.279028 -0.656605 -0.700724
vn 0.210136 -0.711612 -0.670411
vn 0.180325 -0.744971 -0.642262
vn 0.227129 -0.732926 -0.641273
vn 0.331664 -0.661695 -0.672427
vn 0.448066 -0.530921 -0.719277
vn 0.534666 -0.365925 -0.761729
vn 0.576633 -0.205483 -0.790741
vn 0.584100 -0.076961 -0.808025
vn 0.575445 0.011970 -0.817753
vn 0.565456 0.068681 -0.821914
vn 0.560523 0.109772 -0.820832
vn 0.557437 0.154294 -0.815755
vn 0.546043 0.214659 -0.809789
vn 0.515970 0.290105 -0.805986
vn 0.464316 0.368430 -0.805401
vn 0.398677 0.435218 -0.807244
vn 0.332346 0.483311 -0.809912
vn 0.275407 0.515523 -0.811410
vn 0.228519 0.540504 -0.809713
vn 0.182764 0.566109 -0.803814
vn 0.125013 0.594056 -0.794650
vn 0.045894 0.618281 -0.784616
vn -0.053753 0.628248 -0.776154
vn -0.161837 0.616135 -0.770835
vn -0.261371 0.583149 -0.769170
vn -0.340720 0.538912 -0.770379
vn -0.399878 0.493820 -0.772165
vn -0.448721 0.450992 -0.771528
vn -0.499631 0.403581 -0.766480
vn -0.558964 0.338394 -0.757000
vn -0.621438 0.243845 -0.744550
vn -0.670916 0.119917 -0.731772
vn -0.690152 -0.014804 -0.723513
vn -0.743268 -0.112266 -0.659507
vn -0.697045 -0.165917 -0.697567
vn -0.649215 -0.168857 -0.741625
vn -0.612924 -0.149675 -0.775836
vn -0.587508 -0.145515 -0.796027
vn -0.560895 -0.179370 -0.808222
vn -0.515915 -0.254282 -0.818029
vn -0.436008 -0.359059 -0.825211
vn -0.311039 -0.472802 -0.824447
vn -0.145415 -0.568985 -0.809389
vn 0.036773 -0.626110 -0.778867
vn 0.199637 -0.641855 -0.740383
vn 0.311784 -0.636375 -0.705562
vn 0.354703 -0.641188 -0.680488
vn 0.326104 -0.679683 -0.657029
vn 0.257309 -0.742792 -0.618104
vn 0.217478 -0.792446 -0.569854
vn 0.254614 -0.799017 -0.544742
vn 0.359416 -0.745042 -0.561900
vn 0.486446 -0.621706 -0.613883
vn 0.584538 -0.447498 -0.676802
vn 0.629787 -0.266811 -0.729507
vn 0.633083 -0.116738 -0.765231
vn 0.618005 -0.008608 -0.786127
vn 0.602747 0.065125 -0.795271
vn 0.594987 0.120541 -0.794645
vn 0.591890 0.175116 -0.786766
vn 0.582767 0.240797 -0.776144
vn 0.555485 0.318252 -0.768214
vn 0.504792 0.397249 -0.766406
vn 0.436590 0.464748 -0.770324
vn 0.363732 0.514461 -0.776549
vn 0.296921 0.549799 -0.780743
vn 0.238364 0.579498 -0.779336
vn 0.181430 0.610961 -0.770591
vn 0.114993 0.645217 -0.755296
vn 0.030253 0.675318 -0.736906
vn -0.072711 0.689489 -0.720637
vn -0.182981 0.678679 -0.711276
vn -0.284787 0.643544 -0.710456
vn -0.367924 0.593968 -0.715426
vn -0.433716 0.541088 -0.720496
vn -0.492413 0.489061 -0.719965
vn -0.555358 0.432242 -0.710454
vn -0.626773 0.358304 -0.691935
vn -0.698408 0.256220 -0.668264
vn -0.751060 0.127534 -0.647799
vn -0.766629 -0.006361 -0.642059
vn -0.804159 -0.080187 -0.588981
vn -0.748724 -0.121520 -0.651648
vn -0.690154 -0.124808 -0.712819
vn -0.644218 -0.120351 -0.755314
vn -0.612402 -0.137461 -0.778503
vn -0.583283 -0.191425 -0.789391
vn -0.538613 -0.283940 -0.793268
vn -0.458313 -0.405563 -0.790866
vn -0.327486 -0.534362 -0.779237
vn -0.149481 -0.637924 -0.755452
vn 0.045861 -0.690128 -0.722233
vn 0.216841 -0.691957 -0.688604
vn 0.333615 -0.670398 -0.662773
vn 0.383952 -0.660736 -0.644987
vn 0.368925 -0.689471 -0.623317
vn 0.311657 -0.754501 -0.577580
vn 0.268469 -0.818681 -0.507627
vn 0.291995 -0.844319 -0.449294
vn 0.386638 -0.811476 -0.438199
vn 0.515607 -0.707444 -0.483398
vn 0.624894 -0.538373 -0.565387
vn 0.678188 -0.343914 -0.649449
vn 0.680884 -0.170658 -0.712231
vn 0.660467 -0.038554 -0.749864
vn 0.639358 0.057196 -0.766779
vn 0.627214 0.131146 -0.767726
vn 0.622313 0.198510 -0.757179
vn 0.614492 0.269943 -0.741303
vn 0.590726 0.347504 -0.728206
vn 0.543287 0.424380 -0.724390
vn 0.475047 0.490793 -0.730378
vn 0.396860 0.542049 -0.740733
vn 0.319407 0.581533 -0.748197
vn 0.246791 0.617030 -0.747241
vn 0.175570 0.654735 -0.735185
vn 0.097997 0.694725 -0.712568
vn 0.007438 0.729454 -0.683989
vn -0.096053 0.746818 -0.658055
vn -0.203961 0.737568 -0.643734
vn -0.304365 0.701747 -0.644137
vn -0.390358 0.648138 -0.653863
vn -0.464480 0.587305 -0.662821
vn -0.535868 0.524130 -0.661917
vn -0.613012 0.454802 -0.646043
vn -0.696316 0.369473 -0.615332
vn -0.773798 0.260363 -0.577449
vn -0.825056 0.132869 -0.549207
vn -0.834851 0.009753 -0.550389
vn -0.853255 -0.030352 -0.520611
vn -0.791113 -0.059844 -0.608735
vn -0.724333 -0.071157 -0.685768
vn -0.671244 -0.089717 -0.735787
vn -0.634368 -0.133597 -0.761400
vn -0.602768 -0.211277 -0.769436
vn -0.557845 -0.324048 -0.764069
vn -0.476844 -0.463862 -0.746627
vn -0.341087 -0.606560 -0.718154
vn -0.154102 -0.713575 -0.683420
vn 0.048804 -0.756661 -0.651984
vn 0.222954 -0.742443 -0.631720
vn 0.342291 -0.703802 -0.622495
vn 0.401353 -0.677402 -0.616476
vn 0.405488 -0.690666 -0.598798
vn 0.370820 -0.749168 -0.548853
vn 0.334289 -0.822782 -0.459653
vn 0.342745 -0.865774 -0.364638
vn 0.415221 -0.853436 -0.315021
vn 0.531979 -0.775881 -0.339127
vn 0.647667 -0.629073 -0.429877
vn 0.715799 -0.434604 -0.546581
vn 0.726213 -0.240116 -0.644173
vn 0.704529 -0.079403 -0.705219
vn 0.677941 0.043834 -0.733808
vn 0.659563 0.140633 -0.738376
vn 0.650035 0.223499 -0.726294
vn 0.641214 0.301294 -0.705738
vn 0.620622 0.377344 -0.687343
vn 0.578358 0.449579 -0.680721
vn 0.512967 0.513516 -0.687871
vn 0.431387 0.566872 -0.701827
vn 0.343227 0.612120 -0.712393
vn 0.254615 0.654644 -0.711767
vn 0.166133 0.698445 -0.696114
vn 0.074823 0.742413 -0.665751
vn -0.021949 0.779067 -0.626556
vn -0.123177 0.797517 -0.590589
vn -0.224104 0.789820 -0.570930
vn -0.319617 0.755368 -0.572071
vn -0.408095 0.700099 -0.585935
vn -0.492852 0.632104 -0.597948
vn -0.579841 0.556148 -0.595385
vn -0.672295 0.470768 -0.571312
vn -0.764855 0.370837 -0.526760
vn -0.841994 0.255673 -0.475056
vn -0.886115 0.136904 -0.442783
vn -0.888995 0.035679 -0.456525
vn -0.886695 0.035547 -0.460986
vn -0.821556 0.014243 -0.569950
vn -0.752105 -0.013234 -0.658911
vn -0.696531 -0.061187 -0.714913
vn -0.656561 -0.135881 -0.741932
vn -0.621883 -0.240698 -0.745202
vn -0.574393 -0.376576 -0.726817
vn -0.490139 -0.534882 -0.688233
vn -0.349551 -0.687176 -0.636870
vn -0.159025 -0.791159 -0.590575
vn 0.043397 -0.822266 -0.567446
vn 0.215720 -0.793219 -0.569446
vn 0.337144 -0.738977 -0.583307
vn 0.407388 -0.695224 -0.592198
vn 0.435040 -0.688752 -0.579967
vn 0.431023 -0.731364 -0.528514
vn 0.412254 -0.805257 -0.426154
vn 0.408374 -0.862621 -0.298522
vn 0.448581 -0.869156 -0.208189
vn 0.537069 -0.819177 -0.201263
vn 0.648027 -0.706758 -0.283820
vn 0.735023 -0.530879 -0.421792
vn 0.765671 -0.323994 -0.555676
vn 0.751231 -0.132426 -0.646618
vn 0.721349 0.023649 -0.692168
vn 0.694902 0.147539 -0.703806
vn 0.677051 0.248329 -0.692774
vn 0.663619 0.333157 -0.669788
vn 0.644514 0.406773 -0.647408
vn 0.608397 0.472766 -0.637452
vn 0.548572 0.533573 -0.643715
vn 0.466184 0.590156 -0.659082
vn 0.368235 0.643193 -0.671346
vn 0.262552 0.693963 -0.670434
vn 0.154482 0.743026 -0.651189
vn 0.047304 0.787948 -0.613922
vn -0.055960 0.822542 -0.565945
vn -0.152663 0.839234 -0.521900
vn -0.243041 0.832837 -0.497306
vn -0.331171 0.801896 -0.497281
vn -0.422320 0.747950 -0.512071
vn -0.520065 0.674493 -0.524015
vn -0.624832 0.584715 -0.517391
vn -0.731702 0.479946 -0.484008
vn -0.828034 0.362875 -0.427412
vn -0.897198 0.244103 -0.368034
vn -0.929592 0.142264 -0.340030
vn -0.925477 0.072681 -0.371765
vn -0.902574 0.112034 -0.415703
vn -0.839230 0.092615 -0.535831
vn -0.775071 0.042944 -0.630413
vn -0.723121 -0.037755 -0.689688
vn -0.682430 -0.145998 -0.716222
vn -0.643314 -0.281291 -0.712055
vn -0.588759 -0.442624 -0.676348
vn -0.496013 -0.616830 -0.611140
vn -0.350139 -0.769644 -0.533901
vn -0.163790 -0.862353 -0.479082
vn 0.028192 -0.881673 -0.471018
vn 0.193950 -0.843118 -0.501533
vn 0.318563 -0.777499 -0.542230
vn 0.403625 -0.717559 -0.567623
vn 0.457961 -0.688946 -0.561805
vn 0.488113 -0.707277 -0.511375
vn 0.495472 -0.768911 -0.404082
vn 0.486637 -0.835498 -0.255200
vn 0.490379 -0.861748 -0.130076
vn 0.538003 -0.838172 -0.089561
vn 0.629837 -0.762431 -0.148336
vn 0.731251 -0.619872 -0.284659
vn 0.793572 -0.416677 -0.443424
vn 0.799675 -0.197942 -0.566868
vn 0.771871 -0.005163 -0.635758
vn 0.736243 0.149812 -0.659927
vn 0.705950 0.270566 -0.654544
vn 0.683346 0.363135 -0.633380
vn 0.662650 0.434470 -0.610026
vn 0.632141 0.494195 -0.596799
vn 0.579685 0.552263 -0.599142
vn 0.499307 0.613502 -0.611806
vn 0.393572 0.676311 -0.622659
vn 0.271000 0.736237 -0.620092
vn 0.142267 0.788975 -0.597728
vn 0.018276 0.830866 -0.556173
vn -0.091352 0.858878 -0.503968
vn -0.182453 0.870941 -0.456260
vn -0.260981 0.865350 -0.427853
vn -0.341037 0.839366 -0.423271
vn -0.435404 0.789312 -0.432909
vn -0.547553 0.712410 -0.438927
vn -0.670310 0.608521 -0.424720
vn -0.787894 0.482444 -0.382716
vn -0.880683 0.348351 -0.321014
vn -0.935936 0.230691 -0.266092
vn -0.955156 0.153041 -0.253485
vn -0.944040 0.120692 -0.306957
vn -0.901987 0.190765 -0.387336
vn -0.846266 0.166034 -0.506228
vn -0.795951 0.091899 -0.598346
vn -0.754115 -0.021929 -0.656376
vn -0.715252 -0.165587 -0.678966
vn -0.669344 -0.334403 -0.663440
vn -0.600746 -0.521374 -0.606030
vn -0.492224 -0.703667 -0.512414
vn -0.341352 -0.843838 -0.414025
vn -0.168208 -0.918328 -0.358302
vn 0.003400 -0.929416 -0.369018
vn 0.158247 -0.889731 -0.428178
vn 0.287985 -0.819663 -0.495194
vn 0.392170 -0.746771 -0.537155
vn 0.475328 -0.695537 -0.538787
vn 0.538790 -0.683733 -0.492153
vn 0.574598 -0.720259 -0.388670
vn 0.570425 -0.787038 -0.234918
vn 0.542456 -0.835564 -0.087030
vn 0.543794 -0.839079 -0.015334
vn 0.604595 -0.795467 -0.041196
vn 0.707991 -0.689730 -0.151727
vn 0.803971 -0.507298 -0.310289
vn 0.845296 -0.273789 -0.458819
vn 0.829680 -0.044641 -0.556452
vn 0.786002 0.144665 -0.601060
vn 0.739656 0.287247 -0.608603
vn 0.703041 0.388533 -0.595631
vn 0.676503 0.459089 -0.575830
vn 0.649186 0.514496 -0.560225
vn 0.604226 0.571471 -0.555277
vn 0.528158 0.638734 -0.559524
vn 0.417465 0.712539 -0.563925
vn 0.279791 0.781708 -0.557360
vn 0.131241 0.835866 -0.533015
vn -0.008724 0.870633 -0.491856
vn -0.124128 0.888196 -0.442380
vn -0.210299 0.893389 -0.397027
vn -0.278754 0.887762 -0.366300
vn -0.352374 0.866783 -0.352874
vn -0.450596 0.821558 -0.349293
vn -0.576412 0.742440 -0.341368
vn -0.713930 0.625025 -0.315671
vn -0.835700 0.478943 -0.268735
vn -0.918532 0.332498 -0.213877
vn -0.958399 0.222672 -0.178576
vn -0.965828 0.173842 -0.192238
vn -0.946645 0.178047 -0.268631
vn -0.889202 0.262864 -0.374462
vn -0.847399 0.226864 -0.480050
vn -0.817993 0.129398 -0.560486
vn -0.792092 -0.015972 -0.610193
vn -0.757321 -0.196348 -0.622826
vn -0.700749 -0.400394 -0.590453
vn -0.609011 -0.608350 -0.508936
vn -0.478131 -0.785124 -0.393663
vn -0.325000 -0.900477 -0.288991
vn -0.172842 -0.954648 -0.242433
vn -0.028616 -0.962334 -0.270358
vn 0.111759 -0.929873 -0.350495
vn 0.248084 -0.864142 -0.437849
vn 0.375188 -0.783882 -0.494735
vn 0.488238 -0.711485 -0.505384
vn 0.581154 -0.666903 -0.466370
vn 0.641477 -0.669147 -0.375167
vn 0.649104 -0.723824 -0.233971
vn 0.602926 -0.793820 -0.079557
vn 0.561418 -0.827317 0.018870
vn 0.585005 -0.810473 0.030039
vn 0.676429 -0.735505 -0.038411
vn 0.795099 -0.582839 -0.167682
vn 0.879122 -0.353282 -0.319902
vn 0.890160 -0.096125 -0.445393
vn 0.844515 0.128461 -0.519897
vn 0.780827 0.294934 -0.550748
vn 0.726073 0.406792 -0.554380
vn 0.688759 0.479587 -0.543698
vn 0.660311 0.534554 -0.527486
vn 0.620752 0.593323 -0.512479
vn 0.549830 0.667561 -0.502044
vn 0.437163 0.751945 -0.493424
vn 0.287972 0.828909 -0.479565
vn 0.123046 0.881885 -0.455125
vn -0.030015 0.906661 -0.420790
vn -0.150413 0.911786 -0.382128
vn -0.234287 0.908803 -0.345233
vn -0.297551 0.901738 -0.313578
vn -0.368739 0.884063 -0.287167
vn -0.471292 0.842080 -0.262269
vn -0.606839 0.760114 -0.232319
vn -0.751468 0.631018 -0.192648
vn -0.869512 0.471299 -0.147738
vn -0.939834 0.322195 -0.113588
vn -0.967322 0.227652 -0.111640
vn -0.964902 0.208485 -0.159679
vn -0.935793 0.241260 -0.257072
vn -0.870682 0.321518 -0.372209
vn -0.848403 0.270565 -0.454979
vn -0.844201 0.152397 -0.513906
vn -0.838186 -0.022252 -0.544930
vn -0.808186 -0.239609 -0.537980
vn -0.734809 -0.476616 -0.482590
vn -0.611118 -0.693738 -0.381133
vn -0.456562 -0.850022 -0.262704
vn -0.306433 -0.936111 -0.172611
vn -0.178917 -0.973304 -0.143767
vn -0.063808 -0.981018 -0.183120
vn 0.060327 -0.960788 -0.270641
vn 0.202987 -0.907888 -0.366792
vn 0.354543 -0.827931 -0.434546
vn 0.497092 -0.738024 -0.456312
vn 0.614308 -0.661314 -0.430454
vn 0.691920 -0.625930 -0.359804
vn 0.712870 -0.656874 -0.245626
vn 0.665469 -0.739326 -0.102698
vn 0.593969 -0.804331 0.015896
vn 0.580413 -0.811622 0.066259
vn 0.649516 -0.758859 0.047551
vn 0.772457 -0.634271 -0.031798
vn 0.891168 -0.425089 -0.158489
vn 0.941380 -0.158066 -0.298024
vn 0.907463 0.097086 -0.408760
vn 0.830705 0.289671 -0.475415
vn 0.755917 0.415699 -0.505750
vn 0.702949 0.495430 -0.510305
vn 0.667513 0.555301 -0.496052
vn 0.628838 0.619618 -0.469719
vn 0.561622 0.701076 -0.439401
vn 0.449212 0.793222 -0.411105
vn 0.293794 0.874308 -0.386356
vn 0.118913 0.923725 -0.364132
vn -0.042484 0.938231 -0.343392
vn -0.167315 0.931571 -0.322771
vn -0.253238 0.920048 -0.298967
vn -0.318531 0.909439 -0.267317
vn -0.393052 0.891558 -0.225022
vn -0.499951 0.848563 -0.173179
vn -0.637884 0.761275 -0.116467
vn -0.778373 0.624529 -0.064020
vn -0.885852 0.463028 -0.029513
vn -0.945538 0.324387 -0.027026
vn -0.965413 0.251855 -0.067434
vn -0.953698 0.258578 -0.153618
vn -0.914234 0.305185 -0.266530
vn -0.853399 0.363394 -0.373704
vn -0.854490 0.295408 -0.427294
vn -0.876502 0.158484 -0.454562
vn -0.890418 -0.043345 -0.453075
vn -0.861440 -0.294682 -0.413623
vn -0.763142 -0.554190 -0.332396
vn -0.604919 -0.763329 -0.226720
vn -0.433865 -0.891391 -0.131081
vn -0.292205 -0.953506 -0.073779
vn -0.187693 -0.979916 -0.067354
vn -0.097648 -0.988984 -0.111241
vn 0.011420 -0.981480 -0.191222
vn 0.158159 -0.946576 -0.281032
vn 0.331645 -0.875126 -0.352372
vn 0.500999 -0.774054 -0.387091
vn 0.637432 -0.669410 -0.381537
vn 0.725563 -0.598486 -0.339666
vn 0.756994 -0.598601 -0.261986
vn 0.721236 -0.677097 -0.146148
vn 0.639937 -0.768221 -0.017798
vn 0.596006 -0.799720 0.072281
vn 0.637090 -0.763487 0.105848
vn 0.746578 -0.659963 0.084089
vn 0.878339 -0.478010 0.005101
vn 0.966862 -0.223738 -0.122959
vn 0.963308 0.047737 -0.264118
vn 0.887154 0.267120 -0.376303
vn 0.795123 0.413250 -0.443851
vn 0.722827 0.506530 -0.470051
vn 0.673748 0.577478 -0.461068
vn 0.629228 0.651230 -0.424231
vn 0.561661 0.739168 -0.371710
vn 0.450343 0.833732 -0.319503
vn 0.295163 0.913057 -0.281434
vn 0.119322 0.957316 -0.263263
vn -0.044326 0.964388 -0.260753
vn -0.173474 0.949251 -0.262353
vn -0.266876 0.929733 -0.253719
vn -0.342432 0.912839 -0.222409
vn -0.426572 0.889555 -0.163490
vn -0.536971 0.839417 -0.083910
vn -0.667821 0.744319 -0.002220
vn -0.792533 0.607127 0.057342
vn -0.885272 0.459001 0.074914
vn -0.937886 0.344517 0.040954
vn -0.953296 0.298689 -0.044851
vn -0.931789 0.322206 -0.167191
vn -0.885976 0.364192 -0.287071
vn -0.843367 0.388337 -0.371384
vn -0.869361 0.301236 -0.391750
vn -0.914666 0.145329 -0.377181
vn -0.941241 -0.081260 -0.327814
vn -0.901849 -0.355915 -0.244934
vn -0.773216 -0.617190 -0.145652
vn -0.591037 -0.804393 -0.060230
vn -0.417313 -0.908721 -0.008677
vn -0.287393 -0.957792 0.006352
vn -0.199885 -0.979762 -0.010611
vn -0.126321 -0.990550 -0.053421
vn -0.027942 -0.993069 -0.114167
vn 0.119579 -0.975799 -0.183077
vn 0.307629 -0.918628 -0.247965
vn 0.497645 -0.815470 -0.295563
vn 0.648983 -0.691370 -0.317536
vn 0.743816 -0.591068 -0.312052
vn 0.782325 -0.558546 -0.275671
vn 0.763328 -0.615554 -0.196020
vn 0.693296 -0.717084 -0.071629
vn 0.633040 -0.772210 0.054332
vn 0.644791 -0.751449 0.139892
vn 0.727824 -0.663345 0.173914
vn 0.848714 -0.507551 0.148582
vn 0.957585 -0.282880 0.054867
vn 0.995395 -0.017543 -0.094237
vn 0.942302 0.223704 -0.249044
vn 0.843704 0.397275 -0.361021
vn 0.751451 0.512779 -0.415186
vn 0.682355 0.601333 -0.415681
vn 0.623751 0.687633 -0.371611
vn 0.549587 0.780091 -0.299019
vn 0.438860 0.870238 -0.223801
vn 0.290580 0.941109 -0.172853
vn 0.123714 0.979498 -0.158994
vn -0.035665 0.983984 -0.174655
vn -0.169286 0.965503 -0.197852
vn -0.275779 0.939457 -0.203387
vn -0.369268 0.913213 -0.172288
vn -0.468131 0.878108 -0.098893
vn -0.580013 0.814603 0.002866
vn -0.694991 0.711953 0.100549
vn -0.795778 0.584336 0.159023
vn -0.871708 0.464231 0.156889
vn -0.918594 0.385359 0.087659
vn -0.929273 0.367181 -0.040365
vn -0.899412 0.393585 -0.190131
vn -0.856771 0.414033 -0.307442
vn -0.844851 0.397997 -0.357526
vn -0.894591 0.288221 -0.341520
vn -0.954733 0.110767 -0.276071
vn -0.976359 -0.135215 -0.168643
vn -0.910201 -0.411686 -0.045263
vn -0.757579 -0.650661 0.052098
vn -0.573880 -0.812958 0.098795
vn -0.411999 -0.905710 0.099725
vn -0.294372 -0.952939 0.072469
vn -0.215452 -0.975922 0.034025
vn -0.147413 -0.989066 -0.004258
vn -0.053152 -0.997789 -0.039892
vn 0.092192 -0.992626 -0.078710
vn 0.283777 -0.950385 -0.127433
vn 0.484165 -0.855338 -0.184342
vn 0.646522 -0.724882 -0.237815
vn 0.747925 -0.604580 -0.274028
vn 0.792648 -0.541425 -0.280300
vn 0.790369 -0.564238 -0.238647
vn 0.745713 -0.653298 -0.130821
vn 0.688324 -0.725127 0.020047
vn 0.674532 -0.722020 0.153928
vn 0.723169 -0.648548 0.237510
vn 0.816033 -0.516597 0.259263
vn 0.921570 -0.328038 0.207607
vn 0.992884 -0.089804 0.078204
vn 0.982450 0.159586 -0.096564
vn 0.896794 0.365358 -0.249549
vn 0.789709 0.513139 -0.336226
vn 0.696093 0.626009 -0.351521
vn 0.614982 0.726603 -0.306343
vn 0.527119 0.820494 -0.221212
vn 0.415832 0.900047 -0.130380
vn 0.279985 0.957411 -0.070512
vn 0.130458 0.989680 -0.059280
vn -0.018867 0.995992 -0.087434
vn -0.156914 0.979531 -0.126085
vn -0.281116 0.949157 -0.141689
vn -0.398033 0.910679 -0.110600
vn -0.513905 0.857380 -0.028311
vn -0.624334 0.776643 0.083858
vn -0.718394 0.670860 0.183999
vn -0.792412 0.563502 0.233555
vn -0.849891 0.482507 0.211833
vn -0.887979 0.445981 0.112223
vn -0.891389 0.450658 -0.048301
vn -0.859945 0.464734 -0.210990
vn -0.833031 0.452995 -0.317577
vn -0.873721 0.400696 -0.275779
vn -0.941513 0.259984 -0.214387
vn -0.994778 0.054897 -0.086036
vn -0.977090 -0.198233 0.077451
vn -0.868956 -0.445186 0.216160
vn -0.710629 -0.641838 0.288185
vn -0.550292 -0.781874 0.293004
vn -0.413812 -0.874954 0.251424
vn -0.309780 -0.931596 0.190172
vn -0.232187 -0.963221 0.135257
vn -0.159485 -0.981809 0.103035
vn -0.062780 -0.993789 0.091879
vn 0.077977 -0.993445 0.083592
vn 0.261269 -0.963696 0.055035
vn 0.459960 -0.887915 -0.006587
vn 0.631478 -0.769884 -0.092277
vn 0.745366 -0.643296 -0.174924
vn 0.801270 -0.554184 -0.225491
vn 0.815152 -0.536275 -0.218944
vn 0.796824 -0.589558 -0.132256
vn 0.753546 -0.656810 0.027739
vn 0.718327 -0.667128 0.197348
vn 0.725672 -0.609540 0.319156
vn 0.778318 -0.501998 0.377120
vn 0.861143 -0.351705 0.367064
vn 0.946676 -0.154927 0.282491
vn 0.988099 0.081458 0.130483
vn 0.947412 0.317550 -0.039662
vn 0.844696 0.510940 -0.159467
vn 0.726518 0.658111 -0.197639
vn 0.613261 0.773379 -0.160609
vn 0.501672 0.861808 -0.074914
vn 0.385574 0.922496 0.018274
vn 0.264077 0.961255 0.079073
vn 0.136754 0.986565 0.089379
vn 0.001742 0.998329 0.057763
vn -0.140150 0.990038 0.013494
vn -0.284726 0.958585 -0.006822
vn -0.426465 0.904228 0.022354
vn -0.555644 0.825143 0.101974
vn -0.658147 0.724523 0.204717
vn -0.728143 0.621615 0.288794
vn -0.775480 0.543621 0.321101
vn -0.813092 0.509110 0.282290
vn -0.840097 0.517164 0.163644
vn -0.842583 0.538457 -0.010833
vn -0.828125 0.533739 -0.171266
vn -0.832053 0.488511 -0.262764
vn -0.910622 0.388001 -0.142207
vn -0.977588 0.208366 -0.030090
vn -0.988945 -0.019397 0.147006
vn -0.912364 -0.252241 0.322439
vn -0.781219 -0.446768 0.435998
vn -0.644324 -0.598540 0.476021
vn -0.522636 -0.720344 0.456022
vn -0.418286 -0.818073 0.394707
vn -0.328275 -0.889635 0.317467
vn -0.246679 -0.934899 0.255172
vn -0.161726 -0.959942 0.228812
vn -0.058072 -0.970252 0.235028
vn 0.074909 -0.965658 0.248784
vn 0.237437 -0.941564 0.238917
vn 0.417746 -0.889814 0.183629
vn 0.589994 -0.803192 0.082397
vn 0.721897 -0.691025 -0.036732
vn 0.799330 -0.586857 -0.129118
vn 0.834331 -0.528433 -0.157002
vn 0.841283 -0.532120 -0.095343
vn 0.818019 -0.572359 0.057019
vn 0.770846 -0.588884 0.242925
vn 0.738615 -0.552031 0.386922
vn 0.748522 -0.472332 0.465422
vn 0.798930 -0.357638 0.483536
vn 0.873200 -0.201863 0.443591
vn 0.938479 0.003933 0.345313
vn 0.946624 0.246785 0.207364
vn 0.872800 0.481115 0.082156
vn 0.744319 0.667503 0.020695
vn 0.601558 0.798112 0.033836
vn 0.466640 0.879021 0.097824
vn 0.347432 0.921559 0.173265
vn 0.241904 0.943884 0.224867
vn 0.138186 0.961809 0.236281
vn 0.020216 0.976894 0.212766
vn -0.121615 0.976630 0.177209
vn -0.282559 0.945744 0.160400
vn -0.443971 0.876973 0.183871
vn -0.580690 0.776230 0.245494
vn -0.674371 0.665276 0.320361
vn -0.725910 0.575436 0.376733
vn -0.751773 0.532549 0.388882
vn -0.768306 0.544578 0.336365
vn -0.779990 0.589470 0.210097
vn -0.786105 0.616654 0.042149
vn -0.800635 0.591005 -0.098468
vn -0.842202 0.513401 -0.164665
vn -0.935385 0.353500 -0.009649
vn -0.981180 0.136315 0.136761
vn -0.942529 -0.097307 0.319640
vn -0.833198 -0.295842 0.467181
vn -0.708622 -0.444909 0.547640
vn -0.601194 -0.563130 0.566966
vn -0.513332 -0.669001 0.537521
vn -0.434430 -0.767086 0.472070
vn -0.352604 -0.849468 0.392524
vn -0.261243 -0.906973 0.330381
vn -0.158749 -0.937996 0.308158
vn -0.044814 -0.945686 0.321977
vn 0.080824 -0.935006 0.345299
vn 0.219236 -0.912080 0.346475
vn 0.371499 -0.877796 0.302429
vn 0.530759 -0.822190 0.205666
vn 0.674413 -0.734551 0.074849
vn 0.778081 -0.626681 -0.043147
vn 0.840039 -0.533287 -0.099696
vn 0.872381 -0.484339 -0.066084
vn 0.873054 -0.483507 0.063232
vn 0.831158 -0.498428 0.246466
vn 0.773883 -0.488429 0.403165
vn 0.747963 -0.442004 0.495161
vn 0.767655 -0.359740 0.530371
vn 0.821078 -0.235479 0.519981
vn 0.882104 -0.058140 0.467454
vn 0.909319 0.172740 0.378551
vn 0.861580 0.424783 0.277921
vn 0.738103 0.642388 0.206257
vn 0.580917 0.791943 0.188048
vn 0.432655 0.875444 0.215422
vn 0.313540 0.912791 0.261736
vn 0.221010 0.928037 0.299837
vn 0.135459 0.939630 0.314239
vn 0.031225 0.951624 0.305673
vn -0.108488 0.951329 0.288451
vn -0.279006 0.917940 0.282030
vn -0.452749 0.840008 0.299006
vn -0.594840 0.729999 0.336552
vn -0.685610 0.621508 0.379034
vn -0.728236 0.551624 0.406674
vn -0.738230 0.544447 0.398239
vn -0.731373 0.595805 0.331828
vn -0.722815 0.659807 0.205411
vn -0.732708 0.677731 0.061797
vn -0.776486 0.628755 -0.041658
vn -0.851602 0.519402 -0.070686
vn -0.942804 0.301002 0.143242
vn -0.952749 0.057093 0.298346
vn -0.876009 -0.165694 0.452938
vn -0.760355 -0.329054 0.559985
vn -0.654834 -0.442856 0.612431
vn -0.575285 -0.534371 0.619270
vn -0.514344 -0.623938 0.588346
vn -0.454014 -0.717491 0.528278
vn -0.376012 -0.806099 0.456968
vn -0.273176 -0.874193 0.401450
vn -0.152860 -0.911681 0.381407
vn -0.028592 -0.918809 0.393665
vn 0.090556 -0.905088 0.415470
vn 0.206158 -0.883941 0.419699
vn 0.328609 -0.862067 0.385820
vn 0.466582 -0.830641 0.303871
vn 0.612788 -0.768885 0.182503
vn 0.742344 -0.667444 0.058689
vn 0.835724 -0.548878 -0.017271
vn 0.892218 -0.451453 -0.011670
vn 0.911675 -0.402220 0.084072
vn 0.883027 -0.400869 0.244065
vn 0.817529 -0.413867 0.400451
vn 0.764761 -0.403767 0.502108
vn 0.756022 -0.353500 0.550880
vn 0.785877 -0.255367 0.563192
vn 0.830875 -0.101805 0.547068
vn 0.856545 0.109399 0.504343
vn 0.823415 0.357540 0.440627
vn 0.714568 0.590882 0.374500
vn 0.559460 0.760206 0.330290
vn 0.407453 0.855870 0.318542
vn 0.288428 0.898280 0.331516
vn 0.202551 0.913358 0.353199
vn 0.127231 0.920234 0.370111
vn 0.031616 0.925238 0.378068
vn -0.104600 0.918440 0.381481
vn -0.276517 0.879740 0.386776
vn -0.453087 0.798337 0.396699
vn -0.596611 0.690358 0.409219
vn -0.687140 0.593509 0.419029
vn -0.725971 0.546992 0.416852
vn -0.723215 0.572934 0.385625
vn -0.693839 0.651539 0.306732
vn -0.670319 0.716903 0.191631
vn -0.690391 0.718230 0.086630
vn -0.761562 0.647350 0.030988
vn -0.860698 0.506961 0.046797
vn -0.923274 0.235439 0.303534
vn -0.897843 -0.016029 0.440024
vn -0.805560 -0.217934 0.550978
vn -0.700840 -0.352609 0.620072
vn -0.617665 -0.440875 0.651245
vn -0.561674 -0.511071 0.650637
vn -0.520344 -0.584611 0.622473
vn -0.471445 -0.670085 0.573346
vn -0.393769 -0.760015 0.517033
vn -0.280869 -0.835349 0.472552
vn -0.146586 -0.879167 0.453406
vn -0.014530 -0.888871 0.457927
vn 0.099209 -0.876647 0.470794
vn 0.195907 -0.859402 0.472281
vn 0.291664 -0.846189 0.445978
vn 0.405918 -0.829983 0.382569
vn 0.545693 -0.788164 0.284633
vn 0.693758 -0.698741 0.174532
vn 0.818166 -0.567593 0.091887
vn 0.898694 -0.432671 0.071732
vn 0.932399 -0.338020 0.127966
vn 0.917783 -0.309180 0.249163
vn 0.858836 -0.331973 0.390121
vn 0.791897 -0.354847 0.496974
vn 0.758741 -0.335859 0.558131
vn 0.764618 -0.260925 0.589303
vn 0.788994 -0.127487 0.601028
vn 0.802205 0.062105 0.593810
vn 0.772295 0.292130 0.564110
vn 0.679882 0.523252 0.513778
vn 0.539525 0.706932 0.457341
vn 0.392785 0.820823 0.414693
vn 0.273453 0.876374 0.396474
vn 0.187049 0.896990 0.400528
vn 0.113046 0.901439 0.417885
vn 0.020393 0.897829 0.439872
vn -0.111100 0.880629 0.460597
vn -0.276295 0.835558 0.474873
vn -0.446211 0.756498 0.478127
vn -0.586444 0.660163 0.469328
vn -0.677000 0.582165 0.450284
vn -0.714148 0.560712 0.419040
vn -0.700923 0.613365 0.363991
vn -0.655068 0.702847 0.277293
vn -0.628113 0.755810 0.185001
vn -0.663099 0.737719 0.126769
vn -0.754315 0.644700 0.123983
vn -0.861125 0.473312 0.185579
vn -0.878108 0.166258 0.448647
vn -0.831069 -0.074235 0.551192
vn -0.742224 -0.253210 0.620475
vn -0.655817 -0.367316 0.659532
vn -0.593707 -0.438131 0.674946
vn -0.556049 -0.491993 0.669890
vn -0.527205 -0.551229 0.646685
vn -0.483211 -0.627107 0.610936
vn -0.403530 -0.714061 0.572085
vn -0.284005 -0.792189 0.540164
vn -0.142095 -0.841283 0.521586
vn -0.006347 -0.856458 0.516178
vn 0.103057 -0.849812 0.516912
vn 0.186063 -0.838348 0.512400
vn 0.261173 -0.831005 0.491140
vn 0.354244 -0.821991 0.445917
vn 0.482074 -0.791026 0.376673
vn 0.636891 -0.713034 0.293176
vn 0.784399 -0.580871 0.217500
vn 0.887976 -0.424121 0.177819
vn 0.935671 -0.294767 0.193990
vn 0.933998 -0.235104 0.269023
vn 0.889620 -0.251120 0.381464
vn 0.822105 -0.295273 0.486782
vn 0.771148 -0.304312 0.559217
vn 0.754302 -0.251278 0.606538
vn 0.757151 -0.136580 0.638803
vn 0.754383 0.031151 0.655695
vn 0.721613 0.236636 0.650599
vn 0.643052 0.452209 0.618055
vn 0.522857 0.640109 0.562922
vn 0.387789 0.771996 0.503628
vn 0.268169 0.845445 0.461852
vn 0.174872 0.876077 0.449342
vn 0.093796 0.880790 0.464124
vn -0.001116 0.869115 0.494608
vn -0.126878 0.841008 0.525935
vn -0.278914 0.790908 0.544676
vn -0.434384 0.719040 0.542487
vn -0.565926 0.640972 0.518539
vn -0.654121 0.586970 0.477066
vn -0.689170 0.590519 0.419919
vn -0.668556 0.659673 0.343315
vn -0.617790 0.743325 0.256521
vn -0.600041 0.775852 0.194948
vn -0.650672 0.736407 0.185284
vn -0.750189 0.618749 0.233165
vn -0.845694 0.419169 0.330302
vn -0.819163 0.102848 0.564265
vn -0.765974 -0.115470 0.632417
vn -0.690410 -0.273528 0.669714
vn -0.623445 -0.373566 0.686851
vn -0.579119 -0.433211 0.690615
vn -0.554305 -0.475686 0.682985
vn -0.531532 -0.523682 0.665756
vn -0.487466 -0.590192 0.643468
vn -0.404995 -0.671080 0.620991
vn -0.283246 -0.747676 0.600627
vn -0.140675 -0.800189 0.583016
vn -0.005857 -0.822389 0.568895
vn 0.099890 -0.823850 0.557937
vn 0.174597 -0.819069 0.546481
vn 0.236426 -0.815412 0.528400
vn 0.313782 -0.807792 0.499012
vn 0.428196 -0.779646 0.456947
vn 0.578669 -0.708857 0.403317
vn 0.735944 -0.583062 0.344129
vn 0.857845 -0.420869 0.294908
vn 0.921713 -0.271342 0.277161
vn 0.933703 -0.184209 0.307027
vn 0.905713 -0.180400 0.383589
vn 0.847656 -0.228250 0.478938
vn 0.787624 -0.257606 0.559720
vn 0.751228 -0.225557 0.620307
vn 0.733772 -0.130387 0.666767
vn 0.715622 0.014709 0.698333
vn 0.678545 0.193559 0.708599
vn 0.610721 0.386642 0.691034
vn 0.510365 0.568509 0.645232
vn 0.389837 0.712542 0.583362
vn 0.270491 0.804434 0.528887
vn 0.166042 0.848027 0.503269
vn 0.071547 0.855791 0.512350
vn -0.029629 0.838397 0.544254
vn -0.149127 0.801904 0.578543
vn -0.284012 0.749929 0.597448
vn -0.419497 0.688722 0.591341
vn -0.536567 0.632530 0.558571
vn -0.617701 0.605271 0.502087
vn -0.648821 0.631274 0.424881
vn -0.626461 0.704531 0.333440
vn -0.585272 0.769606 0.255272
vn -0.586241 0.777588 0.227330
vn -0.649378 0.713854 0.262148
vn -0.743736 0.569674 0.349755
vn -0.813951 0.351110 0.462822
vn -0.759161 0.050138 0.648969
vn -0.709689 -0.141894 0.690078
vn -0.650183 -0.281552 0.705684
vn -0.600803 -0.371637 0.707758
vn -0.570192 -0.424820 0.703142
vn -0.552853 -0.460805 0.694271
vn -0.530913 -0.501426 0.683157
vn -0.483790 -0.559865 0.672680
vn -0.399266 -0.632919 0.663325
vn -0.279746 -0.704666 0.652064
vn -0.142647 -0.758316 0.636088
vn -0.013072 -0.787342 0.616378
vn 0.089121 -0.797546 0.596638
vn 0.160272 -0.799262 0.579217
vn 0.216182 -0.797508 0.563246
vn 0.284218 -0.787758 0.546496
vn 0.386428 -0.757386 0.526345
vn 0.525252 -0.689736 0.498371
vn 0.679026 -0.573502 0.458278
vn 0.810440 -0.418691 0.409737
vn 0.890888 -0.263524 0.369963
vn 0.918727 -0.156026 0.362763
vn 0.906485 -0.125861 0.403044
vn 0.862151 -0.159758 0.480804
vn 0.801684 -0.197077 0.564326
vn 0.751023 -0.183791 0.634181
vn 0.716238 -0.110089 0.689118
vn 0.685322 0.010659 0.728162
vn 0.644896 0.162292 0.746840
vn 0.585532 0.330411 0.740257
vn 0.501945 0.498976 0.706452
vn 0.395646 0.646941 0.651868
vn 0.277310 0.753847 0.595662
vn 0.160211 0.811340 0.562192
vn 0.049076 0.824748 0.563366
vn -0.060714 0.805182 0.589912
vn -0.174173 0.764636 0.620481
vn -0.290390 0.714612 0.636399
vn -0.402509 0.666252 0.627770
vn -0.499583 0.633017 0.591360
vn -0.567840 0.632241 0.527095
vn -0.593522 0.675069 0.438193
vn -0.577811 0.740889 0.342371
vn -0.559100 0.780284 0.280293
vn -0.583231 0.760923 0.284321
vn -0.652916 0.669727 0.353789
vn -0.730834 0.501716 0.462778
vn -0.771841 0.278731 0.571464
vn -0.705439 0.008735 0.708716
vn -0.663856 -0.156833 0.731231
vn -0.619523 -0.279780 0.733426
vn -0.584685 -0.362055 0.725989
vn -0.563556 -0.412197 0.715890
vn -0.548882 -0.446220 0.706835
vn -0.524040 -0.483412 0.701210
vn -0.472778 -0.535513 0.699791
vn -0.388020 -0.600103 0.699511
vn -0.274611 -0.664971 0.694552
vn -0.147543 -0.717490 0.680764
vn -0.026632 -0.751681 0.658989
vn 0.071643 -0.769578 0.634522
vn 0.142820 -0.776703 0.613461
vn 0.199067 -0.775420 0.599247
vn 0.263620 -0.761854 0.591678
vn 0.355959 -0.727242 0.586866
vn 0.479842 -0.660831 0.577109
vn 0.620961 -0.555119 0.553399
vn 0.751850 -0.415047 0.512306
vn 0.845019 -0.265704 0.464052
vn 0.889687 -0.146247 0.432514
vn 0.892565 -0.089111 0.442026
vn 0.861893 -0.096536 0.497817
vn 0.807006 -0.127437 0.576629
vn 0.748840 -0.127945 0.650284
vn 0.701439 -0.077205 0.708535
vn 0.661451 0.017122 0.749793
vn 0.619566 0.141253 0.772131
vn 0.567222 0.284172 0.772985
vn 0.496659 0.435618 0.750711
vn 0.402222 0.580141 0.708275
vn 0.285375 0.696200 0.658685
vn 0.156743 0.766271 0.623106
vn 0.029151 0.787309 0.615869
vn -0.089849 0.769523 0.632266
vn -0.198220 0.729654 0.654457
vn -0.296267 0.685093 0.665487
vn -0.383485 0.650677 0.655408
vn -0.456133 0.639341 0.619019
vn -0.506477 0.661311 0.553307
vn -0.527139 0.712800 0.462645
vn -0.526863 0.763141 0.374207
vn -0.538178 0.774203 0.333129
vn -0.584772 0.725144 0.363603
vn -0.654081 0.605880 0.452866
vn -0.710169 0.422818 0.562925
vn -0.726725 0.209983 0.654048
vn -0.660032 -0.022803 0.750892
vn -0.627139 -0.163282 0.761601
vn -0.595630 -0.270425 0.756370
vn -0.571934 -0.345809 0.743846
vn -0.556327 -0.395270 0.730933
vn -0.540519 -0.431023 0.722536
vn -0.510644 -0.468145 0.721167
vn -0.455616 -0.515655 0.725613
vn -0.372907 -0.572008 0.730580
vn -0.268571 -0.629092 0.729461
vn -0.154377 -0.678555 0.718144
vn -0.044357 -0.715460 0.697245
vn 0.049467 -0.738832 0.672071
vn 0.122871 -0.749691 0.650281
vn 0.183816 -0.747805 0.637965
vn 0.249249 -0.730073 0.636293
vn 0.334160 -0.691417 0.640530
vn 0.442651 -0.626423 0.641603
vn 0.566735 -0.531501 0.629538
vn 0.689053 -0.408871 0.598356
vn 0.787882 -0.272289 0.552359
vn 0.847106 -0.148776 0.510173
vn 0.864407 -0.068210 0.498145
vn 0.845811 -0.043794 0.531682
vn 0.799076 -0.056089 0.598608
vn 0.740071 -0.062622 0.669606
vn 0.686120 -0.034173 0.726685
vn 0.641409 0.032351 0.766517
vn 0.600224 0.128820 0.789390
vn 0.554031 0.247209 0.794945
vn 0.493064 0.380296 0.782472
vn 0.407346 0.516411 0.753252
vn 0.292112 0.635409 0.714791
vn 0.154892 0.714883 0.681873
vn 0.013837 0.744448 0.667537
vn -0.113386 0.731921 0.671889
vn -0.217922 0.696756 0.683404
vn -0.299600 0.660257 0.688695
vn -0.361955 0.639862 0.677912
vn -0.407717 0.647477 0.643848
vn -0.437861 0.685391 0.581823
vn -0.456205 0.736701 0.499148
vn -0.477125 0.767501 0.428128
vn -0.519228 0.750020 0.409722
vn -0.583554 0.670732 0.457803
vn -0.647153 0.527930 0.549984
vn -0.682923 0.341969 0.645502
vn -0.683480 0.149199 0.714559
vn -0.621912 -0.046287 0.781718
vn -0.596999 -0.163552 0.785393
vn -0.575561 -0.255486 0.776825
vn -0.559667 -0.324347 0.762609
vn -0.546250 -0.374577 0.749202
vn -0.526827 -0.414511 0.742047
vn -0.491263 -0.453885 0.743404
vn -0.433726 -0.498327 0.750701
vn -0.355245 -0.547234 0.757850
vn -0.261898 -0.596447 0.758723
vn -0.161896 -0.641441 0.749896
vn -0.063756 -0.678491 0.731837
vn 0.025197 -0.704624 0.709134
vn 0.101672 -0.717298 0.689309
vn 0.169432 -0.714090 0.679241
vn 0.238240 -0.692722 0.680718
vn 0.317767 -0.651461 0.688929
vn 0.412031 -0.589175 0.695056
vn 0.518194 -0.505107 0.690175
vn 0.627207 -0.399784 0.668420
vn 0.724308 -0.278718 0.630630
vn 0.792791 -0.157295 0.588847
vn 0.822619 -0.059264 0.565497
vn 0.814618 -0.004079 0.579984
vn 0.776340 0.009046 0.630249
vn 0.721496 0.005259 0.692399
vn 0.667292 0.015265 0.744640
vn 0.622437 0.054403 0.780777
vn 0.584122 0.123527 0.802211
vn 0.543593 0.218418 0.810432
vn 0.489499 0.333414 0.805745
vn 0.409599 0.458572 0.788632
vn 0.295989 0.575452 0.762395
vn 0.153952 0.660281 0.735070
vn 0.004119 0.697932 0.716152
vn -0.129074 0.692957 0.709331
vn -0.230748 0.665234 0.710084
vn -0.298414 0.638229 0.709657
vn -0.337334 0.630893 0.698698
vn -0.356420 0.652966 0.668282
vn -0.367839 0.698522 0.613809
vn -0.387644 0.742240 0.546637
vn -0.430558 0.752185 0.498836
vn -0.498353 0.707555 0.501009
vn -0.573728 0.601434 0.555979
vn -0.629747 0.444425 0.637107
vn -0.651230 0.266380 0.710592
vn -0.643828 0.097840 0.758889
vn -0.588758 -0.063211 0.805834
vn -0.570577 -0.159348 0.805636
vn -0.556526 -0.236790 0.796372
vn -0.545440 -0.299386 0.782856
vn -0.531774 -0.351017 0.770716
vn -0.507634 -0.396157 0.765093
vn -0.466901 -0.438901 0.767704
vn -0.408488 -0.481437 0.775472
vn -0.335928 -0.523976 0.782689
vn -0.254470 -0.565757 0.784324
vn -0.168766 -0.605411 0.777815
vn -0.082439 -0.640420 0.763588
vn 0.001452 -0.666713 0.745313
vn 0.080689 -0.679381 0.729336
vn 0.155267 -0.674461 0.721799
vn 0.228110 -0.650481 0.724458
vn 0.303677 -0.608476 0.733169
vn 0.385593 -0.550378 0.740542
vn 0.474949 -0.477000 0.739523
vn 0.568869 -0.387501 0.725418
vn 0.658700 -0.281888 0.697605
vn 0.730091 -0.166485 0.662759
vn 0.768941 -0.057819 0.636700
vn 0.770204 0.022574 0.637399
vn 0.740025 0.061955 0.669720
vn 0.692107 0.068088 0.718577
vn 0.642717 0.066190 0.763239
vn 0.601890 0.080858 0.794475
vn 0.568451 0.123929 0.813330
vn 0.533389 0.196638 0.822697
vn 0.484270 0.294529 0.823854
vn 0.408110 0.407854 0.816763
vn 0.296356 0.519193 0.801631
vn 0.153318 0.605445 0.780980
vn -0.000069 0.649572 0.760300
vn -0.136107 0.652945 0.745076
vn -0.235162 0.633974 0.736733
vn -0.291139 0.616695 0.731386
vn -0.309291 0.620426 0.720701
vn -0.304808 0.651571 0.694656
vn -0.302152 0.697042 0.650259
vn -0.326520 0.728358 0.602395
vn -0.387794 0.717788 0.578269
vn -0.472847 0.649492 0.595463
vn -0.552974 0.524295 0.647560
vn -0.602688 0.363854 0.710195
vn -0.616810 0.200316 0.761196
vn -0.607315 0.055876 0.792494
vn -0.541207 -0.072331 0.837773
vn -0.529092 -0.147419 0.835661
vn -0.520330 -0.209587 0.827847
vn -0.511754 -0.264517 0.817397
vn -0.496717 -0.315778 0.808428
vn -0.468778 -0.364259 0.804713
vn -0.425584 -0.409010 0.807211
vn -0.369735 -0.449193 0.813340
vn -0.306134 -0.485447 0.818916
vn -0.238618 -0.519448 0.820510
vn -0.168513 -0.552187 0.816512
vn -0.095408 -0.582312 0.807347
vn -0.019022 -0.605571 0.795564
vn 0.059239 -0.616114 0.785427
vn 0.136410 -0.609417 0.781027
vn 0.209971 -0.584784 0.783543
vn 0.279980 -0.545117 0.790227
vn 0.349257 -0.494044 0.796203
vn 0.421400 -0.432877 0.796894
vn 0.497791 -0.359628 0.789223
vn 0.574648 -0.270978 0.772238
vn 0.641484 -0.167204 0.748693
vn 0.684114 -0.058067 0.727060
vn 0.693323 0.036612 0.719696
vn 0.672090 0.096655 0.734135
vn 0.633747 0.116033 0.764788
vn 0.593819 0.109958 0.797050
vn 0.561481 0.105673 0.820714
vn 0.535436 0.124850 0.835297
vn 0.506363 0.175548 0.844263
vn 0.461767 0.254912 0.849583
vn 0.389803 0.352782 0.850646
vn 0.283627 0.452708 0.845347
vn 0.147594 0.534330 0.832290
vn 0.000551 0.581734 0.813379
vn -0.130748 0.593596 0.794071
vn -0.224081 0.584552 0.779799
vn -0.269231 0.576683 0.771331
vn -0.270247 0.588014 0.762368
vn -0.248173 0.621362 0.743182
vn -0.237655 0.659601 0.713054
vn -0.266829 0.675614 0.687276
vn -0.337735 0.646635 0.683957
vn -0.427521 0.562459 0.707719
vn -0.504621 0.432128 0.747411
vn -0.549064 0.282350 0.786643
vn -0.561506 0.140866 0.815395
vn -0.554613 0.022138 0.831814
vn -0.428789 -0.065769 0.901007
vn -0.422727 -0.115802 0.898828
vn -0.417479 -0.158222 0.894806
vn -0.409969 -0.199387 0.890039
vn -0.394898 -0.242279 0.886204
vn -0.368449 -0.285471 0.884732
vn -0.331006 -0.325146 0.885842
vn -0.286558 -0.358572 0.888432
vn -0.239534 -0.385983 0.890865
vn -0.191935 -0.409665 0.891816
vn -0.142702 -0.431591 0.890710
vn -0.089182 -0.451450 0.887829
vn -0.029575 -0.466160 0.884206
vn 0.035051 -0.471244 0.881306
vn 0.100608 -0.463464 0.880386
vn 0.162280 -0.442890 0.881767
vn 0.217693 -0.412482 0.884572
vn 0.268295 -0.375402 0.887182
vn 0.317862 -0.332350 0.887979
vn 0.369453 -0.280876 0.885784
vn 0.422585 -0.216982 0.879966
vn 0.471761 -0.138622 0.870761
vn 0.507598 -0.050204 0.860130
vn 0.521728 0.034821 0.852401
vn 0.513397 0.097890 0.852550
vn 0.491386 0.126240 0.861744
vn 0.468057 0.123605 0.875011
vn 0.450468 0.110567 0.885919
vn 0.436116 0.111333 0.892977
vn 0.415725 0.139180 0.898778
vn 0.378845 0.193426 0.905021
vn 0.317899 0.264448 0.910498
vn 0.230542 0.338688 0.912218
vn 0.121626 0.402120 0.907473
vn 0.004277 0.444086 0.895974
vn -0.102114 0.461835 0.881068
vn -0.177651 0.462939 0.868405
vn -0.209417 0.462414 0.861579
vn -0.199479 0.473932 0.857669
vn -0.170960 0.498467 0.849884
vn -0.159251 0.520790 0.838699
vn -0.186352 0.519746 0.833749
vn -0.247339 0.480638 0.841315
vn -0.319851 0.401972 0.857971
vn -0.380854 0.296530 0.875797
vn -0.418532 0.184369 0.889291
vn -0.433785 0.082337 0.897246
vn -0.434372 -0.001229 0.900733
vn -0.339793 -0.057035 0.938769
vn -0.336781 -0.090033 0.937269
vn -0.333187 -0.118791 0.935348
vn -0.326283 -0.149814 0.933325
vn -0.312015 -0.185385 0.931815
vn -0.288316 -0.222838 0.931245
vn -0.256874 -0.257235 0.931582
vn -0.221964 -0.285077 0.932450
vn -0.187402 -0.306191 0.933342
vn -0.154042 -0.322869 0.933824
vn -0.119478 -0.337455 0.933729
vn -0.079972 -0.350251 0.933236
vn -0.033254 -0.359070 0.932718
vn 0.019541 -0.360624 0.932507
vn 0.074039 -0.352775 0.932774
vn 0.124933 -0.336027 0.933530
vn 0.168998 -0.313001 0.934596
vn 0.206713 -0.286214 0.935602
vn 0.241380 -0.255868 0.936091
vn 0.276454 -0.219316 0.935668
vn 0.312855 -0.172565 0.933993
vn 0.347703 -0.113113 0.930757
vn 0.375106 -0.043104 0.925979
vn 0.389106 0.028563 0.920750
vn 0.387948 0.087433 0.917525
vn 0.376654 0.119842 0.918569
vn 0.364376 0.122502 0.923159
vn 0.357070 0.108263 0.927782
vn 0.351971 0.099549 0.930702
vn 0.339657 0.112733 0.933769
vn 0.310686 0.149757 0.938641
vn 0.260147 0.202063 0.944190
vn 0.188567 0.257819 0.947614
vn 0.101323 0.306422 0.946488
vn 0.008352 0.340570 0.940182
vn -0.076088 0.357883 0.930661
vn -0.135552 0.362544 0.922056
vn -0.157565 0.364681 0.917704
vn -0.143751 0.374282 0.916105
vn -0.116612 0.391334 0.912830
vn -0.107522 0.403005 0.908860
vn -0.131942 0.393338 0.909877
vn -0.182197 0.354036 0.917313
vn -0.239787 0.287949 0.927139
vn -0.288650 0.206225 0.934961
vn -0.321053 0.122400 0.939118
vn -0.337067 0.047426 0.940286
vn -0.341344 -0.012619 0.939854
vn -0.323222 -0.057875 0.944552
vn -0.321229 -0.083766 0.943290
vn -0.318120 -0.107250 0.941964
vn -0.310890 -0.135724 0.940705
vn -0.295643 -0.171042 0.939862
vn -0.271041 -0.209269 0.939544
vn -0.239711 -0.244215 0.939626
vn -0.206665 -0.271598 0.939960
vn -0.175943 -0.291063 0.940386
vn -0.147848 -0.305292 0.940711
vn -0.118719 -0.317266 0.940876
vn -0.083513 -0.327736 0.941071
vn -0.039373 -0.334674 0.941511
vn 0.012289 -0.334895 0.942175
vn 0.066341 -0.326472 0.942876
vn 0.116588 -0.310152 0.943511
vn 0.158956 -0.288767 0.944112
vn 0.193390 -0.264966 0.944666
vn 0.223305 -0.238849 0.945032
vn 0.252873 -0.207312 0.945027
vn 0.283949 -0.165720 0.944410
vn 0.314553 -0.110931 0.942736
vn 0.339659 -0.044232 0.939508
vn 0.353868 0.026843 0.934910
vn 0.355054 0.089001 0.930600
vn 0.347063 0.127604 0.929120
vn 0.338337 0.135291 0.931249
vn 0.335235 0.120451 0.934403
vn 0.335150 0.105408 0.936250
vn 0.327625 0.110493 0.938325
vn 0.302225 0.140680 0.942799
vn 0.254278 0.187757 0.948731
vn 0.185417 0.239335 0.953068
vn 0.101872 0.284790 0.953161
vn 0.013484 0.317267 0.948240
vn -0.066231 0.334533 0.940054
vn -0.121335 0.340166 0.932505
vn -0.139466 0.343194 0.928852
vn -0.123060 0.352361 0.927738
vn -0.096152 0.366658 0.925374
vn -0.089617 0.373574 0.923261
vn -0.116006 0.359219 0.926015
vn -0.165821 0.317894 0.933513
vn -0.221410 0.253775 0.941582
vn -0.268663 0.177232 0.946789
vn -0.300888 0.100012 0.948401
vn -0.317864 0.031938 0.947598
vn -0.323493 -0.020960 0.945998
vn -0.340058 -0.063729 0.938243
vn -0.338476 -0.086255 0.937013
vn -0.335383 -0.107775 0.935897
vn -0.327220 -0.137045 0.934958
vn -0.309835 -0.175573 0.934439
vn -0.282296 -0.217962 0.934239
vn -0.248166 -0.256493 0.934144
vn -0.213518 -0.285933 0.934159
vn -0.183020 -0.305796 0.934341
vn -0.156597 -0.319367 0.934603
vn -0.129180 -0.330466 0.934936
vn -0.094147 -0.340299 0.935592
vn -0.047920 -0.346723 0.936743
vn 0.007679 -0.346226 0.938120
vn 0.066424 -0.336749 0.939249
vn 0.120885 -0.319250 0.939929
vn 0.165981 -0.297027 0.940332
vn 0.201225 -0.273183 0.940680
vn 0.230406 -0.247850 0.941001
vn 0.258664 -0.217303 0.941208
vn 0.288771 -0.175917 0.941098
vn 0.319160 -0.119726 0.940108
vn 0.344779 -0.049558 0.937375
vn 0.359981 0.027260 0.932561
vn 0.362241 0.097205 0.927002
vn 0.355093 0.144164 0.923648
vn 0.347363 0.157524 0.924405
vn 0.346462 0.142402 0.927192
vn 0.350019 0.121768 0.928795
vn 0.346037 0.120681 0.930427
vn 0.322194 0.147743 0.935074
vn 0.273088 0.194868 0.942045
vn 0.200897 0.248086 0.947678
vn 0.113012 0.295373 0.948675
vn 0.020448 0.329226 0.944030
vn -0.062246 0.347336 0.935673
vn -0.118257 0.353522 0.927921
vn -0.134973 0.357047 0.924284
vn -0.116256 0.366307 0.923203
vn -0.088998 0.379300 0.920984
vn -0.085289 0.383084 0.919768
vn -0.116125 0.364523 0.923925
vn -0.170243 0.318987 0.932344
vn -0.229439 0.251246 0.940337
vn -0.279718 0.171709 0.944603
vn -0.314405 0.092131 0.944808
vn -0.333116 0.022816 0.942610
vn -0.339749 -0.029448 0.940055
vn -0.367372 -0.070996 0.927360
vn -0.365975 -0.091416 0.926124
vn -0.362683 -0.112108 0.925145
vn -0.353352 -0.143270 0.924455
vn -0.333491 -0.186058 0.924211
vn -0.302457 -0.233586 0.924098
vn -0.264697 -0.276576 0.923819
vn -0.227408 -0.308824 0.923533
vn -0.195993 -0.329720 0.923510
vn -0.170064 -0.343188 0.923743
vn -0.143123 -0.353935 0.924254
vn -0.106930 -0.363636 0.925384
vn -0.057186 -0.369974 0.927280
vn 0.003836 -0.368984 0.929428
vn 0.068762 -0.358356 0.931049
vn 0.128872 -0.339221 0.931838
vn 0.178071 -0.315394 0.932104
vn 0.215464 -0.290518 0.932295
vn 0.245249 -0.264817 0.932590
vn 0.273559 -0.233938 0.932973
vn 0.304061 -0.191211 0.933266
vn 0.335467 -0.131818 0.932784
vn 0.362439 -0.056259 0.930308
vn 0.378828 0.027998 0.925044
vn 0.381690 0.106816 0.918098
vn 0.374517 0.162626 0.912847
vn 0.366847 0.182147 0.912275
vn 0.367351 0.167629 0.914852
vn 0.373981 0.142333 0.916449
vn 0.373180 0.135829 0.917762
vn 0.350538 0.160709 0.922657
vn 0.299542 0.209276 0.930848
vn 0.222560 0.265798 0.937986
vn 0.128161 0.316384 0.939934
vn 0.028988 0.352456 0.935379
vn -0.058782 0.371541 0.926554
vn -0.117136 0.377969 0.918378
vn -0.133368 0.381605 0.914653
vn -0.113103 0.390709 0.913539
vn -0.086149 0.402425 0.911390
vn -0.085780 0.403453 0.910971
vn -0.121799 0.381052 0.916496
vn -0.181494 0.330995 0.926014
vn -0.245880 0.258246 0.934265
vn -0.300546 0.173435 0.937866
vn -0.338492 0.088872 0.936763
vn -0.359172 0.015861 0.933136
vn -0.366704 -0.037785 0.929570
vn -0.381425 -0.075134 0.921341
vn -0.380150 -0.093392 0.920198
vn -0.376674 -0.112968 0.919432
vn -0.366552 -0.144976 0.919033
vn -0.345160 -0.190236 0.919062
vn -0.312081 -0.240831 0.919025
vn -0.272317 -0.286467 0.918575
vn -0.233766 -0.320289 0.918024
vn -0.202313 -0.341559 0.917827
vn -0.177348 -0.354589 0.918049
vn -0.151384 -0.364711 0.918732
vn -0.115073 -0.373983 0.920269
vn -0.063667 -0.380037 0.922777
vn 0.000242 -0.378653 0.925539
vn 0.068563 -0.367369 0.927545
vn 0.131808 -0.347394 0.928410
vn 0.183235 -0.322827 0.928551
vn 0.221605 -0.297649 0.928599
vn 0.251270 -0.272187 0.928858
vn 0.278975 -0.241744 0.929372
vn 0.309038 -0.199013 0.929994
vn 0.340475 -0.138624 0.929978
vn 0.367897 -0.060787 0.927877
vn 0.384927 0.027174 0.922547
vn 0.388310 0.111126 0.914804
vn 0.381301 0.172972 0.908124
vn 0.373675 0.197796 0.906225
vn 0.375021 0.185303 0.908307
vn 0.383936 0.157648 0.909802
vn 0.386052 0.146881 0.910708
vn 0.365440 0.168925 0.915378
vn 0.314659 0.217066 0.924052
vn 0.236075 0.274677 0.932106
vn 0.138999 0.326632 0.934875
vn 0.037145 0.363589 0.930818
vn -0.052357 0.382915 0.922299
vn -0.111064 0.389154 0.914453
vn -0.126787 0.392304 0.911056
vn -0.106677 0.400342 0.910135
vn -0.081771 0.410128 0.908355
vn -0.084752 0.408703 0.908724
vn -0.124107 0.383923 0.914987
vn -0.186625 0.331833 0.924693
vn -0.253474 0.257272 0.932503
vn -0.310391 0.170622 0.935172
vn -0.350235 0.084249 0.932865
vn -0.372224 0.010012 0.928089
vn -0.380448 -0.043533 0.923777
vn -0.355778 -0.070768 0.931887
vn -0.354692 -0.085951 0.931024
vn -0.351362 -0.102909 0.930567
vn -0.341651 -0.132396 0.930455
vn -0.321296 -0.175007 0.930667
vn -0.290045 -0.222957 0.930679
vn -0.252730 -0.266260 0.930179
vn -0.216908 -0.298186 0.929535
vn -0.188252 -0.317848 0.929265
vn -0.166149 -0.329348 0.929475
vn -0.143212 -0.337955 0.930202
vn -0.110236 -0.345840 0.931795
vn -0.062621 -0.350882 0.934324
vn -0.002929 -0.349172 0.937054
vn 0.061091 -0.338446 0.939001
vn 0.120425 -0.319827 0.939792
vn 0.168566 -0.297124 0.939842
vn 0.204088 -0.274107 0.939794
vn 0.230931 -0.251176 0.939990
vn 0.255551 -0.223935 0.940504
vn 0.282322 -0.185406 0.941233
vn 0.310674 -0.130393 0.941530
vn 0.335871 -0.058842 0.940068
vn 0.352134 0.022924 0.935669
vn 0.356243 0.102428 0.928762
vn 0.350613 0.163075 0.922213
vn 0.343871 0.190062 0.919581
vn 0.345427 0.181076 0.920811
vn 0.355041 0.155010 0.921910
vn 0.359353 0.142279 0.922292
vn 0.342426 0.159833 0.925850
vn 0.296657 0.202598 0.933246
vn 0.224444 0.255059 0.940516
vn 0.134917 0.302832 0.943446
vn 0.041080 0.337040 0.940594
vn -0.041156 0.355019 0.933953
vn -0.094849 0.360605 0.927883
vn -0.109234 0.362666 0.925495
vn -0.091791 0.368514 0.925080
vn -0.071161 0.375656 0.924023
vn -0.076185 0.372622 0.924851
vn -0.113725 0.348569 0.930358
vn -0.171721 0.300180 0.938298
vn -0.233541 0.231896 0.944290
vn -0.286651 0.152785 0.945774
vn -0.324524 0.073740 0.942999
vn -0.346022 0.005692 0.938209
vn -0.354474 -0.042984 0.934077
vn -0.278226 -0.055380 0.958918
vn -0.277435 -0.066398 0.958447
vn -0.274805 -0.078784 0.958267
vn -0.267204 -0.101324 0.958298
vn -0.251294 -0.134601 0.958506
vn -0.226874 -0.172460 0.958533
vn -0.197698 -0.206913 0.958177
vn -0.169697 -0.232387 0.957705
vn -0.147458 -0.247888 0.957501
vn -0.130655 -0.256567 0.957655
vn -0.113432 -0.262732 0.958178
vn -0.088331 -0.268291 0.959280
vn -0.051581 -0.271715 0.960994
vn -0.005183 -0.270049 0.962833
vn 0.044788 -0.261584 0.964141
vn 0.091282 -0.247150 0.964668
vn 0.129096 -0.229607 0.964684
vn 0.156856 -0.211888 0.964624
vn 0.177440 -0.194429 0.964734
vn 0.195926 -0.173909 0.965074
vn 0.215973 -0.144861 0.965594
vn 0.237463 -0.103114 0.965908
vn 0.257038 -0.048393 0.965189
vn 0.270421 0.014876 0.962627
vn 0.274936 0.077667 0.958321
vn 0.271762 0.127319 0.953905
vn 0.266913 0.151480 0.951741
vn 0.268009 0.146732 0.952177
vn 0.276093 0.126536 0.952765
vn 0.281149 0.114832 0.952769
vn 0.269680 0.126311 0.954630
vn 0.234998 0.157989 0.959070
vn 0.179279 0.197871 0.963694
vn 0.110085 0.234714 0.965811
vn 0.037511 0.261579 0.964453
vn -0.026346 0.276074 0.960775
vn -0.068401 0.280522 0.957407
vn -0.080240 0.281339 0.956248
vn -0.067778 0.284512 0.956274
vn -0.052956 0.288867 0.955903
vn -0.057505 0.285760 0.956574
vn -0.086572 0.266710 0.959881
vn -0.131104 0.229354 0.964473
vn -0.178790 0.177225 0.967794
vn -0.220431 0.116929 0.968369
vn -0.251003 0.056314 0.966347
vn -0.269129 0.003660 0.963097
vn -0.276762 -0.034147 0.960332
vn -0.166583 -0.032695 0.985485
vn -0.166167 -0.039114 0.985322
vn -0.164716 -0.045831 0.985276
vn -0.160488 -0.058575 0.985298
vn -0.151375 -0.078117 0.985385
vn -0.137069 -0.100929 0.985406
vn -0.119666 -0.122115 0.985276
vn -0.102698 -0.138033 0.985089
vn -0.089125 -0.147740 0.985002
vn -0.079090 -0.152972 0.985061
vn -0.069251 -0.156441 0.985257
vn -0.054969 -0.159532 0.985661
vn -0.033663 -0.161490 0.986300
vn -0.006306 -0.160580 0.987003
vn 0.023553 -0.155725 0.987520
vn 0.051672 -0.147303 0.987741
vn 0.074773 -0.136924 0.987755
vn 0.091748 -0.126381 0.987730
vn 0.104083 -0.116139 0.987764
vn 0.114814 -0.104414 0.987884
vn 0.126358 -0.087948 0.988078
vn 0.138940 -0.064072 0.988226
vn 0.150787 -0.032338 0.988037
vn 0.159439 0.005008 0.987195
vn 0.163141 0.043063 0.985662
vn 0.162094 0.074505 0.983958
vn 0.159331 0.091435 0.982982
vn 0.159530 0.090527 0.983034
vn 0.164360 0.078660 0.983259
vn 0.168544 0.070205 0.983191
vn 0.163386 0.075204 0.983692
vn 0.144007 0.092881 0.985208
vn 0.111550 0.116223 0.986939
vn 0.070679 0.138363 0.987856
vn 0.027354 0.154995 0.987536
vn -0.011430 0.164370 0.986332
vn -0.037844 0.167347 0.985171
vn -0.046376 0.167415 0.984795
vn -0.039844 0.168521 0.984892
vn -0.030875 0.170749 0.984831
vn -0.032686 0.169196 0.985040
vn -0.049044 0.158497 0.986141
vn -0.074989 0.137028 0.987725
vn -0.103351 0.106802 0.988894
vn -0.128711 0.071530 0.989099
vn -0.147967 0.035579 0.988352
vn -0.159946 0.003759 0.987119
vn -0.165360 -0.019535 0.986040
vn -0.072680 -0.013501 0.997264
vn -0.072676 -0.016445 0.997220
vn -0.072381 -0.018675 0.997202
vn -0.071147 -0.023279 0.997194
vn -0.067849 -0.031244 0.997206
vn -0.062049 -0.041293 0.997219
vn -0.054469 -0.051169 0.997204
vn -0.046676 -0.058958 0.997169
vn -0.040256 -0.063882 0.997145
vn -0.035736 -0.066492 0.997147
vn -0.031938 -0.068067 0.997169
vn -0.026641 -0.069490 0.997227
vn -0.018216 -0.070608 0.997338
vn -0.006689 -0.070618 0.997481
vn 0.006495 -0.068891 0.997603
vn 0.019369 -0.065446 0.997668
vn 0.030253 -0.060939 0.997683
vn 0.038341 -0.056269 0.997679
vn 0.044023 -0.051908 0.997681
vn 0.048617 -0.047316 0.997696
vn 0.053430 -0.041047 0.997728
vn 0.058856 -0.031654 0.997764
vn 0.064262 -0.018602 0.997760
vn 0.068548 -0.002577 0.997644
vn 0.070787 0.014569 0.997385
vn 0.070763 0.029853 0.997046
vn 0.069465 0.039574 0.996799
vn 0.069030 0.041188 0.996764
vn 0.071052 0.036316 0.996811
vn 0.074071 0.031080 0.996769
vn 0.073912 0.031288 0.996774
vn 0.067326 0.037899 0.997011
vn 0.054200 0.048004 0.997376
vn 0.036584 0.058195 0.997635
vn 0.017179 0.066234 0.997656
vn -0.001024 0.071099 0.997469
vn -0.014564 0.072864 0.997236
vn -0.020382 0.072857 0.997134
vn -0.018466 0.073111 0.997153
vn -0.013640 0.074402 0.997135
vn -0.012529 0.074861 0.997115
vn -0.018185 0.071608 0.997267
vn -0.029006 0.063331 0.997571
vn -0.041646 0.050717 0.997844
vn -0.053395 0.035415 0.997945
vn -0.062674 0.019331 0.997847
vn -0.068780 0.004551 0.997621
vn -0.071808 -0.006807 0.997395
vn 0.991450 0.082134 0.101398
vn 0.642983 0.759139 0.101398
vn -0.082134 0.991450 0.101398
vn -0.759139 0.642983 0.101398
vn -0.991450 -0.082134 0.101398
vn -0.642983 -0.759139 0.101398
vn 0.082134 -0.991450 0.101398
vn 0.759139 -0.642983 0.101398
vn 0.974346 -0.201794 0.099649
vn 0.831656 0.546277 0.099649
vn 0.201794 0.974346 0.099649
vn -0.546277 0.831656 0.099649
vn -0.974346 0.201794 0.099649
vn -0.831656 -0.546277 0.099649
vn -0.201794 -0.974346 0.099649
vn 0.546277 -0.831656 0.099649
f 1//1 2//2 50//50
f 1//1 50//50 49//49
f 2//2 3//3 51//51
f 2//2 51//51 50//50
f 3//3 4//4 52//52
f 3//3 52//52 51//51
f 4//4 5//5 53//53
f 4//4 53//53 52//52
f 5//5 6//6 54//54
f 5//5 54//54 53//53
f 6//6 7//7 55//55
f 6//6 55//55 54//54
f 7//7 8//8 56//56
f 7//7 56//56 55//55
f 8//8 9//9 57//57
f 8//8 57//57 56//56
f 9//9 10//10 58//58
f 9//9 58//58 57//57
f 10//10 11//11 59//59
f 10//10 59//59 58//58
f 11//11 12//12 60//60
f 11//11 60//60 59//59
f 12//12 13//13 61//61
f 12//12 61//61 60//60
f 13//13 14//14 62//62
f 13//13 62//62 61//61
f 14//14 15//15 63//63
f 14//14 63//63 62//62
f 15//15 16//16 64//64
f 15//15 64//64 63//63
f 16//16 17//17 65//65
f 16//16 65//65 64//64
f 17//17 18//18 66//66
f 17//17 66//66 65//65
f 18//18 19//19 67//67
f 18//18 67//67 66//66
f 19//19 20//20 68//68
f 19//19 68//68 67//67
f 20//20 21//21 69//69
f 20//20 69//69 68//68
f 21//21 22//22 70//70
f 21//21 70//70 69//69
f 22//22 23//23 71//71
f 22//22 71//71 70//70
f 23//23 24//24 72//72
f 23//23 72//72 71//71
f 24//24 25//25 73//73
f 24//24 73//73 72//72
f 25//25 26//26 74//74
f 25//25 74//74 73//73
f 26//26 27//27 75//75
f 26//26 75//75 74//74
f 27//27 28//28 76//76
f 27//27 76//76 75//75
f 28//28 29//29 77//77
f 28//28 77//77 76//76
f 29//29 30//30 78//78
f 29//29 78//78 77//77
f 30//30 31//31 79//79
f 30//30 79//79 78//78
f 31//31 32//32 80//80
f 31//31 80//80 79//79
f 32//32 33//33 81//81
f 32//32 81//81 80//80
f 33//33 34//34 82//82
f 33//33 82//82 81//81
f 34//34 35//35 83//83
f 34//34 83//83 82//82
f 35//35 36//36 84//84
f 35//35 84//84 83//83
f 36//36 37//37 85//85
f 36//36 85//85 84//84
f 37//37 38//38 86//86
f 37//37 86//86 85//85
f 38//38 39//39 87//87
f 38//38 87//87 86//86
f 39//39 40//40 88//88
f 39//39 88//88 87//87
f 40//40 41//41 89//89
f 40//40 89//89 88//88
f 41//41 42//42 90//90
f 41//41 90//90 89//89
f 42//42 43//43 91//91
f 42//42 91//91 90//90
f 43//43 44//44 92//92
f 43//43 92//92 91//91
f 44//44 45//45 93//93
f 44//44 93//93 92//92
f 45//45 46//46 94//94
f 45//45 94//94 93//93
f 46//46 47//47 95//95
f 46//46 95//95 94//94
f 47//47 48//48 96//96
f 47//47 96//96 95//95
f 48//48 1//1 49//49
f 48//48 49//49 96//96
f 49//49 50//50 98//98
f 49//49 98//98 97//97
f 50//50 51//51 99//99
f 50//50 99//99 98//98
f 51//51 52//52 100//100
f 51//51 100//100 99//99
f 52//52 53//53 101//101
f 52//52 101//101 100//100
f 53//53 54//54 102//102
f 53//53 102//102 101//101
f 54//54 55//55 103//103
f 54//54 103//103 102//102
f 55//55 56//56 104//104
f 55//55 104//104 103//103
f 56//56 57//57 105//105
f 56//56 105//105 104//104
f 57//57 58//58 106//106
f 57//57 106//106 105//105
f 58//58 59//59 107//107
f 58//58 107//107 106//106
f 59//59 60//60 108//108
f 59//59 108//108 107//107
f 60//60 61//61 109//109
f 60//60 109//109 108//108
f 61//61 62//62 110//110
f 61//61 110//110 109//109
f 62//62 63//63 111//111
f 62//62 111//111 110//110
f 63//63 64//64 112//112
f 63//63 112//112 111//111
f 64//64 65//65 113//113
f 64//64 113//113 112//112
f 65//65 66//66 114//114
f 65//65 114//114 113//113
f 66//66 67//67 115//115
f 66//66 115//115 114//114
f 67//67 68//68 116//116
f 67//67 116//116 115//115
f 68//68 69//69 117//117
f 68//68 117//117 116//116
f 69//69 70//70 118//118
f 69//69 118//118 117//117
f 70//70 71//71 119//119
f 70//70 119//119 118//118
f 71//71 72//72 120//120
f 71//71 120//120 119//119
f 72//72 73//73 121//121
f 72//72 121//121 120//120
f 73//73 74//74 122//122
f 73//73 122//122 121//121
f 74//74 75//75 123//123
f 74//74 123//123 122//122
f 75//75 76//76 124//124
f 75//75 124//124 123//123
f 76//76 77//77 125//125
f 76//76 125//125 124//124
f 77//77 78//78 126//126
f 77//77 126//126 125//125
f 78//78 79//79 127//127
f 78//78 127//127 126//126
f 79//79 80//80 128//128
f 79//79 128//128 127//127
f 80//80 81//81 129//129
f 80//80 129//129 128//128
f 81//81 82//82 130//130
f 81//81 130//130 129//129
f 82//82 83//83 131//131
f 82//82 131//131 130//130
f 83//83 84//84 132//132
f 83//83 132//132 131//131
f 84//84 85//85 133//133
f 84//84 133//133 132//132
f 85//85 86//86 134//134
f 85//85 134//134 133//133
f 86//86 87//87 135//135
f 86//86 135//135 134//134
f 87//87 88//88 136//136
f 87//87 136//136 135//135
f 88//88 89//89 137//137
f 88//88 137//137 136//136
f 89//89 90//90 138//138
f 89//89 138//138 137//137
f 90//90 91//91 139//139
f 90//90 139//139 138//138
f 91//91 92//92 140//140
f 91//91 140//140 139//139
f 92//92 93//93 141//141
f 92//92 141//141 140//140
f 93//93 94//94 142//142
f 93//93 142//142 141//141
f 94//94 95//95 143//143
f 94//94 143//143 142//142
f 95//95 96//96 144//144
f 95//95 144//144 143//143
f 96//96 49//49 97//97
f 96//96 97//97 144//144
f 97//97 98//98 146//146
f 97//97 146//146 145//145
f 98//98 99//99 147//147
f 98//98 147//147 146//146
f 99//99 100//100 148//148
f 99//99 148//148 147//147
f 100//100 101//101 149//149
f 100//100 149//149 148//148
f 101//101 102//102 150//150
f 101//101 150//150 149//149
f 102//102 103//103 151//151
f 102//102 151//151 150//150
f 103//103 104//104 152//152
f 103//103 152//152 151//151
f 104//104 105//105 153//153
f 104//104 153//153 152//152
f 105//105 106//106 154//154
f 105//105 154//154 153//153
f 106//106 107//107 155//155
f 106//106 155//155 154//154
f 107//107 108//108 156//156
f 107//107 156//156 155//155
f 108//108 109//109 157//157
f 108//108 157//157 156//156
f 109//109 110//110 158//158
f 109//109 158//158 157//157
f 110//110 111//111 159//159
f 110//110 159//159 158//158
f 111//111 112//112 160//160
f 111//111 160//160 159//159
f 112//112 113//113 161//161
f 112//112 161//161 160//160
f 113//113 114//114 162//162
f 113//113 162//162 161//161
f 114//114 115//115 163//163
f 114//114 163//163 162//162
f 115//115 116//116 164//164
f 115//115 164//164 163//163
f 116//116 117//117 165//165
f 116//116 165//165 164//164
f 117//117 118//118 166//166
f 117//117 166//166 165//165
f 118//118 119//119 167//167
f 118//118 167//167 166//166
f 119//119 120//120 168//168
f 119//119 168//168 167//167
f 120//120 121//121 169//169
f 120//120 169//169 168//168
f 121//121 122//122 170//170
f 121//121 170//170 169//169
f 122//122 123//123 171//171
f 122//122 171//171 170//170
f 123//123 124//124 172//172
f 123//123 172//172 171//171
f 124//124 125//125 173//173
f 124//124 173//173 172//172
f 125//125 126//126 174//174
f 125//125 174//174 173//173
f 126//126 127//127 175//175
f 126//126 175//175 174//174
f 127//127 128//128 176//176
f 127//127 176//176 175//175
f 128//128 129//129 177//177
f 128//128 177//177 176//176
f 129//129 130//130 178//178
f 129//129 178//178 177//177
f 130//130 131//131 179//179
f 130//130 179//179 178//178
f 131//131 132//132 180//180
f 131//131 180//180 179//179
f 132//132 133//133 181//181
f 132//132 181//181 180//180
f 133//133 134//134 182//182
f 133//133 182//182 181//181
f 134//134 135//135 183//183
f 134//134 183//183 182//182
f 135//135 136//136 184//184
f 135//135 184//184 183//183
f 136//136 137//137 185//185
f 136//136 185//185 184//184
f 137//137 138//138 186//186
f 137//137 186//186 185//185
f 138//138 139//139 187//187
f 138//138 187//187 186//186
f 139//139 140//140 188//188
f 139//139 188//188 187//187
f 140//140 141//141 189//189
f 140//140 189//189 188//188
f 141//141 142//142 190//190
f 141//141 190//190 189//189
f 142//142 143//143 191//191
f 142//142 191//191 190//190
f 143//143 144//144 192//192
f 143//143 192//192 191//191
f 144//144 97//97 145//145
f 144//144 145//145 192//192
f 145//145 146//146 194//194
f 145//145 194//194 193//193
f 146//146 147//147 195//195
f 146//146 195//195 194//194
f 147//147 148//148 196//196
f 147//147 196//196 195//195
f 148//148 149//149 197//197
f 148//148 197//197 196//196
f 149//149 150//150 198//198
f 149//149 198//198 197//197
f 150//150 151//151 199//199
f 150//150 199//199 198//198
f 151//151 152//152 200//200
f 151//151 200//200 199//199
f 152//152 153//153 201//201
f 152//152 201//201 200//200
f 153//153 154//154 202//202
f 153//153 202//202 201//201
f 154//154 155//155 203//203
f 154//154 203//203 202//202
f 155//155 156//156 204//204
f 155//155 204//204 203//203
f 156//156 157//157 205//205
f 156//156 205//205 204//204
f 157//157 158//158 206//206
f 157//157 206//206 205//205
f 158//158 159//159 207//207
f 158//158 207//207 206//206
f 159//159 160//160 208//208
f 159//159 208//208 207//207
f 160//160 161//161 209//209
f 160//160 209//209 208//208
f 161//161 162//162 210//210
f 161//161 210//210 209//209
f 162//162 163//163 211//211
f 162//162 211//211 210//210
f 163//163 164//164 212//212
f 163//163 212//212 211//211
f 164//164 165//165 213//213
f 164//164 213//213 212//212
f 165//165 166//166 214//214
f 165//165 214//214 213//213
f 166//166 167//167 215//215
f 166//166 215//215 214//214
f 167//167 168//168 216//216
f 167//167 216//216 215//215
f 168//168 169//169 217//217
f 168//168 217//217 216//216
f 169//169 170//170 218//218
f 169//169 218//218 217//217
f 170//170 171//171 219//219
f 170//170 219//219 218//218
f 171//171 172//172 220//220
f 171//171 220//220 219//219
f 172//172 173//173 221//221
f 172//172 221//221 220//220
f 173//173 174//174 222//222
f 173//173 222//222 221//221
f 174//174 175//175 223//223
f 174//174 223//223 222//222
f 175//175 176//176 224//224
f 175//175 224//224 223//223
f 176//176 177//177 225//225
f 176//176 225//225 224//224
f 177//177 178//178 226//226
f 177//177 226//226 225//225
f 178//178 179//179 227//227
f 178//178 227//227 226//226
f 179//179 180//180 228//228
f 179//179 228//228 227//227
f 180//180 181//181 229//229
f 180//180 229//229 228//228
f 181//181 182//182 230//230
f 181//181 230//230 229//229
f 182//182 183//183 231//231
f 182//182 231//231 230//230
f 183//183 184//184 232//232
f 183//183 232//232 231//231
f 184//184 185//185 233//233
f 184//184 233//233 232//232
f 185//185 186//186 234//234
f 185//185 234//234 233//233
f 186//186 187//187 235//235
f 186//186 235//235 234//234
f 187//187 188//188 236//236
f 187//187 236//236 235//235
f 188//188 189//189 237//237
f 188//188 237//237 236//236
f 189//189 190//190 238//238
f 189//189 238//238 237//237
f 190//190 191//191 239//239
f 190//190 239//239 238//238
f 191//191 192//192 240//240
f 191//191 240//240 239//239
f 192//192 145//145 193//193
f 192//192 193//193 240//240
f 193//193 194//194 242//242
f 193//193 242//242 241//241
f 194//194 195//195 243//243
f 194//194 243//243 242//242
f 195//195 196//196 244//244
f 195//195 244//244 243//243
f 196//196 197//197 245//245
f 196//196 245//245 244//244
f 197//197 198//198 246//246
f 197//197 246//246 245//245
f 198//198 199//199 247//247
f 198//198 247//247 246//246
f 199//199 200//200 248//248
f 199//199 248//248 247//247
f 200//200 201//201 249//249
f 200//200 249//249 248//248
f 201//201 202//202 250//250
f 201//201 250//250 249//249
f 202//202 203//203 251//251
f 202//202 251//251 250//250
f 203//203 204//204 252//252
f 203//203 252//252 251//251
f 204//204 205//205 253//253
f 204//204 253//253 252//252
f 205//205 206//206 254//254
f 205//205 254//254 253//253
f 206//206 207//207 255//255
f 206//206 255//255 254//254
f 207//207 208//208 256//256
f 207//207 256//256 255//255
f 208//208 209//209 257//257
f 208//208 257//257 256//256
f 209//209 210//210 258//258
f 209//209 258//258 257//257
f 210//210 211//211 259//259
f 210//210 259//259 258//258
f 211//211 212//212 260//260
f 211//211 260//260 259//259
f 212//212 213//213 261//261
f 212//212 261//261 260//260
f 213//213 214//214 262//262
f 213//213 262//262 261//261
f 214//214 215//215 263//263
f 214//214 263//263 262//262
f 215//215 216//216 264//264
f 215//215 264//264 263//263
f 216//216 217//217 265//265
f 216//216 265//265 264//264
f 217//217 218//218 266//266
f 217//217 266//266 265//265
f 218//218 219//219 267//267
f 218//218 267//267 266//266
f 219//219 220//220 268//268
f 219//219 268//268 267//267
f 220//220 221//221 269//269
f 220//220 269//269 268//268
f 221//221 222//222 270//270
f 221//221 270//270 269//269
f 222//222 223//223 271//271
f 222//222 271//271 270//270
f 223//223 224//224 272//272
f 223//223 272//272 271//271
f 224//224 225//225 273//273
f 224//224 273//273 272//272
f 225//225 226//226 274//274
f 225//225 274//274 273//273
f 226//226 227//227 275//275
f 226//226 275//275 274//274
f 227//227 228//228 276//276
f 227//227 276//276 275//275
f 228//228 229//229 277//277
f 228//228 277//277 276//276
f 229//229 230//230 278//278
f 229//229 278//278 277//277
f 230//230 231//231 279//279
f 230//230 279//279 278//278
f 231//231 232//232 280//280
f 231//231 280//280 279//279
f 232//232 233//233 281//281
f 232//232 281//281 280//280
f 233//233 234//234 282//282
f 233//233 282//282 281//281
f 234//234 235//235 283//283
f 234//234 283//283 282//282
f 235//235 236//236 284//284
f 235//235 284//284 283//283
f 236//236 237//237 285//285
f 236//236 285//285 284//284
f 237//237 238//238 286//286
f 237//237 286//286 285//285
f 238//238 239//239 287//287
f 238//238 287//287 286//286
f 239//239 240//240 288//288
f 239//239 288//288 287//287
f 240//240 193//193 241//241
f 240//240 241//241 288//288
f 241//241 242//242 290//290
f 241//241 290//290 289//289
f 242//242 243//243 291//291
f 242//242 291//291 290//290
f 243//243 244//244 292//292
f 243//243 292//292 291//291
f 244//244 245//245 293//293
f 244//244 293//293 292//292
f 245//245 246//246 294//294
f 245//245 294//294 293//293
f 246//246 247//247 295//295
f 246//246 295//295 294//294
f 247//247 248//248 296//296
f 247//247 296//296 295//295
f 248//248 249//249 297//297
f 248//248 297//297 296//296
f 249//249 250//250 298//298
f 249//249 298//298 297//297
f 250//250 251//251 299//299
f 250//250 299//299 298//298
f 251//251 252//252 300//300
f 251//251 300//300 299//299
f 252//252 253//253 301//301
f 252//252 301//301 300//300
f 253//253 254//254 302//302
f 253//253 302//302 301//301
f 254//254 255//255 303//303
f 254//254 303//303 302//302
f 255//255 256//256 304//304
f 255//255 304//304 303//303
f 256//256 257//257 305//305
f 256//256 305//305 304//304
f 257//257 258//258 306//306
f 257//257 306//306 305//305
f 258//258 259//259 307//307
f 258//258 307//307 306//306
f 259//259 260//260 308//308
f 259//259 308//308 307//307
f 260//260 261//261 309//309
f 260//260 309//309 308//308
f 261//261 262//262 310//310
f 261//261 310//310 309//309
f 262//262 263//263 311//311
f 262//262 311//311 310//310
f 263//263 264//264 312//312
f 263//263 312//312 311//311
f 264//264 265//265 313//313
f 264//264 313//313 312//312
f 265//265 266//266 314//314
f 265//265 314//314 313//313
f 266//266 267//267 315//315
f 266//266 315//315 314//314
f 267//267 268//268 316//316
f 267//267 316//316 315//315
f 268//268 269//269 317//317
f 268//268 317//317 316//316
f 269//269 270//270 318//318
f 269//269 318//318 317//317
f 270//270 271//271 319//319
f 270//270 319//319 318//318
f 271//271 272//272 320//320
f 271//271 320//320 319//319
f 272//272 273//273 321//321
f 272//272 321//321 320//320
f 273//273 274//274 322//322
f 273//273 322//322 321//321
f 274//274 275//275 323//323
f 274//274 323//323 322//322
f 275//275 276//276 324//324
f 275//275 324//324 323//323
f 276//276 277//277 325//325
f 276//276 325//325 324//324
f 277//277 278//278 326//326
f 277//277 326//326 325//325
f 278//278 279//279 327//327
f 278//278 327//327 326//326
f 279//279 280//280 328//328
f 279//279 328//328 327//327
f 280//280 281//281 329//329
f 280//280 329//329 328//328
f 281//281 282//282 330//330
f 281//281 330//330 329//329
f 282//282 283//283 331//331
f 282//282 331//331 330//330
f 283//283 284//284 332//332
f 283//283 332//332 331//331
f 284//284 285//285 333//333
f 284//284 333//333 332//332
f 285//285 286//286 334//334
f 285//285 334//334 333//333
f 286//286 287//287 335//335
f 286//286 335//335 334//334
f 287//287 288//288 336//336
f 287//287 336//336 335//335
f 288//288 241//241 289//289
f 288//288 289//289 336//336
f 289//289 290//290 338//338
f 289//289 338//338 337//337
f 290//290 291//291 339//339
f 290//290 339//339 338//338
f 291//291 292//292 340//340
f 291//291 340//340 339//339
f 292//292 293//293 341//341
f 292//292 341//341 340//340
f 293//293 294//294 342//342
f 293//293 342//342 341//341
f 294//294 295//295 343//343
f 294//294 343//343 342//342
f 295//295 296//296 344//344
f 295//295 344//344 343//343
f 296//296 297//297 345//345
f 296//296 345//345 344//344
f 297//297 298//298 346//346
f 297//297 346//346 345//345
f 298//298 299//299 347//347
f 298//298 347//347 346//346
f 299//299 300//300 348//348
f 299//299 348//348 347//347
f 300//300 301//301 349//349
f 300//300 349//349 348//348
f 301//301 302//302 350//350
f 301//301 350//350 349//349
f 302//302 303//303 351//351
f 302//302 351//351 350//350
f 303//303 304//304 352//352
f 303//303 352//352 351//351
f 304//304 305//305 353//353
f 304//304 353//353 352//352
f 305//305 306//306 354//354
f 305//305 354//354 353//353
f 306//306 307//307 355//355
f 306//306 355//355 354//354
f 307//307 308//308 356//356
f 307//307 356//356 355//355
f 308//308 309//309 357//357
f 308//308 357//357 356//356
f 309//309 310//310 358//358
f 309//309 358//358 357//357
f 310//310 311//311 359//359
f 310//310 359//359 358//358
f 311//311 312//312 360//360
f 311//311 360//360 359//359
f 312//312 313//313 361//361
f 312//312 361//361 360//360
f 313//313 314//314 362//362
f 313//313 362//362 361//361
f 314//314 315//315 363//363
f 314//314 363//363 362//362
f 315//315 316//316 364//364
f 315//315 364//364 363//363
f 316//316 317//317 365//365
f 316//316 365//365 364//364
f 317//317 318//318 366//366
f 317//317 366//366 365//365
f 318//318 319//319 367//367
f 318//318 367//367 366//366
f 319//319 320//320 368//368
f 319//319 368//368 367//367
f 320//320 321//321 369//369
f 320//320 369//369 368//368
f 321//321 322//322 370//370
f 321//321 370//370 369//369
f 322//322 323//323 371//371
f 322//322 371//371 370//370
f 323//323 324//324 372//372
f 323//323 372//372 371//371
f 324//324 325//325 373//373
f 324//324 373//373 372//372
f 325//325 326//326 374//374
f 325//325 374//374 373//373
f 326//326 327//327 375//375
f 326//326 375//375 374//374
f 327//327 328//328 376//376
f 327//327 376//376 375//375
f 328//328 329//329 377//377
f 328//328 377//377 376//376
f 329//329 330//330 378//378
f 329//329 378//378 377//377
f 330//330 331//331 379//379
f 330//330 379//379 378//378
f 331//331 332//332 380//380
f 331//331 380//380 379//379
f 332//332 333//333 381//381
f 332//332 381//381 380//380
f 333//333 334//334 382//382
f 333//333 382//382 381//381
f 334//334 335//335 383//383
f 334//334 383//383 382//382
f 335//335 336//336 384//384
f 335//335 384//384 383//383
f 336//336 289//289 337//337
f 336//336 337//337 384//384
f 337//337 338//338 386//386
f 337//337 386//386 385//385
f 338//338 339//339 387//387
f 338//338 387//387 386//386
f 339//339 340//340 388//388
f 339//339 388//388 387//387
f 340//340 341//341 389//389
f 340//340 389//389 388//388
f 341//341 342//342 390//390
f 341//341 390//390 389//389
f 342//342 343//343 391//391
f 342//342 391//391 390//390
f 343//343 344//344 392//392
f 343//343 392//392 391//391
f 344//344 345//345 393//393
f 344//344 393//393 392//392
f 345//345 346//346 394//394
f 345//345 394//394 393//393
f 346//346 347//347 395//395
f 346//346 395//395 394//394
f 347//347 348//348 396//396
f 347//347 396//396 395//395
f 348//348 349//349 397//397
f 348//348 397//397 396//396
f 349//349 350//350 398//398
f 349//349 398//398 397//397
f 350//350 351//351 399//399
f 350//350 399//399 398//398
f 351//351 352//352 400//400
f 351//351 400//400 399//399
f 352//352 353//353 401//401
f 352//352 401//401 400//400
f 353//353 354//354 402//402
f 353//353 402//402 401//401
f 354//354 355//355 403//403
f 354//354 403//403 402//402
f 355//355 356//356 404//404
f 355//355 404//404 403//403
f 356//356 357//357 405//405
f 356//356 405//405 404//404
f 357//357 358//358 406//406
f 357//357 406//406 405//405
f 358//358 359//359 407//407
f 358//358 407//407 406//406
f 359//359 360//360 408//408
f 359//359 408//408 407//407
f 360//360 361//361 409//409
f 360//360 409//409 408//408
f 361//361 362//362 410//410
f 361//361 410//410 409//409
f 362//362 363//363 411//411
f 362//362 411//411 410//410
f 363//363 364//364 412//412
f 363//363 412//412 411//411
f 364//364 365//365 413//413
f 364//364 413//413 412//412
f 365//365 366//366 414//414
f 365//365 414//414 413//413
f 366//366 367//367 415//415
f 366//366 415//415 414//414
f 367//367 368//368 416//416
f 367//367 416//416 415//415
f 368//368 369//369 417//417
f 368//368 417//417 416//416
f 369//369 370//370 418//418
f 369//369 418//418 417//417
f 370//370 371//371 419//419
f 370//370 419//419 418//418
f 371//371 372//372 420//420
f 371//371 420//420 419//419
f 372//372 373//373 421//421
f 372//372 421//421 420//420
f 373//373 374//374 422//422
f 373//373 422//422 421//421
f 374//374 375//375 423//423
f 374//374 423//423 422//422
f 375//375 376//376 424//424
f 375//375 424//424 423//423
f 376//376 377//377 425//425
f 376//376 425//425 424//424
f 377//377 378//378 426//426
f 377//377 426//426 425//425
f 378//378 379//379 427//427
f 378//378 427//427 426//426
f 379//379 380//380 428//428
f 379//379 428//428 427//427
f 380//380 381//381 429//429
f 380//380 429//429 428//428
f 381//381 382//382 430//430
f 381//381 430//430 429//429
f 382//382 383//383 431//431
f 382//382 431//431 430//430
f 383//383 384//384 432//432
f 383//383 432//432 431//431
f 384//384 337//337 385//385
f 384//384 385//385 432//432
f 385//385 386//386 434//434
f 385//385 434//434 433//433
f 386//386 387//387 435//435
f 386//386 435//435 434//434
f 387//387 388//388 436//436
f 387//387 436//436 435//435
f 388//388 389//389 437//437
f 388//388 437//437 436//436
f 389//389 390//390 438//438
f 389//389 438//438 437//437
f 390//390 391//391 439//439
f 390//390 439//439 438//438
f 391//391 392//392 440//440
f 391//391 440//440 439//439
f 392//392 393//393 441//441
f 392//392 441//441 440//440
f 393//393 394//394 442//442
f 393//393 442//442 441//441
f 394//394 395//395 443//443
f 394//394 443//443 442//442
f 395//395 396//396 444//444
f 395//395 444//444 443//443
f 396//396 397//397 445//445
f 396//396 445//445 444//444
f 397//397 398//398 446//446
f 397//397 446//446 445//445
f 398//398 399//399 447//447
f 398//398 447//447 446//446
f 399//399 400//400 448//448
f 399//399 448//448 447//447
f 400//400 401//401 449//449
f 400//400 449//449 448//448
f 401//401 402//402 450//450
f 401//401 450//450 449//449
f 402//402 403//403 451//451
f 402//402 451//451 450//450
f 403//403 404//404 452//452
f 403//403 452//452 451//451
f 404//404 405//405 453//453
f 404//404 453//453 452//452
f 405//405 406//406 454//454
f 405//405 454//454 453//453
f 406//406 407//407 455//455
f 406//406 455//455 454//454
f 407//407 408//408 456//456
f 407//407 456//456 455//455
f 408//408 409//409 457//457
f 408//408 457//457 456//456
f 409//409 410//410 458//458
f 409//409 458//458 457//457
f 410//410 411//411 459//459
f 410//410 459//459 458//458
f 411//411 412//412 460//460
f 411//411 460//460 459//459
f 412//412 413//413 461//461
f 412//412 461//461 460//460
f 413//413 414//414 462//462
f 413//413 462//462 461//461
f 414//414 415//415 463//463
f 414//414 463//463 462//462
f 415//415 416//416 464//464
f 415//415 464//464 463//463
f 416//416 417//417 465//465
f 416//416 465//465 464//464
f 417//417 418//418 466//466
f 417//417 466//466 465//465
f 418//418 419//419 467//467
f 418//418 467//467 466//466
f 419//419 420//420 468//468
f 419//419 468//468 467//467
f 420//420 421//421 469//469
f 420//420 469//469 468//468
f 421//421 422//422 470//470
f 421//421 470//470 469//469
f 422//422 423//423 471//471
f 422//422 471//471 470//470
f 423//423 424//424 472//472
f 423//423 472//472 471//471
f 424//424 425//425 473//473
f 424//424 473//473 472//472
f 425//425 426//426 474//474
f 425//425 474//474 473//473
f 426//426 427//427 475//475
f 426//426 475//475 474//474
f 427//427 428//428 476//476
f 427//427 476//476 475//475
f 428//428 429//429 477//477
f 428//428 477//477 476//476
f 429//429 430//430 478//478
f 429//429 478//478 477//477
f 430//430 431//431 479//479
f 430//430 479//479 478//478
f 431//431 432//432 480//480
f 431//431 480//480 479//479
f 432//432 385//385 433//433
f 432//432 433//433 480//480
f 433//433 434//434 482//482
f 433//433 482//482 481//481
f 434//434 435//435 483//483
f 434//434 483//483 482//482
f 435//435 436//436 484//484
f 435//435 484//484 483//483
f 436//436 437//437 485//485
f 436//436 485//485 484//484
f 437//437 438//438 486//486
f 437//437 486//486 485//485
f 438//438 439//439 487//487
f 438//438 487//487 486//486
f 439//439 440//440 488//488
f 439//439 488//488 487//487
f 440//440 441//441 489//489
f 440//440 489//489 488//488
f 441//441 442//442 490//490
f 441//441 490//490 489//489
f 442//442 443//443 491//491
f 442//442 491//491 490//490
f 443//443 444//444 492//492
f 443//443 492//492 491//491
f 444//444 445//445 493//493
f 444//444 493//493 492//492
f 445//445 446//446 494//494
f 445//445 494//494 493//493
f 446//446 447//447 495//495
f 446//446 495//495 494//494
f 447//447 448//448 496//496
f 447//447 496//496 495//495
f 448//448 449//449 497//497
f 448//448 497//497 496//496
f 449//449 450//450 498//498
f 449//449 498//498 497//497
f 450//450 451//451 499//499
f 450//450 499//499 498//498
f 451//451 452//452 500//500
f 451//451 500//500 499//499
f 452//452 453//453 501//501
f 452//452 501//501 500//500
f 453//453 454//454 502//502
f 453//453 502//502 501//501
f 454//454 455//455 503//503
f 454//454 503//503 502//502
f 455//455 456//456 504//504
f 455//455 504//504 503//503
f 456//456 457//457 505//505
f 456//456 505//505 504//504
f 457//457 458//458 506//506
f 457//457 506//506 505//505
f 458//458 459//459 507//507
f 458//458 507//507 506//506
f 459//459 460//460 508//508
f 459//459 508//508 507//507
f 460//460 461//461 509//509
f 460//460 509//509 508//508
f 461//461 462//462 510//510
f 461//461 510//510 509//509
f 462//462 463//463 511//511
f 462//462 511//511 510//510
f 463//463 464//464 512//512
f 463//463 512//512 511//511
f 464//464 465//465 513//513
f 464//464 513//513 512//512
f 465//465 466//466 514//514
f 465//465 514//514 513//513
f 466//466 467//467 515//515
f 466//466 515//515 514//514
f 467//467 468//468 516//516
f 467//467 516//516 515//515
f 468//468 469//469 517//517
f 468//468 517//517 516//516
f 469//469 470//470 518//518
f 469//469 518//518 517//517
f 470//470 471//471 519//519
f 470//470 519//519 518//518
f 471//471 472//472 520//520
f 471//471 520//520 519//519
f 472//472 473//473 521//521
f 472//472 521//521 520//520
f 473//473 474//474 522//522
f 473//473 522//522 521//521
f 474//474 475//475 523//523
f 474//474 523//523 522//522
f 475//475 476//476 524//524
f 475//475 524//524 523//523
f 476//476 477//477 525//525
f 476//476 525//525 524//524
f 477//477 478//478 526//526
f 477//477 526//526 525//525
f 478//478 479//479 527//527
f 478//478 527//527 526//526
f 479//479 480//480 528//528
f 479//479 528//528 527//527
f 480//480 433//433 481//481
f 480//480 481//481 528//528
f 481//481 482//482 530//530
f 481//481 530//530 529//529
f 482//482 483//483 531//531
f 482//482 531//531 530//530
f 483//483 484//484 532//532
f 483//483 532//532 531//531
f 484//484 485//485 533//533
f 484//484 533//533 532//532
f 485//485 486//486 534//534
f 485//485 534//534 533//533
f 486//486 487//487 535//535
f 486//486 535//535 534//534
f 487//487 488//488 536//536
f 487//487 536//536 535//535
f 488//488 489//489 537//537
f 488//488 537//537 536//536
f 489//489 490//490 538//538
f 489//489 538//538 537//537
f 490//490 491//491 539//539
f 490//490 539//539 538//538
f 491//491 492//492 540//540
f 491//491 540//540 539//539
f 492//492 493//493 541//541
f 492//492 541//541 540//540
f 493//493 494//494 542//542
f 493//493 542//542 541//541
f 494//494 495//495 543//543
f 494//494 543//543 542//542
f 495//495 496//496 544//544
f 495//495 544//544 543//543
f 496//496 497//497 545//545
f 496//496 545//545 544//544
f 497//497 498//498 546//546
f 497//497 546//546 545//545
f 498//498 499//499 547//547
f 498//498 547//547 546//546
f 499//499 500//500 548//548
f 499//499 548//548 547//547
f 500//500 501//501 549//549
f 500//500 549//549 548//548
f 501//501 502//502 550//550
f 501//501 550//550 549//549
f 502//502 503//503 551//551
f 502//502 551//551 550//550
f 503//503 504//504 552//552
f 503//503 552//552 551//551
f 504//504 505//505 553//553
f 504//504 553//553 552//552
f 505//505 506//506 554//554
f 505//505 554//554 553//553
f 506//506 507//507 555//555
f 506//506 555//555 554//554
f 507//507 508//508 556//556
f 507//507 556//556 555//555
f 508//508 509//509 557//557
f 508//508 557//557 556//556
f 509//509 510//510 558//558
f 509//509 558//558 557//557
f 510//510 511//511 559//559
f 510//510 559//559 558//558
f 511//511 512//512 560//560
f 511//511 560//560 559//559
f 512//512 513//513 561//561
f 512//512 561//561 560//560
f 513//513 514//514 562//562
f 513//513 562//562 561//561
f 514//514 515//515 563//563
f 514//514 563//563 562//562
f 515//515 516//516 564//564
f 515//515 564//564 563//563
f 516//516 517//517 565//565
f 516//516 565//565 564//564
f 517//517 518//518 566//566
f 517//517 566//566 565//565
f 518//518 519//519 567//567
f 518//518 567//567 566//566
f 519//519 520//520 568//568
f 519//519 568//568 567//567
f 520//520 521//521 569//569
f 520//520 569//569 568//568
f 521//521 522//522 570//570
f 521//521 570//570 569//569
f 522//522 523//523 571//571
f 522//522 571//571 570//570
f 523//523 524//524 572//572
f 523//523 572//572 571//571
f 524//524 525//525 573//573
f 524//524 573//573 572//572
f 525//525 526//526 574//574
f 525//525 574//574 573//573
f 526//526 527//527 575//575
f 526//526 575//575 574//574
f 527//527 528//528 576//576
f 527//527 576//576 575//575
f 528//528 481//481 529//529
f 528//528 529//529 576//576
f 529//529 530//530 578//578
f 529//529 578//578 577//577
f 530//530 531//531 579//579
f 530//530 579//579 578//578
f 531//531 532//532 580//580
f 531//531 580//580 579//579
f 532//532 533//533 581//581
f 532//532 581//581 580//580
f 533//533 534//534 582//582
f 533//533 582//582 581//581
f 534//534 535//535 583//583
f 534//534 583//583 582//582
f 535//535 536//536 584//584
f 535//535 584//584 583//583
f 536//536 537//537 585//585
f 536//536 585//585 584//584
f 537//537 538//538 586//586
f 537//537 586//586 585//585
f 538//538 539//539 587//587
f 538//538 587//587 586//586
f 539//539 540//540 588//588
f 539//539 588//588 587//587
f 540//540 541//541 589//589
f 540//540 589//589 588//588
f 541//541 542//542 590//590
f 541//541 590//590 589//589
f 542//542 543//543 591//591
f 542//542 591//591 590//590
f 543//543 544//544 592//592
f 543//543 592//592 591//591
f 544//544 545//545 593//593
f 544//544 593//593 592//592
f 545//545 546//546 594//594
f 545//545 594//594 593//593
f 546//546 547//547 595//595
f 546//546 595//595 594//594
f 547//547 548//548 596//596
f 547//547 596//596 595//595
f 548//548 549//549 597//597
f 548//548 597//597 596//596
f 549//549 550//550 598//598
f 549//549 598//598 597//597
f 550//550 551//551 599//599
f 550//550 599//599 598//598
f 551//551 552//552 600//600
f 551//551 600//600 599//599
f 552//552 553//553 601//601
f 552//552 601//601 600//600
f 553//553 554//554 602//602
f 553//553 602//602 601//601
f 554//554 555//555 603//603
f 554//554 603//603 602//602
f 555//555 556//556 604//604
f 555//555 604//604 603//603
f 556//556 557//557 605//605
f 556//556 605//605 604//604
f 557//557 558//558 606//606
f 557//557 606//606 605//605
f 558//558 559//559 607//607
f 558//558 607//607 606//606
f 559//559 560//560 608//608
f 559//559 608//608 607//607
f 560//560 561//561 609//609
f 560//560 609//609 608//608
f 561//561 562//562 610//610
f 561//561 610//610 609//609
f 562//562 563//563 611//611
f 562//562 611//611 610//610
f 563//563 564//564 612//612
f 563//563 612//612 611//611
f 564//564 565//565 613//613
f 564//564 613//613 612//612
f 565//565 566//566 614//614
f 565//565 614//614 613//613
f 566//566 567//567 615//615
f 566//566 615//615 614//614
f 567//567 568//568 616//616
f 567//567 616//616 615//615
f 568//568 569//569 617//617
f 568//568 617//617 616//616
f 569//569 570//570 618//618
f 569//569 618//618 617//617
f 570//570 571//571 619//619
f 570//570 619//619 618//618
f 571//571 572//572 620//620
f 571//571 620//620 619//619
f 572//572 573//573 621//621
f 572//572 621//621 620//620
f 573//573 574//574 622//622
f 573//573 622//622 621//621
f 574//574 575//575 623//623
f 574//574 623//623 622//622
f 575//575 576//576 624//624
f 575//575 624//624 623//623
f 576//576 529//529 577//577
f 576//576 577//577 624//624
f 577//577 578//578 626//626
f 577//577 626//626 625//625
f 578//578 579//579 627//627
f 578//578 627//627 626//626
f 579//579 580//580 628//628
f 579//579 628//628 627//627
f 580//580 581//581 629//629
f 580//580 629//629 628//628
f 581//581 582//582 630//630
f 581//581 630//630 629//629
f 582//582 583//583 631//631
f 582//582 631//631 630//630
f 583//583 584//584 632//632
f 583//583 632//632 631//631
f 584//584 585//585 633//633
f 584//584 633//633 632//632
f 585//585 586//586 634//634
f 585//585 634//634 633//633
f 586//586 587//587 635//635
f 586//586 635//635 634//634
f 587//587 588//588 636//636
f 587//587 636//636 635//635
f 588//588 589//589 637//637
f 588//588 637//637 636//636
f 589//589 590//590 638//638
f 589//589 638//638 637//637
f 590//590 591//591 639//639
f 590//590 639//639 638//638
f 591//591 592//592 640//640
f 591//591 640//640 639//639
f 592//592 593//593 641//641
f 592//592 641//641 640//640
f 593//593 594//594 642//642
f 593//593 642//642 641//641
f 594//594 595//595 643//643
f 594//594 643//643 642//642
f 595//595 596//596 644//644
f 595//595 644//644 643//643
f 596//596 597//597 645//645
f 596//596 645//645 644//644
f 597//597 598//598 646//646
f 597//597 646//646 645//645
f 598//598 599//599 647//647
f 598//598 647//647 646//646
f 599//599 600//600 648//648
f 599//599 648//648 647//647
f 600//600 601//601 649//649
f 600//600 649//649 648//648
f 601//601 602//602 650//650
f 601//601 650//650 649//649
f 602//602 603//603 651//651
f 602//602 651//651 650//650
f 603//603 604//604 652//652
f 603//603 652//652 651//651
f 604//604 605//605 653//653
f 604//604 653//653 652//652
f 605//605 606//606 654//654
f 605//605 654//654 653//653
f 606//606 607//607 655//655
f 606//606 655//655 654//654
f 607//607 608//608 656//656
f 607//607 656//656 655//655
f 608//608 609//609 657//657
f 608//608 657//657 656//656
f 609//609 610//610 658//658
f 609//609 658//658 657//657
f 610//610 611//611 659//659
f 610//610 659//659 658//658
f 611//611 612//612 660//660
f 611//611 660//660 659//659
f 612//612 613//613 661//661
f 612//612 661//661 660//660
f 613//613 614//614 662//662
f 613//613 662//662 661//661
f 614//614 615//615 663//663
f 614//614 663//663 662//662
f 615//615 616//616 664//664
f 615//615 664//664 663//663
f 616//616 617//617 665//665
f 616//616 665//665 664//664
f 617//617 618//618 666//666
f 617//617 666//666 665//665
f 618//618 619//619 667//667
f 618//618 667//667 666//666
f 619//619 620//620 668//668
f 619//619 668//668 667//667
f 620//620 621//621 669//669
f 620//620 669//669 668//668
f 621//621 622//622 670//670
f 621//621 670//670 669//669
f 622//622 623//623 671//671
f 622//622 671//671 670//670
f 623//623 624//624 672//672
f 623//623 672//672 671//671
f 624//624 577//577 625//625
f 624//624 625//625 672//672
f 625//625 626//626 674//674
f 625//625 674//674 673//673
f 626//626 627//627 675//675
f 626//626 675//675 674//674
f 627//627 628//628 676//676
f 627//627 676//676 675//675
f 628//628 629//629 677//677
f 628//628 677//677 676//676
f 629//629 630//630 678//678
f 629//629 678//678 677//677
f 630//630 631//631 679//679
f 630//630 679//679 678//678
f 631//631 632//632 680//680
f 631//631 680//680 679//679
f 632//632 633//633 681//681
f 632//632 681//681 680//680
f 633//633 634//634 682//682
f 633//633 682//682 681//681
f 634//634 635//635 683//683
f 634//634 683//683 682//682
f 635//635 636//636 684//684
f 635//635 684//684 683//683
f 636//636 637//637 685//685
f 636//636 685//685 684//684
f 637//637 638//638 686//686
f 637//637 686//686 685//685
f 638//638 639//639 687//687
f 638//638 687//687 686//686
f 639//639 640//640 688//688
f 639//639 688//688 687//687
f 640//640 641//641 689//689
f 640//640 689//689 688//688
f 641//641 642//642 690//690
f 641//641 690//690 689//689
f 642//642 643//643 691//691
f 642//642 691//691 690//690
f 643//643 644//644 692//692
f 643//643 692//692 691//691
f 644//644 645//645 693//693
f 644//644 693//693 692//692
f 645//645 646//646 694//694
f 645//645 694//694 693//693
f 646//646 647//647 695//695
f 646//646 695//695 694//694
f 647//647 648//648 696//696
f 647//647 696//696 695//695
f 648//648 649//649 697//697
f 648//648 697//697 696//696
f 649//649 650//650 698//698
f 649//649 698//698 697//697
f 650//650 651//651 699//699
f 650//650 699//699 698//698
f 651//651 652//652 700//700
f 651//651 700//700 699//699
f 652//652 653//653 701//701
f 652//652 701//701 700//700
f 653//653 654//654 702//702
f 653//653 702//702 701//701
f 654//654 655//655 703//703
f 654//654 703//703 702//702
f 655//655 656//656 704//704
f 655//655 704//704 703//703
f 656//656 657//657 705//705
f 656//656 705//705 704//704
f 657//657 658//658 706//706
f 657//657 706//706 705//705
f 658//658 659//659 707//707
f 658//658 707//707 706//706
f 659//659 660//660 708//708
f 659//659 708//708 707//707
f 660//660 661//661 709//709
f 660//660 709//709 708//708
f 661//661 662//662 710//710
f 661//661 710//710 709//709
f 662//662 663//663 711//711
f 662//662 711//711 710//710
f 663//663 664//664 712//712
f 663//663 712//712 711//711
f 664//664 665//665 713//713
f 664//664 713//713 712//712
f 665//665 666//666 714//714
f 665//665 714//714 713//713
f 666//666 667//667 715//715
f 666//666 715//715 714//714
f 667//667 668//668 716//716
f 667//667 716//716 715//715
f 668//668 669//669 717//717
f 668//668 717//717 716//716
f 669//669 670//670 718//718
f 669//669 718//718 717//717
f 670//670 671//671 719//719
f 670//670 719//719 718//718
f 671//671 672//672 720//720
f 671//671 720//720 719//719
f 672//672 625//625 673//673
f 672//672 673//673 720//720
f 673//673 674//674 722//722
f 673//673 722//722 721//721
f 674//674 675//675 723//723
f 674//674 723//723 722//722
f 675//675 676//676 724//724
f 675//675 724//724 723//723
f 676//676 677//677 725//725
f 676//676 725//725 724//724
f 677//677 678//678 726//726
f 677//677 726//726 725//725
f 678//678 679//679 727//727
f 678//678 727//727 726//726
f 679//679 680//680 728//728
f 679//679 728//728 727//727
f 680//680 681//681 729//729
f 680//680 729//729 728//728
f 681//681 682//682 730//730
f 681//681 730//730 729//729
f 682//682 683//683 731//731
f 682//682 731//731 730//730
f 683//683 684//684 732//732
f 683//683 732//732 731//731
f 684//684 685//685 733//733
f 684//684 733//733 732//732
f 685//685 686//686 734//734
f 685//685 734//734 733//733
f 686//686 687//687 735//735
f 686//686 735//735 734//734
f 687//687 688//688 736//736
f 687//687 736//736 735//735
f 688//688 689//689 737//737
f 688//688 737//737 736//736
f 689//689 690//690 738//738
f 689//689 738//738 737//737
f 690//690 691//691 739//739
f 690//690 739//739 738//738
f 691//691 692//692 740//740
f 691//691 740//740 739//739
f 692//692 693//693 741//741
f 692//692 741//741 740//740
f 693//693 694//694 742//742
f 693//693 742//742 741//741
f 694//694 695//695 743//743
f 694//694 743//743 742//742
f 695//695 696//696 744//744
f 695//695 744//744 743//743
f 696//696 697//697 745//745
f 696//696 745//745 744//744
f 697//697 698//698 746//746
f 697//697 746//746 745//745
f 698//698 699//699 747//747
f 698//698 747//747 746//746
f 699//699 700//700 748//748
f 699//699 748//748 747//747
f 700//700 701//701 749//749
f 700//700 749//749 748//748
f 701//701 702//702 750//750
f 701//701 750//750 749//749
f 702//702 703//703 751//751
f 702//702 751//751 750//750
f 703//703 704//704 752//752
f 703//703 752//752 751//751
f 704//704 705//705 753//753
f 704//704 753//753 752//752
f 705//705 706//706 754//754
f 705//705 754//754 753//753
f 706//706 707//707 755//755
f 706//706 755//755 754//754
f 707//707 708//708 756//756
f 707//707 756//756 755//755
f 708//708 709//709 757//757
f 708//708 757//757 756//756
f 709//709 710//710 758//758
f 709//709 758//758 757//757
f 710//710 711//711 759//759
f 710//710 759//759 758//758
f 711//711 712//712 760//760
f 711//711 760//760 759//759
f 712//712 713//713 761//761
f 712//712 761//761 760//760
f 713//713 714//714 762//762
f 713//713 762//762 761//761
f 714//714 715//715 763//763
f 714//714 763//763 762//762
f 715//715 716//716 764//764
f 715//715 764//764 763//763
f 716//716 717//717 765//765
f 716//716 765//765 764//764
f 717//717 718//718 766//766
f 717//717 766//766 765//765
f 718//718 719//719 767//767
f 718//718 767//767 766//766
f 719//719 720//720 768//768
f 719//719 768//768 767//767
f 720//720 673//673 721//721
f 720//720 721//721 768//768
f 721//721 722//722 770//770
f 721//721 770//770 769//769
f 722//722 723//723 771//771
f 722//722 771//771 770//770
f 723//723 724//724 772//772
f 723//723 772//772 771//771
f 724//724 725//725 773//773
f 724//724 773//773 772//772
f 725//725 726//726 774//774
f 725//725 774//774 773//773
f 726//726 727//727 775//775
f 726//726 775//775 774//774
f 727//727 728//728 776//776
f 727//727 776//776 775//775
f 728//728 729//729 777//777
f 728//728 777//777 776//776
f 729//729 730//730 778//778
f 729//729 778//778 777//777
f 730//730 731//731 779//779
f 730//730 779//779 778//778
f 731//731 732//732 780//780
f 731//731 780//780 779//779
f 732//732 733//733 781//781
f 732//732 781//781 780//780
f 733//733 734//734 782//782
f 733//733 782//782 781//781
f 734//734 735//735 783//783
f 734//734 783//783 782//782
f 735//735 736//736 784//784
f 735//735 784//784 783//783
f 736//736 737//737 785//785
f 736//736 785//785 784//784
f 737//737 738//738 786//786
f 737//737 786//786 785//785
f 738//738 739//739 787//787
f 738//738 787//787 786//786
f 739//739 740//740 788//788
f 739//739 788//788 787//787
f 740//740 741//741 789//789
f 740//740 789//789 788//788
f 741//741 742//742 790//790
f 741//741 790//790 789//789
f 742//742 743//743 791//791
f 742//742 791//791 790//790
f 743//743 744//744 792//792
f 743//743 792//792 791//791
f 744//744 745//745 793//793
f 744//744 793//793 792//792
f 745//745 746//746 794//794
f 745//745 794//794 793//793
f 746//746 747//747 795//795
f 746//746 795//795 794//794
f 747//747 748//748 796//796
f 747//747 796//796 795//795
f 748//748 749//749 797//797
f 748//748 797//797 796//796
f 749//749 750//750 798//798
f 749//749 798//798 797//797
f 750//750 751//751 799//799
f 750//750 799//799 798//798
f 751//751 752//752 800//800
f 751//751 800//800 799//799
f 752//752 753//753 801//801
f 752//752 801//801 800//800
f 753//753 754//754 802//802
f 753//753 802//802 801//801
f 754//754 755//755 803//803
f 754//754 803//803 802//802
f 755//755 756//756 804//804
f 755//755 804//804 803//803
f 756//756 757//757 805//805
f 756//756 805//805 804//804
f 757//757 758//758 806//806
f 757//757 806//806 805//805
f 758//758 759//759 807//807
f 758//758 807//807 806//806
f 759//759 760//760 808//808
f 759//759 808//808 807//807
f 760//760 761//761 809//809
f 760//760 809//809 808//808
f 761//761 762//762 810//810
f 761//761 810//810 809//809
f 762//762 763//763 811//811
f 762//762 811//811 810//810
f 763//763 764//764 812//812
f 763//763 812//812 811//811
f 764//764 765//765 813//813
f 764//764 813//813 812//812
f 765//765 766//766 814//814
f 765//765 814//814 813//813
f 766//766 767//767 815//815
f 766//766 815//815 814//814
f 767//767 768//768 816//816
f 767//767 816//816 815//815
f 768//768 721//721 769//769
f 768//768 769//769 816//816
f 769//769 770//770 818//818
f 769//769 818//818 817//817
f 770//770 771//771 819//819
f 770//770 819//819 818//818
f 771//771 772//772 820//820
f 771//771 820//820 819//819
f 772//772 773//773 821//821
f 772//772 821//821 820//820
f 773//773 774//774 822//822
f 773//773 822//822 821//821
f 774//774 775//775 823//823
f 774//774 823//823 822//822
f 775//775 776//776 824//824
f 775//775 824//824 823//823
f 776//776 777//777 825//825
f 776//776 825//825 824//824
f 777//777 778//778 826//826
f 777//777 826//826 825//825
f 778//778 779//779 827//827
f 778//778 827//827 826//826
f 779//779 780//780 828//828
f 779//779 828//828 827//827
f 780//780 781//781 829//829
f 780//780 829//829 828//828
f 781//781 782//782 830//830
f 781//781 830//830 829//829
f 782//782 783//783 831//831
f 782//782 831//831 830//830
f 783//783 784//784 832//832
f 783//783 832//832 831//831
f 784//784 785//785 833//833
f 784//784 833//833 832//832
f 785//785 786//786 834//834
f 785//785 834//834 833//833
f 786//786 787//787 835//835
f 786//786 835//835 834//834
f 787//787 788//788 836//836
f 787//787 836//836 835//835
f 788//788 789//789 837//837
f 788//788 837//837 836//836
f 789//789 790//790 838//838
f 789//789 838//838 837//837
f 790//790 791//791 839//839
f 790//790 839//839 838//838
f 791//791 792//792 840//840
f 791//791 840//840 839//839
f 792//792 793//793 841//841
f 792//792 841//841 840//840
f 793//793 794//794 842//842
f 793//793 842//842 841//841
f 794//794 795//795 843//843
f 794//794 843//843 842//842
f 795//795 796//796 844//844
f 795//795 844//844 843//843
f 796//796 797//797 845//845
f 796//796 845//845 844//844
f 797//797 798//798 846//846
f 797//797 846//846 845//845
f 798//798 799//799 847//847
f 798//798 847//847 846//846
f 799//799 800//800 848//848
f 799//799 848//848 847//847
f 800//800 801//801 849//849
f 800//800 849//849 848//848
f 801//801 802//802 850//850
f 801//801 850//850 849//849
f 802//802 803//803 851//851
f 802//802 851//851 850//850
f 803//803 804//804 852//852
f 803//803 852//852 851//851
f 804//804 805//805 853//853
f 804//804 853//853 852//852
f 805//805 806//806 854//854
f 805//805 854//854 853//853
f 806//806 807//807 855//855
f 806//806 855//855 854//854
f 807//807 808//808 856//856
f 807//807 856//856 855//855
f 808//808 809//809 857//857
f 808//808 857//857 856//856
f 809//809 810//810 858//858
f 809//809 858//858 857//857
f 810//810 811//811 859//859
f 810//810 859//859 858//858
f 811//811 812//812 860//860
f 811//811 860//860 859//859
f 812//812 813//813 861//861
f 812//812 861//861 860//860
f 813//813 814//814 862//862
f 813//813 862//862 861//861
f 814//814 815//815 863//863
f 814//814 863//863 862//862
f 815//815 816//816 864//864
f 815//815 864//864 863//863
f 816//816 769//769 817//817
f 816//816 817//817 864//864
f 817//817 818//818 866//866
f 817//817 866//866 865//865
f 818//818 819//819 867//867
f 818//818 867//867 866//866
f 819//819 820//820 868//868
f 819//819 868//868 867//867
f 820//820 821//821 869//869
f 820//820 869//869 868//868
f 821//821 822//822 870//870
f 821//821 870//870 869//869
f 822//822 823//823 871//871
f 822//822 871//871 870//870
f 823//823 824//824 872//872
f 823//823 872//872 871//871
f 824//824 825//825 873//873
f 824//824 873//873 872//872
f 825//825 826//826 874//874
f 825//825 874//874 873//873
f 826//826 827//827 875//875
f 826//826 875//875 874//874
f 827//827 828//828 876//876
f 827//827 876//876 875//875
f 828//828 829//829 877//877
f 828//828 877//877 876//876
f 829//829 830//830 878//878
f 829//829 878//878 877//877
f 830//830 831//831 879//879
f 830//830 879//879 878//878
f 831//831 832//832 880//880
f 831//831 880//880 879//879
f 832//832 833//833 881//881
f 832//832 881//881 880//880
f 833//833 834//834 882//882
f 833//833 882//882 881//881
f 834//834 835//835 883//883
f 834//834 883//883 882//882
f 835//835 836//836 884//884
f 835//835 884//884 883//883
f 836//836 837//837 885//885
f 836//836 885//885 884//884
f 837//837 838//838 886//886
f 837//837 886//886 885//885
f 838//838 839//839 887//887
f 838//838 887//887 886//886
f 839//839 840//840 888//888
f 839//839 888//888 887//887
f 840//840 841//841 889//889
f 840//840 889//889 888//888
f 841//841 842//842 890//890
f 841//841 890//890 889//889
f 842//842 843//843 891//891
f 842//842 891//891 890//890
f 843//843 844//844 892//892
f 843//843 892//892 891//891
f 844//844 845//845 893//893
f 844//844 893//893 892//892
f 845//845 846//846 894//894
f 845//845 894//894 893//893
f 846//846 847//847 895//895
f 846//846 895//895 894//894
f 847//847 848//848 896//896
f 847//847 896//896 895//895
f 848//848 849//849 897//897
f 848//848 897//897 896//896
f 849//849 850//850 898//898
f 849//849 898//898 897//897
f 850//850 851//851 899//899
f 850//850 899//899 898//898
f 851//851 852//852 900//900
f 851//851 900//900 899//899
f 852//852 853//853 901//901
f 852//852 901//901 900//900
f 853//853 854//854 902//902
f 853//853 902//902 901//901
f 854//854 855//855 903//903
f 854//854 903//903 902//902
f 855//855 856//856 904//904
f 855//855 904//904 903//903
f 856//856 857//857 905//905
f 856//856 905//905 904//904
f 857//857 858//858 906//906
f 857//857 906//906 905//905
f 858//858 859//859 907//907
f 858//858 907//907 906//906
f 859//859 860//860 908//908
f 859//859 908//908 907//907
f 860//860 861//861 909//909
f 860//860 909//909 908//908
f 861//861 862//862 910//910
f 861//861 910//910 909//909
f 862//862 863//863 911//911
f 862//862 911//911 910//910
f 863//863 864//864 912//912
f 863//863 912//912 911//911
f 864//864 817//817 865//865
f 864//864 865//865 912//912
f 865//865 866//866 914//914
f 865//865 914//914 913//913
f 866//866 867//867 915//915
f 866//866 915//915 914//914
f 867//867 868//868 916//916
f 867//867 916//916 915//915
f 868//868 869//869 917//917
f 868//868 917//917 916//916
f 869//869 870//870 918//918
f 869//869 918//918 917//917
f 870//870 871//871 919//919
f 870//870 919//919 918//918
f 871//871 872//872 920//920
f 871//871 920//920 919//919
f 872//872 873//873 921//921
f 872//872 921//921 920//920
f 873//873 874//874 922//922
f 873//873 922//922 921//921
f 874//874 875//875 923//923
f 874//874 923//923 922//922
f 875//875 876//876 924//924
f 875//875 924//924 923//923
f 876//876 877//877 925//925
f 876//876 925//925 924//924
f 877//877 878//878 926//926
f 877//877 926//926 925//925
f 878//878 879//879 927//927
f 878//878 927//927 926//926
f 879//879 880//880 928//928
f 879//879 928//928 927//927
f 880//880 881//881 929//929
f 880//880 929//929 928//928
f 881//881 882//882 930//930
f 881//881 930//930 929//929
f 882//882 883//883 931//931
f 882//882 931//931 930//930
f 883//883 884//884 932//932
f 883//883 932//932 931//931
f 884//884 885//885 933//933
f 884//884 933//933 932//932
f 885//885 886//886 934//934
f 885//885 934//934 933//933
f 886//886 887//887 935//935
f 886//886 935//935 934//934
f 887//887 888//888 936//936
f 887//887 936//936 935//935
f 888//888 889//889 937//937
f 888//888 937//937 936//936
f 889//889 890//890 938//938
f 889//889 938//938 937//937
f 890//890 891//891 939//939
f 890//890 939//939 938//938
f 891//891 892//892 940//940
f 891//891 940//940 939//939
f 892//892 893//893 941//941
f 892//892 941//941 940//940
f 893//893 894//894 942//942
f 893//893 942//942 941//941
f 894//894 895//895 943//943
f 894//894 943//943 942//942
f 895//895 896//896 944//944
f 895//895 944//944 943//943
f 896//896 897//897 945//945
f 896//896 945//945 944//944
f 897//897 898//898 946//946
f 897//897 946//946 945//945
f 898//898 899//899 947//947
f 898//898 947//947 946//946
f 899//899 900//900 948//948
f 899//899 948//948 947//947
f 900//900 901//901 949//949
f 900//900 949//949 948//948
f 901//901 902//902 950//950
f 901//901 950//950 949//949
f 902//902 903//903 951//951
f 902//902 951//951 950//950
f 903//903 904//904 952//952
f 903//903 952//952 951//951
f 904//904 905//905 953//953
f 904//904 953//953 952//952
f 905//905 906//906 954//954
f 905//905 954//954 953//953
f 906//906 907//907 955//955
f 906//906 955//955 954//954
f 907//907 908//908 956//956
f 907//907 956//956 955//955
f 908//908 909//909 957//957
f 908//908 957//957 956//956
f 909//909 910//910 958//958
f 909//909 958//958 957//957
f 910//910 911//911 959//959
f 910//910 959//959 958//958
f 911//911 912//912 960//960
f 911//911 960//960 959//959
f 912//912 865//865 913//913
f 912//912 913//913 960//960
f 913//913 914//914 962//962
f 913//913 962//962 961//961
f 914//914 915//915 963//963
f 914//914 963//963 962//962
f 915//915 916//916 964//964
f 915//915 964//964 963//963
f 916//916 917//917 965//965
f 916//916 965//965 964//964
f 917//917 918//918 966//966
f 917//917 966//966 965//965
f 918//918 919//919 967//967
f 918//918 967//967 966//966
f 919//919 920//920 968//968
f 919//919 968//968 967//967
f 920//920 921//921 969//969
f 920//920 969//969 968//968
f 921//921 922//922 970//970
f 921//921 970//970 969//969
f 922//922 923//923 971//971
f 922//922 971//971 970//970
f 923//923 924//924 972//972
f 923//923 972//972 971//971
f 924//924 925//925 973//973
f 924//924 973//973 972//972
f 925//925 926//926 974//974
f 925//925 974//974 973//973
f 926//926 927//927 975//975
f 926//926 975//975 974//974
f 927//927 928//928 976//976
f 927//927 976//976 975//975
f 928//928 929//929 977//977
f 928//928 977//977 976//976
f 929//929 930//930 978//978
f 929//929 978//978 977//977
f 930//930 931//931 979//979
f 930//930 979//979 978//978
f 931//931 932//932 980//980
f 931//931 980//980 979//979
f 932//932 933//933 981//981
f 932//932 981//981 980//980
f 933//933 934//934 982//982
f 933//933 982//982 981//981
f 934//934 935//935 983//983
f 934//934 983//983 982//982
f 935//935 936//936 984//984
f 935//935 984//984 983//983
f 936//936 937//937 985//985
f 936//936 985//985 984//984
f 937//937 938//938 986//986
f 937//937 986//986 985//985
f 938//938 939//939 987//987
f 938//938 987//987 986//986
f 939//939 940//940 988//988
f 939//939 988//988 987//987
f 940//940 941//941 989//989
f 940//940 989//989 988//988
f 941//941 942//942 990//990
f 941//941 990//990 989//989
f 942//942 943//943 991//991
f 942//942 991//991 990//990
f 943//943 944//944 992//992
f 943//943 992//992 991//991
f 944//944 945//945 993//993
f 944//944 993//993 992//992
f 945//945 946//946 994//994
f 945//945 994//994 993//993
f 946//946 947//947 995//995
f 946//946 995//995 994//994
f 947//947 948//948 996//996
f 947//947 996//996 995//995
f 948//948 949//949 997//997
f 948//948 997//997 996//996
f 949//949 950//950 998//998
f 949//949 998//998 997//997
f 950//950 951//951 999//999
f 950//950 999//999 998//998
f 951//951 952//952 1000//1000
f 951//951 1000//1000 999//999
f 952//952 953//953 1001//1001
f 952//952 1001//1001 1000//1000
f 953//953 954//954 1002//1002
f 953//953 1002//1002 1001//1001
f 954//954 955//955 1003//1003
f 954//954 1003//1003 1002//1002
f 955//955 956//956 1004//1004
f 955//955 1004//1004 1003//1003
f 956//956 957//957 1005//1005
f 956//956 1005//1005 1004//1004
f 957//957 958//958 1006//1006
f 957//957 1006//1006 1005//1005
f 958//958 959//959 1007//1007
f 958//958 1007//1007 1006//1006
f 959//959 960//960 1008//1008
f 959//959 1008//1008 1007//1007
f 960//960 913//913 961//961
f 960//960 961//961 1008//1008
f 961//961 962//962 1010//1010
f 961//961 1010//1010 1009//1009
f 962//962 963//963 1011//1011
f 962//962 1011//1011 1010//1010
f 963//963 964//964 1012//1012
f 963//963 1012//1012 1011//1011
f 964//964 965//965 1013//1013
f 964//964 1013//1013 1012//1012
f 965//965 966//966 1014//1014
f 965//965 1014//1014 1013//1013
f 966//966 967//967 1015//1015
f 966//966 1015//1015 1014//1014
f 967//967 968//968 1016//1016
f 967//967 1016//1016 1015//1015
f 968//968 969//969 1017//1017
f 968//968 1017//1017 1016//1016
f 969//969 970//970 1018//1018
f 969//969 1018//1018 1017//1017
f 970//970 971//971 1019//1019
f 970//970 1019//1019 1018//1018
f 971//971 972//972 1020//1020
f 971//971 1020//1020 1019//1019
f 972//972 973//973 1021//1021
f 972//972 1021//1021 1020//1020
f 973//973 974//974 1022//1022
f 973//973 1022//1022 1021//1021
f 974//974 975//975 1023//1023
f 974//974 1023//1023 1022//1022
f 975//975 976//976 1024//1024
f 975//975 1024//1024 1023//1023
f 976//976 977//977 1025//1025
f 976//976 1025//1025 1024//1024
f 977//977 978//978 1026//1026
f 977//977 1026//1026 1025//1025
f 978//978 979//979 1027//1027
f 978//978 1027//1027 1026//1026
f 979//979 980//980 1028//1028
f 979//979 1028//1028 1027//1027
f 980//980 981//981 1029//1029
f 980//980 1029//1029 1028//1028
f 981//981 982//982 1030//1030
f 981//981 1030//1030 1029//1029
f 982//982 983//983 1031//1031
f 982//982 1031//1031 1030//1030
f 983//983 984//984 1032//1032
f 983//983 1032//1032 1031//1031
f 984//984 985//985 1033//1033
f 984//984 1033//1033 1032//1032
f 985//985 986//986 1034//1034
f 985//985 1034//1034 1033//1033
f 986//986 987//987 1035//1035
f 986//986 1035//1035 1034//1034
f 987//987 988//988 1036//1036
f 987//987 1036//1036 1035//1035
f 988//988 989//989 1037//1037
f 988//988 1037//1037 1036//1036
f 989//989 990//990 1038//1038
f 989//989 1038//1038 1037//1037
f 990//990 991//991 1039//1039
f 990//990 1039//1039 1038//1038
f 991//991 992//992 1040//1040
f 991//991 1040//1040 1039//1039
f 992//992 993//993 1041//1041
f 992//992 1041//1041 1040//1040
f 993//993 994//994 1042//1042
f 993//993 1042//1042 1041//1041
f 994//994 995//995 1043//1043
f 994//994 1043//1043 1042//1042
f 995//995 996//996 1044//1044
f 995//995 1044//1044 1043//1043
f 996//996 997//997 1045//1045
f 996//996 1045//1045 1044//1044
f 997//997 998//998 1046//1046
f 997//997 1046//1046 1045//1045
f 998//998 999//999 1047//1047
f 998//998 1047//1047 1046//1046
f 999//999 1000//1000 1048//1048
f 999//999 1048//1048 1047//1047
f 1000//1000 1001//1001 1049//1049
f 1000//1000 1049//1049 1048//1048
f 1001//1001 1002//1002 1050//1050
f 1001//1001 1050//1050 1049//1049
f 1002//1002 1003//1003 1051//1051
f 1002//1002 1051//1051 1050//1050
f 1003//1003 1004//1004 1052//1052
f 1003//1003 1052//1052 1051//1051
f 1004//1004 1005//1005 1053//1053
f 1004//1004 1053//1053 1052//1052
f 1005//1005 1006//1006 1054//1054
f 1005//1005 1054//1054 1053//1053
f 1006//1006 1007//1007 1055//1055
f 1006//1006 1055//1055 1054//1054
f 1007//1007 1008//1008 1056//1056
f 1007//1007 1056//1056 1055//1055
f 1008//1008 961//961 1009//1009
f 1008//1008 1009//1009 1056//1056
f 1009//1009 1010//1010 1058//1058
f 1009//1009 1058//1058 1057//1057
f 1010//1010 1011//1011 1059//1059
f 1010//1010 1059//1059 1058//1058
f 1011//1011 1012//1012 1060//1060
f 1011//1011 1060//1060 1059//1059
f 1012//1012 1013//1013 1061//1061
f 1012//1012 1061//1061 1060//1060
f 1013//1013 1014//1014 1062//1062
f 1013//1013 1062//1062 1061//1061
f 1014//1014 1015//1015 1063//1063
f 1014//1014 1063//1063 1062//1062
f 1015//1015 1016//1016 1064//1064
f 1015//1015 1064//1064 1063//1063
f 1016//1016 1017//1017 1065//1065
f 1016//1016 1065//1065 1064//1064
f 1017//1017 1018//1018 1066//1066
f 1017//1017 1066//1066 1065//1065
f 1018//1018 1019//1019 1067//1067
f 1018//1018 1067//1067 1066//1066
f 1019//1019 1020//1020 1068//1068
f 1019//1019 1068//1068 1067//1067
f 1020//1020 1021//1021 1069//1069
f 1020//1020 1069//1069 1068//1068
f 1021//1021 1022//1022 1070//1070
f 1021//1021 1070//1070 1069//1069
f 1022//1022 1023//1023 1071//1071
f 1022//1022 1071//1071 1070//1070
f 1023//1023 1024//1024 1072//1072
f 1023//1023 1072//1072 1071//1071
f 1024//1024 1025//1025 1073//1073
f 1024//1024 1073//1073 1072//1072
f 1025//1025 1026//1026 1074//1074
f 1025//1025 1074//1074 1073//1073
f 1026//1026 1027//1027 1075//1075
f 1026//1026 1075//1075 1074//1074
f 1027//1027 1028//1028 1076//1076
f 1027//1027 1076//1076 1075//1075
f 1028//1028 1029//1029 1077//1077
f 1028//1028 1077//1077 1076//1076
f 1029//1029 1030//1030 1078//1078
f 1029//1029 1078//1078 1077//1077
f 1030//1030 1031//1031 1079//1079
f 1030//1030 1079//1079 1078//1078
f 1031//1031 1032//1032 1080//1080
f 1031//1031 1080//1080 1079//1079
f 1032//1032 1033//1033 1081//1081
f 1032//1032 1081//1081 1080//1080
f 1033//1033 1034//1034 1082//1082
f 1033//1033 1082//1082 1081//1081
f 1034//1034 1035//1035 1083//1083
f 1034//1034 1083//1083 1082//1082
f 1035//1035 1036//1036 1084//1084
f 1035//1035 1084//1084 1083//1083
f 1036//1036 1037//1037 1085//1085
f 1036//1036 1085//1085 1084//1084
f 1037//1037 1038//1038 1086//1086
f 1037//1037 1086//1086 1085//1085
f 1038//1038 1039//1039 1087//1087
f 1038//1038 1087//1087 1086//1086
f 1039//1039 1040//1040 1088//1088
f 1039//1039 1088//1088 1087//1087
f 1040//1040 1041//1041 1089//1089
f 1040//1040 1089//1089 1088//1088
f 1041//1041 1042//1042 1090//1090
f 1041//1041 1090//1090 1089//1089
f 1042//1042 1043//1043 1091//1091
f 1042//1042 1091//1091 1090//1090
f 1043//1043 1044//1044 1092//1092
f 1043//1043 1092//1092 1091//1091
f 1044//1044 1045//1045 1093//1093
f 1044//1044 1093//1093 1092//1092
f 1045//1045 1046//1046 1094//1094
f 1045//1045 1094//1094 1093//1093
f 1046//1046 1047//1047 1095//1095
f 1046//1046 1095//1095 1094//1094
f 1047//1047 1048//1048 1096//1096
f 1047//1047 1096//1096 1095//1095
f 1048//1048 1049//1049 1097//1097
f 1048//1048 1097//1097 1096//1096
f 1049//1049 1050//1050 1098//1098
f 1049//1049 1098//1098 1097//1097
f 1050//1050 1051//1051 1099//1099
f 1050//1050 1099//1099 1098//1098
f 1051//1051 1052//1052 1100//1100
f 1051//1051 1100//1100 1099//1099
f 1052//1052 1053//1053 1101//1101
f 1052//1052 1101//1101 1100//1100
f 1053//1053 1054//1054 1102//1102
f 1053//1053 1102//1102 1101//1101
f 1054//1054 1055//1055 1103//1103
f 1054//1054 1103//1103 1102//1102
f 1055//1055 1056//1056 1104//1104
f 1055//1055 1104//1104 1103//1103
f 1056//1056 1009//1009 1057//1057
f 1056//1056 1057//1057 1104//1104
f 1057//1057 1058//1058 1106//1106
f 1057//1057 1106//1106 1105//1105
f 1058//1058 1059//1059 1107//1107
f 1058//1058 1107//1107 1106//1106
f 1059//1059 1060//1060 1108//1108
f 1059//1059 1108//1108 1107//1107
f 1060//1060 1061//1061 1109//1109
f 1060//1060 1109//1109 1108//1108
f 1061//1061 1062//1062 1110//1110
f 1061//1061 1110//1110 1109//1109
f 1062//1062 1063//1063 1111//1111
f 1062//1062 1111//1111 1110//1110
f 1063//1063 1064//1064 1112//1112
f 1063//1063 1112//1112 1111//1111
f 1064//1064 1065//1065 1113//1113
f 1064//1064 1113//1113 1112//1112
f 1065//1065 1066//1066 1114//1114
f 1065//1065 1114//1114 1113//1113
f 1066//1066 1067//1067 1115//1115
f 1066//1066 1115//1115 1114//1114
f 1067//1067 1068//1068 1116//1116
f 1067//1067 1116//1116 1115//1115
f 1068//1068 1069//1069 1117//1117
f 1068//1068 1117//1117 1116//1116
f 1069//1069 1070//1070 1118//1118
f 1069//1069 1118//1118 1117//1117
f 1070//1070 1071//1071 1119//1119
f 1070//1070 1119//1119 1118//1118
f 1071//1071 1072//1072 1120//1120
f 1071//1071 1120//1120 1119//1119
f 1072//1072 1073//1073 1121//1121
f 1072//1072 1121//1121 1120//1120
f 1073//1073 1074//1074 1122//1122
f 1073//1073 1122//1122 1121//1121
f 1074//1074 1075//1075 1123//1123
f 1074//1074 1123//1123 1122//1122
f 1075//1075 1076//1076 1124//1124
f 1075//1075 1124//1124 1123//1123
f 1076//1076 1077//1077 1125//1125
f 1076//1076 1125//1125 1124//1124
f 1077//1077 1078//1078 1126//1126
f 1077//1077 1126//1126 1125//1125
f 1078//1078 1079//1079 1127//1127
f 1078//1078 1127//1127 1126//1126
f 1079//1079 1080//1080 1128//1128
f 1079//1079 1128//1128 1127//1127
f 1080//1080 1081//1081 1129//1129
f 1080//1080 1129//1129 1128//1128
f 1081//1081 1082//1082 1130//1130
f 1081//1081 1130//1130 1129//1129
f 1082//1082 1083//1083 1131//1131
f 1082//1082 1131//1131 1130//1130
f 1083//1083 1084//1084 1132//1132
f 1083//1083 1132//1132 1131//1131
f 1084//1084 1085//1085 1133//1133
f 1084//1084 1133//1133 1132//1132
f 1085//1085 1086//1086 1134//1134
f 1085//1085 1134//1134 1133//1133
f 1086//1086 1087//1087 1135//1135
f 1086//1086 1135//1135 1134//1134
f 1087//1087 1088//1088 1136//1136
f 1087//1087 1136//1136 1135//1135
f 1088//1088 1089//1089 1137//1137
f 1088//1088 1137//1137 1136//1136
f 1089//1089 1090//1090 1138//1138
f 1089//1089 1138//1138 1137//1137
f 1090//1090 1091//1091 1139//1139
f 1090//1090 1139//1139 1138//1138
f 1091//1091 1092//1092 1140//1140
f 1091//1091 1140//1140 1139//1139
f 1092//1092 1093//1093 1141//1141
f 1092//1092 1141//1141 1140//1140
f 1093//1093 1094//1094 1142//1142
f 1093//1093 1142//1142 1141//1141
f 1094//1094 1095//1095 1143//1143
f 1094//1094 1143//1143 1142//1142
f 1095//1095 1096//1096 1144//1144
f 1095//1095 1144//1144 1143//1143
f 1096//1096 1097//1097 1145//1145
f 1096//1096 1145//1145 1144//1144
f 1097//1097 1098//1098 1146//1146
f 1097//1097 1146//1146 1145//1145
f 1098//1098 1099//1099 1147//1147
f 1098//1098 1147//1147 1146//1146
f 1099//1099 1100//1100 1148//1148
f 1099//1099 1148//1148 1147//1147
f 1100//1100 1101//1101 1149//1149
f 1100//1100 1149//1149 1148//1148
f 1101//1101 1102//1102 1150//1150
f 1101//1101 1150//1150 1149//1149
f 1102//1102 1103//1103 1151//1151
f 1102//1102 1151//1151 1150//1150
f 1103//1103 1104//1104 1152//1152
f 1103//1103 1152//1152 1151//1151
f 1104//1104 1057//1057 1105//1105
f 1104//1104 1105//1105 1152//1152
f 1105//1105 1106//1106 1154//1154
f 1105//1105 1154//1154 1153//1153
f 1106//1106 1107//1107 1155//1155
f 1106//1106 1155//1155 1154//1154
f 1107//1107 1108//1108 1156//1156
f 1107//1107 1156//1156 1155//1155
f 1108//1108 1109//1109 1157//1157
f 1108//1108 1157//1157 1156//1156
f 1109//1109 1110//1110 1158//1158
f 1109//1109 1158//1158 1157//1157
f 1110//1110 1111//1111 1159//1159
f 1110//1110 1159//1159 1158//1158
f 1111//1111 1112//1112 1160//1160
f 1111//1111 1160//1160 1159//1159
f 1112//1112 1113//1113 1161//1161
f 1112//1112 1161//1161 1160//1160
f 1113//1113 1114//1114 1162//1162
f 1113//1113 1162//1162 1161//1161
f 1114//1114 1115//1115 1163//1163
f 1114//1114 1163//1163 1162//1162
f 1115//1115 1116//1116 1164//1164
f 1115//1115 1164//1164 1163//1163
f 1116//1116 1117//1117 1165//1165
f 1116//1116 1165//1165 1164//1164
f 1117//1117 1118//1118 1166//1166
f 1117//1117 1166//1166 1165//1165
f 1118//1118 1119//1119 1167//1167
f 1118//1118 1167//1167 1166//1166
f 1119//1119 1120//1120 1168//1168
f 1119//1119 1168//1168 1167//1167
f 1120//1120 1121//1121 1169//1169
f 1120//1120 1169//1169 1168//1168
f 1121//1121 1122//1122 1170//1170
f 1121//1121 1170//1170 1169//1169
f 1122//1122 1123//1123 1171//1171
f 1122//1122 1171//1171 1170//1170
f 1123//1123 1124//1124 1172//1172
f 1123//1123 1172//1172 1171//1171
f 1124//1124 1125//1125 1173//1173
f 1124//1124 1173//1173 1172//1172
f 1125//1125 1126//1126 1174//1174
f 1125//1125 1174//1174 1173//1173
f 1126//1126 1127//1127 1175//1175
f 1126//1126 1175//1175 1174//1174
f 1127//1127 1128//1128 1176//1176
f 1127//1127 1176//1176 1175//1175
f 1128//1128 1129//1129 1177//1177
f 1128//1128 1177//1177 1176//1176
f 1129//1129 1130//1130 1178//1178
f 1129//1129 1178//1178 1177//1177
f 1130//1130 1131//1131 1179//1179
f 1130//1130 1179//1179 1178//1178
f 1131//1131 1132//1132 1180//1180
f 1131//1131 1180//1180 1179//1179
f 1132//1132 1133//1133 1181//1181
f 1132//1132 1181//1181 1180//1180
f 1133//1133 1134//1134 1182//1182
f 1133//1133 1182//1182 1181//1181
f 1134//1134 1135//1135 1183//1183
f 1134//1134 1183//1183 1182//1182
f 1135//1135 1136//1136 1184//1184
f 1135//1135 1184//1184 1183//1183
f 1136//1136 1137//1137 1185//1185
f 1136//1136 1185//1185 1184//1184
f 1137//1137 1138//1138 1186//1186
f 1137//1137 1186//1186 1185//1185
f 1138//1138 1139//1139 1187//1187
f 1138//1138 1187//1187 1186//1186
f 1139//1139 1140//1140 1188//1188
f 1139//1139 1188//1188 1187//1187
f 1140//1140 1141//1141 1189//1189
f 1140//1140 1189//1189 1188//1188
f 1141//1141 1142//1142 1190//1190
f 1141//1141 1190//1190 1189//1189
f 1142//1142 1143//1143 1191//1191
f 1142//1142 1191//1191 1190//1190
f 1143//1143 1144//1144 1192//1192
f 1143//1143 1192//1192 1191//1191
f 1144//1144 1145//1145 1193//1193
f 1144//1144 1193//1193 1192//1192
f 1145//1145 1146//1146 1194//1194
f 1145//1145 1194//1194 1193//1193
f 1146//1146 1147//1147 1195//1195
f 1146//1146 1195//1195 1194//1194
f 1147//1147 1148//1148 1196//1196
f 1147//1147 1196//1196 1195//1195
f 1148//1148 1149//1149 1197//1197
f 1148//1148 1197//1197 1196//1196
f 1149//1149 1150//1150 1198//1198
f 1149//1149 1198//1198 1197//1197
f 1150//1150 1151//1151 1199//1199
f 1150//1150 1199//1199 1198//1198
f 1151//1151 1152//1152 1200//1200
f 1151//1151 1200//1200 1199//1199
f 1152//1152 1105//1105 1153//1153
f 1152//1152 1153//1153 1200//1200
f 1153//1153 1154//1154 1202//1202
f 1153//1153 1202//1202 1201//1201
f 1154//1154 1155//1155 1203//1203
f 1154//1154 1203//1203 1202//1202
f 1155//1155 1156//1156 1204//1204
f 1155//1155 1204//1204 1203//1203
f 1156//1156 1157//1157 1205//1205
f 1156//1156 1205//1205 1204//1204
f 1157//1157 1158//1158 1206//1206
f 1157//1157 1206//1206 1205//1205
f 1158//1158 1159//1159 1207//1207
f 1158//1158 1207//1207 1206//1206
f 1159//1159 1160//1160 1208//1208
f 1159//1159 1208//1208 1207//1207
f 1160//1160 1161//1161 1209//1209
f 1160//1160 1209//1209 1208//1208
f 1161//1161 1162//1162 1210//1210
f 1161//1161 1210//1210 1209//1209
f 1162//1162 1163//1163 1211//1211
f 1162//1162 1211//1211 1210//1210
f 1163//1163 1164//1164 1212//1212
f 1163//1163 1212//1212 1211//1211
f 1164//1164 1165//1165 1213//1213
f 1164//1164 1213//1213 1212//1212
f 1165//1165 1166//1166 1214//1214
f 1165//1165 1214//1214 1213//1213
f 1166//1166 1167//1167 1215//1215
f 1166//1166 1215//1215 1214//1214
f 1167//1167 1168//1168 1216//1216
f 1167//1167 1216//1216 1215//1215
f 1168//1168 1169//1169 1217//1217
f 1168//1168 1217//1217 1216//1216
f 1169//1169 1170//1170 1218//1218
f 1169//1169 1218//1218 1217//1217
f 1170//1170 1171//1171 1219//1219
f 1170//1170 1219//1219 1218//1218
f 1171//1171 1172//1172 1220//1220
f 1171//1171 1220//1220 1219//1219
f 1172//1172 1173//1173 1221//1221
f 1172//1172 1221//1221 1220//1220
f 1173//1173 1174//1174 1222//1222
f 1173//1173 1222//1222 1221//1221
f 1174//1174 1175//1175 1223//1223
f 1174//1174 1223//1223 1222//1222
f 1175//1175 1176//1176 1224//1224
f 1175//1175 1224//1224 1223//1223
f 1176//1176 1177//1177 1225//1225
f 1176//1176 1225//1225 1224//1224
f 1177//1177 1178//1178 1226//1226
f 1177//1177 1226//1226 1225//1225
f 1178//1178 1179//1179 1227//1227
f 1178//1178 1227//1227 1226//1226
f 1179//1179 1180//1180 1228//1228
f 1179//1179 1228//1228 1227//1227
f 1180//1180 1181//1181 1229//1229
f 1180//1180 1229//1229 1228//1228
f 1181//1181 1182//1182 1230//1230
f 1181//1181 1230//1230 1229//1229
f 1182//1182 1183//1183 1231//1231
f 1182//1182 1231//1231 1230//1230
f 1183//1183 1184//1184 1232//1232
f 1183//1183 1232//1232 1231//1231
f 1184//1184 1185//1185 1233//1233
f 1184//1184 1233//1233 1232//1232
f 1185//1185 1186//1186 1234//1234
f 1185//1185 1234//1234 1233//1233
f 1186//1186 1187//1187 1235//1235
f 1186//1186 1235//1235 1234//1234
f 1187//1187 1188//1188 1236//1236
f 1187//1187 1236//1236 1235//1235
f 1188//1188 1189//1189 1237//1237
f 1188//1188 1237//1237 1236//1236
f 1189//1189 1190//1190 1238//1238
f 1189//1189 1238//1238 1237//1237
f 1190//1190 1191//1191 1239//1239
f 1190//1190 1239//1239 1238//1238
f 1191//1191 1192//1192 1240//1240
f 1191//1191 1240//1240 1239//1239
f 1192//1192 1193//1193 1241//1241
f 1192//1192 1241//1241 1240//1240
f 1193//1193 1194//1194 1242//1242
f 1193//1193 1242//1242 1241//1241
f 1194//1194 1195//1195 1243//1243
f 1194//1194 1243//1243 1242//1242
f 1195//1195 1196//1196 1244//1244
f 1195//1195 1244//1244 1243//1243
f 1196//1196 1197//1197 1245//1245
f 1196//1196 1245//1245 1244//1244
f 1197//1197 1198//1198 1246//1246
f 1197//1197 1246//1246 1245//1245
f 1198//1198 1199//1199 1247//1247
f 1198//1198 1247//1247 1246//1246
f 1199//1199 1200//1200 1248//1248
f 1199//1199 1248//1248 1247//1247
f 1200//1200 1153//1153 1201//1201
f 1200//1200 1201//1201 1248//1248
f 1201//1201 1202//1202 1250//1250
f 1201//1201 1250//1250 1249//1249
f 1202//1202 1203//1203 1251//1251
f 1202//1202 1251//1251 1250//1250
f 1203//1203 1204//1204 1252//1252
f 1203//1203 1252//1252 1251//1251
f 1204//1204 1205//1205 1253//1253
f 1204//1204 1253//1253 1252//1252
f 1205//1205 1206//1206 1254//1254
f 1205//1205 1254//1254 1253//1253
f 1206//1206 1207//1207 1255//1255
f 1206//1206 1255//1255 1254//1254
f 1207//1207 1208//1208 1256//1256
f 1207//1207 1256//1256 1255//1255
f 1208//1208 1209//1209 1257//1257
f 1208//1208 1257//1257 1256//1256
f 1209//1209 1210//1210 1258//1258
f 1209//1209 1258//1258 1257//1257
f 1210//1210 1211//1211 1259//1259
f 1210//1210 1259//1259 1258//1258
f 1211//1211 1212//1212 1260//1260
f 1211//1211 1260//1260 1259//1259
f 1212//1212 1213//1213 1261//1261
f 1212//1212 1261//1261 1260//1260
f 1213//1213 1214//1214 1262//1262
f 1213//1213 1262//1262 1261//1261
f 1214//1214 1215//1215 1263//1263
f 1214//1214 1263//1263 1262//1262
f 1215//1215 1216//1216 1264//1264
f 1215//1215 1264//1264 1263//1263
f 1216//1216 1217//1217 1265//1265
f 1216//1216 1265//1265 1264//1264
f 1217//1217 1218//1218 1266//1266
f 1217//1217 1266//1266 1265//1265
f 1218//1218 1219//1219 1267//1267
f 1218//1218 1267//1267 1266//1266
f 1219//1219 1220//1220 1268//1268
f 1219//1219 1268//1268 1267//1267
f 1220//1220 1221//1221 1269//1269
f 1220//1220 1269//1269 1268//1268
f 1221//1221 1222//1222 1270//1270
f 1221//1221 1270//1270 1269//1269
f 1222//1222 1223//1223 1271//1271
f 1222//1222 1271//1271 1270//1270
f 1223//1223 1224//1224 1272//1272
f 1223//1223 1272//1272 1271//1271
f 1224//1224 1225//1225 1273//1273
f 1224//1224 1273//1273 1272//1272
f 1225//1225 1226//1226 1274//1274
f 1225//1225 1274//1274 1273//1273
f 1226//1226 1227//1227 1275//1275
f 1226//1226 1275//1275 1274//1274
f 1227//1227 1228//1228 1276//1276
f 1227//1227 1276//1276 1275//1275
f 1228//1228 1229//1229 1277//1277
f 1228//1228 1277//1277 1276//1276
f 1229//1229 1230//1230 1278//1278
f 1229//1229 1278//1278 1277//1277
f 1230//1230 1231//1231 1279//1279
f 1230//1230 1279//1279 1278//1278
f 1231//1231 1232//1232 1280//1280
f 1231//1231 1280//1280 1279//1279
f 1232//1232 1233//1233 1281//1281
f 1232//1232 1281//1281 1280//1280
f 1233//1233 1234//1234 1282//1282
f 1233//1233 1282//1282 1281//1281
f 1234//1234 1235//1235 1283//1283
f 1234//1234 1283//1283 1282//1282
f 1235//1235 1236//1236 1284//1284
f 1235//1235 1284//1284 1283//1283
f 1236//1236 1237//1237 1285//1285
f 1236//1236 1285//1285 1284//1284
f 1237//1237 1238//1238 1286//1286
f 1237//1237 1286//1286 1285//1285
f 1238//1238 1239//1239 1287//1287
f 1238//1238 1287//1287 1286//1286
f 1239//1239 1240//1240 1288//1288
f 1239//1239 1288//1288 1287//1287
f 1240//1240 1241//1241 1289//1289
f 1240//1240 1289//1289 1288//1288
f 1241//1241 1242//1242 1290//1290
f 1241//1241 1290//1290 1289//1289
f 1242//1242 1243//1243 1291//1291
f 1242//1242 1291//1291 1290//1290
f 1243//1243 1244//1244 1292//1292
f 1243//1243 1292//1292 1291//1291
f 1244//1244 1245//1245 1293//1293
f 1244//1244 1293//1293 1292//1292
f 1245//1245 1246//1246 1294//1294
f 1245//1245 1294//1294 1293//1293
f 1246//1246 1247//1247 1295//1295
f 1246//1246 1295//1295 1294//1294
f 1247//1247 1248//1248 1296//1296
f 1247//1247 1296//1296 1295//1295
f 1248//1248 1201//1201 1249//1249
f 1248//1248 1249//1249 1296//1296
f 1249//1249 1250//1250 1298//1298
f 1249//1249 1298//1298 1297//1297
f 1250//1250 1251//1251 1299//1299
f 1250//1250 1299//1299 1298//1298
f 1251//1251 1252//1252 1300//1300
f 1251//1251 1300//1300 1299//1299
f 1252//1252 1253//1253 1301//1301
f 1252//1252 1301//1301 1300//1300
f 1253//1253 1254//1254 1302//1302
f 1253//1253 1302//1302 1301//1301
f 1254//1254 1255//1255 1303//1303
f 1254//1254 1303//1303 1302//1302
f 1255//1255 1256//1256 1304//1304
f 1255//1255 1304//1304 1303//1303
f 1256//1256 1257//1257 1305//1305
f 1256//1256 1305//1305 1304//1304
f 1257//1257 1258//1258 1306//1306
f 1257//1257 1306//1306 1305//1305
f 1258//1258 1259//1259 1307//1307
f 1258//1258 1307//1307 1306//1306
f 1259//1259 1260//1260 1308//1308
f 1259//1259 1308//1308 1307//1307
f 1260//1260 1261//1261 1309//1309
f 1260//1260 1309//1309 1308//1308
f 1261//1261 1262//1262 1310//1310
f 1261//1261 1310//1310 1309//1309
f 1262//1262 1263//1263 1311//1311
f 1262//1262 1311//1311 1310//1310
f 1263//1263 1264//1264 1312//1312
f 1263//1263 1312//1312 1311//1311
f 1264//1264 1265//1265 1313//1313
f 1264//1264 1313//1313 1312//1312
f 1265//1265 1266//1266 1314//1314
f 1265//1265 1314//1314 1313//1313
f 1266//1266 1267//1267 1315//1315
f 1266//1266 1315//1315 1314//1314
f 1267//1267 1268//1268 1316//1316
f 1267//1267 1316//1316 1315//1315
f 1268//1268 1269//1269 1317//1317
f 1268//1268 1317//1317 1316//1316
f 1269//1269 1270//1270 1318//1318
f 1269//1269 1318//1318 1317//1317
f 1270//1270 1271//1271 1319//1319
f 1270//1270 1319//1319 1318//1318
f 1271//1271 1272//1272 1320//1320
f 1271//1271 1320//1320 1319//1319
f 1272//1272 1273//1273 1321//1321
f 1272//1272 1321//1321 1320//1320
f 1273//1273 1274//1274 1322//1322
f 1273//1273 1322//1322 1321//1321
f 1274//1274 1275//1275 1323//1323
f 1274//1274 1323//1323 1322//1322
f 1275//1275 1276//1276 1324//1324
f 1275//1275 1324//1324 1323//1323
f 1276//1276 1277//1277 1325//1325
f 1276//1276 1325//1325 1324//1324
f 1277//1277 1278//1278 1326//1326
f 1277//1277 1326//1326 1325//1325
f 1278//1278 1279//1279 1327//1327
f 1278//1278 1327//1327 1326//1326
f 1279//1279 1280//1280 1328//1328
f 1279//1279 1328//1328 1327//1327
f 1280//1280 1281//1281 1329//1329
f 1280//1280 1329//1329 1328//1328
f 1281//1281 1282//1282 1330//1330
f 1281//1281 1330//1330 1329//1329
f 1282//1282 1283//1283 1331//1331
f 1282//1282 1331//1331 1330//1330
f 1283//1283 1284//1284 1332//1332
f 1283//1283 1332//1332 1331//1331
f 1284//1284 1285//1285 1333//1333
f 1284//1284 1333//1333 1332//1332
f 1285//1285 1286//1286 1334//1334
f 1285//1285 1334//1334 1333//1333
f 1286//1286 1287//1287 1335//1335
f 1286//1286 1335//1335 1334//1334
f 1287//1287 1288//1288 1336//1336
f 1287//1287 1336//1336 1335//1335
f 1288//1288 1289//1289 1337//1337
f 1288//1288 1337//1337 1336//1336
f 1289//1289 1290//1290 1338//1338
f 1289//1289 1338//1338 1337//1337
f 1290//1290 1291//1291 1339//1339
f 1290//1290 1339//1339 1338//1338
f 1291//1291 1292//1292 1340//1340
f 1291//1291 1340//1340 1339//1339
f 1292//1292 1293//1293 1341//1341
f 1292//1292 1341//1341 1340//1340
f 1293//1293 1294//1294 1342//1342
f 1293//1293 1342//1342 1341//1341
f 1294//1294 1295//1295 1343//1343
f 1294//1294 1343//1343 1342//1342
f 1295//1295 1296//1296 1344//1344
f 1295//1295 1344//1344 1343//1343
f 1296//1296 1249//1249 1297//1297
f 1296//1296 1297//1297 1344//1344
f 1297//1297 1298//1298 1346//1346
f 1297//1297 1346//1346 1345//1345
f 1298//1298 1299//1299 1347//1347
f 1298//1298 1347//1347 1346//1346
f 1299//1299 1300//1300 1348//1348
f 1299//1299 1348//1348 1347//1347
f 1300//1300 1301//1301 1349//1349
f 1300//1300 1349//1349 1348//1348
f 1301//1301 1302//1302 1350//1350
f 1301//1301 1350//1350 1349//1349
f 1302//1302 1303//1303 1351//1351
f 1302//1302 1351//1351 1350//1350
f 1303//1303 1304//1304 1352//1352
f 1303//1303 1352//1352 1351//1351
f 1304//1304 1305//1305 1353//1353
f 1304//1304 1353//1353 1352//1352
f 1305//1305 1306//1306 1354//1354
f 1305//1305 1354//1354 1353//1353
f 1306//1306 1307//1307 1355//1355
f 1306//1306 1355//1355 1354//1354
f 1307//1307 1308//1308 1356//1356
f 1307//1307 1356//1356 1355//1355
f 1308//1308 1309//1309 1357//1357
f 1308//1308 1357//1357 1356//1356
f 1309//1309 1310//1310 1358//1358
f 1309//1309 1358//1358 1357//1357
f 1310//1310 1311//1311 1359//1359
f 1310//1310 1359//1359 1358//1358
f 1311//1311 1312//1312 1360//1360
f 1311//1311 1360//1360 1359//1359
f 1312//1312 1313//1313 1361//1361
f 1312//1312 1361//1361 1360//1360
f 1313//1313 1314//1314 1362//1362
f 1313//1313 1362//1362 1361//1361
f 1314//1314 1315//1315 1363//1363
f 1314//1314 1363//1363 1362//1362
f 1315//1315 1316//1316 1364//1364
f 1315//1315 1364//1364 1363//1363
f 1316//1316 1317//1317 1365//1365
f 1316//1316 1365//1365 1364//1364
f 1317//1317 1318//1318 1366//1366
f 1317//1317 1366//1366 1365//1365
f 1318//1318 1319//1319 1367//1367
f 1318//1318 1367//1367 1366//1366
f 1319//1319 1320//1320 1368//1368
f 1319//1319 1368//1368 1367//1367
f 1320//1320 1321//1321 1369//1369
f 1320//1320 1369//1369 1368//1368
f 1321//1321 1322//1322 1370//1370
f 1321//1321 1370//1370 1369//1369
f 1322//1322 1323//1323 1371//1371
f 1322//1322 1371//1371 1370//1370
f 1323//1323 1324//1324 1372//1372
f 1323//1323 1372//1372 1371//1371
f 1324//1324 1325//1325 1373//1373
f 1324//1324 1373//1373 1372//1372
f 1325//1325 1326//1326 1374//1374
f 1325//1325 1374//1374 1373//1373
f 1326//1326 1327//1327 1375//1375
f 1326//1326 1375//1375 1374//1374
f 1327//1327 1328//1328 1376//1376
f 1327//1327 1376//1376 1375//1375
f 1328//1328 1329//1329 1377//1377
f 1328//1328 1377//1377 1376//1376
f 1329//1329 1330//1330 1378//1378
f 1329//1329 1378//1378 1377//1377
f 1330//1330 1331//1331 1379//1379
f 1330//1330 1379//1379 1378//1378
f 1331//1331 1332//1332 1380//1380
f 1331//1331 1380//1380 1379//1379
f 1332//1332 1333//1333 1381//1381
f 1332//1332 1381//1381 1380//1380
f 1333//1333 1334//1334 1382//1382
f 1333//1333 1382//1382 1381//1381
f 1334//1334 1335//1335 1383//1383
f 1334//1334 1383//1383 1382//1382
f 1335//1335 1336//1336 1384//1384
f 1335//1335 1384//1384 1383//1383
f 1336//1336 1337//1337 1385//1385
f 1336//1336 1385//1385 1384//1384
f 1337//1337 1338//1338 1386//1386
f 1337//1337 1386//1386 1385//1385
f 1338//1338 1339//1339 1387//1387
f 1338//1338 1387//1387 1386//1386
f 1339//1339 1340//1340 1388//1388
f 1339//1339 1388//1388 1387//1387
f 1340//1340 1341//1341 1389//1389
f 1340//1340 1389//1389 1388//1388
f 1341//1341 1342//1342 1390//1390
f 1341//1341 1390//1390 1389//1389
f 1342//1342 1343//1343 1391//1391
f 1342//1342 1391//1391 1390//1390
f 1343//1343 1344//1344 1392//1392
f 1343//1343 1392//1392 1391//1391
f 1344//1344 1297//1297 1345//1345
f 1344//1344 1345//1345 1392//1392
f 1345//1345 1346//1346 1394//1394
f 1345//1345 1394//1394 1393//1393
f 1346//1346 1347//1347 1395//1395
f 1346//1346 1395//1395 1394//1394
f 1347//1347 1348//1348 1396//1396
f 1347//1347 1396//1396 1395//1395
f 1348//1348 1349//1349 1397//1397
f 1348//1348 1397//1397 1396//1396
f 1349//1349 1350//1350 1398//1398
f 1349//1349 1398//1398 1397//1397
f 1350//1350 1351//1351 1399//1399
f 1350//1350 1399//1399 1398//1398
f 1351//1351 1352//1352 1400//1400
f 1351//1351 1400//1400 1399//1399
f 1352//1352 1353//1353 1401//1401
f 1352//1352 1401//1401 1400//1400
f 1353//1353 1354//1354 1402//1402
f 1353//1353 1402//1402 1401//1401
f 1354//1354 1355//1355 1403//1403
f 1354//1354 1403//1403 1402//1402
f 1355//1355 1356//1356 1404//1404
f 1355//1355 1404//1404 1403//1403
f 1356//1356 1357//1357 1405//1405
f 1356//1356 1405//1405 1404//1404
f 1357//1357 1358//1358 1406//1406
f 1357//1357 1406//1406 1405//1405
f 1358//1358 1359//1359 1407//1407
f 1358//1358 1407//1407 1406//1406
f 1359//1359 1360//1360 1408//1408
f 1359//1359 1408//1408 1407//1407
f 1360//1360 1361//1361 1409//1409
f 1360//1360 1409//1409 1408//1408
f 1361//1361 1362//1362 1410//1410
f 1361//1361 1410//1410 1409//1409
f 1362//1362 1363//1363 1411//1411
f 1362//1362 1411//1411 1410//1410
f 1363//1363 1364//1364 1412//1412
f 1363//1363 1412//1412 1411//1411
f 1364//1364 1365//1365 1413//1413
f 1364//1364 1413//1413 1412//1412
f 1365//1365 1366//1366 1414//1414
f 1365//1365 1414//1414 1413//1413
f 1366//1366 1367//1367 1415//1415
f 1366//1366 1415//1415 1414//1414
f 1367//1367 1368//1368 1416//1416
f 1367//1367 1416//1416 1415//1415
f 1368//1368 1369//1369 1417//1417
f 1368//1368 1417//1417 1416//1416
f 1369//1369 1370//1370 1418//1418
f 1369//1369 1418//1418 1417//1417
f 1370//1370 1371//1371 1419//1419
f 1370//1370 1419//1419 1418//1418
f 1371//1371 1372//1372 1420//1420
f 1371//1371 1420//1420 1419//1419
f 1372//1372 1373//1373 1421//1421
f 1372//1372 1421//1421 1420//1420
f 1373//1373 1374//1374 1422//1422
f 1373//1373 1422//1422 1421//1421
f 1374//1374 1375//1375 1423//1423
f 1374//1374 1423//1423 1422//1422
f 1375//1375 1376//1376 1424//1424
f 1375//1375 1424//1424 1423//1423
f 1376//1376 1377//1377 1425//1425
f 1376//1376 1425//1425 1424//1424
f 1377//1377 1378//1378 1426//1426
f 1377//1377 1426//1426 1425//1425
f 1378//1378 1379//1379 1427//1427
f 1378//1378 1427//1427 1426//1426
f 1379//1379 1380//1380 1428//1428
f 1379//1379 1428//1428 1427//1427
f 1380//1380 1381//1381 1429//1429
f 1380//1380 1429//1429 1428//1428
f 1381//1381 1382//1382 1430//1430
f 1381//1381 1430//1430 1429//1429
f 1382//1382 1383//1383 1431//1431
f 1382//1382 1431//1431 1430//1430
f 1383//1383 1384//1384 1432//1432
f 1383//1383 1432//1432 1431//1431
f 1384//1384 1385//1385 1433//1433
f 1384//1384 1433//1433 1432//1432
f 1385//1385 1386//1386 1434//1434
f 1385//1385 1434//1434 1433//1433
f 1386//1386 1387//1387 1435//1435
f 1386//1386 1435//1435 1434//1434
f 1387//1387 1388//1388 1436//1436
f 1387//1387 1436//1436 1435//1435
f 1388//1388 1389//1389 1437//1437
f 1388//1388 1437//1437 1436//1436
f 1389//1389 1390//1390 1438//1438
f 1389//1389 1438//1438 1437//1437
f 1390//1390 1391//1391 1439//1439
f 1390//1390 1439//1439 1438//1438
f 1391//1391 1392//1392 1440//1440
f 1391//1391 1440//1440 1439//1439
f 1392//1392 1345//1345 1393//1393
f 1392//1392 1393//1393 1440//1440
f 1393//1393 1394//1394 1442//1442
f 1393//1393 1442//1442 1441//1441
f 1394//1394 1395//1395 1443//1443
f 1394//1394 1443//1443 1442//1442
f 1395//1395 1396//1396 1444//1444
f 1395//1395 1444//1444 1443//1443
f 1396//1396 1397//1397 1445//1445
f 1396//1396 1445//1445 1444//1444
f 1397//1397 1398//1398 1446//1446
f 1397//1397 1446//1446 1445//1445
f 1398//1398 1399//1399 1447//1447
f 1398//1398 1447//1447 1446//1446
f 1399//1399 1400//1400 1448//1448
f 1399//1399 1448//1448 1447//1447
f 1400//1400 1401//1401 1449//1449
f 1400//1400 1449//1449 1448//1448
f 1401//1401 1402//1402 1450//1450
f 1401//1401 1450//1450 1449//1449
f 1402//1402 1403//1403 1451//1451
f 1402//1402 1451//1451 1450//1450
f 1403//1403 1404//1404 1452//1452
f 1403//1403 1452//1452 1451//1451
f 1404//1404 1405//1405 1453//1453
f 1404//1404 1453//1453 1452//1452
f 1405//1405 1406//1406 1454//1454
f 1405//1405 1454//1454 1453//1453
f 1406//1406 1407//1407 1455//1455
f 1406//1406 1455//1455 1454//1454
f 1407//1407 1408//1408 1456//1456
f 1407//1407 1456//1456 1455//1455
f 1408//1408 1409//1409 1457//1457
f 1408//1408 1457//1457 1456//1456
f 1409//1409 1410//1410 1458//1458
f 1409//1409 1458//1458 1457//1457
f 1410//1410 1411//1411 1459//1459
f 1410//1410 1459//1459 1458//1458
f 1411//1411 1412//1412 1460//1460
f 1411//1411 1460//1460 1459//1459
f 1412//1412 1413//1413 1461//1461
f 1412//1412 1461//1461 1460//1460
f 1413//1413 1414//1414 1462//1462
f 1413//1413 1462//1462 1461//1461
f 1414//1414 1415//1415 1463//1463
f 1414//1414 1463//1463 1462//1462
f 1415//1415 1416//1416 1464//1464
f 1415//1415 1464//1464 1463//1463
f 1416//1416 1417//1417 1465//1465
f 1416//1416 1465//1465 1464//1464
f 1417//1417 1418//1418 1466//1466
f 1417//1417 1466//1466 1465//1465
f 1418//1418 1419//1419 1467//1467
f 1418//1418 1467//1467 1466//1466
f 1419//1419 1420//1420 1468//1468
f 1419//1419 1468//1468 1467//1467
f 1420//1420 1421//1421 1469//1469
f 1420//1420 1469//1469 1468//1468
f 1421//1421 1422//1422 1470//1470
f 1421//1421 1470//1470 1469//1469
f 1422//1422 1423//1423 1471//1471
f 1422//1422 1471//1471 1470//1470
f 1423//1423 1424//1424 1472//1472
f 1423//1423 1472//1472 1471//1471
f 1424//1424 1425//1425 1473//1473
f 1424//1424 1473//1473 1472//1472
f 1425//1425 1426//1426 1474//1474
f 1425//1425 1474//1474 1473//1473
f 1426//1426 1427//1427 1475//1475
f 1426//1426 1475//1475 1474//1474
f 1427//1427 1428//1428 1476//1476
f 1427//1427 1476//1476 1475//1475
f 1428//1428 1429//1429 1477//1477
f 1428//1428 1477//1477 1476//1476
f 1429//1429 1430//1430 1478//1478
f 1429//1429 1478//1478 1477//1477
f 1430//1430 1431//1431 1479//1479
f 1430//1430 1479//1479 1478//1478
f 1431//1431 1432//1432 1480//1480
f 1431//1431 1480//1480 1479//1479
f 1432//1432 1433//1433 1481//1481
f 1432//1432 1481//1481 1480//1480
f 1433//1433 1434//1434 1482//1482
f 1433//1433 1482//1482 1481//1481
f 1434//1434 1435//1435 1483//1483
f 1434//1434 1483//1483 1482//1482
f 1435//1435 1436//1436 1484//1484
f 1435//1435 1484//1484 1483//1483
f 1436//1436 1437//1437 1485//1485
f 1436//1436 1485//1485 1484//1484
f 1437//1437 1438//1438 1486//1486
f 1437//1437 1486//1486 1485//1485
f 1438//1438 1439//1439 1487//1487
f 1438//1438 1487//1487 1486//1486
f 1439//1439 1440//1440 1488//1488
f 1439//1439 1488//1488 1487//1487
f 1440//1440 1393//1393 1441//1441
f 1440//1440 1441//1441 1488//1488
f 1441//1441 1442//1442 1490//1490
f 1441//1441 1490//1490 1489//1489
f 1442//1442 1443//1443 1491//1491
f 1442//1442 1491//1491 1490//1490
f 1443//1443 1444//1444 1492//1492
f 1443//1443 1492//1492 1491//1491
f 1444//1444 1445//1445 1493//1493
f 1444//1444 1493//1493 1492//1492
f 1445//1445 1446//1446 1494//1494
f 1445//1445 1494//1494 1493//1493
f 1446//1446 1447//1447 1495//1495
f 1446//1446 1495//1495 1494//1494
f 1447//1447 1448//1448 1496//1496
f 1447//1447 1496//1496 1495//1495
f 1448//1448 1449//1449 1497//1497
f 1448//1448 1497//1497 1496//1496
f 1449//1449 1450//1450 1498//1498
f 1449//1449 1498//1498 1497//1497
f 1450//1450 1451//1451 1499//1499
f 1450//1450 1499//1499 1498//1498
f 1451//1451 1452//1452 1500//1500
f 1451//1451 1500//1500 1499//1499
f 1452//1452 1453//1453 1501//1501
f 1452//1452 1501//1501 1500//1500
f 1453//1453 1454//1454 1502//1502
f 1453//1453 1502//1502 1501//1501
f 1454//1454 1455//1455 1503//1503
f 1454//1454 1503//1503 1502//1502
f 1455//1455 1456//1456 1504//1504
f 1455//1455 1504//1504 1503//1503
f 1456//1456 1457//1457 1505//1505
f 1456//1456 1505//1505 1504//1504
f 1457//1457 1458//1458 1506//1506
f 1457//1457 1506//1506 1505//1505
f 1458//1458 1459//1459 1507//1507
f 1458//1458 1507//1507 1506//1506
f 1459//1459 1460//1460 1508//1508
f 1459//1459 1508//1508 1507//1507
f 1460//1460 1461//1461 1509//1509
f 1460//1460 1509//1509 1508//1508
f 1461//1461 1462//1462 1510//1510
f 1461//1461 1510//1510 1509//1509
f 1462//1462 1463//1463 1511//1511
f 1462//1462 1511//1511 1510//1510
f 1463//1463 1464//1464 1512//1512
f 1463//1463 1512//1512 1511//1511
f 1464//1464 1465//1465 1513//1513
f 1464//1464 1513//1513 1512//1512
f 1465//1465 1466//1466 1514//1514
f 1465//1465 1514//1514 1513//1513
f 1466//1466 1467//1467 1515//1515
f 1466//1466 1515//1515 1514//1514
f 1467//1467 1468//1468 1516//1516
f 1467//1467 1516//1516 1515//1515
f 1468//1468 1469//1469 1517//1517
f 1468//1468 1517//1517 1516//1516
f 1469//1469 1470//1470 1518//1518
f 1469//1469 1518//1518 1517//1517
f 1470//1470 1471//1471 1519//1519
f 1470//1470 1519//1519 1518//1518
f 1471//1471 1472//1472 1520//1520
f 1471//1471 1520//1520 1519//1519
f 1472//1472 1473//1473 1521//1521
f 1472//1472 1521//1521 1520//1520
f 1473//1473 1474//1474 1522//1522
f 1473//1473 1522//1522 1521//1521
f 1474//1474 1475//1475 1523//1523
f 1474//1474 1523//1523 1522//1522
f 1475//1475 1476//1476 1524//1524
f 1475//1475 1524//1524 1523//1523
f 1476//1476 1477//1477 1525//1525
f 1476//1476 1525//1525 1524//1524
f 1477//1477 1478//1478 1526//1526
f 1477//1477 1526//1526 1525//1525
f 1478//1478 1479//1479 1527//1527
f 1478//1478 1527//1527 1526//1526
f 1479//1479 1480//1480 1528//1528
f 1479//1479 1528//1528 1527//1527
f 1480//1480 1481//1481 1529//1529
f 1480//1480 1529//1529 1528//1528
f 1481//1481 1482//1482 1530//1530
f 1481//1481 1530//1530 1529//1529
f 1482//1482 1483//1483 1531//1531
f 1482//1482 1531//1531 1530//1530
f 1483//1483 1484//1484 1532//1532
f 1483//1483 1532//1532 1531//1531
f 1484//1484 1485//1485 1533//1533
f 1484//1484 1533//1533 1532//1532
f 1485//1485 1486//1486 1534//1534
f 1485//1485 1534//1534 1533//1533
f 1486//1486 1487//1487 1535//1535
f 1486//1486 1535//1535 1534//1534
f 1487//1487 1488//1488 1536//1536
f 1487//1487 1536//1536 1535//1535
f 1488//1488 1441//1441 1489//1489
f 1488//1488 1489//1489 1536//1536
f 1489//1489 1490//1490 1538//1538
f 1489//1489 1538//1538 1537//1537
f 1490//1490 1491//1491 1539//1539
f 1490//1490 1539//1539 1538//1538
f 1491//1491 1492//1492 1540//1540
f 1491//1491 1540//1540 1539//1539
f 1492//1492 1493//1493 1541//1541
f 1492//1492 1541//1541 1540//1540
f 1493//1493 1494//1494 1542//1542
f 1493//1493 1542//1542 1541//1541
f 1494//1494 1495//1495 1543//1543
f 1494//1494 1543//1543 1542//1542
f 1495//1495 1496//1496 1544//1544
f 1495//1495 1544//1544 1543//1543
f 1496//1496 1497//1497 1545//1545
f 1496//1496 1545//1545 1544//1544
f 1497//1497 1498//1498 1546//1546
f 1497//1497 1546//1546 1545//1545
f 1498//1498 1499//1499 1547//1547
f 1498//1498 1547//1547 1546//1546
f 1499//1499 1500//1500 1548//1548
f 1499//1499 1548//1548 1547//1547
f 1500//1500 1501//1501 1549//1549
f 1500//1500 1549//1549 1548//1548
f 1501//1501 1502//1502 1550//1550
f 1501//1501 1550//1550 1549//1549
f 1502//1502 1503//1503 1551//1551
f 1502//1502 1551//1551 1550//1550
f 1503//1503 1504//1504 1552//1552
f 1503//1503 1552//1552 1551//1551
f 1504//1504 1505//1505 1553//1553
f 1504//1504 1553//1553 1552//1552
f 1505//1505 1506//1506 1554//1554
f 1505//1505 1554//1554 1553//1553
f 1506//1506 1507//1507 1555//1555
f 1506//1506 1555//1555 1554//1554
f 1507//1507 1508//1508 1556//1556
f 1507//1507 1556//1556 1555//1555
f 1508//1508 1509//1509 1557//1557
f 1508//1508 1557//1557 1556//1556
f 1509//1509 1510//1510 1558//1558
f 1509//1509 1558//1558 1557//1557
f 1510//1510 1511//1511 1559//1559
f 1510//1510 1559//1559 1558//1558
f 1511//1511 1512//1512 1560//1560
f 1511//1511 1560//1560 1559//1559
f 1512//1512 1513//1513 1561//1561
f 1512//1512 1561//1561 1560//1560
f 1513//1513 1514//1514 1562//1562
f 1513//1513 1562//1562 1561//1561
f 1514//1514 1515//1515 1563//1563
f 1514//1514 1563//1563 1562//1562
f 1515//1515 1516//1516 1564//1564
f 1515//1515 1564//1564 1563//1563
f 1516//1516 1517//1517 1565//1565
f 1516//1516 1565//1565 1564//1564
f 1517//1517 1518//1518 1566//1566
f 1517//1517 1566//1566 1565//1565
f 1518//1518 1519//1519 1567//1567
f 1518//1518 1567//1567 1566//1566
f 1519//1519 1520//1520 1568//1568
f 1519//1519 1568//1568 1567//1567
f 1520//1520 1521//1521 1569//1569
f 1520//1520 1569//1569 1568//1568
f 1521//1521 1522//1522 1570//1570
f 1521//1521 1570//1570 1569//1569
f 1522//1522 1523//1523 1571//1571
f 1522//1522 1571//1571 1570//1570
f 1523//1523 1524//1524 1572//1572
f 1523//1523 1572//1572 1571//1571
f 1524//1524 1525//1525 1573//1573
f 1524//1524 1573//1573 1572//1572
f 1525//1525 1526//1526 1574//1574
f 1525//1525 1574//1574 1573//1573
f 1526//1526 1527//1527 1575//1575
f 1526//1526 1575//1575 1574//1574
f 1527//1527 1528//1528 1576//1576
f 1527//1527 1576//1576 1575//1575
f 1528//1528 1529//1529 1577//1577
f 1528//1528 1577//1577 1576//1576
f 1529//1529 1530//1530 1578//1578
f 1529//1529 1578//1578 1577//1577
f 1530//1530 1531//1531 1579//1579
f 1530//1530 1579//1579 1578//1578
f 1531//1531 1532//1532 1580//1580
f 1531//1531 1580//1580 1579//1579
f 1532//1532 1533//1533 1581//1581
f 1532//1532 1581//1581 1580//1580
f 1533//1533 1534//1534 1582//1582
f 1533//1533 1582//1582 1581//1581
f 1534//1534 1535//1535 1583//1583
f 1534//1534 1583//1583 1582//1582
f 1535//1535 1536//1536 1584//1584
f 1535//1535 1584//1584 1583//1583
f 1536//1536 1489//1489 1537//1537
f 1536//1536 1537//1537 1584//1584
f 1537//1537 1538//1538 1586//1586
f 1537//1537 1586//1586 1585//1585
f 1538//1538 1539//1539 1587//1587
f 1538//1538 1587//1587 1586//1586
f 1539//1539 1540//1540 1588//1588
f 1539//1539 1588//1588 1587//1587
f 1540//1540 1541//1541 1589//1589
f 1540//1540 1589//1589 1588//1588
f 1541//1541 1542//1542 1590//1590
f 1541//1541 1590//1590 1589//1589
f 1542//1542 1543//1543 1591//1591
f 1542//1542 1591//1591 1590//1590
f 1543//1543 1544//1544 1592//1592
f 1543//1543 1592//1592 1591//1591
f 1544//1544 1545//1545 1593//1593
f 1544//1544 1593//1593 1592//1592
f 1545//1545 1546//1546 1594//1594
f 1545//1545 1594//1594 1593//1593
f 1546//1546 1547//1547 1595//1595
f 1546//1546 1595//1595 1594//1594
f 1547//1547 1548//1548 1596//1596
f 1547//1547 1596//1596 1595//1595
f 1548//1548 1549//1549 1597//1597
f 1548//1548 1597//1597 1596//1596
f 1549//1549 1550//1550 1598//1598
f 1549//1549 1598//1598 1597//1597
f 1550//1550 1551//1551 1599//1599
f 1550//1550 1599//1599 1598//1598
f 1551//1551 1552//1552 1600//1600
f 1551//1551 1600//1600 1599//1599
f 1552//1552 1553//1553 1601//1601
f 1552//1552 1601//1601 1600//1600
f 1553//1553 1554//1554 1602//1602
f 1553//1553 1602//1602 1601//1601
f 1554//1554 1555//1555 1603//1603
f 1554//1554 1603//1603 1602//1602
f 1555//1555 1556//1556 1604//1604
f 1555//1555 1604//1604 1603//1603
f 1556//1556 1557//1557 1605//1605
f 1556//1556 1605//1605 1604//1604
f 1557//1557 1558//1558 1606//1606
f 1557//1557 1606//1606 1605//1605
f 1558//1558 1559//1559 1607//1607
f 1558//1558 1607//1607 1606//1606
f 1559//1559 1560//1560 1608//1608
f 1559//1559 1608//1608 1607//1607
f 1560//1560 1561//1561 1609//1609
f 1560//1560 1609//1609 1608//1608
f 1561//1561 1562//1562 1610//1610
f 1561//1561 1610//1610 1609//1609
f 1562//1562 1563//1563 1611//1611
f 1562//1562 1611//1611 1610//1610
f 1563//1563 1564//1564 1612//1612
f 1563//1563 1612//1612 1611//1611
f 1564//1564 1565//1565 1613//1613
f 1564//1564 1613//1613 1612//1612
f 1565//1565 1566//1566 1614//1614
f 1565//1565 1614//1614 1613//1613
f 1566//1566 1567//1567 1615//1615
f 1566//1566 1615//1615 1614//1614
f 1567//1567 1568//1568 1616//1616
f 1567//1567 1616//1616 1615//1615
f 1568//1568 1569//1569 1617//1617
f 1568//1568 1617//1617 1616//1616
f 1569//1569 1570//1570 1618//1618
f 1569//1569 1618//1618 1617//1617
f 1570//1570 1571//1571 1619//1619
f 1570//1570 1619//1619 1618//1618
f 1571//1571 1572//1572 1620//1620
f 1571//1571 1620//1620 1619//1619
f 1572//1572 1573//1573 1621//1621
f 1572//1572 1621//1621 1620//1620
f 1573//1573 1574//1574 1622//1622
f 1573//1573 1622//1622 1621//1621
f 1574//1574 1575//1575 1623//1623
f 1574//1574 1623//1623 1622//1622
f 1575//1575 1576//1576 1624//1624
f 1575//1575 1624//1624 1623//1623
f 1576//1576 1577//1577 1625//1625
f 1576//1576 1625//1625 1624//1624
f 1577//1577 1578//1578 1626//1626
f 1577//1577 1626//1626 1625//1625
f 1578//1578 1579//1579 1627//1627
f 1578//1578 1627//1627 1626//1626
f 1579//1579 1580//1580 1628//1628
f 1579//1579 1628//1628 1627//1627
f 1580//1580 1581//1581 1629//1629
f 1580//1580 1629//1629 1628//1628
f 1581//1581 1582//1582 1630//1630
f 1581//1581 1630//1630 1629//1629
f 1582//1582 1583//1583 1631//1631
f 1582//1582 1631//1631 1630//1630
f 1583//1583 1584//1584 1632//1632
f 1583//1583 1632//1632 1631//1631
f 1584//1584 1537//1537 1585//1585
f 1584//1584 1585//1585 1632//1632
f 1585//1585 1586//1586 1634//1634
f 1585//1585 1634//1634 1633//1633
f 1586//1586 1587//1587 1635//1635
f 1586//1586 1635//1635 1634//1634
f 1587//1587 1588//1588 1636//1636
f 1587//1587 1636//1636 1635//1635
f 1588//1588 1589//1589 1637//1637
f 1588//1588 1637//1637 1636//1636
f 1589//1589 1590//1590 1638//1638
f 1589//1589 1638//1638 1637//1637
f 1590//1590 1591//1591 1639//1639
f 1590//1590 1639//1639 1638//1638
f 1591//1591 1592//1592 1640//1640
f 1591//1591 1640//1640 1639//1639
f 1592//1592 1593//1593 1641//1641
f 1592//1592 1641//1641 1640//1640
f 1593//1593 1594//1594 1642//1642
f 1593//1593 1642//1642 1641//1641
f 1594//1594 1595//1595 1643//1643
f 1594//1594 1643//1643 1642//1642
f 1595//1595 1596//1596 1644//1644
f 1595//1595 1644//1644 1643//1643
f 1596//1596 1597//1597 1645//1645
f 1596//1596 1645//1645 1644//1644
f 1597//1597 1598//1598 1646//1646
f 1597//1597 1646//1646 1645//1645
f 1598//1598 1599//1599 1647//1647
f 1598//1598 1647//1647 1646//1646
f 1599//1599 1600//1600 1648//1648
f 1599//1599 1648//1648 1647//1647
f 1600//1600 1601//1601 1649//1649
f 1600//1600 1649//1649 1648//1648
f 1601//1601 1602//1602 1650//1650
f 1601//1601 1650//1650 1649//1649
f 1602//1602 1603//1603 1651//1651
f 1602//1602 1651//1651 1650//1650
f 1603//1603 1604//1604 1652//1652
f 1603//1603 1652//1652 1651//1651
f 1604//1604 1605//1605 1653//1653
f 1604//1604 1653//1653 1652//1652
f 1605//1605 1606//1606 1654//1654
f 1605//1605 1654//1654 1653//1653
f 1606//1606 1607//1607 1655//1655
f 1606//1606 1655//1655 1654//1654
f 1607//1607 1608//1608 1656//1656
f 1607//1607 1656//1656 1655//1655
f 1608//1608 1609//1609 1657//1657
f 1608//1608 1657//1657 1656//1656
f 1609//1609 1610//1610 1658//1658
f 1609//1609 1658//1658 1657//1657
f 1610//1610 1611//1611 1659//1659
f 1610//1610 1659//1659 1658//1658
f 1611//1611 1612//1612 1660//1660
f 1611//1611 1660//1660 1659//1659
f 1612//1612 1613//1613 1661//1661
f 1612//1612 1661//1661 1660//1660
f 1613//1613 1614//1614 1662//1662
f 1613//1613 1662//1662 1661//1661
f 1614//1614 1615//1615 1663//1663
f 1614//1614 1663//1663 1662//1662
f 1615//1615 1616//1616 1664//1664
f 1615//1615 1664//1664 1663//1663
f 1616//1616 1617//1617 1665//1665
f 1616//1616 1665//1665 1664//1664
f 1617//1617 1618//1618 1666//1666
f 1617//1617 1666//1666 1665//1665
f 1618//1618 1619//1619 1667//1667
f 1618//1618 1667//1667 1666//1666
f 1619//1619 1620//1620 1668//1668
f 1619//1619 1668//1668 1667//1667
f 1620//1620 1621//1621 1669//1669
f 1620//1620 1669//1669 1668//1668
f 1621//1621 1622//1622 1670//1670
f 1621//1621 1670//1670 1669//1669
f 1622//1622 1623//1623 1671//1671
f 1622//1622 1671//1671 1670//1670
f 1623//1623 1624//1624 1672//1672
f 1623//1623 1672//1672 1671//1671
f 1624//1624 1625//1625 1673//1673
f 1624//1624 1673//1673 1672//1672
f 1625//1625 1626//1626 1674//1674
f 1625//1625 1674//1674 1673//1673
f 1626//1626 1627//1627 1675//1675
f 1626//1626 1675//1675 1674//1674
f 1627//1627 1628//1628 1676//1676
f 1627//1627 1676//1676 1675//1675
f 1628//1628 1629//1629 1677//1677
f 1628//1628 1677//1677 1676//1676
f 1629//1629 1630//1630 1678//1678
f 1629//1629 1678//1678 1677//1677
f 1630//1630 1631//1631 1679//1679
f 1630//1630 1679//1679 1678//1678
f 1631//1631 1632//1632 1680//1680
f 1631//1631 1680//1680 1679//1679
f 1632//1632 1585//1585 1633//1633
f 1632//1632 1633//1633 1680//1680
f 1633//1633 1634//1634 1682//1682
f 1633//1633 1682//1682 1681//1681
f 1634//1634 1635//1635 1683//1683
f 1634//1634 1683//1683 1682//1682
f 1635//1635 1636//1636 1684//1684
f 1635//1635 1684//1684 1683//1683
f 1636//1636 1637//1637 1685//1685
f 1636//1636 1685//1685 1684//1684
f 1637//1637 1638//1638 1686//1686
f 1637//1637 1686//1686 1685//1685
f 1638//1638 1639//1639 1687//1687
f 1638//1638 1687//1687 1686//1686
f 1639//1639 1640//1640 1688//1688
f 1639//1639 1688//1688 1687//1687
f 1640//1640 1641//1641 1689//1689
f 1640//1640 1689//1689 1688//1688
f 1641//1641 1642//1642 1690//1690
f 1641//1641 1690//1690 1689//1689
f 1642//1642 1643//1643 1691//1691
f 1642//1642 1691//1691 1690//1690
f 1643//1643 1644//1644 1692//1692
f 1643//1643 1692//1692 1691//1691
f 1644//1644 1645//1645 1693//1693
f 1644//1644 1693//1693 1692//1692
f 1645//1645 1646//1646 1694//1694
f 1645//1645 1694//1694 1693//1693
f 1646//1646 1647//1647 1695//1695
f 1646//1646 1695//1695 1694//1694
f 1647//1647 1648//1648 1696//1696
f 1647//1647 1696//1696 1695//1695
f 1648//1648 1649//1649 1697//1697
f 1648//1648 1697//1697 1696//1696
f 1649//1649 1650//1650 1698//1698
f 1649//1649 1698//1698 1697//1697
f 1650//1650 1651//1651 1699//1699
f 1650//1650 1699//1699 1698//1698
f 1651//1651 1652//1652 1700//1700
f 1651//1651 1700//1700 1699//1699
f 1652//1652 1653//1653 1701//1701
f 1652//1652 1701//1701 1700//1700
f 1653//1653 1654//1654 1702//1702
f 1653//1653 1702//1702 1701//1701
f 1654//1654 1655//1655 1703//1703
f 1654//1654 1703//1703 1702//1702
f 1655//1655 1656//1656 1704//1704
f 1655//1655 1704//1704 1703//1703
f 1656//1656 1657//1657 1705//1705
f 1656//1656 1705//1705 1704//1704
f 1657//1657 1658//1658 1706//1706
f 1657//1657 1706//1706 1705//1705
f 1658//1658 1659//1659 1707//1707
f 1658//1658 1707//1707 1706//1706
f 1659//1659 1660//1660 1708//1708
f 1659//1659 1708//1708 1707//1707
f 1660//1660 1661//1661 1709//1709
f 1660//1660 1709//1709 1708//1708
f 1661//1661 1662//1662 1710//1710
f 1661//1661 1710//1710 1709//1709
f 1662//1662 1663//1663 1711//1711
f 1662//1662 1711//1711 1710//1710
f 1663//1663 1664//1664 1712//1712
f 1663//1663 1712//1712 1711//1711
f 1664//1664 1665//1665 1713//1713
f 1664//1664 1713//1713 1712//1712
f 1665//1665 1666//1666 1714//1714
f 1665//1665 1714//1714 1713//1713
f 1666//1666 1667//1667 1715//1715
f 1666//1666 1715//1715 1714//1714
f 1667//1667 1668//1668 1716//1716
f 1667//1667 1716//1716 1715//1715
f 1668//1668 1669//1669 1717//1717
f 1668//1668 1717//1717 1716//1716
f 1669//1669 1670//1670 1718//1718
f 1669//1669 1718//1718 1717//1717
f 1670//1670 1671//1671 1719//1719
f 1670//1670 1719//1719 1718//1718
f 1671//1671 1672//1672 1720//1720
f 1671//1671 1720//1720 1719//1719
f 1672//1672 1673//1673 1721//1721
f 1672//1672 1721//1721 1720//1720
f 1673//1673 1674//1674 1722//1722
f 1673//1673 1722//1722 1721//1721
f 1674//1674 1675//1675 1723//1723
f 1674//1674 1723//1723 1722//1722
f 1675//1675 1676//1676 1724//1724
f 1675//1675 1724//1724 1723//1723
f 1676//1676 1677//1677 1725//1725
f 1676//1676 1725//1725 1724//1724
f 1677//1677 1678//1678 1726//1726
f 1677//1677 1726//1726 1725//1725
f 1678//1678 1679//1679 1727//1727
f 1678//1678 1727//1727 1726//1726
f 1679//1679 1680//1680 1728//1728
f 1679//1679 1728//1728 1727//1727
f 1680//1680 1633//1633 1681//1681
f 1680//1680 1681//1681 1728//1728
f 1681//1681 1682//1682 1730//1730
f 1681//1681 1730//1730 1729//1729
f 1682//1682 1683//1683 1731//1731
f 1682//1682 1731//1731 1730//1730
f 1683//1683 1684//1684 1732//1732
f 1683//1683 1732//1732 1731//1731
f 1684//1684 1685//1685 1733//1733
f 1684//1684 1733//1733 1732//1732
f 1685//1685 1686//1686 1734//1734
f 1685//1685 1734//1734 1733//1733
f 1686//1686 1687//1687 1735//1735
f 1686//1686 1735//1735 1734//1734
f 1687//1687 1688//1688 1736//1736
f 1687//1687 1736//1736 1735//1735
f 1688//1688 1689//1689 1737//1737
f 1688//1688 1737//1737 1736//1736
f 1689//1689 1690//1690 1738//1738
f 1689//1689 1738//1738 1737//1737
f 1690//1690 1691//1691 1739//1739
f 1690//1690 1739//1739 1738//1738
f 1691//1691 1692//1692 1740//1740
f 1691//1691 1740//1740 1739//1739
f 1692//1692 1693//1693 1741//1741
f 1692//1692 1741//1741 1740//1740
f 1693//1693 1694//1694 1742//1742
f 1693//1693 1742//1742 1741//1741
f 1694//1694 1695//1695 1743//1743
f 1694//1694 1743//1743 1742//1742
f 1695//1695 1696//1696 1744//1744
f 1695//1695 1744//1744 1743//1743
f 1696//1696 1697//1697 1745//1745
f 1696//1696 1745//1745 1744//1744
f 1697//1697 1698//1698 1746//1746
f 1697//1697 1746//1746 1745//1745
f 1698//1698 1699//1699 1747//1747
f 1698//1698 1747//1747 1746//1746
f 1699//1699 1700//1700 1748//1748
f 1699//1699 1748//1748 1747//1747
f 1700//1700 1701//1701 1749//1749
f 1700//1700 1749//1749 1748//1748
f 1701//1701 1702//1702 1750//1750
f 1701//1701 1750//1750 1749//1749
f 1702//1702 1703//1703 1751//1751
f 1702//1702 1751//1751 1750//1750
f 1703//1703 1704//1704 1752//1752
f 1703//1703 1752//1752 1751//1751
f 1704//1704 1705//1705 1753//1753
f 1704//1704 1753//1753 1752//1752
f 1705//1705 1706//1706 1754//1754
f 1705//1705 1754//1754 1753//1753
f 1706//1706 1707//1707 1755//1755
f 1706//1706 1755//1755 1754//1754
f 1707//1707 1708//1708 1756//1756
f 1707//1707 1756//1756 1755//1755
f 1708//1708 1709//1709 1757//1757
f 1708//1708 1757//1757 1756//1756
f 1709//1709 1710//1710 1758//1758
f 1709//1709 1758//1758 1757//1757
f 1710//1710 1711//1711 1759//1759
f 1710//1710 1759//1759 1758//1758
f 1711//1711 1712//1712 1760//1760
f 1711//1711 1760//1760 1759//1759
f 1712//1712 1713//1713 1761//1761
f 1712//1712 1761//1761 1760//1760
f 1713//1713 1714//1714 1762//1762
f 1713//1713 1762//1762 1761//1761
f 1714//1714 1715//1715 1763//1763
f 1714//1714 1763//1763 1762//1762
f 1715//1715 1716//1716 1764//1764
f 1715//1715 1764//1764 1763//1763
f 1716//1716 1717//1717 1765//1765
f 1716//1716 1765//1765 1764//1764
f 1717//1717 1718//1718 1766//1766
f 1717//1717 1766//1766 1765//1765
f 1718//1718 1719//1719 1767//1767
f 1718//1718 1767//1767 1766//1766
f 1719//1719 1720//1720 1768//1768
f 1719//1719 1768//1768 1767//1767
f 1720//1720 1721//1721 1769//1769
f 1720//1720 1769//1769 1768//1768
f 1721//1721 1722//1722 1770//1770
f 1721//1721 1770//1770 1769//1769
f 1722//1722 1723//1723 1771//1771
f 1722//1722 1771//1771 1770//1770
f 1723//1723 1724//1724 1772//1772
f 1723//1723 1772//1772 1771//1771
f 1724//1724 1725//1725 1773//1773
f 1724//1724 1773//1773 1772//1772
f 1725//1725 1726//1726 1774//1774
f 1725//1725 1774//1774 1773//1773
f 1726//1726 1727//1727 1775//1775
f 1726//1726 1775//1775 1774//1774
f 1727//1727 1728//1728 1776//1776
f 1727//1727 1776//1776 1775//1775
f 1728//1728 1681//1681 1729//1729
f 1728//1728 1729//1729 1776//1776
f 1729//1729 1730//1730 1778//1778
f 1729//1729 1778//1778 1777//1777
f 1730//1730 1731//1731 1779//1779
f 1730//1730 1779//1779 1778//1778
f 1731//1731 1732//1732 1780//1780
f 1731//1731 1780//1780 1779//1779
f 1732//1732 1733//1733 1781//1781
f 1732//1732 1781//1781 1780//1780
f 1733//1733 1734//1734 1782//1782
f 1733//1733 1782//1782 1781//1781
f 1734//1734 1735//1735 1783//1783
f 1734//1734 1783//1783 1782//1782
f 1735//1735 1736//1736 1784//1784
f 1735//1735 1784//1784 1783//1783
f 1736//1736 1737//1737 1785//1785
f 1736//1736 1785//1785 1784//1784
f 1737//1737 1738//1738 1786//1786
f 1737//1737 1786//1786 1785//1785
f 1738//1738 1739//1739 1787//1787
f 1738//1738 1787//1787 1786//1786
f 1739//1739 1740//1740 1788//1788
f 1739//1739 1788//1788 1787//1787
f 1740//1740 1741//1741 1789//1789
f 1740//1740 1789//1789 1788//1788
f 1741//1741 1742//1742 1790//1790
f 1741//1741 1790//1790 1789//1789
f 1742//1742 1743//1743 1791//1791
f 1742//1742 1791//1791 1790//1790
f 1743//1743 1744//1744 1792//1792
f 1743//1743 1792//1792 1791//1791
f 1744//1744 1745//1745 1793//1793
f 1744//1744 1793//1793 1792//1792
f 1745//1745 1746//1746 1794//1794
f 1745//1745 1794//1794 1793//1793
f 1746//1746 1747//1747 1795//1795
f 1746//1746 1795//1795 1794//1794
f 1747//1747 1748//1748 1796//1796
f 1747//1747 1796//1796 1795//1795
f 1748//1748 1749//1749 1797//1797
f 1748//1748 1797//1797 1796//1796
f 1749//1749 1750//1750 1798//1798
f 1749//1749 1798//1798 1797//1797
f 1750//1750 1751//1751 1799//1799
f 1750//1750 1799//1799 1798//1798
f 1751//1751 1752//1752 1800//1800
f 1751//1751 1800//1800 1799//1799
f 1752//1752 1753//1753 1801//1801
f 1752//1752 1801//1801 1800//1800
f 1753//1753 1754//1754 1802//1802
f 1753//1753 1802//1802 1801//1801
f 1754//1754 1755//1755 1803//1803
f 1754//1754 1803//1803 1802//1802
f 1755//1755 1756//1756 1804//1804
f 1755//1755 1804//1804 1803//1803
f 1756//1756 1757//1757 1805//1805
f 1756//1756 1805//1805 1804//1804
f 1757//1757 1758//1758 1806//1806
f 1757//1757 1806//1806 1805//1805
f 1758//1758 1759//1759 1807//1807
f 1758//1758 1807//1807 1806//1806
f 1759//1759 1760//1760 1808//1808
f 1759//1759 1808//1808 1807//1807
f 1760//1760 1761//1761 1809//1809
f 1760//1760 1809//1809 1808//1808
f 1761//1761 1762//1762 1810//1810
f 1761//1761 1810//1810 1809//1809
f 1762//1762 1763//1763 1811//1811
f 1762//1762 1811//1811 1810//1810
f 1763//1763 1764//1764 1812//1812
f 1763//1763 1812//1812 1811//1811
f 1764//1764 1765//1765 1813//1813
f 1764//1764 1813//1813 1812//1812
f 1765//1765 1766//1766 1814//1814
f 1765//1765 1814//1814 1813//1813
f 1766//1766 1767//1767 1815//1815
f 1766//1766 1815//1815 1814//1814
f 1767//1767 1768//1768 1816//1816
f 1767//1767 1816//1816 1815//1815
f 1768//1768 1769//1769 1817//1817
f 1768//1768 1817//1817 1816//1816
f 1769//1769 1770//1770 1818//1818
f 1769//1769 1818//1818 1817//1817
f 1770//1770 1771//1771 1819//1819
f 1770//1770 1819//1819 1818//1818
f 1771//1771 1772//1772 1820//1820
f 1771//1771 1820//1820 1819//1819
f 1772//1772 1773//1773 1821//1821
f 1772//1772 1821//1821 1820//1820
f 1773//1773 1774//1774 1822//1822
f 1773//1773 1822//1822 1821//1821
f 1774//1774 1775//1775 1823//1823
f 1774//1774 1823//1823 1822//1822
f 1775//1775 1776//1776 1824//1824
f 1775//1775 1824//1824 1823//1823
f 1776//1776 1729//1729 1777//1777
f 1776//1776 1777//1777 1824//1824
f 1777//1777 1778//1778 1826//1826
f 1777//1777 1826//1826 1825//1825
f 1778//1778 1779//1779 1827//1827
f 1778//1778 1827//1827 1826//1826
f 1779//1779 1780//1780 1828//1828
f 1779//1779 1828//1828 1827//1827
f 1780//1780 1781//1781 1829//1829
f 1780//1780 1829//1829 1828//1828
f 1781//1781 1782//1782 1830//1830
f 1781//1781 1830//1830 1829//1829
f 1782//1782 1783//1783 1831//1831
f 1782//1782 1831//1831 1830//1830
f 1783//1783 1784//1784 1832//1832
f 1783//1783 1832//1832 1831//1831
f 1784//1784 1785//1785 1833//1833
f 1784//1784 1833//1833 1832//1832
f 1785//1785 1786//1786 1834//1834
f 1785//1785 1834//1834 1833//1833
f 1786//1786 1787//1787 1835//1835
f 1786//1786 1835//1835 1834//1834
f 1787//1787 1788//1788 1836//1836
f 1787//1787 1836//1836 1835//1835
f 1788//1788 1789//1789 1837//1837
f 1788//1788 1837//1837 1836//1836
f 1789//1789 1790//1790 1838//1838
f 1789//1789 1838//1838 1837//1837
f 1790//1790 1791//1791 1839//1839
f 1790//1790 1839//1839 1838//1838
f 1791//1791 1792//1792 1840//1840
f 1791//1791 1840//1840 1839//1839
f 1792//1792 1793//1793 1841//1841
f 1792//1792 1841//1841 1840//1840
f 1793//1793 1794//1794 1842//1842
f 1793//1793 1842//1842 1841//1841
f 1794//1794 1795//1795 1843//1843
f 1794//1794 1843//1843 1842//1842
f 1795//1795 1796//1796 1844//1844
f 1795//1795 1844//1844 1843//1843
f 1796//1796 1797//1797 1845//1845
f 1796//1796 1845//1845 1844//1844
f 1797//1797 1798//1798 1846//1846
f 1797//1797 1846//1846 1845//1845
f 1798//1798 1799//1799 1847//1847
f 1798//1798 1847//1847 1846//1846
f 1799//1799 1800//1800 1848//1848
f 1799//1799 1848//1848 1847//1847
f 1800//1800 1801//1801 1849//1849
f 1800//1800 1849//1849 1848//1848
f 1801//1801 1802//1802 1850//1850
f 1801//1801 1850//1850 1849//1849
f 1802//1802 1803//1803 1851//1851
f 1802//1802 1851//1851 1850//1850
f 1803//1803 1804//1804 1852//1852
f 1803//1803 1852//1852 1851//1851
f 1804//1804 1805//1805 1853//1853
f 1804//1804 1853//1853 1852//1852
f 1805//1805 1806//1806 1854//1854
f 1805//1805 1854//1854 1853//1853
f 1806//1806 1807//1807 1855//1855
f 1806//1806 1855//1855 1854//1854
f 1807//1807 1808//1808 1856//1856
f 1807//1807 1856//1856 1855//1855
f 1808//1808 1809//1809 1857//1857
f 1808//1808 1857//1857 1856//1856
f 1809//1809 1810//1810 1858//1858
f 1809//1809 1858//1858 1857//1857
f 1810//1810 1811//1811 1859//1859
f 1810//1810 1859//1859 1858//1858
f 1811//1811 1812//1812 1860//1860
f 1811//1811 1860//1860 1859//1859
f 1812//1812 1813//1813 1861//1861
f 1812//1812 1861//1861 1860//1860
f 1813//1813 1814//1814 1862//1862
f 1813//1813 1862//1862 1861//1861
f 1814//1814 1815//1815 1863//1863
f 1814//1814 1863//1863 1862//1862
f 1815//1815 1816//1816 1864//1864
f 1815//1815 1864//1864 1863//1863
f 1816//1816 1817//1817 1865//1865
f 1816//1816 1865//1865 1864//1864
f 1817//1817 1818//1818 1866//1866
f 1817//1817 1866//1866 1865//1865
f 1818//1818 1819//1819 1867//1867
f 1818//1818 1867//1867 1866//1866
f 1819//1819 1820//1820 1868//1868
f 1819//1819 1868//1868 1867//1867
f 1820//1820 1821//1821 1869//1869
f 1820//1820 1869//1869 1868//1868
f 1821//1821 1822//1822 1870//1870
f 1821//1821 1870//1870 1869//1869
f 1822//1822 1823//1823 1871//1871
f 1822//1822 1871//1871 1870//1870
f 1823//1823 1824//1824 1872//1872
f 1823//1823 1872//1872 1871//1871
f 1824//1824 1777//1777 1825//1825
f 1824//1824 1825//1825 1872//1872
f 1825//1825 1826//1826 1874//1874
f 1825//1825 1874//1874 1873//1873
f 1826//1826 1827//1827 1875//1875
f 1826//1826 1875//1875 1874//1874
f 1827//1827 1828//1828 1876//1876
f 1827//1827 1876//1876 1875//1875
f 1828//1828 1829//1829 1877//1877
f 1828//1828 1877//1877 1876//1876
f 1829//1829 1830//1830 1878//1878
f 1829//1829 1878//1878 1877//1877
f 1830//1830 1831//1831 1879//1879
f 1830//1830 1879//1879 1878//1878
f 1831//1831 1832//1832 1880//1880
f 1831//1831 1880//1880 1879//1879
f 1832//1832 1833//1833 1881//1881
f 1832//1832 1881//1881 1880//1880
f 1833//1833 1834//1834 1882//1882
f 1833//1833 1882//1882 1881//1881
f 1834//1834 1835//1835 1883//1883
f 1834//1834 1883//1883 1882//1882
f 1835//1835 1836//1836 1884//1884
f 1835//1835 1884//1884 1883//1883
f 1836//1836 1837//1837 1885//1885
f 1836//1836 1885//1885 1884//1884
f 1837//1837 1838//1838 1886//1886
f 1837//1837 1886//1886 1885//1885
f 1838//1838 1839//1839 1887//1887
f 1838//1838 1887//1887 1886//1886
f 1839//1839 1840//1840 1888//1888
f 1839//1839 1888//1888 1887//1887
f 1840//1840 1841//1841 1889//1889
f 1840//1840 1889//1889 1888//1888
f 1841//1841 1842//1842 1890//1890
f 1841//1841 1890//1890 1889//1889
f 1842//1842 1843//1843 1891//1891
f 1842//1842 1891//1891 1890//1890
f 1843//1843 1844//1844 1892//1892
f 1843//1843 1892//1892 1891//1891
f 1844//1844 1845//1845 1893//1893
f 1844//1844 1893//1893 1892//1892
f 1845//1845 1846//1846 1894//1894
f 1845//1845 1894//1894 1893//1893
f 1846//1846 1847//1847 1895//1895
f 1846//1846 1895//1895 1894//1894
f 1847//1847 1848//1848 1896//1896
f 1847//1847 1896//1896 1895//1895
f 1848//1848 1849//1849 1897//1897
f 1848//1848 1897//1897 1896//1896
f 1849//1849 1850//1850 1898//1898
f 1849//1849 1898//1898 1897//1897
f 1850//1850 1851//1851 1899//1899
f 1850//1850 1899//1899 1898//1898
f 1851//1851 1852//1852 1900//1900
f 1851//1851 1900//1900 1899//1899
f 1852//1852 1853//1853 1901//1901
f 1852//1852 1901//1901 1900//1900
f 1853//1853 1854//1854 1902//1902
f 1853//1853 1902//1902 1901//1901
f 1854//1854 1855//1855 1903//1903
f 1854//1854 1903//1903 1902//1902
f 1855//1855 1856//1856 1904//1904
f 1855//1855 1904//1904 1903//1903
f 1856//1856 1857//1857 1905//1905
f 1856//1856 1905//1905 1904//1904
f 1857//1857 1858//1858 1906//1906
f 1857//1857 1906//1906 1905//1905
f 1858//1858 1859//1859 1907//1907
f 1858//1858 1907//1907 1906//1906
f 1859//1859 1860//1860 1908//1908
f 1859//1859 1908//1908 1907//1907
f 1860//1860 1861//1861 1909//1909
f 1860//1860 1909//1909 1908//1908
f 1861//1861 1862//1862 1910//1910
f 1861//1861 1910//1910 1909//1909
f 1862//1862 1863//1863 1911//1911
f 1862//1862 1911//1911 1910//1910
f 1863//1863 1864//1864 1912//1912
f 1863//1863 1912//1912 1911//1911
f 1864//1864 1865//1865 1913//1913
f 1864//1864 1913//1913 1912//1912
f 1865//1865 1866//1866 1914//1914
f 1865//1865 1914//1914 1913//1913
f 1866//1866 1867//1867 1915//1915
f 1866//1866 1915//1915 1914//1914
f 1867//1867 1868//1868 1916//1916
f 1867//1867 1916//1916 1915//1915
f 1868//1868 1869//1869 1917//1917
f 1868//1868 1917//1917 1916//1916
f 1869//1869 1870//1870 1918//1918
f 1869//1869 1918//1918 1917//1917
f 1870//1870 1871//1871 1919//1919
f 1870//1870 1919//1919 1918//1918
f 1871//1871 1872//1872 1920//1920
f 1871//1871 1920//1920 1919//1919
f 1872//1872 1825//1825 1873//1873
f 1872//1872 1873//1873 1920//1920
f 1873//1873 1874//1874 1922//1922
f 1873//1873 1922//1922 1921//1921
f 1874//1874 1875//1875 1923//1923
f 1874//1874 1923//1923 1922//1922
f 1875//1875 1876//1876 1924//1924
f 1875//1875 1924//1924 1923//1923
f 1876//1876 1877//1877 1925//1925
f 1876//1876 1925//1925 1924//1924
f 1877//1877 1878//1878 1926//1926
f 1877//1877 1926//1926 1925//1925
f 1878//1878 1879//1879 1927//1927
f 1878//1878 1927//1927 1926//1926
f 1879//1879 1880//1880 1928//1928
f 1879//1879 1928//1928 1927//1927
f 1880//1880 1881//1881 1929//1929
f 1880//1880 1929//1929 1928//1928
f 1881//1881 1882//1882 1930//1930
f 1881//1881 1930//1930 1929//1929
f 1882//1882 1883//1883 1931//1931
f 1882//1882 1931//1931 1930//1930
f 1883//1883 1884//1884 1932//1932
f 1883//1883 1932//1932 1931//1931
f 1884//1884 1885//1885 1933//1933
f 1884//1884 1933//1933 1932//1932
f 1885//1885 1886//1886 1934//1934
f 1885//1885 1934//1934 1933//1933
f 1886//1886 1887//1887 1935//1935
f 1886//1886 1935//1935 1934//1934
f 1887//1887 1888//1888 1936//1936
f 1887//1887 1936//1936 1935//1935
f 1888//1888 1889//1889 1937//1937
f 1888//1888 1937//1937 1936//1936
f 1889//1889 1890//1890 1938//1938
f 1889//1889 1938//1938 1937//1937
f 1890//1890 1891//1891 1939//1939
f 1890//1890 1939//1939 1938//1938
f 1891//1891 1892//1892 1940//1940
f 1891//1891 1940//1940 1939//1939
f 1892//1892 1893//1893 1941//1941
f 1892//1892 1941//1941 1940//1940
f 1893//1893 1894//1894 1942//1942
f 1893//1893 1942//1942 1941//1941
f 1894//1894 1895//1895 1943//1943
f 1894//1894 1943//1943 1942//1942
f 1895//1895 1896//1896 1944//1944
f 1895//1895 1944//1944 1943//1943
f 1896//1896 1897//1897 1945//1945
f 1896//1896 1945//1945 1944//1944
f 1897//1897 1898//1898 1946//1946
f 1897//1897 1946//1946 1945//1945
f 1898//1898 1899//1899 1947//1947
f 1898//1898 1947//1947 1946//1946
f 1899//1899 1900//1900 1948//1948
f 1899//1899 1948//1948 1947//1947
f 1900//1900 1901//1901 1949//1949
f 1900//1900 1949//1949 1948//1948
f 1901//1901 1902//1902 1950//1950
f 1901//1901 1950//1950 1949//1949
f 1902//1902 1903//1903 1951//1951
f 1902//1902 1951//1951 1950//1950
f 1903//1903 1904//1904 1952//1952
f 1903//1903 1952//1952 1951//1951
f 1904//1904 1905//1905 1953//1953
f 1904//1904 1953//1953 1952//1952
f 1905//1905 1906//1906 1954//1954
f 1905//1905 1954//1954 1953//1953
f 1906//1906 1907//1907 1955//1955
f 1906//1906 1955//1955 1954//1954
f 1907//1907 1908//1908 1956//1956
f 1907//1907 1956//1956 1955//1955
f 1908//1908 1909//1909 1957//1957
f 1908//1908 1957//1957 1956//1956
f 1909//1909 1910//1910 1958//1958
f 1909//1909 1958//1958 1957//1957
f 1910//1910 1911//1911 1959//1959
f 1910//1910 1959//1959 1958//1958
f 1911//1911 1912//1912 1960//1960
f 1911//1911 1960//1960 1959//1959
f 1912//1912 1913//1913 1961//1961
f 1912//1912 1961//1961 1960//1960
f 1913//1913 1914//1914 1962//1962
f 1913//1913 1962//1962 1961//1961
f 1914//1914 1915//1915 1963//1963
f 1914//1914 1963//1963 1962//1962
f 1915//1915 1916//1916 1964//1964
f 1915//1915 1964//1964 1963//1963
f 1916//1916 1917//1917 1965//1965
f 1916//1916 1965//1965 1964//1964
f 1917//1917 1918//1918 1966//1966
f 1917//1917 1966//1966 1965//1965
f 1918//1918 1919//1919 1967//1967
f 1918//1918 1967//1967 1966//1966
f 1919//1919 1920//1920 1968//1968
f 1919//1919 1968//1968 1967//1967
f 1920//1920 1873//1873 1921//1921
f 1920//1920 1921//1921 1968//1968
f 1921//1921 1922//1922 1970//1970
f 1921//1921 1970//1970 1969//1969
f 1922//1922 1923//1923 1971//1971
f 1922//1922 1971//1971 1970//1970
f 1923//1923 1924//1924 1972//1972
f 1923//1923 1972//1972 1971//1971
f 1924//1924 1925//1925 1973//1973
f 1924//1924 1973//1973 1972//1972
f 1925//1925 1926//1926 1974//1974
f 1925//1925 1974//1974 1973//1973
f 1926//1926 1927//1927 1975//1975
f 1926//1926 1975//1975 1974//1974
f 1927//1927 1928//1928 1976//1976
f 1927//1927 1976//1976 1975//1975
f 1928//1928 1929//1929 1977//1977
f 1928//1928 1977//1977 1976//1976
f 1929//1929 1930//1930 1978//1978
f 1929//1929 1978//1978 1977//1977
f 1930//1930 1931//1931 1979//1979
f 1930//1930 1979//1979 1978//1978
f 1931//1931 1932//1932 1980//1980
f 1931//1931 1980//1980 1979//1979
f 1932//1932 1933//1933 1981//1981
f 1932//1932 1981//1981 1980//1980
f 1933//1933 1934//1934 1982//1982
f 1933//1933 1982//1982 1981//1981
f 1934//1934 1935//1935 1983//1983
f 1934//1934 1983//1983 1982//1982
f 1935//1935 1936//1936 1984//1984
f 1935//1935 1984//1984 1983//1983
f 1936//1936 1937//1937 1985//1985
f 1936//1936 1985//1985 1984//1984
f 1937//1937 1938//1938 1986//1986
f 1937//1937 1986//1986 1985//1985
f 1938//1938 1939//1939 1987//1987
f 1938//1938 1987//1987 1986//1986
f 1939//1939 1940//1940 1988//1988
f 1939//1939 1988//1988 1987//1987
f 1940//1940 1941//1941 1989//1989
f 1940//1940 1989//1989 1988//1988
f 1941//1941 1942//1942 1990//1990
f 1941//1941 1990//1990 1989//1989
f 1942//1942 1943//1943 1991//1991
f 1942//1942 1991//1991 1990//1990
f 1943//1943 1944//1944 1992//1992
f 1943//1943 1992//1992 1991//1991
f 1944//1944 1945//1945 1993//1993
f 1944//1944 1993//1993 1992//1992
f 1945//1945 1946//1946 1994//1994
f 1945//1945 1994//1994 1993//1993
f 1946//1946 1947//1947 1995//1995
f 1946//1946 1995//1995 1994//1994
f 1947//1947 1948//1948 1996//1996
f 1947//1947 1996//1996 1995//1995
f 1948//1948 1949//1949 1997//1997
f 1948//1948 1997//1997 1996//1996
f 1949//1949 1950//1950 1998//1998
f 1949//1949 1998//1998 1997//1997
f 1950//1950 1951//1951 1999//1999
f 1950//1950 1999//1999 1998//1998
f 1951//1951 1952//1952 2000//2000
f 1951//1951 2000//2000 1999//1999
f 1952//1952 1953//1953 2001//2001
f 1952//1952 2001//2001 2000//2000
f 1953//1953 1954//1954 2002//2002
f 1953//1953 2002//2002 2001//2001
f 1954//1954 1955//1955 2003//2003
f 1954//1954 2003//2003 2002//2002
f 1955//1955 1956//1956 2004//2004
f 1955//1955 2004//2004 2003//2003
f 1956//1956 1957//1957 2005//2005
f 1956//1956 2005//2005 2004//2004
f 1957//1957 1958//1958 2006//2006
f 1957//1957 2006//2006 2005//2005
f 1958//1958 1959//1959 2007//2007
f 1958//1958 2007//2007 2006//2006
f 1959//1959 1960//1960 2008//2008
f 1959//1959 2008//2008 2007//2007
f 1960//1960 1961//1961 2009//2009
f 1960//1960 2009//2009 2008//2008
f 1961//1961 1962//1962 2010//2010
f 1961//1961 2010//2010 2009//2009
f 1962//1962 1963//1963 2011//2011
f 1962//1962 2011//2011 2010//2010
f 1963//1963 1964//1964 2012//2012
f 1963//1963 2012//2012 2011//2011
f 1964//1964 1965//1965 2013//2013
f 1964//1964 2013//2013 2012//2012
f 1965//1965 1966//1966 2014//2014
f 1965//1965 2014//2014 2013//2013
f 1966//1966 1967//1967 2015//2015
f 1966//1966 2015//2015 2014//2014
f 1967//1967 1968//1968 2016//2016
f 1967//1967 2016//2016 2015//2015
f 1968//1968 1921//1921 1969//1969
f 1968//1968 1969//1969 2016//2016
f 1969//1969 1970//1970 2018//2018
f 1969//1969 2018//2018 2017//2017
f 1970//1970 1971//1971 2019//2019
f 1970//1970 2019//2019 2018//2018
f 1971//1971 1972//1972 2020//2020
f 1971//1971 2020//2020 2019//2019
f 1972//1972 1973//1973 2021//2021
f 1972//1972 2021//2021 2020//2020
f 1973//1973 1974//1974 2022//2022
f 1973//1973 2022//2022 2021//2021
f 1974//1974 1975//1975 2023//2023
f 1974//1974 2023//2023 2022//2022
f 1975//1975 1976//1976 2024//2024
f 1975//1975 2024//2024 2023//2023
f 1976//1976 1977//1977 2025//2025
f 1976//1976 2025//2025 2024//2024
f 1977//1977 1978//1978 2026//2026
f 1977//1977 2026//2026 2025//2025
f 1978//1978 1979//1979 2027//2027
f 1978//1978 2027//2027 2026//2026
f 1979//1979 1980//1980 2028//2028
f 1979//1979 2028//2028 2027//2027
f 1980//1980 1981//1981 2029//2029
f 1980//1980 2029//2029 2028//2028
f 1981//1981 1982//1982 2030//2030
f 1981//1981 2030//2030 2029//2029
f 1982//1982 1983//1983 2031//2031
f 1982//1982 2031//2031 2030//2030
f 1983//1983 1984//1984 2032//2032
f 1983//1983 2032//2032 2031//2031
f 1984//1984 1985//1985 2033//2033
f 1984//1984 2033//2033 2032//2032
f 1985//1985 1986//1986 2034//2034
f 1985//1985 2034//2034 2033//2033
f 1986//1986 1987//1987 2035//2035
f 1986//1986 2035//2035 2034//2034
f 1987//1987 1988//1988 2036//2036
f 1987//1987 2036//2036 2035//2035
f 1988//1988 1989//1989 2037//2037
f 1988//1988 2037//2037 2036//2036
f 1989//1989 1990//1990 2038//2038
f 1989//1989 2038//2038 2037//2037
f 1990//1990 1991//1991 2039//2039
f 1990//1990 2039//2039 2038//2038
f 1991//1991 1992//1992 2040//2040
f 1991//1991 2040//2040 2039//2039
f 1992//1992 1993//1993 2041//2041
f 1992//1992 2041//2041 2040//2040
f 1993//1993 1994//1994 2042//2042
f 1993//1993 2042//2042 2041//2041
f 1994//1994 1995//1995 2043//2043
f 1994//1994 2043//2043 2042//2042
f 1995//1995 1996//1996 2044//2044
f 1995//1995 2044//2044 2043//2043
f 1996//1996 1997//1997 2045//2045
f 1996//1996 2045//2045 2044//2044
f 1997//1997 1998//1998 2046//2046
f 1997//1997 2046//2046 2045//2045
f 1998//1998 1999//1999 2047//2047
f 1998//1998 2047//2047 2046//2046
f 1999//1999 2000//2000 2048//2048
f 1999//1999 2048//2048 2047//2047
f 2000//2000 2001//2001 2049//2049
f 2000//2000 2049//2049 2048//2048
f 2001//2001 2002//2002 2050//2050
f 2001//2001 2050//2050 2049//2049
f 2002//2002 2003//2003 2051//2051
f 2002//2002 2051//2051 2050//2050
f 2003//2003 2004//2004 2052//2052
f 2003//2003 2052//2052 2051//2051
f 2004//2004 2005//2005 2053//2053
f 2004//2004 2053//2053 2052//2052
f 2005//2005 2006//2006 2054//2054
f 2005//2005 2054//2054 2053//2053
f 2006//2006 2007//2007 2055//2055
f 2006//2006 2055//2055 2054//2054
f 2007//2007 2008//2008 2056//2056
f 2007//2007 2056//2056 2055//2055
f 2008//2008 2009//2009 2057//2057
f 2008//2008 2057//2057 2056//2056
f 2009//2009 2010//2010 2058//2058
f 2009//2009 2058//2058 2057//2057
f 2010//2010 2011//2011 2059//2059
f 2010//2010 2059//2059 2058//2058
f 2011//2011 2012//2012 2060//2060
f 2011//2011 2060//2060 2059//2059
f 2012//2012 2013//2013 2061//2061
f 2012//2012 2061//2061 2060//2060
f 2013//2013 2014//2014 2062//2062
f 2013//2013 2062//2062 2061//2061
f 2014//2014 2015//2015 2063//2063
f 2014//2014 2063//2063 2062//2062
f 2015//2015 2016//2016 2064//2064
f 2015//2015 2064//2064 2063//2063
f 2016//2016 1969//1969 2017//2017
f 2016//2016 2017//2017 2064//2064
f 2017//2017 2018//2018 2066//2066
f 2017//2017 2066//2066 2065//2065
f 2018//2018 2019//2019 2067//2067
f 2018//2018 2067//2067 2066//2066
f 2019//2019 2020//2020 2068//2068
f 2019//2019 2068//2068 2067//2067
f 2020//2020 2021//2021 2069//2069
f 2020//2020 2069//2069 2068//2068
f 2021//2021 2022//2022 2070//2070
f 2021//2021 2070//2070 2069//2069
f 2022//2022 2023//2023 2071//2071
f 2022//2022 2071//2071 2070//2070
f 2023//2023 2024//2024 2072//2072
f 2023//2023 2072//2072 2071//2071
f 2024//2024 2025//2025 2073//2073
f 2024//2024 2073//2073 2072//2072
f 2025//2025 2026//2026 2074//2074
f 2025//2025 2074//2074 2073//2073
f 2026//2026 2027//2027 2075//2075
f 2026//2026 2075//2075 2074//2074
f 2027//2027 2028//2028 2076//2076
f 2027//2027 2076//2076 2075//2075
f 2028//2028 2029//2029 2077//2077
f 2028//2028 2077//2077 2076//2076
f 2029//2029 2030//2030 2078//2078
f 2029//2029 2078//2078 2077//2077
f 2030//2030 2031//2031 2079//2079
f 2030//2030 2079//2079 2078//2078
f 2031//2031 2032//2032 2080//2080
f 2031//2031 2080//2080 2079//2079
f 2032//2032 2033//2033 2081//2081
f 2032//2032 2081//2081 2080//2080
f 2033//2033 2034//2034 2082//2082
f 2033//2033 2082//2082 2081//2081
f 2034//2034 2035//2035 2083//2083
f 2034//2034 2083//2083 2082//2082
f 2035//2035 2036//2036 2084//2084
f 2035//2035 2084//2084 2083//2083
f 2036//2036 2037//2037 2085//2085
f 2036//2036 2085//2085 2084//2084
f 2037//2037 2038//2038 2086//2086
f 2037//2037 2086//2086 2085//2085
f 2038//2038 2039//2039 2087//2087
f 2038//2038 2087//2087 2086//2086
f 2039//2039 2040//2040 2088//2088
f 2039//2039 2088//2088 2087//2087
f 2040//2040 2041//2041 2089//2089
f 2040//2040 2089//2089 2088//2088
f 2041//2041 2042//2042 2090//2090
f 2041//2041 2090//2090 2089//2089
f 2042//2042 2043//2043 2091//2091
f 2042//2042 2091//2091 2090//2090
f 2043//2043 2044//2044 2092//2092
f 2043//2043 2092//2092 2091//2091
f 2044//2044 2045//2045 2093//2093
f 2044//2044 2093//2093 2092//2092
f 2045//2045 2046//2046 2094//2094
f 2045//2045 2094//2094 2093//2093
f 2046//2046 2047//2047 2095//2095
f 2046//2046 2095//2095 2094//2094
f 2047//2047 2048//2048 2096//2096
f 2047//2047 2096//2096 2095//2095
f 2048//2048 2049//2049 2097//2097
f 2048//2048 2097//2097 2096//2096
f 2049//2049 2050//2050 2098//2098
f 2049//2049 2098//2098 2097//2097
f 2050//2050 2051//2051 2099//2099
f 2050//2050 2099//2099 2098//2098
f 2051//2051 2052//2052 2100//2100
f 2051//2051 2100//2100 2099//2099
f 2052//2052 2053//2053 2101//2101
f 2052//2052 2101//2101 2100//2100
f 2053//2053 2054//2054 2102//2102
f 2053//2053 2102//2102 2101//2101
f 2054//2054 2055//2055 2103//2103
f 2054//2054 2103//2103 2102//2102
f 2055//2055 2056//2056 2104//2104
f 2055//2055 2104//2104 2103//2103
f 2056//2056 2057//2057 2105//2105
f 2056//2056 2105//2105 2104//2104
f 2057//2057 2058//2058 2106//2106
f 2057//2057 2106//2106 2105//2105
f 2058//2058 2059//2059 2107//2107
f 2058//2058 2107//2107 2106//2106
f 2059//2059 2060//2060 2108//2108
f 2059//2059 2108//2108 2107//2107
f 2060//2060 2061//2061 2109//2109
f 2060//2060 2109//2109 2108//2108
f 2061//2061 2062//2062 2110//2110
f 2061//2061 2110//2110 2109//2109
f 2062//2062 2063//2063 2111//2111
f 2062//2062 2111//2111 2110//2110
f 2063//2063 2064//2064 2112//2112
f 2063//2063 2112//2112 2111//2111
f 2064//2064 2017//2017 2065//2065
f 2064//2064 2065//2065 2112//2112
f 2065//2065 2066//2066 2114//2114
f 2065//2065 2114//2114 2113//2113
f 2066//2066 2067//2067 2115//2115
f 2066//2066 2115//2115 2114//2114
f 2067//2067 2068//2068 2116//2116
f 2067//2067 2116//2116 2115//2115
f 2068//2068 2069//2069 2117//2117
f 2068//2068 2117//2117 2116//2116
f 2069//2069 2070//2070 2118//2118
f 2069//2069 2118//2118 2117//2117
f 2070//2070 2071//2071 2119//2119
f 2070//2070 2119//2119 2118//2118
f 2071//2071 2072//2072 2120//2120
f 2071//2071 2120//2120 2119//2119
f 2072//2072 2073//2073 2121//2121
f 2072//2072 2121//2121 2120//2120
f 2073//2073 2074//2074 2122//2122
f 2073//2073 2122//2122 2121//2121
f 2074//2074 2075//2075 2123//2123
f 2074//2074 2123//2123 2122//2122
f 2075//2075 2076//2076 2124//2124
f 2075//2075 2124//2124 2123//2123
f 2076//2076 2077//2077 2125//2125
f 2076//2076 2125//2125 2124//2124
f 2077//2077 2078//2078 2126//2126
f 2077//2077 2126//2126 2125//2125
f 2078//2078 2079//2079 2127//2127
f 2078//2078 2127//2127 2126//2126
f 2079//2079 2080//2080 2128//2128
f 2079//2079 2128//2128 2127//2127
f 2080//2080 2081//2081 2129//2129
f 2080//2080 2129//2129 2128//2128
f 2081//2081 2082//2082 2130//2130
f 2081//2081 2130//2130 2129//2129
f 2082//2082 2083//2083 2131//2131
f 2082//2082 2131//2131 2130//2130
f 2083//2083 2084//2084 2132//2132
f 2083//2083 2132//2132 2131//2131
f 2084//2084 2085//2085 2133//2133
f 2084//2084 2133//2133 2132//2132
f 2085//2085 2086//2086 2134//2134
f 2085//2085 2134//2134 2133//2133
f 2086//2086 2087//2087 2135//2135
f 2086//2086 2135//2135 2134//2134
f 2087//2087 2088//2088 2136//2136
f 2087//2087 2136//2136 2135//2135
f 2088//2088 2089//2089 2137//2137
f 2088//2088 2137//2137 2136//2136
f 2089//2089 2090//2090 2138//2138
f 2089//2089 2138//2138 2137//2137
f 2090//2090 2091//2091 2139//2139
f 2090//2090 2139//2139 2138//2138
f 2091//2091 2092//2092 2140//2140
f 2091//2091 2140//2140 2139//2139
f 2092//2092 2093//2093 2141//2141
f 2092//2092 2141//2141 2140//2140
f 2093//2093 2094//2094 2142//2142
f 2093//2093 2142//2142 2141//2141
f 2094//2094 2095//2095 2143//2143
f 2094//2094 2143//2143 2142//2142
f 2095//2095 2096//2096 2144//2144
f 2095//2095 2144//2144 2143//2143
f 2096//2096 2097//2097 2145//2145
f 2096//2096 2145//2145 2144//2144
f 2097//2097 2098//2098 2146//2146
f 2097//2097 2146//2146 2145//2145
f 2098//2098 2099//2099 2147//2147
f 2098//2098 2147//2147 2146//2146
f 2099//2099 2100//2100 2148//2148
f 2099//2099 2148//2148 2147//2147
f 2100//2100 2101//2101 2149//2149
f 2100//2100 2149//2149 2148//2148
f 2101//2101 2102//2102 2150//2150
f 2101//2101 2150//2150 2149//2149
f 2102//2102 2103//2103 2151//2151
f 2102//2102 2151//2151 2150//2150
f 2103//2103 2104//2104 2152//2152
f 2103//2103 2152//2152 2151//2151
f 2104//2104 2105//2105 2153//2153
f 2104//2104 2153//2153 2152//2152
f 2105//2105 2106//2106 2154//2154
f 2105//2105 2154//2154 2153//2153
f 2106//2106 2107//2107 2155//2155
f 2106//2106 2155//2155 2154//2154
f 2107//2107 2108//2108 2156//2156
f 2107//2107 2156//2156 2155//2155
f 2108//2108 2109//2109 2157//2157
f 2108//2108 2157//2157 2156//2156
f 2109//2109 2110//2110 2158//2158
f 2109//2109 2158//2158 2157//2157
f 2110//2110 2111//2111 2159//2159
f 2110//2110 2159//2159 2158//2158
f 2111//2111 2112//2112 2160//2160
f 2111//2111 2160//2160 2159//2159
f 2112//2112 2065//2065 2113//2113
f 2112//2112 2113//2113 2160//2160
f 2161//2161 2162//2162 2170//2170
f 2161//2161 2170//2170 2169//2169
f 2162//2162 2163//2163 2171//2171
f 2162//2162 2171//2171 2170//2170
f 2163//2163 2164//2164 2172//2172
f 2163//2163 2172//2172 2171//2171
f 2164//2164 2165//2165 2173//2173
f 2164//2164 2173//2173 2172//2172
f 2165//2165 2166//2166 2174//2174
f 2165//2165 2174//2174 2173//2173
f 2166//2166 2167//2167 2175//2175
f 2166//2166 2175//2175 2174//2174
f 2167//2167 2168//2168 2176//2176
f 2167//2167 2176//2176 2175//2175
f 2168//2168 2161//2161 2169//2169
f 2168//2168 2169//2169 2176//2176
