v 0.000000 0.000000 0.900000
v 0.000000 0.000000 0.900000
v 0.000000 0.000000 0.900000
v 0.000000 0.000000 0.900000
v 0.000000 0.000000 0.900000
v 0.000000 0.000000 0.900000
v 0.000000 0.000000 0.900000
v 0.000000 0.000000 0.900000
v 0.000000 0.000000 0.900000
v 0.000000 0.000000 0.900000
v 0.000000 0.000000 0.900000
v 0.000000 0.000000 0.900000
v 0.000000 0.000000 0.900000
v -0.000000 0.000000 0.900000
v -0.000000 0.000000 0.900000
v -0.000000 0.000000 0.900000
v -0.000000 0.000000 0.900000
v -0.000000 0.000000 0.900000
v -0.000000 0.000000 0.900000
v -0.000000 0.000000 0.900000
v -0.000000 0.000000 0.900000
v -0.000000 0.000000 0.900000
v -0.000000 0.000000 0.900000
v -0.000000 0.000000 0.900000
v -0.000000 0.000000 0.900000
v -0.000000 -0.000000 0.900000
v -0.000000 -0.000000 0.900000
v -0.000000 -0.000000 0.900000
v -0.000000 -0.000000 0.900000
v -0.000000 -0.000000 0.900000
v -0.000000 -0.000000 0.900000
v -0.000000 -0.000000 0.900000
v -0.000000 -0.000000 0.900000
v -0.000000 -0.000000 0.900000
v -0.000000 -0.000000 0.900000
v -0.000000 -0.000000 0.900000
v -0.000000 -0.000000 0.900000
v 0.000000 -0.000000 0.900000
v 0.000000 -0.000000 0.900000
v 0.000000 -0.000000 0.900000
v 0.000000 -0.000000 0.900000
v 0.000000 -0.000000 0.900000
v 0.000000 -0.000000 0.900000
v 0.000000 -0.000000 0.900000
v 0.000000 -0.000000 0.900000
v 0.000000 -0.000000 0.900000
v 0.000000 -0.000000 0.900000
v 0.000000 -0.000000 0.900000
v 0.050890 0.000000 0.897707
v 0.048684 0.006409 0.897707
v 0.045677 0.012239 0.897707
v 0.042423 0.017572 0.897707
v 0.039284 0.022680 0.897707
v 0.036284 0.027842 0.897707
v 0.033135 0.033135 0.897707
v 0.029418 0.038338 0.897707
v 0.024812 0.042976 0.897707
v 0.019273 0.046530 0.897707
v 0.013042 0.048675 0.897707
v 0.006508 0.049434 0.897707
v 0.000000 0.049153 0.897707
v -0.006361 0.048317 0.897707
v -0.012671 0.047291 0.897707
v -0.019107 0.046128 0.897707
v -0.025723 0.044553 0.897707
v -0.032312 0.042110 0.897707
v -0.038412 0.038412 0.897707
v -0.043460 0.033348 0.897707
v -0.047028 0.027152 0.897707
v -0.048999 0.020296 0.897707
v -0.049602 0.013291 0.897707
v -0.049281 0.006488 0.897707
v -0.048477 0.000000 0.897707
v -0.047426 -0.006244 0.897707
v -0.046094 -0.012351 0.897707
v -0.044249 -0.018328 0.897707
v -0.041634 -0.024037 0.897707
v -0.038128 -0.029257 0.897707
v -0.033812 -0.033812 0.897707
v -0.028909 -0.037675 0.897707
v -0.023653 -0.040968 0.897707
v -0.018172 -0.043871 0.897707
v -0.012452 -0.046472 0.897707
v -0.006408 -0.048677 0.897707
v -0.000000 -0.050214 0.897707
v 0.006681 -0.050747 0.897707
v 0.013408 -0.050040 0.897707
v 0.019908 -0.048063 0.897707
v 0.025979 -0.044997 0.897707
v 0.031554 -0.041123 0.897707
v 0.036675 -0.036675 0.897707
v 0.041374 -0.031747 0.897707
v 0.045549 -0.026298 0.897707
v 0.048921 -0.020264 0.897707
v 0.051105 -0.013693 0.897707
v 0.051784 -0.006817 0.897707
v 0.101780 0.000000 0.890839
v 0.097344 0.012816 0.890839
v 0.091331 0.024472 0.890839
v 0.084867 0.035153 0.890839
v 0.078675 0.045423 0.890839
v 0.072782 0.055848 0.890839
v 0.066576 0.066576 0.890839
v 0.059178 0.077122 0.890839
v 0.049937 0.086494 0.890839
v 0.038774 0.093609 0.890839
v 0.026205 0.097799 0.890839
v 0.013050 0.099126 0.890839
v 0.000000 0.098336 0.890839
v -0.012699 0.096459 0.890839
v -0.025262 0.094278 0.890839
v -0.038077 0.091926 0.890839
v -0.051290 0.088837 0.890839
v -0.064503 0.084062 0.890839
v -0.076779 0.076779 0.890839
v -0.086969 0.066733 0.890839
v -0.094183 0.054376 0.890839
v -0.098169 0.040663 0.890839
v -0.099385 0.026630 0.890839
v -0.098734 0.012999 0.890839
v -0.097117 0.000000 0.890839
v -0.095020 -0.012510 0.890839
v -0.092374 -0.024752 0.890839
v -0.088704 -0.036742 0.890839
v -0.083482 -0.048198 0.890839
v -0.076459 -0.058669 0.890839
v -0.067795 -0.067795 0.890839
v -0.057947 -0.075518 0.890839
v -0.047395 -0.082090 0.890839
v -0.036401 -0.087880 0.890839
v -0.024939 -0.093075 0.890839
v -0.012834 -0.097486 0.890839
v -0.000000 -0.100560 0.890839
v 0.013378 -0.101619 0.890839
v 0.026843 -0.100181 0.890839
v 0.039844 -0.096191 0.890839
v 0.051973 -0.090020 0.890839
v 0.063106 -0.082242 0.890839
v 0.073336 -0.073336 0.890839
v 0.082734 -0.063484 0.890839
v 0.091101 -0.052597 0.890839
v 0.097865 -0.040537 0.890839
v 0.102243 -0.027396 0.890839
v 0.103592 -0.013638 0.890839
v 0.153990 0.000000 0.879432
v 0.147228 0.019383 0.879432
v 0.138145 0.037016 0.879432
v 0.128483 0.053219 0.879432
v 0.119334 0.068897 0.879432
v 0.110681 0.084928 0.879432
v 0.101508 0.101508 0.879432
v 0.090403 0.117815 0.879432
v 0.076342 0.132228 0.879432
v 0.059235 0.143006 0.879432
v 0.039950 0.149094 0.879432
v 0.019831 0.150634 0.879432
v 0.000000 0.148872 0.879432
v -0.019159 0.145524 0.879432
v -0.038023 0.141904 0.879432
v -0.057274 0.138271 0.879432
v -0.077216 0.133742 0.879432
v -0.097287 0.126787 0.879432
v -0.116049 0.116049 0.879432
v -0.131696 0.101054 0.879432
v -0.142810 0.082451 0.879432
v -0.148961 0.061701 0.879432
v -0.150836 0.040416 0.879432
v -0.149837 0.019726 0.879432
v -0.147371 0.000000 0.879432
v -0.144209 -0.018986 0.879432
v -0.140245 -0.037579 0.879432
v -0.134737 -0.055810 0.879432
v -0.126853 -0.073239 0.879432
v -0.116194 -0.089159 0.879432
v -0.103008 -0.103008 0.879432
v -0.088005 -0.114690 0.879432
v -0.071940 -0.124604 0.879432
v -0.055226 -0.133329 0.879432
v -0.037826 -0.141169 0.879432
v -0.019464 -0.147841 0.879432
v -0.000000 -0.152489 0.879432
v 0.020283 -0.154066 0.879432
v 0.040683 -0.151829 0.879432
v 0.060352 -0.145703 0.879432
v 0.078676 -0.136271 0.879432
v 0.095481 -0.124434 0.879432
v 0.110931 -0.110931 0.879432
v 0.125155 -0.096035 0.879432
v 0.137849 -0.079587 0.879432
v 0.148128 -0.061357 0.879432
v 0.154771 -0.041471 0.879432
v 0.156789 -0.020642 0.879432
v 0.210769 0.000000 0.863544
v 0.201446 0.026521 0.863544
v 0.189071 0.050661 0.863544
v 0.176094 0.072940 0.863544
v 0.163991 0.094680 0.863544
v 0.152633 0.117120 0.863544
v 0.140466 0.140466 0.863544
v 0.125407 0.163434 0.863544
v 0.105994 0.183586 0.863544
v 0.082160 0.198352 0.863544
v 0.055255 0.206216 0.863544
v 0.027312 0.207452 0.863544
v 0.000000 0.203991 0.863544
v -0.026128 0.198463 0.863544
v -0.051688 0.192902 0.863544
v -0.077778 0.187773 0.863544
v -0.104974 0.181820 0.863544
v -0.132581 0.172782 0.863544
v -0.158601 0.158601 0.863544
v -0.180449 0.138464 0.863544
v -0.196049 0.113189 0.863544
v -0.204718 0.084797 0.863544
v -0.207383 0.055568 0.863544
v -0.206015 0.027122 0.863544
v -0.202618 0.000000 0.863544
v -0.198303 -0.026107 0.863544
v -0.192935 -0.051697 0.863544
v -0.185461 -0.076820 0.863544
v -0.174687 -0.100856 0.863544
v -0.160033 -0.122798 0.863544
v -0.141839 -0.141839 0.863544
v -0.121116 -0.157841 0.863544
v -0.098939 -0.171368 0.863544
v -0.075906 -0.183252 0.863544
v -0.051967 -0.193944 0.863544
v -0.026733 -0.203056 0.863544
v -0.000000 -0.209395 0.863544
v 0.027843 -0.211491 0.863544
v 0.055816 -0.208310 0.863544
v 0.082743 -0.199760 0.863544
v 0.107782 -0.186684 0.863544
v 0.130720 -0.170358 0.863544
v 0.151823 -0.151823 0.863544
v 0.171299 -0.131443 0.863544
v 0.188731 -0.108964 0.863544
v 0.202865 -0.084030 0.863544
v 0.211983 -0.056801 0.863544
v 0.214697 -0.028265 0.863544
v 0.276587 0.000000 0.843255
v 0.264305 0.034796 0.843255
v 0.248233 0.066514 0.843255
v 0.231666 0.095959 0.843255
v 0.216493 0.124992 0.843255
v 0.202363 0.155279 0.843255
v 0.186982 0.186982 0.843255
v 0.167396 0.218154 0.843255
v 0.141601 0.245260 0.843255
v 0.109617 0.264638 0.843255
v 0.073469 0.274191 0.843255
v 0.036128 0.274416 0.843255
v 0.000000 0.268191 0.843255
v -0.034152 0.259408 0.843255
v -0.067284 0.251106 0.843255
v -0.101099 0.244074 0.843255
v -0.136604 0.236604 0.843255
v -0.173019 0.225483 0.843255
v -0.207692 0.207692 0.843255
v -0.237062 0.181904 0.843255
v -0.258196 0.149070 0.843255
v -0.270045 0.111856 0.843255
v -0.273779 0.073359 0.843255
v -0.272044 0.035815 0.843255
v -0.267576 0.000000 0.843255
v -0.261926 -0.034483 0.843255
v -0.254939 -0.068311 0.843255
v -0.245191 -0.101561 0.843255
v -0.231049 -0.133396 0.843255
v -0.211702 -0.162445 0.843255
v -0.187597 -0.187597 0.843255
v -0.160102 -0.208650 0.843255
v -0.130693 -0.226366 0.843255
v -0.100193 -0.241887 0.843255
v -0.068553 -0.255843 0.843255
v -0.035248 -0.267734 0.843255
v -0.000000 -0.275971 0.843255
v 0.036676 -0.278585 0.843255
v 0.073472 -0.274201 0.843255
v 0.108824 -0.262724 0.843255
v 0.141631 -0.245313 0.843255
v 0.171655 -0.223705 0.843255
v 0.199296 -0.199296 0.843255
v 0.224865 -0.172545 0.843255
v 0.247805 -0.143070 0.843255
v 0.266422 -0.110355 0.843255
v 0.278391 -0.074595 0.843255
v 0.281868 -0.037109 0.843255
v 0.354722 0.000000 0.818669
v 0.339032 0.044634 0.818669
v 0.318827 0.085429 0.818669
v 0.298393 0.123598 0.818669
v 0.280041 0.161682 0.818669
v 0.263039 0.201837 0.818669
v 0.244089 0.244089 0.818669
v 0.219117 0.285558 0.818669
v 0.185466 0.321237 0.818669
v 0.143336 0.346043 0.818669
v 0.095699 0.357153 0.818669
v 0.046789 0.355400 0.818669
v 0.000000 0.344964 0.818669
v -0.043635 0.331444 0.818669
v -0.085547 0.319265 0.818669
v -0.128284 0.309706 0.818669
v -0.173502 0.300515 0.818669
v -0.220415 0.287251 0.818669
v -0.265606 0.265606 0.818669
v -0.304307 0.233503 0.818669
v -0.332466 0.191950 0.818669
v -0.348500 0.144353 0.818669
v -0.353798 0.094800 0.818669
v -0.351792 0.046314 0.818669
v -0.346110 0.000000 0.818669
v -0.338862 -0.044612 0.818669
v -0.329909 -0.088399 0.818669
v -0.317407 -0.131474 0.818669
v -0.299200 -0.172743 0.818669
v -0.274191 -0.210394 0.818669
v -0.242943 -0.242943 0.818669
v -0.207251 -0.270095 0.818669
v -0.169069 -0.292836 0.818669
v -0.129510 -0.312665 0.818669
v -0.088539 -0.330433 0.818669
v -0.045488 -0.345517 0.818669
v -0.000000 -0.355868 0.818669
v 0.047256 -0.358942 0.818669
v 0.094581 -0.352981 0.818669
v 0.139961 -0.337896 0.818669
v 0.182001 -0.315236 0.818669
v 0.220441 -0.287284 0.818669
v 0.255848 -0.255848 0.818669
v 0.288651 -0.221490 0.818669
v 0.318117 -0.183665 0.818669
v 0.342011 -0.141665 0.818669
v 0.357299 -0.095738 0.818669
v 0.361617 -0.047608 0.818669
v 0.443079 0.000000 0.789911
v 0.423821 0.055797 0.789911
v 0.399443 0.107031 0.789911
v 0.375276 0.155444 0.789911
v 0.353967 0.204363 0.789911
v 0.334202 0.256442 0.789911
v 0.311415 0.311415 0.789911
v 0.280205 0.365170 0.789911
v 0.237213 0.410865 0.789911
v 0.182956 0.441696 0.789911
v 0.121649 0.454000 0.789911
v 0.059123 0.449086 0.789911
v 0.000000 0.432780 0.789911
v -0.054351 0.412836 0.789911
v -0.105961 0.395451 0.789911
v -0.158473 0.382587 0.789911
v -0.214435 0.371412 0.789911
v -0.273186 0.356023 0.789911
v -0.330510 0.330510 0.789911
v -0.380251 0.291777 0.789911
v -0.416998 0.240754 0.789911
v -0.438426 0.181602 0.789911
v -0.446048 0.119518 0.789911
v -0.444094 0.058466 0.789911
v -0.437184 0.000000 0.789911
v -0.428098 -0.056360 0.789911
v -0.416785 -0.111677 0.789911
v -0.400999 -0.166099 0.789911
v -0.378035 -0.218259 0.789911
v -0.346483 -0.265865 0.789911
v -0.307011 -0.307011 0.789911
v -0.261864 -0.341268 0.789911
v -0.213521 -0.369830 0.789911
v -0.163432 -0.394560 0.789911
v -0.111611 -0.416538 0.789911
v -0.057271 -0.435018 0.789911
v -0.000000 -0.447483 0.789911
v 0.059349 -0.450803 0.789911
v 0.118658 -0.442836 0.789911
v 0.175430 -0.423524 0.789911
v 0.227964 -0.394845 0.789911
v 0.275978 -0.359662 0.789911
v 0.320211 -0.320211 0.789911
v 0.361188 -0.277149 0.789911
v 0.397951 -0.229757 0.789911
v 0.427667 -0.177146 0.789911
v 0.446549 -0.119652 0.789911
v 0.451730 -0.059471 0.789911
v 0.528525 0.000000 0.757128
v 0.506435 0.066673 0.757128
v 0.478955 0.128336 0.757128
v 0.452229 0.187319 0.757128
v 0.428986 0.247675 0.757128
v 0.407122 0.312395 0.757128
v 0.380718 0.380718 0.757128
v 0.343084 0.447116 0.757128
v 0.290292 0.502801 0.757128
v 0.223354 0.539225 0.757128
v 0.147891 0.551935 0.757128
v 0.071463 0.542812 0.757128
v 0.000000 0.519461 0.757128
v -0.064765 0.491941 0.757128
v -0.125500 0.468374 0.757128
v -0.187044 0.451565 0.757128
v -0.253002 0.438212 0.757128
v -0.323032 0.420983 0.757128
v -0.392294 0.392294 0.757128
v -0.453331 0.347853 0.757128
v -0.499336 0.288292 0.757128
v -0.527075 0.218322 0.757128
v -0.537946 0.144142 0.757128
v -0.536749 0.070664 0.757128
v -0.528962 0.000000 0.757128
v -0.518043 -0.068202 0.757128
v -0.504154 -0.135088 0.757128
v -0.484822 -0.200820 0.757128
v -0.456939 -0.263814 0.757128
v -0.418827 -0.321378 0.757128
v -0.371217 -0.371217 0.757128
v -0.316702 -0.412733 0.757128
v -0.258202 -0.447220 0.757128
v -0.197489 -0.476782 0.757128
v -0.134688 -0.502663 0.757128
v -0.068990 -0.524031 0.757128
v -0.000000 -0.538026 0.757128
v 0.071237 -0.541098 0.757128
v 0.142240 -0.530847 0.757128
v 0.210122 -0.507280 0.757128
v 0.272933 -0.472734 0.757128
v 0.330358 -0.430531 0.757128
v 0.383230 -0.383230 0.757128
v 0.432084 -0.331550 0.757128
v 0.475705 -0.274648 0.757128
v 0.510726 -0.211549 0.757128
v 0.532765 -0.142754 0.757128
v 0.538655 -0.070915 0.757128
v 0.587055 0.000000 0.720487
v 0.564218 0.074281 0.720487
v 0.536288 0.143698 0.720487
v 0.509561 0.211067 0.720487
v 0.486380 0.280812 0.720487
v 0.463775 0.355867 0.720487
v 0.434784 0.434784 0.720487
v 0.391931 0.510774 0.720487
v 0.331142 0.573556 0.720487
v 0.254066 0.613369 0.720487
v 0.167552 0.625314 0.720487
v 0.080547 0.611814 0.720487
v 0.000000 0.581872 0.720487
v -0.072057 0.547325 0.720487
v -0.138758 0.517852 0.720487
v -0.205896 0.497077 0.720487
v -0.278041 0.481581 0.720487
v -0.355381 0.463141 0.720487
v -0.432940 0.432940 0.720487
v -0.502529 0.385604 0.720487
v -0.556332 0.321199 0.720487
v -0.590214 0.244475 0.720487
v -0.605074 0.162129 0.720487
v -0.605704 0.079742 0.720487
v -0.597929 0.000000 0.720487
v -0.585672 -0.077105 0.720487
v -0.569466 -0.152588 0.720487
v -0.547002 -0.226576 0.720487
v -0.515154 -0.297425 0.720487
v -0.472165 -0.362305 0.720487
v -0.418727 -0.418727 0.720487
v -0.357500 -0.465903 0.720487
v -0.291562 -0.505001 0.720487
v -0.222876 -0.538071 0.720487
v -0.151752 -0.566346 0.720487
v -0.077541 -0.588985 0.720487
v -0.000000 -0.603112 0.720487
v 0.079673 -0.605173 0.720487
v 0.158843 -0.592809 0.720487
v 0.234496 -0.566124 0.720487
v 0.304596 -0.527575 0.720487
v 0.368767 -0.480587 0.720487
v 0.427757 -0.427757 0.720487
v 0.481936 -0.369803 0.720487
v 0.529846 -0.305907 0.720487
v 0.567866 -0.235218 0.720487
v 0.591494 -0.158490 0.720487
v 0.597702 -0.078689 0.720487
v 0.634438 0.000000 0.680175
v 0.612590 0.080649 0.680175
v 0.586270 0.157091 0.680175
v 0.561321 0.232507 0.680175
v 0.539268 0.311347 0.680175
v 0.516204 0.396097 0.680175
v 0.484416 0.484416 0.680175
v 0.436128 0.568373 0.680175
v 0.367536 0.636592 0.680175
v 0.281078 0.678582 0.680175
v 0.184696 0.689297 0.680175
v 0.088426 0.671664 0.680175
v 0.000000 0.635719 0.680175
v -0.078279 0.594589 0.680175
v -0.149825 0.559155 0.680175
v -0.221126 0.533846 0.680175
v -0.297603 0.515463 0.680175
v -0.380137 0.495404 0.680175
v -0.464042 0.464042 0.680175
v -0.540899 0.415046 0.680175
v -0.602206 0.347684 0.680175
v -0.642902 0.266299 0.680175
v -0.663010 0.177653 0.680175
v -0.666749 0.087779 0.680175
v -0.659817 0.000000 0.680175
v -0.646428 -0.085104 0.680175
v -0.627654 -0.168179 0.680175
v -0.601742 -0.249250 0.680175
v -0.565945 -0.326748 0.680175
v -0.518610 -0.397944 0.680175
v -0.460317 -0.460317 0.680175
v -0.393534 -0.512864 0.680175
v -0.321234 -0.556393 0.680175
v -0.245464 -0.592602 0.680175
v -0.166805 -0.622524 0.680175
v -0.084964 -0.645368 0.680175
v -0.000000 -0.658536 0.680175
v 0.086740 -0.658853 0.680175
v 0.172632 -0.644273 0.680175
v 0.254750 -0.615020 0.680175
v 0.331082 -0.573451 0.680175
v 0.401124 -0.522756 0.680175
v 0.465323 -0.465323 0.680175
v 0.523684 -0.401837 0.680175
v 0.574479 -0.331676 0.680175
v 0.614085 -0.254362 0.680175
v 0.638315 -0.171036 0.680175
v 0.644706 -0.084877 0.680175
v 0.676651 0.000000 0.636396
v 0.657630 0.086579 0.636396
v 0.634955 0.170136 0.636396
v 0.613343 0.254055 0.636396
v 0.593043 0.342394 0.636396
v 0.569178 0.436746 0.636396
v 0.533662 0.533662 0.636396
v 0.478993 0.624235 0.636396
v 0.402112 0.696479 0.636396
v 0.306408 0.739733 0.636396
v 0.200733 0.749147 0.636396
v 0.095853 0.728080 0.636396
v 0.000000 0.687138 0.636396
v -0.084274 0.640124 0.636396
v -0.160415 0.598676 0.636396
v -0.235266 0.567982 0.636396
v -0.314911 0.545441 0.636396
v -0.401069 0.522683 0.636396
v -0.489794 0.489794 0.636396
v -0.572999 0.439677 0.636396
v -0.641878 0.370588 0.636396
v -0.690439 0.285989 0.636396
v -0.717417 0.192231 0.636396
v -0.725836 0.095558 0.636396
v -0.720723 0.000000 0.636396
v -0.706366 -0.092995 0.636396
v -0.684554 -0.183426 0.636396
v -0.654530 -0.271115 0.636396
v -0.614368 -0.354705 0.636396
v -0.562751 -0.431814 0.636396
v -0.500077 -0.500077 0.636396
v -0.428351 -0.558238 0.636396
v -0.350161 -0.606496 0.636396
v -0.267524 -0.645860 0.636396
v -0.181389 -0.676952 0.636396
v -0.092036 -0.699082 0.636396
v -0.000000 -0.710236 0.636396
v 0.093213 -0.708027 0.636396
v 0.185156 -0.691011 0.636396
v 0.273195 -0.659551 0.636396
v 0.355449 -0.615657 0.636396
v 0.431181 -0.561925 0.636396
v 0.500281 -0.500281 0.636396
v 0.562154 -0.431356 0.636396
v 0.614784 -0.354946 0.636396
v 0.654814 -0.271233 0.636396
v 0.678858 -0.181899 0.636396
v 0.685480 -0.090245 0.636396
v 0.713775 0.000000 0.589375
v 0.699690 0.092116 0.589375
v 0.682846 0.182968 0.589375
v 0.666075 0.275897 0.589375
v 0.647890 0.374060 0.589375
v 0.622490 0.477653 0.589375
v 0.581934 0.581934 0.589375
v 0.519707 0.677295 0.589375
v 0.434050 0.751797 0.589375
v 0.329437 0.795330 0.589375
v 0.215337 0.803648 0.589375
v 0.102743 0.780413 0.589375
v 0.000000 0.736173 0.589375
v -0.090126 0.684576 0.589375
v -0.170789 0.637392 0.589375
v -0.248715 0.600452 0.589375
v -0.330354 0.572191 0.589375
v -0.418361 0.545219 0.589375
v -0.510038 0.510038 0.589375
v -0.598305 0.459095 0.589375
v -0.674565 0.389460 0.589375
v -0.731964 0.303189 0.589375
v -0.767537 0.205661 0.589375
v -0.782418 0.103007 0.589375
v -0.780323 0.000000 0.589375
v -0.765316 -0.100756 0.589375
v -0.740052 -0.198296 0.589375
v -0.705226 -0.292114 0.589375
v -0.660229 -0.381184 0.589375
v -0.604360 -0.463742 0.589375
v -0.537785 -0.537785 0.589375
v -0.461767 -0.601787 0.589375
v -0.378209 -0.655078 0.589375
v -0.288964 -0.697621 0.589375
v -0.195441 -0.729397 0.589375
v -0.098722 -0.749866 0.589375
v -0.000000 -0.757924 0.589375
v 0.099055 -0.752398 0.589375
v 0.196339 -0.732747 0.589375
v 0.289735 -0.699483 0.589375
v 0.377586 -0.653998 0.589375
v 0.458798 -0.597917 0.589375
v 0.532436 -0.532436 0.589375
v 0.597063 -0.458143 0.589375
v 0.650379 -0.375497 0.589375
v 0.689622 -0.285651 0.589375
v 0.712749 -0.190980 0.589375
v 0.719830 -0.094767 0.589375
v 0.746245 0.000000 0.539350
v 0.739299 0.097331 0.539350
v 0.730394 0.195708 0.539350
v 0.719720 0.298118 0.539350
v 0.703654 0.406255 0.539350
v 0.675618 0.518420 0.539350
v 0.628442 0.628442 0.539350
v 0.557386 0.726400 0.539350
v 0.462558 0.801174 0.539350
v 0.349601 0.844013 0.539350
v 0.228216 0.851712 0.539350
v 0.109016 0.828056 0.539350
v 0.000000 0.782791 0.539350
v -0.095901 0.728438 0.539350
v -0.181173 0.676147 0.539350
v -0.261869 0.632207 0.539350
v -0.344405 0.596527 0.539350
v -0.432413 0.563531 0.539350
v -0.524940 0.524940 0.539350
v -0.616651 0.473173 0.539350
v -0.699753 0.404003 0.539350
v -0.766699 0.317577 0.539350
v -0.812480 0.217703 0.539350
v -0.835657 0.110016 0.539350
v -0.837955 0.000000 0.539350
v -0.822849 -0.108330 0.539350
v -0.793925 -0.212732 0.539350
v -0.753738 -0.312209 0.539350
v -0.703475 -0.406152 0.539350
v -0.643343 -0.493655 0.539350
v -0.573278 -0.573278 0.539350
v -0.493570 -0.643233 0.539350
v -0.405161 -0.701760 0.539350
v -0.309609 -0.747461 0.539350
v -0.208856 -0.779463 0.539350
v -0.104982 -0.797415 0.539350
v -0.000000 -0.801409 0.539350
v 0.104252 -0.791871 0.539350
v 0.206167 -0.769426 0.539350
v 0.304337 -0.734734 0.539350
v 0.397399 -0.688315 0.539350
v 0.483786 -0.630482 0.539350
v 0.561486 -0.561486 0.539350
v 0.628034 -0.481907 0.539350
v 0.680894 -0.393114 0.539350
v 0.718257 -0.297512 0.539350
v 0.739948 -0.198269 0.539350
v 0.747975 -0.098473 0.539350
v 0.774882 0.000000 0.486577
v 0.777119 0.102310 0.486577
v 0.777877 0.208431 0.486577
v 0.774077 0.320633 0.486577
v 0.759701 0.438614 0.486577
v 0.727658 0.558351 0.486577
v 0.672211 0.672211 0.486577
v 0.591160 0.770414 0.486577
v 0.486974 0.843464 0.486577
v 0.366479 0.884759 0.486577
v 0.239156 0.892541 0.486577
v 0.114604 0.870501 0.486577
v 0.000000 0.826816 0.486577
v -0.101620 0.771881 0.486577
v -0.191702 0.715440 0.486577
v -0.275037 0.663997 0.486577
v -0.357559 0.619311 0.486577
v -0.443830 0.578410 0.486577
v -0.535061 0.535061 0.486577
v -0.628349 0.482149 0.486577
v -0.717338 0.414155 0.486577
v -0.794064 0.328912 0.486577
v -0.851270 0.228097 0.486577
v -0.884396 0.116433 0.486577
v -0.892549 0.000000 0.486577
v -0.878195 -0.115617 0.486577
v -0.845796 -0.226630 0.486577
v -0.800015 -0.331377 0.486577
v -0.744208 -0.429669 0.486577
v -0.679772 -0.521607 0.486577
v -0.606478 -0.606478 0.486577
v -0.523522 -0.682267 0.486577
v -0.430705 -0.746003 0.486577
v -0.329186 -0.794726 0.486577
v -0.221476 -0.826559 0.486577
v -0.110768 -0.841363 0.486577
v -0.000000 -0.840615 0.486577
v 0.108823 -0.826591 0.486577
v 0.214695 -0.801251 0.486577
v 0.317033 -0.765386 0.486577
v 0.414807 -0.718466 0.486577
v 0.505876 -0.659271 0.486577
v 0.586995 -0.586995 0.486577
v 0.654584 -0.502280 0.486577
v 0.705996 -0.407607 0.486577
v 0.740712 -0.306813 0.486577
v 0.760849 -0.203869 0.486577
v 0.770628 -0.101455 0.486577
v 0.800846 0.000000 0.431324
v 0.813844 0.107145 0.431324
v 0.825276 0.221132 0.431324
v 0.828418 0.343142 0.431324
v 0.814838 0.470447 0.431324
v 0.777299 0.596442 0.431324
v 0.712124 0.712124 0.431324
v 0.620260 0.808338 0.431324
v 0.506867 0.877919 0.431324
v 0.379862 0.917068 0.431324
v 0.248059 0.925768 0.431324
v 0.119461 0.907395 0.431324
v 0.000000 0.867879 0.431324
v -0.107247 0.814624 0.431324
v -0.202369 0.755251 0.431324
v -0.288375 0.696199 0.431324
v -0.370266 0.641320 0.431324
v -0.453388 0.590867 0.431324
v -0.541366 0.541366 0.431324
v -0.634258 0.486683 0.431324
v -0.727731 0.420156 0.431324
v -0.813775 0.337077 0.431324
v -0.882923 0.236578 0.431324
v -0.927194 0.122067 0.431324
v -0.942613 0.000000 0.431324
v -0.930207 -0.122464 0.431324
v -0.895080 -0.239836 0.431324
v -0.844003 -0.349597 0.431324
v -0.782669 -0.451874 0.431324
v -0.713877 -0.547777 0.431324
v -0.637391 -0.637391 0.431324
v -0.551365 -0.718553 0.431324
v -0.454442 -0.787116 0.431324
v -0.347333 -0.838535 0.431324
v -0.233091 -0.869906 0.431324
v -0.116024 -0.881290 0.431324
v -0.000000 -0.875580 0.431324
v 0.112818 -0.856939 0.431324
v 0.222042 -0.828673 0.431324
v 0.327923 -0.791676 0.431324
v 0.429733 -0.744319 0.431324
v 0.524722 -0.683831 0.431324
v 0.608399 -0.608399 0.431324
v 0.676156 -0.518833 0.431324
v 0.725437 -0.418831 0.431324
v 0.757283 -0.313677 0.431324
v 0.776319 -0.208014 0.431324
v 0.789002 -0.103874 0.431324
v 0.825514 0.000000 0.373874
v 0.850077 0.111915 0.373874
v 0.872173 0.233698 0.373874
v 0.881441 0.365105 0.373874
v 0.867319 0.500747 0.373874
v 0.822887 0.631423 0.373874
v 0.747006 0.747006 0.373874
v 0.644102 0.839410 0.373874
v 0.522098 0.904301 0.373874
v 0.389801 0.941062 0.373874
v 0.254962 0.951532 0.373874
v 0.123566 0.938574 0.373874
v 0.000000 0.905410 0.373874
v -0.112677 0.855866 0.373874
v -0.213001 0.794932 0.373874
v -0.301836 0.728697 0.373874
v -0.382862 0.663136 0.373874
v -0.461961 0.602039 0.373874
v -0.545168 0.545168 0.373874
v -0.635770 0.487844 0.373874
v -0.731892 0.422558 0.373874
v -0.825947 0.342118 0.373874
v -0.906575 0.242916 0.373874
v -0.962454 0.126709 0.373874
v -0.986325 0.000000 0.373874
v -0.977391 -0.128676 0.373874
v -0.940960 -0.252129 0.373874
v -0.885579 -0.366819 0.373874
v -0.819157 -0.472941 0.373874
v -0.745994 -0.572421 0.373874
v -0.666091 -0.666091 0.373874
v -0.576841 -0.751754 0.373874
v -0.475915 -0.824309 0.373874
v -0.363621 -0.877859 0.373874
v -0.243457 -0.908594 0.373874
v -0.120692 -0.916743 0.373874
v -0.000000 -0.906430 0.373874
v 0.116311 -0.883468 0.373874
v 0.228378 -0.852319 0.373874
v 0.337146 -0.813943 0.373874
v 0.442101 -0.765741 0.373874
v 0.539920 -0.703637 0.373874
v 0.625063 -0.625063 0.373874
v 0.692190 -0.531136 0.373874
v 0.739119 -0.426730 0.373874
v 0.768595 -0.318363 0.373874
v 0.787669 -0.211055 0.373874
v 0.804728 -0.105944 0.373874
v 0.850263 0.000000 0.314518
v 0.886168 0.116666 0.314518
v 0.917700 0.245897 0.314518
v 0.931329 0.385769 0.314518
v 0.914979 0.528264 0.314518
v 0.862564 0.661869 0.314518
v 0.775735 0.775735 0.314518
v 0.662351 0.863192 0.314518
v 0.532846 0.922917 0.314518
v 0.396601 0.957480 0.314518
v 0.260035 0.970462 0.314518
v 0.126922 0.964069 0.314518
v 0.000000 0.938665 0.314518
v -0.117742 0.894339 0.314518
v -0.223266 0.833239 0.314518
v -0.315155 0.760852 0.314518
v -0.395509 0.685042 0.314518
v -0.470406 0.613045 0.314518
v -0.547992 0.547992 0.314518
v -0.634684 0.487010 0.314518
v -0.731282 0.422206 0.314518
v -0.831134 0.344267 0.314518
v -0.921635 0.246951 0.314518
v -0.988629 0.130155 0.314518
v -1.021729 0.000000 0.314518
v -1.018019 -0.134025 0.314518
v -0.982385 -0.263229 0.314518
v -0.924462 -0.382925 0.314518
v -0.853904 -0.493002 0.314518
v -0.776452 -0.595792 0.314518
v -0.692672 -0.692672 0.314518
v -0.599704 -0.781549 0.314518
v -0.494669 -0.856792 0.314518
v -0.377616 -0.911647 0.314518
v -0.252327 -0.941697 0.314518
v -0.124711 -0.947273 0.314518
v -0.000000 -0.933327 0.314518
v 0.119380 -0.906778 0.314518
v 0.233881 -0.872855 0.314518
v 0.344848 -0.832537 0.314518
v 0.451829 -0.782590 0.314518
v 0.551067 -0.718164 0.314518
v 0.636393 -0.636393 0.314518
v 0.702250 -0.538856 0.314518
v 0.747176 -0.431382 0.314518
v 0.775589 -0.321260 0.314518
v 0.796533 -0.213430 0.314518
v 0.819644 -0.107908 0.314518
v 0.876192 0.000000 0.253559
v 0.922065 0.121392 0.253559
v 0.960561 0.257382 0.253559
v 0.975922 0.404240 0.253559
v 0.955477 0.551645 0.253559
v 0.894493 0.686368 0.253559
v 0.797372 0.797372 0.253559
v 0.674939 0.879598 0.253559
v 0.539557 0.934540 0.253559
v 0.400766 0.967534 0.253559
v 0.263543 0.983554 0.253559
v 0.129555 0.984071 0.253559
v 0.000000 0.966815 0.253559
v -0.122235 0.928468 0.253559
v -0.232710 0.868487 0.253559
v -0.327878 0.791566 0.253559
v -0.408167 0.706966 0.253559
v -0.479442 0.624821 0.253559
v -0.551360 0.551360 0.253559
v -0.632975 0.485699 0.253559
v -0.727702 0.420139 0.253559
v -0.830333 0.343935 0.253559
v -0.927942 0.248641 0.253559
v -1.004494 0.132244 0.253559
v -1.047013 0.000000 0.253559
v -1.050322 -0.138278 0.253559
v -1.018123 -0.272805 0.253559
v -0.960117 -0.397693 0.253559
v -0.886905 -0.512055 0.253559
v -0.805426 -0.618025 0.253559
v -0.717174 -0.717174 0.253559
v -0.619736 -0.807655 0.253559
v -0.510317 -0.883895 0.253559
v -0.388949 -0.939005 0.253559
v -0.259487 -0.968420 0.253559
v -0.128031 -0.972489 0.253559
v -0.000000 -0.956391 0.253559
v 0.122089 -0.927357 0.253559
v 0.238692 -0.890810 0.253559
v 0.351136 -0.847718 0.253559
v 0.458836 -0.794727 0.253559
v 0.557843 -0.726995 0.253559
v 0.641982 -0.641982 0.253559
v 0.706175 -0.541867 0.253559
v 0.750043 -0.433037 0.253559
v 0.779452 -0.322860 0.253559
v 0.804646 -0.215604 0.253559
v 0.835502 -0.109996 0.253559
v 0.903841 0.000000 0.191309
v 0.957199 0.126018 0.191309
v 0.999136 0.267718 0.191309
v 1.012986 0.419593 0.191309
v 0.986622 0.569627 0.191309
v 0.917120 0.703731 0.191309
v 0.811287 0.811287 0.191309
v 0.682057 0.888874 0.191309
v 0.542845 0.940235 0.191309
v 0.402891 0.972665 0.191309
v 0.265794 0.991958 0.191309
v 0.131503 0.998862 0.191309
v 0.000000 0.989060 0.191309
v -0.125941 0.956620 0.191309
v -0.240840 0.898827 0.191309
v -0.339435 0.819468 0.191309
v -0.420590 0.728483 0.191309
v -0.489522 0.637957 0.191309
v -0.556542 0.556542 0.191309
v -0.632493 0.485329 0.191309
v -0.723053 0.417455 0.191309
v -0.824893 0.341682 0.191309
v -0.925887 0.248091 0.191309
v -1.009429 0.132894 0.191309
v -1.060844 0.000000 0.191309
v -1.072743 -0.141229 0.191309
v -1.046847 -0.280502 0.191309
v -0.991693 -0.410773 0.191309
v -0.917765 -0.529872 0.191309
v -0.832783 -0.639017 0.191309
v -0.739504 -0.739504 0.191309
v -0.636759 -0.829841 0.191309
v -0.522608 -0.905184 0.191309
v -0.397386 -0.959375 0.191309
v -0.264802 -0.988255 0.191309
v -0.130613 -0.992104 0.191309
v -0.000000 -0.975624 0.191309
v 0.124465 -0.945406 0.191309
v 0.242870 -0.906403 0.191309
v 0.356040 -0.859555 0.191309
v 0.463055 -0.802034 0.191309
v 0.560103 -0.729941 0.191309
v 0.641761 -0.641761 0.191309
v 0.704216 -0.540364 0.191309
v 0.748497 -0.432145 0.191309
v 0.781491 -0.323704 0.191309
v 0.813573 -0.217996 0.191309
v 0.853622 -0.112381 0.191309
v 0.932962 0.000000 0.128083
v 0.990447 0.130395 0.128083
v 1.031645 0.276429 0.128083
v 1.040534 0.431003 0.128083
v 1.006725 0.581233 0.128083
v 0.929430 0.713177 0.128083
v 0.817254 0.817254 0.128083
v 0.684092 0.891527 0.128083
v 0.543363 0.941133 0.128083
v 0.403539 0.974229 0.128083
v 0.267071 0.996723 0.128083
v 0.132803 1.008736 0.128083
v 0.000000 1.004760 0.128083
v -0.128677 0.977402 0.128083
v -0.247203 0.922574 0.128083
v -0.349241 0.843141 0.128083
v -0.432363 0.748874 0.128083
v -0.500732 0.652566 0.128083
v -0.564318 0.564318 0.128083
v -0.634645 0.486980 0.128083
v -0.719044 0.415140 0.128083
v -0.816376 0.338154 0.128083
v -0.916463 0.245565 0.128083
v -1.003632 0.132131 0.128083
v -1.062654 0.000000 0.128083
v -1.084188 -0.142736 0.128083
v -1.067276 -0.285976 0.128083
v -1.018020 -0.421678 0.128083
v -0.945602 -0.545943 0.128083
v -0.857964 -0.658339 0.128083
v -0.759360 -0.759360 0.128083
v -0.650635 -0.847924 0.128083
v -0.531479 -0.920548 0.128083
v -0.402891 -0.972664 0.128083
v -0.268243 -1.001095 0.128083
v -0.132440 -1.005985 0.128083
v -0.000000 -0.990856 0.128083
v 0.126481 -0.960720 0.128083
v 0.246356 -0.919412 0.128083
v 0.359483 -0.867869 0.128083
v 0.464452 -0.804454 0.128083
v 0.557959 -0.727147 0.128083
v 0.636116 -0.636116 0.128083
v 0.697125 -0.534923 0.128083
v 0.743638 -0.429339 0.128083
v 0.782972 -0.324318 0.128083
v 0.824421 -0.220903 0.128083
v 0.874576 -0.115140 0.128083
v 0.962434 0.000000 0.064205
v 1.020197 0.134312 0.064205
v 1.056373 0.283054 0.064205
v 1.057123 0.437875 0.064205
v 1.014878 0.585940 0.064205
v 0.931129 0.714481 0.064205
v 0.815489 0.815489 0.064205
v 0.681555 0.888219 0.064205
v 0.541664 0.938189 0.064205
v 0.403118 0.973213 0.064205
v 0.267567 0.998575 0.064205
v 0.133485 1.013920 0.064205
v 0.000000 1.013543 0.064205
v -0.130325 0.989914 0.064205
v -0.251476 0.938521 0.064205
v -0.356794 0.861376 0.064205
v -0.442957 0.767224 0.064205
v -0.512753 0.668232 0.064205
v -0.574813 0.574813 0.064205
v -0.640134 0.491192 0.064205
v -0.716930 0.413920 0.064205
v -0.806357 0.334004 0.064205
v -0.901205 0.241477 0.064205
v -0.988209 0.130100 0.064205
v -1.052828 0.000000 0.064205
v -1.084240 -0.142743 0.064205
v -1.078334 -0.288939 0.064205
v -1.037687 -0.429824 0.064205
v -0.969048 -0.559480 0.064205
v -0.879949 -0.675208 0.064205
v -0.776204 -0.776204 0.064205
v -0.661246 -0.861752 0.064205
v -0.537053 -0.930203 0.064205
v -0.405630 -0.979277 0.064205
v -0.269897 -1.007270 0.064205
v -0.133516 -1.014153 0.064205
v -0.000000 -1.001719 0.064205
v 0.128051 -0.972647 0.064205
v 0.248967 -0.929157 0.064205
v 0.361292 -0.872236 0.064205
v 0.463052 -0.802029 0.064205
v 0.551822 -0.719149 0.064205
v 0.625922 -0.625922 0.064205
v 0.686141 -0.526495 0.064205
v 0.736789 -0.425385 0.064205
v 0.784935 -0.325131 0.064205
v 0.837611 -0.224437 0.064205
v 0.897989 -0.118222 0.064205
v 0.990338 0.000000 0.000000
v 1.044525 0.137514 0.000000
v 1.071885 0.287211 0.000000
v 1.062066 0.439922 0.000000
v 1.011105 0.583762 0.000000
v 0.922703 0.708015 0.000000
v 0.806626 0.806626 0.000000
v 0.674985 0.879658 0.000000
v 0.538097 0.932011 0.000000
v 0.401804 0.970041 0.000000
v 0.267349 0.997758 0.000000
v 0.133564 1.014516 0.000000
v 0.000000 1.015368 0.000000
v -0.130851 0.993910 0.000000
v -0.253518 0.946142 0.000000
v -0.361758 0.873360 0.000000
v -0.451808 0.782555 0.000000
v -0.524887 0.684046 0.000000
v -0.587444 0.587444 0.000000
v -0.648829 0.497864 0.000000
v -0.717304 0.414136 0.000000
v -0.796213 0.329802 0.000000
v -0.882021 0.236337 0.000000
v -0.965081 0.127055 0.000000
v -1.032721 0.000000 0.000000
v -1.073259 -0.141297 0.000000
v -1.079309 -0.289200 0.000000
v -1.049210 -0.434597 0.000000
v -0.986390 -0.569493 0.000000
v -0.897337 -0.688551 0.000000
v -0.789273 -0.789273 0.000000
v -0.668473 -0.871171 0.000000
v -0.539607 -0.934627 0.000000
v -0.405945 -0.980039 0.000000
v -0.269954 -1.007483 0.000000
v -0.133861 -1.016776 0.000000
v -0.000000 -1.007691 0.000000
v 0.129042 -0.980175 0.000000
v 0.250423 -0.934593 0.000000
v 0.361226 -0.872078 0.000000
v 0.458959 -0.794940 0.000000
v 0.542388 -0.706854 0.000000
v 0.612474 -0.612474 0.000000
v 0.672860 -0.516303 0.000000
v 0.729333 -0.421081 0.000000
v 0.788029 -0.326412 0.000000
v 0.852761 -0.228497 0.000000
v 0.922511 -0.121451 0.000000
v 1.006528 0.000000 -0.064205
v 1.053403 0.138683 -0.064205
v 1.069055 0.286452 -0.064205
v 1.047518 0.433896 -0.064205
v 0.988798 0.570883 -0.064205
v 0.898480 0.689428 -0.064205
v 0.785624 0.785624 -0.064205
v 0.659849 0.859932 -0.064205
v 0.528733 0.915793 -0.064205
v 0.396496 0.957225 -0.064205
v 0.264329 0.986490 -0.064205
v 0.132026 1.002835 -0.064205
v 0.000000 1.002860 -0.064205
v -0.129324 0.982311 -0.064205
v -0.251465 0.938481 -0.064205
v -0.361243 0.872117 -0.064205
v -0.454915 0.787935 -0.064205
v -0.532092 0.693435 -0.064205
v -0.596455 0.596455 -0.064205
v -0.654791 0.502439 -0.064205
v -0.714577 0.412561 -0.064205
v -0.780976 0.323491 -0.064205
v -0.854403 0.228936 -0.064205
v -0.929635 0.122389 -0.064205
v -0.996869 0.000000 -0.064205
v -1.044385 -0.137496 -0.064205
v -1.061877 -0.284529 -0.064205
v -1.043301 -0.432149 -0.064205
v -0.988271 -0.570578 -0.064205
v -0.901647 -0.691858 -0.064205
v -0.791614 -0.791614 -0.064205
v -0.667080 -0.869356 -0.064205
v -0.535400 -0.927341 -0.064205
v -0.401210 -0.968606 -0.064205
v -0.266624 -0.995056 -0.064205
v -0.132499 -1.006426 -0.064205
v -0.000000 -1.000538 -0.064205
v 0.128318 -0.974675 -0.064205
v 0.248508 -0.927444 -0.064205
v 0.356323 -0.860239 -0.064205
v 0.448948 -0.777601 -0.064205
v 0.526542 -0.686203 -0.064205
v 0.592786 -0.592786 -0.064205
v 0.654009 -0.501838 -0.064205
v 0.717024 -0.413974 -0.064205
v 0.786393 -0.325735 -0.064205
v 0.862136 -0.231009 -0.064205
v 0.938824 -0.123599 -0.064205
v 1.013536 0.000000 -0.128083
v 1.050647 0.138320 -0.128083
v 1.053371 0.282250 -0.128083
v 1.020356 0.422645 -0.128083
v 0.955388 0.551594 -0.128083
v 0.865429 0.664067 -0.128083
v 0.758216 0.758216 -0.128083
v 0.640360 0.834533 -0.128083
v 0.516444 0.894508 -0.128083
v 0.389116 0.939408 -0.128083
v 0.259798 0.969580 -0.128083
v 0.129587 0.984314 -0.128083
v 0.000000 0.982174 -0.128083
v -0.126595 0.961584 -0.128083
v -0.246936 0.921576 -0.128083
v -0.357274 0.862536 -0.128083
v -0.454235 0.786757 -0.128083
v -0.535969 0.698488 -0.128083
v -0.603228 0.603228 -0.128083
v -0.659787 0.506273 -0.128083
v -0.711728 0.410916 -0.128083
v -0.765487 0.317075 -0.128083
v -0.825158 0.221101 -0.128083
v -0.890083 0.117182 -0.128083
v -0.953856 0.000000 -0.128083
v -1.005476 -0.132373 -0.128083
v -1.032456 -0.276646 -0.128083
v -1.024830 -0.424499 -0.128083
v -0.978442 -0.564904 -0.128083
v -0.896163 -0.687650 -0.128083
v -0.786533 -0.786533 -0.128083
v -0.660489 -0.860766 -0.128083
v -0.527688 -0.913982 -0.128083
v -0.394074 -0.951378 -0.128083
v -0.261638 -0.976448 -0.128083
v -0.130199 -0.988963 -0.128083
v -0.000000 -0.985219 -0.128083
v 0.126438 -0.960394 -0.128083
v 0.244309 -0.911773 -0.128083
v 0.348409 -0.841134 -0.128083
v 0.435896 -0.754995 -0.128083
v 0.508349 -0.662494 -0.128083
v 0.571866 -0.571866 -0.128083
v 0.634902 -0.487177 -0.128083
v 0.704683 -0.406849 -0.128083
v 0.783784 -0.324654 -0.128083
v 0.868391 -0.232685 -0.128083
v 0.949049 -0.124945 -0.128083
v 1.010449 0.000000 -0.191309
v 1.036580 0.136468 -0.191309
v 1.026697 0.275103 -0.191309
v 0.983691 0.407458 -0.191309
v 0.914484 0.527978 -0.191309
v 0.826811 0.634435 -0.191309
v 0.726729 0.726729 -0.191309
v 0.617784 0.805111 -0.191309
v 0.501720 0.869005 -0.191309
v 0.379823 0.916973 -0.191309
v 0.253897 0.947557 -0.191309
v 0.126411 0.960190 -0.191309
v 0.000000 0.955433 -0.191309
v -0.123019 0.934420 -0.191309
v -0.240619 0.898004 -0.191309
v -0.350581 0.846377 -0.191309
v -0.450098 0.779593 -0.191309
v -0.536145 0.698718 -0.191309
v -0.606765 0.606765 -0.191309
v -0.662708 0.508514 -0.191309
v -0.708310 0.408943 -0.191309
v -0.750632 0.310922 -0.191309
v -0.796743 0.213487 -0.191309
v -0.850101 0.111918 -0.191309
v -0.907784 0.000000 -0.191309
v -0.960164 -0.126408 -0.191309
v -0.993585 -0.266230 -0.191309
v -0.995122 -0.412193 -0.191309
v -0.957362 -0.552733 -0.191309
v -0.881048 -0.676052 -0.191309
v -0.774378 -0.774378 -0.191309
v -0.649408 -0.846324 -0.191309
v -0.517398 -0.896160 -0.191309
v -0.385395 -0.930426 -0.191309
v -0.255553 -0.953738 -0.191309
v -0.127182 -0.966041 -0.191309
v -0.000000 -0.962799 -0.191309
v 0.123490 -0.937999 -0.191309
v 0.238015 -0.888283 -0.191309
v 0.337965 -0.815921 -0.191309
v 0.420818 -0.728878 -0.191309
v 0.489447 -0.637860 -0.191309
v 0.551749 -0.551749 -0.191309
v 0.617445 -0.473782 -0.191309
v 0.693480 -0.400381 -0.191309
v 0.780252 -0.323191 -0.191309
v 0.870557 -0.233265 -0.191309
v 0.951805 -0.125308 -0.191309
v 0.996288 0.000000 -0.253559
v 1.011400 0.133153 -0.253559
v 0.990530 0.265412 -0.253559
v 0.939962 0.389345 -0.253559
v 0.868802 0.501603 -0.253559
v 0.784928 0.602296 -0.253559
v 0.692617 0.692617 -0.253559
v 0.592701 0.772423 -0.253559
v 0.484565 0.839291 -0.253559
v 0.368447 0.889510 -0.253559
v 0.246558 0.920169 -0.253559
v 0.122551 0.930870 -0.253559
v 0.000000 0.923885 -0.253559
v -0.118835 0.902642 -0.253559
v -0.233004 0.869582 -0.253559
v -0.341654 0.824827 -0.253559
v -0.442614 0.766631 -0.253559
v -0.532043 0.693371 -0.253559
v -0.605799 0.605799 -0.253559
v -0.661978 0.507954 -0.253559
v -0.703069 0.405917 -0.253559
v -0.736101 0.304903 -0.253559
v -0.770111 0.206351 -0.253559
v -0.811782 0.106873 -0.253559
v -0.861363 0.000000 -0.253559
v -0.911093 -0.119948 -0.253559
v -0.947283 -0.253824 -0.253559
v -0.955337 -0.395714 -0.253559
v -0.925457 -0.534313 -0.253559
v -0.856336 -0.657089 -0.253559
v -0.755139 -0.755139 -0.253559
v -0.633979 -0.826218 -0.253559
v -0.504824 -0.874381 -0.253559
v -0.375492 -0.906518 -0.253559
v -0.248593 -0.927760 -0.253559
v -0.123537 -0.938357 -0.253559
v -0.000000 -0.933766 -0.253559
v 0.119524 -0.907875 -0.253559
v 0.229761 -0.857480 -0.253559
v 0.325323 -0.785398 -0.253559
v 0.404347 -0.700350 -0.253559
v 0.470748 -0.613491 -0.253559
v 0.533396 -0.533396 -0.253559
v 0.602261 -0.462131 -0.253559
v 0.683324 -0.394517 -0.253559
v 0.774853 -0.320955 -0.253559
v 0.867067 -0.232330 -0.253559
v 0.945470 -0.124474 -0.253559
v 0.970873 0.000000 -0.314518
v 0.975910 0.128481 -0.314518
v 0.946565 0.253631 -0.314518
v 0.891387 0.369224 -0.314518
v 0.820561 0.473751 -0.314518
v 0.741535 0.568999 -0.314518
v 0.656940 0.656940 -0.314518
v 0.565514 0.736992 -0.314518
v 0.464974 0.805358 -0.314518
v 0.354874 0.856742 -0.314518
v 0.237744 0.887271 -0.314518
v 0.118053 0.896705 -0.314518
v 0.000000 0.888497 -0.314518
v -0.114229 0.867659 -0.314518
v -0.224475 0.837751 -0.314518
v -0.330918 0.798907 -0.314518
v -0.431960 0.748176 -0.314518
v -0.523332 0.682020 -0.314518
v -0.599419 0.599419 -0.314518
v -0.656290 0.503589 -0.314518
v -0.694714 0.401093 -0.314518
v -0.721099 0.298689 -0.314518
v -0.745324 0.199709 -0.314518
v -0.776144 0.102181 -0.314518
v -0.816371 0.000000 -0.314518
v -0.860404 -0.113274 -0.314518
v -0.895611 -0.239978 -0.314518
v -0.907126 -0.375744 -0.314518
v -0.883827 -0.510278 -0.314518
v -0.822620 -0.631219 -0.314518
v -0.729065 -0.729065 -0.314518
v -0.614283 -0.800549 -0.314518
v -0.490003 -0.848711 -0.314518
v -0.364419 -0.879786 -0.314518
v -0.240828 -0.898781 -0.314518
v -0.119323 -0.906351 -0.314518
v -0.000000 -0.898748 -0.314518
v 0.114648 -0.870839 -0.314518
v 0.219805 -0.820323 -0.314518
v 0.310900 -0.750579 -0.314518
v 0.387008 -0.670317 -0.314518
v 0.452737 -0.590018 -0.314518
v 0.517042 -0.517042 -0.314518
v 0.589135 -0.452059 -0.314518
v 0.673460 -0.388822 -0.314518
v 0.766402 -0.317454 -0.314518
v 0.856626 -0.229532 -0.314518
v 0.929095 -0.122318 -0.314518
v 0.934895 0.000000 -0.373874
v 0.931487 0.122633 -0.373874
v 0.896597 0.240242 -0.373874
v 0.839828 0.347868 -0.373874
v 0.771379 0.445356 -0.373874
v 0.697813 0.535451 -0.373874
v 0.620401 0.620401 -0.373874
v 0.536544 0.699238 -0.373874
v 0.443045 0.767377 -0.373874
v 0.339133 0.818740 -0.373874
v 0.227496 0.849028 -0.373874
v 0.112971 0.858104 -0.373874
v 0.000000 0.849981 -0.373874
v -0.109326 0.830411 -0.373874
v -0.215296 0.803497 -0.373874
v -0.318703 0.769418 -0.373874
v -0.418380 0.724656 -0.373874
v -0.509995 0.664639 -0.373874
v -0.587211 0.587211 -0.373874
v -0.644830 0.494796 -0.373874
v -0.682185 0.393859 -0.373874
v -0.704606 0.291857 -0.373874
v -0.721747 0.193392 -0.373874
v -0.743221 0.097847 -0.373874
v -0.773643 0.000000 -0.373874
v -0.809648 -0.106592 -0.373874
v -0.840557 -0.225226 -0.373874
v -0.852529 -0.353129 -0.373874
v -0.834197 -0.481624 -0.373874
v -0.781079 -0.599343 -0.373874
v -0.696739 -0.696739 -0.373874
v -0.590439 -0.769476 -0.373874
v -0.472824 -0.818955 -0.373874
v -0.352045 -0.849911 -0.373874
v -0.232221 -0.866662 -0.373874
v -0.114579 -0.870312 -0.373874
v -0.000000 -0.858558 -0.373874
v 0.109024 -0.828117 -0.373874
v 0.208513 -0.778181 -0.373874
v 0.295182 -0.712633 -0.373874
v 0.369203 -0.639479 -0.373874
v 0.435502 -0.567558 -0.373874
v 0.502297 -0.502297 -0.373874
v 0.577188 -0.442892 -0.373874
v 0.662706 -0.382614 -0.373874
v 0.753740 -0.312209 -0.373874
v 0.838467 -0.224667 -0.373874
v 0.902588 -0.118828 -0.373874
v 0.889774 0.000000 -0.431324
v 0.879901 0.115841 -0.431324
v 0.842358 0.225709 -0.431324
v 0.786700 0.325862 -0.431324
v 0.722252 0.416992 -0.431324
v 0.654394 0.502134 -0.431324
v 0.583398 0.583398 -0.431324
v 0.506074 0.659528 -0.431324
v 0.419013 0.725751 -0.431324
v 0.321415 0.775964 -0.431324
v 0.215950 0.805935 -0.431324
v 0.107371 0.815562 -0.431324
v 0.000000 0.808817 -0.431324
v -0.104187 0.791380 -0.431324
v -0.205606 0.767333 -0.431324
v -0.305234 0.736899 -0.431324
v -0.402164 0.696569 -0.431324
v -0.492296 0.641572 -0.431324
v -0.569259 0.569259 -0.431324
v -0.627335 0.481371 -0.431324
v -0.664785 0.383814 -0.431324
v -0.685584 0.283978 -0.431324
v -0.698283 0.187104 -0.431324
v -0.712270 0.093772 -0.431324
v -0.733174 0.000000 -0.431324
v -0.759748 -0.100023 -0.431324
v -0.783871 -0.210038 -0.431324
v -0.793742 -0.328779 -0.431324
v -0.778695 -0.449580 -0.431324
v -0.733322 -0.562698 -0.431324
v -0.659041 -0.659041 -0.431324
v -0.562670 -0.733286 -0.431324
v -0.453125 -0.784836 -0.431324
v -0.338145 -0.816353 -0.431324
v -0.222678 -0.831046 -0.431324
v -0.109332 -0.830459 -0.431324
v -0.000000 -0.814131 -0.431324
v 0.102844 -0.781179 -0.431324
v 0.196306 -0.732623 -0.431324
v 0.278658 -0.672740 -0.431324
v 0.351194 -0.608287 -0.431324
v 0.418796 -0.545786 -0.431324
v 0.488303 -0.488303 -0.431324
v 0.565121 -0.433633 -0.431324
v 0.649711 -0.375111 -0.431324
v 0.735931 -0.304832 -0.431324
v 0.812425 -0.217689 -0.431324
v 0.866660 -0.114098 -0.431324
v 0.837388 0.000000 -0.486577
v 0.823078 0.108360 -0.486577
v 0.785386 0.210443 -0.486577
v 0.732965 0.303604 -0.486577
v 0.673636 0.388924 -0.486577
v 0.611468 0.469196 -0.486577
v 0.546096 0.546096 -0.486577
v 0.474373 0.618214 -0.486577
v 0.393225 0.681085 -0.486577
v 0.302041 0.729193 -0.486577
v 0.203307 0.758753 -0.486577
v 0.101325 0.769640 -0.486577
v 0.000000 0.765296 -0.486577
v -0.098828 0.750676 -0.486577
v -0.195437 0.729380 -0.486577
v -0.290635 0.701655 -0.486577
v -0.383613 0.664438 -0.486577
v -0.470704 0.613433 -0.486577
v -0.546046 0.546046 -0.486577
v -0.604027 0.463486 -0.486577
v -0.642219 0.370786 -0.486577
v -0.663138 0.274681 -0.486577
v -0.673645 0.180503 -0.486577
v -0.682065 0.089796 -0.486577
v -0.694335 0.000000 -0.486577
v -0.711059 -0.093613 -0.486577
v -0.726940 -0.194783 -0.486577
v -0.732861 -0.303561 -0.486577
v -0.719562 -0.415439 -0.486577
v -0.681178 -0.522686 -0.486577
v -0.617058 -0.617058 -0.486577
v -0.531329 -0.692442 -0.486577
v -0.430799 -0.746165 -0.486577
v -0.322499 -0.778580 -0.486577
v -0.212096 -0.791553 -0.486577
v -0.103611 -0.787004 -0.486577
v -0.000000 -0.766426 -0.486577
v 0.096305 -0.731511 -0.486577
v 0.183591 -0.685171 -0.486577
v 0.261747 -0.631914 -0.486577
v 0.333087 -0.576923 -0.486577
v 0.402135 -0.524072 -0.486577
v 0.473955 -0.473955 -0.486577
v 0.551488 -0.423172 -0.486577
v 0.633194 -0.365575 -0.486577
v 0.712378 -0.295077 -0.486577
v 0.778887 -0.208702 -0.486577
v 0.822630 -0.108301 -0.486577
v 0.779771 0.000000 -0.539350
v 0.762869 0.100434 -0.539350
v 0.726942 0.194784 -0.539350
v 0.679188 0.281329 -0.539350
v 0.625594 0.361187 -0.539350
v 0.568933 0.436558 -0.539350
v 0.508522 0.508522 -0.539350
v 0.441701 0.575636 -0.539350
v 0.366096 0.634097 -0.539350
v 0.281407 0.679378 -0.539350
v 0.189812 0.708388 -0.539350
v 0.094912 0.720925 -0.539350
v 0.000000 0.719588 -0.539350
v -0.093234 0.708180 -0.539350
v -0.184753 0.689509 -0.539350
v -0.274963 0.663819 -0.539350
v -0.363019 0.628768 -0.539350
v -0.445798 0.580976 -0.539350
v -0.518302 0.518302 -0.539350
v -0.575476 0.441578 -0.539350
v -0.614547 0.354809 -0.539350
v -0.636627 0.263700 -0.539350
v -0.646601 0.173256 -0.539350
v -0.651210 0.085733 -0.539350
v -0.656144 0.000000 -0.539350
v -0.663491 -0.087350 -0.539350
v -0.670725 -0.179720 -0.539350
v -0.671661 -0.278211 -0.539350
v -0.658874 -0.380401 -0.539350
v -0.626457 -0.480698 -0.539350
v -0.571966 -0.571966 -0.539350
v -0.496904 -0.647578 -0.539350
v -0.405864 -0.702977 -0.539350
v -0.304974 -0.736273 -0.539350
v -0.200414 -0.747954 -0.539350
v -0.097450 -0.740205 -0.539350
v -0.000000 -0.716327 -0.539350
v 0.089578 -0.680414 -0.539350
v 0.170705 -0.637079 -0.539350
v 0.244752 -0.590884 -0.539350
v 0.314841 -0.545320 -0.539350
v 0.384916 -0.501633 -0.539350
v 0.458119 -0.458119 -0.539350
v 0.534956 -0.410486 -0.539350
v 0.612146 -0.353423 -0.539350
v 0.682877 -0.282857 -0.539350
v 0.738661 -0.197924 -0.539350
v 0.772154 -0.101656 -0.539350
v 0.718845 0.000000 -0.589375
v 0.700876 0.092272 -0.589375
v 0.667979 0.178984 -0.589375
v 0.625641 0.259149 -0.589375
v 0.577964 0.333687 -0.589375
v 0.526548 0.404035 -0.589375
v 0.470637 0.470637 -0.589375
v 0.408307 0.532116 -0.589375
v 0.338050 0.585519 -0.589375
v 0.259918 0.627497 -0.589375
v 0.175708 0.655753 -0.589375
v 0.088205 0.669985 -0.589375
v 0.000000 0.671806 -0.589375
v -0.087376 0.663685 -0.589375
v -0.173495 0.647492 -0.589375
v -0.258238 0.623441 -0.589375
v -0.340650 0.590023 -0.589375
v -0.418180 0.544983 -0.589375
v -0.486855 0.486855 -0.589375
v -0.542442 0.416230 -0.589375
v -0.582099 0.336075 -0.589375
v -0.605707 0.250892 -0.589375
v -0.616167 0.165102 -0.589375
v -0.618418 0.081416 -0.589375
v -0.617530 0.000000 -0.589375
v -0.616663 -0.081185 -0.589375
v -0.615756 -0.164991 -0.589375
v -0.611460 -0.253275 -0.589375
v -0.598330 -0.345446 -0.589375
v -0.570761 -0.437960 -0.589375
v -0.524913 -0.524913 -0.589375
v -0.459990 -0.599471 -0.589375
v -0.378502 -0.655584 -0.589375
v -0.285575 -0.689439 -0.589375
v -0.187636 -0.700267 -0.589375
v -0.090892 -0.690390 -0.589375
v -0.000000 -0.664569 -0.589375
v 0.082791 -0.628858 -0.589375
v 0.157875 -0.589198 -0.589375
v 0.227827 -0.550024 -0.589375
v 0.296304 -0.513214 -0.589375
v 0.366536 -0.477679 -0.589375
v 0.439816 -0.439816 -0.589375
v 0.514498 -0.394788 -0.589375
v 0.585947 -0.338297 -0.589375
v 0.647593 -0.268242 -0.589375
v 0.692807 -0.185637 -0.589375
v 0.716961 -0.094390 -0.589375
v 0.656229 0.000000 -0.636396
v 0.638347 0.084040 -0.636396
v 0.609148 0.163221 -0.636396
v 0.572411 0.237100 -0.636396
v 0.530502 0.306286 -0.636396
v 0.484057 0.371430 -0.636396
v 0.432398 0.432398 -0.636396
v 0.374415 0.487947 -0.636396
v 0.309468 0.536014 -0.636396
v 0.237935 0.574427 -0.636396
v 0.161217 0.601669 -0.636396
v 0.081274 0.617334 -0.636396
v 0.000000 0.622065 -0.636396
v -0.081232 0.617016 -0.636396
v -0.161608 0.603128 -0.636396
v -0.240477 0.580564 -0.636396
v -0.316746 0.548620 -0.636396
v -0.388402 0.506175 -0.636396
v -0.452504 0.452504 -0.636396
v -0.505733 0.388062 -0.636396
v -0.545372 0.314871 -0.636396
v -0.570325 0.236236 -0.636396
v -0.581709 0.155868 -0.636396
v -0.582697 0.076714 -0.636396
v -0.577539 0.000000 -0.636396
v -0.570064 -0.075050 -0.636396
v -0.562199 -0.150641 -0.636396
v -0.553075 -0.229091 -0.636396
v -0.539148 -0.311277 -0.636396
v -0.515353 -0.395444 -0.636396
v -0.476924 -0.476924 -0.636396
v -0.421248 -0.548981 -0.636396
v -0.349050 -0.604572 -0.636396
v -0.264451 -0.638440 -0.636396
v -0.173845 -0.648797 -0.636396
v -0.083990 -0.637964 -0.636396
v -0.000000 -0.611703 -0.636396
v 0.076020 -0.577432 -0.636396
v 0.145211 -0.541937 -0.636396
v 0.210989 -0.509371 -0.636396
v 0.277254 -0.480218 -0.636396
v 0.346474 -0.451534 -0.636396
v 0.418340 -0.418340 -0.636396
v 0.489495 -0.375602 -0.636396
v 0.554402 -0.320084 -0.636396
v 0.606993 -0.251425 -0.636396
v 0.642475 -0.172151 -0.636396
v 0.658637 -0.086711 -0.636396
v 0.593143 0.000000 -0.680175
v 0.576150 0.075852 -0.680175
v 0.550843 0.147598 -0.680175
v 0.519483 0.215177 -0.680175
v 0.482990 0.278854 -0.680175
v 0.441265 0.338595 -0.680175
v 0.393794 0.393794 -0.680175
v 0.340220 0.443383 -0.680175
v 0.280659 0.486116 -0.680175
v 0.215749 0.520863 -0.680175
v 0.146513 0.546793 -0.680175
v 0.074174 0.563407 -0.680175
v 0.000000 0.570507 -0.680175
v -0.074793 0.568107 -0.680175
v -0.149068 0.556328 -0.680175
v -0.221717 0.535273 -0.680175
v -0.291519 0.504926 -0.680175
v -0.356932 0.465163 -0.680175
v -0.415940 0.415940 -0.680175
v -0.466101 0.357652 -0.680175
v -0.504945 0.291530 -0.680175
v -0.530675 0.219813 -0.680175
v -0.542966 0.145487 -0.680175
v -0.543436 0.071545 -0.680175
v -0.535461 0.000000 -0.680175
v -0.523177 -0.068878 -0.680175
v -0.509942 -0.136638 -0.680175
v -0.496858 -0.205805 -0.680175
v -0.482044 -0.278308 -0.680175
v -0.461116 -0.353826 -0.680175
v -0.428840 -0.428840 -0.680175
v -0.381345 -0.496979 -0.680175
v -0.317964 -0.550730 -0.680175
v -0.241875 -0.583938 -0.680175
v -0.159185 -0.594088 -0.680175
v -0.076804 -0.583385 -0.680175
v -0.000000 -0.558097 -0.680175
v 0.069297 -0.526360 -0.680175
v 0.132718 -0.495310 -0.680175
v 0.194140 -0.468697 -0.680175
v 0.257443 -0.445905 -0.680175
v 0.324353 -0.422705 -0.680175
v 0.393304 -0.393304 -0.680175
v 0.459749 -0.352778 -0.680175
v 0.517698 -0.298893 -0.680175
v 0.561754 -0.232686 -0.680175
v 0.588768 -0.157760 -0.680175
v 0.598496 -0.078794 -0.680175
v 0.524546 0.000000 -0.720487
v 0.509118 0.067027 -0.720487
v 0.487816 0.130710 -0.720487
v 0.461659 0.191225 -0.720487
v 0.430479 0.248537 -0.720487
v 0.393680 0.302081 -0.720487
v 0.350937 0.350937 -0.720487
v 0.302503 0.394229 -0.720487
v 0.249065 0.431393 -0.720487
v 0.191423 0.462137 -0.720487
v 0.130269 0.486171 -0.720487
v 0.066213 0.502940 -0.720487
v 0.000000 0.511607 -0.720487
v -0.067316 0.511313 -0.720487
v -0.134388 0.501543 -0.720487
v -0.199791 0.482338 -0.720487
v -0.262232 0.454199 -0.720487
v -0.320564 0.417768 -0.720487
v -0.373543 0.373543 -0.720487
v -0.419506 0.321898 -0.720487
v -0.456309 0.263450 -0.720487
v -0.481760 0.199552 -0.720487
v -0.494492 0.132499 -0.720487
v -0.494887 0.065153 -0.720487
v -0.485462 0.000000 -0.720487
v -0.470314 -0.061918 -0.720487
v -0.453639 -0.121552 -0.720487
v -0.437910 -0.181388 -0.720487
v -0.422581 -0.243977 -0.720487
v -0.404051 -0.310039 -0.720487
v -0.377082 -0.377082 -0.720487
v -0.337138 -0.439367 -0.720487
v -0.282601 -0.489480 -0.720487
v -0.215791 -0.520966 -0.720487
v -0.142259 -0.530919 -0.720487
v -0.068632 -0.521314 -0.720487
v -0.000000 -0.498402 -0.720487
v 0.061922 -0.470343 -0.720487
v 0.118995 -0.444096 -0.720487
v 0.175167 -0.422891 -0.720487
v 0.234034 -0.405359 -0.720487
v 0.296651 -0.386603 -0.720487
v 0.360604 -0.360604 -0.720487
v 0.420731 -0.322838 -0.720487
v 0.471062 -0.271968 -0.720487
v 0.507003 -0.210008 -0.720487
v 0.526782 -0.141151 -0.720487
v 0.531591 -0.069985 -0.720487
v 0.428530 0.000000 -0.757128
v 0.415787 0.054739 -0.757128
v 0.399251 0.106979 -0.757128
v 0.379036 0.157002 -0.757128
v 0.354314 0.204563 -0.757128
v 0.324261 0.248815 -0.757128
v 0.288737 0.288737 -0.757128
v 0.248369 0.323681 -0.757128
v 0.204142 0.353585 -0.757128
v 0.156874 0.378726 -0.757128
v 0.106962 0.399187 -0.757128
v 0.054560 0.414426 -0.757128
v 0.000000 0.423274 -0.757128
v -0.055872 0.424391 -0.757128
v -0.111708 0.416900 -0.757128
v -0.166012 0.400787 -0.757128
v -0.217562 0.376828 -0.757128
v -0.265568 0.346095 -0.757128
v -0.309399 0.309399 -0.757128
v -0.348073 0.267086 -0.757128
v -0.379897 0.219334 -0.757128
v -0.402680 0.166795 -0.757128
v -0.414548 0.111078 -0.757128
v -0.415046 0.054642 -0.757128
v -0.405844 0.000000 -0.757128
v -0.390528 -0.051414 -0.757128
v -0.373337 -0.100035 -0.757128
v -0.357336 -0.148013 -0.757128
v -0.342907 -0.197978 -0.757128
v -0.327387 -0.251213 -0.757128
v -0.306167 -0.306167 -0.757128
v -0.274837 -0.358175 -0.757128
v -0.231373 -0.400750 -0.757128
v -0.177283 -0.428000 -0.757128
v -0.117121 -0.437102 -0.757128
v -0.056563 -0.429639 -0.757128
v -0.000000 -0.411100 -0.757128
v 0.051172 -0.388688 -0.757128
v 0.098717 -0.368418 -0.757128
v 0.146136 -0.352804 -0.757128
v 0.196392 -0.340162 -0.757128
v 0.249959 -0.325753 -0.757128
v 0.304143 -0.304143 -0.757128
v 0.353982 -0.271620 -0.757128
v 0.394206 -0.227595 -0.757128
v 0.421265 -0.174494 -0.757128
v 0.434471 -0.116416 -0.757128
v 0.435783 -0.057372 -0.757128
v 0.331144 0.000000 -0.789911
v 0.321282 0.042298 -0.789911
v 0.309105 0.082824 -0.789911
v 0.294233 0.121875 -0.789911
v 0.275591 0.159113 -0.789911
v 0.252344 0.193630 -0.789911
v 0.224477 0.224477 -0.789911
v 0.192753 0.251201 -0.789911
v 0.158206 0.274021 -0.789911
v 0.121566 0.293486 -0.789911
v 0.083027 0.309861 -0.789911
v 0.042480 0.322666 -0.789911
v 0.000000 0.330682 -0.789911
v -0.043769 0.332457 -0.789911
v -0.087622 0.327011 -0.789911
v -0.130187 0.314298 -0.789911
v -0.170404 0.295148 -0.789911
v -0.207749 0.270744 -0.789911
v -0.241982 0.241982 -0.789911
v -0.272591 0.209166 -0.789911
v -0.298325 0.172238 -0.789911
v -0.317249 0.131409 -0.789911
v -0.327442 0.087738 -0.789911
v -0.328048 0.043188 -0.789911
v -0.320078 0.000000 -0.789911
v -0.306411 -0.040340 -0.789911
v -0.290801 -0.077920 -0.789911
v -0.276270 -0.114435 -0.789911
v -0.263668 -0.152229 -0.789911
v -0.251171 -0.192730 -0.789911
v -0.235080 -0.235080 -0.789911
v -0.211597 -0.275759 -0.789911
v -0.178727 -0.309565 -0.789911
v -0.137362 -0.331622 -0.789911
v -0.090965 -0.339486 -0.789911
v -0.044015 -0.334326 -0.789911
v -0.000000 -0.320540 -0.789911
v 0.040013 -0.303927 -0.789911
v 0.077504 -0.289250 -0.789911
v 0.115287 -0.278328 -0.789911
v 0.155601 -0.269508 -0.789911
v 0.198524 -0.258722 -0.789911
v 0.241520 -0.241520 -0.789911
v 0.280320 -0.215097 -0.789911
v 0.310660 -0.179359 -0.789911
v 0.329982 -0.136683 -0.789911
v 0.338260 -0.090637 -0.789911
v 0.337634 -0.044450 -0.789911
v 0.248600 0.000000 -0.818669
v 0.241225 0.031758 -0.818669
v 0.232460 0.062288 -0.818669
v 0.221741 0.091848 -0.818669
v 0.208007 0.120093 -0.818669
v 0.190524 0.146195 -0.818669
v 0.169345 0.169345 -0.818669
v 0.145212 0.189243 -0.818669
v 0.119058 0.206214 -0.818669
v 0.091486 0.220867 -0.818669
v 0.062572 0.233521 -0.818669
v 0.032094 0.243775 -0.818669
v 0.000000 0.250523 -0.818669
v -0.033232 0.252426 -0.818669
v -0.066603 0.248564 -0.818669
v -0.098946 0.238877 -0.818669
v -0.129397 0.224122 -0.818669
v -0.157606 0.205396 -0.818669
v -0.183538 0.183538 -0.818669
v -0.206957 0.158804 -0.818669
v -0.226968 0.131040 -0.818669
v -0.241986 0.100234 -0.818669
v -0.250293 0.067066 -0.818669
v -0.250941 0.033037 -0.818669
v -0.244505 0.000000 -0.818669
v -0.233180 -0.030699 -0.818669
v -0.220044 -0.058961 -0.818669
v -0.207743 -0.086050 -0.818669
v -0.197259 -0.113887 -0.818669
v -0.187402 -0.143799 -0.818669
v -0.175363 -0.175363 -0.818669
v -0.158096 -0.206035 -0.818669
v -0.133864 -0.231859 -0.818669
v -0.103151 -0.249029 -0.818669
v -0.068481 -0.255574 -0.818669
v -0.033218 -0.252314 -0.818669
v -0.000000 -0.242582 -0.818669
v 0.030385 -0.230794 -0.818669
v 0.059091 -0.220531 -0.818669
v 0.088247 -0.213048 -0.818669
v 0.119458 -0.206908 -0.818669
v 0.152587 -0.198855 -0.818669
v 0.185461 -0.185461 -0.818669
v 0.214645 -0.164703 -0.818669
v 0.236869 -0.136756 -0.818669
v 0.250352 -0.103699 -0.818669
v 0.255393 -0.068432 -0.818669
v 0.253963 -0.033435 -0.818669
v 0.184465 0.000000 -0.843255
v 0.179025 0.023569 -0.843255
v 0.172742 0.046286 -0.843255
v 0.165036 0.068360 -0.843255
v 0.154984 0.089480 -0.843255
v 0.141986 0.108950 -0.843255
v 0.126122 0.126122 -0.843255
v 0.108038 0.140797 -0.843255
v 0.088513 0.153308 -0.843255
v 0.068021 0.164218 -0.843255
v 0.046577 0.173827 -0.843255
v 0.023936 0.181814 -0.843255
v 0.000000 0.187250 -0.843255
v -0.024882 0.189000 -0.843255
v -0.049913 0.186278 -0.843255
v -0.074153 0.179021 -0.843255
v -0.096915 0.167863 -0.843255
v -0.117964 0.153734 -0.843255
v -0.137351 0.137351 -0.843255
v -0.154986 0.118925 -0.843255
v -0.170232 0.098283 -0.843255
v -0.181847 0.075323 -0.843255
v -0.188405 0.050483 -0.843255
v -0.189030 0.024886 -0.843255
v -0.184031 0.000000 -0.843255
v -0.175041 -0.023045 -0.843255
v -0.164471 -0.044070 -0.843255
v -0.154492 -0.063993 -0.843255
v -0.146035 -0.084313 -0.843255
v -0.138342 -0.106154 -0.843255
v -0.129341 -0.129341 -0.843255
v -0.116689 -0.152072 -0.843255
v -0.098970 -0.171421 -0.843255
v -0.076430 -0.184518 -0.843255
v -0.050866 -0.189833 -0.843255
v -0.024741 -0.187925 -0.843255
v -0.000000 -0.181246 -0.843255
v 0.022784 -0.173059 -0.843255
v 0.044474 -0.165978 -0.843255
v 0.066628 -0.160855 -0.843255
v 0.090365 -0.156516 -0.843255
v 0.115454 -0.150462 -0.843255
v 0.140136 -0.140136 -0.843255
v 0.161751 -0.124116 -0.843255
v 0.177858 -0.102686 -0.843255
v 0.187237 -0.077556 -0.843255
v 0.190296 -0.050990 -0.843255
v 0.188701 -0.024843 -0.843255
v 0.135692 0.000000 -0.863544
v 0.131716 0.017341 -0.863544
v 0.127215 0.034087 -0.863544
v 0.121676 0.050400 -0.863544
v 0.114350 0.066020 -0.863544
v 0.104772 0.080394 -0.863544
v 0.093022 0.093022 -0.863544
v 0.079627 0.103773 -0.863544
v 0.065205 0.112939 -0.863544
v 0.050117 0.120992 -0.863544
v 0.034348 0.128188 -0.863544
v 0.017678 0.134275 -0.863544
v 0.000000 0.138512 -0.863544
v -0.018430 0.139991 -0.863544
v -0.036997 0.138075 -0.863544
v -0.054969 0.132707 -0.863544
v -0.071817 0.124391 -0.863544
v -0.087377 0.113871 -0.863544
v -0.101725 0.101725 -0.863544
v -0.114841 0.088121 -0.863544
v -0.126274 0.072904 -0.863544
v -0.135078 0.055951 -0.863544
v -0.140127 0.037547 -0.863544
v -0.140681 0.018521 -0.863544
v -0.136902 0.000000 -0.863544
v -0.129982 -0.017112 -0.863544
v -0.121753 -0.032624 -0.863544
v -0.113917 -0.047186 -0.863544
v -0.107273 -0.061934 -0.863544
v -0.101344 -0.077764 -0.863544
v -0.094632 -0.094632 -0.863544
v -0.085385 -0.111276 -0.863544
v -0.072500 -0.125573 -0.863544
v -0.056087 -0.135405 -0.863544
v -0.037410 -0.139617 -0.863544
v -0.018245 -0.138587 -0.863544
v -0.000000 -0.134082 -0.863544
v 0.016913 -0.128463 -0.863544
v 0.033121 -0.123607 -0.863544
v 0.049740 -0.120084 -0.863544
v 0.067536 -0.116977 -0.863544
v 0.086262 -0.112419 -0.863544
v 0.104545 -0.104545 -0.863544
v 0.120382 -0.092373 -0.863544
v 0.131983 -0.076200 -0.863544
v 0.138518 -0.057376 -0.863544
v 0.140393 -0.037618 -0.863544
v 0.138936 -0.018291 -0.863544
v 0.096945 0.000000 -0.879432
v 0.094121 0.012391 -0.879432
v 0.090965 0.024374 -0.879432
v 0.087069 0.036065 -0.879432
v 0.081866 0.047266 -0.879432
v 0.075013 0.057560 -0.879432
v 0.066580 0.066580 -0.879432
v 0.056966 0.074240 -0.879432
v 0.046635 0.080774 -0.879432
v 0.035849 0.086548 -0.879432
v 0.024586 0.091756 -0.879432
v 0.012667 0.096215 -0.879432
v 0.000000 0.099365 -0.879432
v -0.013234 0.100520 -0.879432
v -0.026580 0.099199 -0.879432
v -0.039497 0.095355 -0.879432
v -0.051594 0.089363 -0.879432
v -0.062755 0.081784 -0.879432
v -0.073055 0.073055 -0.879432
v -0.082501 0.063305 -0.879432
v -0.090779 0.052411 -0.879432
v -0.097201 0.040262 -0.879432
v -0.100925 0.027043 -0.879432
v -0.101378 0.013347 -0.879432
v -0.098636 0.000000 -0.879432
v -0.093543 -0.012315 -0.879432
v -0.087432 -0.023427 -0.879432
v -0.081568 -0.033786 -0.879432
v -0.076581 -0.044214 -0.879432
v -0.072177 -0.055383 -0.879432
v -0.067308 -0.067308 -0.879432
v -0.060718 -0.079129 -0.879432
v -0.051589 -0.089355 -0.879432
v -0.039964 -0.096481 -0.879432
v -0.026707 -0.099670 -0.879432
v -0.013056 -0.099171 -0.879432
v -0.000000 -0.096217 -0.879432
v 0.012172 -0.092458 -0.879432
v 0.023900 -0.089197 -0.879432
v 0.035957 -0.086809 -0.879432
v 0.048852 -0.084614 -0.879432
v 0.062364 -0.081274 -0.879432
v 0.075474 -0.075474 -0.879432
v 0.086736 -0.066555 -0.879432
v 0.094880 -0.054779 -0.879432
v 0.099354 -0.041154 -0.879432
v 0.100502 -0.026929 -0.879432
v 0.099322 -0.013076 -0.879432
v 0.063290 0.000000 -0.890839
v 0.061454 0.008091 -0.890839
v 0.059419 0.015921 -0.890839
v 0.056901 0.023569 -0.890839
v 0.053516 0.030897 -0.890839
v 0.049037 0.037627 -0.890839
v 0.043515 0.043515 -0.890839
v 0.037222 0.048508 -0.890839
v 0.030467 0.052770 -0.890839
v 0.023423 0.056549 -0.890839
v 0.016072 0.059981 -0.890839
v 0.008286 0.062939 -0.890839
v 0.000000 0.065049 -0.890839
v -0.008669 0.065847 -0.890839
v -0.017418 0.065007 -0.890839
v -0.025886 0.062495 -0.890839
v -0.033811 0.058562 -0.890839
v -0.041119 0.053588 -0.890839
v -0.047867 0.047867 -0.890839
v -0.054066 0.041487 -0.890839
v -0.059518 0.034363 -0.890839
v -0.063768 0.026413 -0.890839
v -0.066251 0.017752 -0.890839
v -0.066573 0.008765 -0.890839
v -0.064769 0.000000 -0.890839
v -0.061383 -0.008081 -0.890839
v -0.057293 -0.015351 -0.890839
v -0.053345 -0.022096 -0.890839
v -0.049975 -0.028853 -0.890839
v -0.047015 -0.036076 -0.890839
v -0.043795 -0.043795 -0.890839
v -0.039493 -0.051469 -0.890839
v -0.033568 -0.058142 -0.890839
v -0.026028 -0.062837 -0.890839
v -0.017419 -0.065008 -0.890839
v -0.008532 -0.064804 -0.890839
v -0.000000 -0.063011 -0.890839
v 0.007989 -0.060686 -0.890839
v 0.015718 -0.058660 -0.890839
v 0.023676 -0.057158 -0.890839
v 0.032175 -0.055729 -0.890839
v 0.041052 -0.053500 -0.890839
v 0.049626 -0.049626 -0.890839
v 0.056946 -0.043696 -0.890839
v 0.062194 -0.035908 -0.890839
v 0.065027 -0.026935 -0.890839
v 0.065693 -0.017602 -0.890839
v 0.064865 -0.008540 -0.890839
v 0.031464 0.000000 -0.897707
v 0.030554 0.004023 -0.897707
v 0.029549 0.007918 -0.897707
v 0.028304 0.011724 -0.897707
v 0.026624 0.015371 -0.897707
v 0.024396 0.018720 -0.897707
v 0.021646 0.021646 -0.897707
v 0.018513 0.024127 -0.897707
v 0.015152 0.026245 -0.897707
v 0.011651 0.028127 -0.897707
v 0.007996 0.029842 -0.897707
v 0.004124 0.031326 -0.897707
v 0.000000 0.032390 -0.897707
v -0.004318 0.032799 -0.897707
v -0.008678 0.032388 -0.897707
v -0.012898 0.031139 -0.897707
v -0.016847 0.029179 -0.897707
v -0.020487 0.026699 -0.897707
v -0.023848 0.023848 -0.897707
v -0.026940 0.020671 -0.897707
v -0.029663 0.017126 -0.897707
v -0.031792 0.013169 -0.897707
v -0.033041 0.008853 -0.897707
v -0.033209 0.004372 -0.897707
v -0.032309 0.000000 -0.897707
v -0.030609 -0.004030 -0.897707
v -0.028547 -0.007649 -0.897707
v -0.026550 -0.010997 -0.897707
v -0.024840 -0.014342 -0.897707
v -0.023343 -0.017911 -0.897707
v -0.021727 -0.021727 -0.897707
v -0.019588 -0.025527 -0.897707
v -0.016652 -0.028842 -0.897707
v -0.012919 -0.031189 -0.897707
v -0.008654 -0.032295 -0.897707
v -0.004243 -0.032232 -0.897707
v -0.000000 -0.031384 -0.897707
v 0.003985 -0.030269 -0.897707
v 0.007849 -0.029293 -0.897707
v 0.011831 -0.028563 -0.897707
v 0.016080 -0.027852 -0.897707
v 0.020508 -0.026727 -0.897707
v 0.024774 -0.024774 -0.897707
v 0.028402 -0.021794 -0.897707
v 0.030990 -0.017892 -0.897707
v 0.032373 -0.013409 -0.897707
v 0.032681 -0.008757 -0.897707
v 0.032253 -0.004246 -0.897707
v 0.000000 0.000000 -0.900000
v 0.000000 0.000000 -0.900000
v 0.000000 0.000000 -0.900000
v 0.000000 0.000000 -0.900000
v 0.000000 0.000000 -0.900000
v 0.000000 0.000000 -0.900000
v 0.000000 0.000000 -0.900000
v 0.000000 0.000000 -0.900000
v 0.000000 0.000000 -0.900000
v 0.000000 0.000000 -0.900000
v 0.000000 0.000000 -0.900000
v 0.000000 0.000000 -0.900000
v 0.000000 0.000000 -0.900000
v -0.000000 0.000000 -0.900000
v -0.000000 0.000000 -0.900000
v -0.000000 0.000000 -0.900000
v -0.000000 0.000000 -0.900000
v -0.000000 0.000000 -0.900000
v -0.000000 0.000000 -0.900000
v -0.000000 0.000000 -0.900000
v -0.000000 0.000000 -0.900000
v -0.000000 0.000000 -0.900000
v -0.000000 0.000000 -0.900000
v -0.000000 0.000000 -0.900000
v -0.000000 0.000000 -0.900000
v -0.000000 -0.000000 -0.900000
v -0.000000 -0.000000 -0.900000
v -0.000000 -0.000000 -0.900000
v -0.000000 -0.000000 -0.900000
v -0.000000 -0.000000 -0.900000
v -0.000000 -0.000000 -0.900000
v -0.000000 -0.000000 -0.900000
v -0.000000 -0.000000 -0.900000
v -0.000000 -0.000000 -0.900000
v -0.000000 -0.000000 -0.900000
v -0.000000 -0.000000 -0.900000
v -0.000000 -0.000000 -0.900000
v 0.000000 -0.000000 -0.900000
v 0.000000 -0.000000 -0.900000
v 0.000000 -0.000000 -0.900000
v 0.000000 -0.000000 -0.900000
v 0.000000 -0.000000 -0.900000
v 0.000000 -0.000000 -0.900000
v 0.000000 -0.000000 -0.900000
v 0.000000 -0.000000 -0.900000
v 0.000000 -0.000000 -0.900000
v 0.000000 -0.000000 -0.900000
v 0.000000 -0.000000 -0.900000
vn 0.000000 0.000000 0.000000
vn 0.000000 0.000000 0.000000
vn 0.000000 0.000000 0.000000
vn 0.000000 0.000000 0.000000
vn 0.000000 0.000000 0.000000
vn 0.000000 0.000000 0.000000
vn 0.000000 0.000000 0.000000
vn 0.000000 0.000000 0.000000
vn 0.000000 0.000000 0.000000
vn 0.000000 0.000000 0.000000
vn 0.000000 0.000000 0.000000
vn 0.000000 0.000000 0.000000
vn 0.000000 0.000000 0.000000
vn 0.000000 0.000000 0.000000
vn 0.000000 0.000000 0.000000
vn 0.000000 0.000000 0.000000
vn 0.000000 0.000000 0.000000
vn 0.000000 0.000000 0.000000
vn 0.000000 0.000000 0.000000
vn 0.000000 0.000000 0.000000
vn 0.000000 0.000000 0.000000
vn 0.000000 0.000000 0.000000
vn 0.000000 0.000000 0.000000
vn 0.000000 0.000000 0.000000
vn 0.000000 0.000000 0.000000
vn 0.000000 0.000000 0.000000
vn 0.000000 0.000000 0.000000
vn 0.000000 0.000000 0.000000
vn 0.000000 0.000000 0.000000
vn 0.000000 0.000000 0.000000
vn 0.000000 0.000000 0.000000
vn 0.000000 0.000000 0.000000
vn 0.000000 0.000000 0.000000
vn 0.000000 0.000000 0.000000
vn 0.000000 0.000000 0.000000
vn 0.000000 0.000000 0.000000
vn 0.000000 0.000000 0.000000
vn 0.000000 0.000000 0.000000
vn 0.000000 0.000000 0.000000
vn 0.000000 0.000000 0.000000
vn 0.000000 0.000000 0.000000
vn 0.000000 0.000000 0.000000
vn 0.000000 0.000000 0.000000
vn 0.000000 0.000000 0.000000
vn 0.000000 0.000000 0.000000
vn 0.000000 0.000000 0.000000
vn 0.000000 0.000000 0.000000
vn 0.000000 0.000000 0.000000
vn 0.000000 0.000000 0.000000
vn 0.000000 0.000000 0.000000
vn 0.000000 0.000000 0.000000
vn 0.000000 0.000000 0.000000
vn 0.000000 0.000000 0.000000
vn 0.000000 0.000000 0.000000
vn 0.000000 0.000000 0.000000
vn 0.000000 0.000000 0.000000
vn 0.000000 0.000000 0.000000
vn 0.000000 0.000000 0.000000
vn 0.000000 0.000000 0.000000
vn 0.000000 0.000000 0.000000
vn 0.000000 0.000000 0.000000
vn 0.000000 0.000000 0.000000
vn 0.000000 0.000000 0.000000
vn 0.000000 0.000000 0.000000
vn 0.000000 0.000000 0.000000
vn 0.000000 0.000000 0.000000
vn 0.000000 0.000000 0.000000
vn 0.000000 0.000000 0.000000
vn 0.000000 0.000000 0.000000
vn 0.000000 0.000000 0.000000
vn 0.000000 0.000000 0.000000
vn 0.000000 0.000000 0.000000
vn 0.000000 0.000000 0.000000
vn 0.000000 0.000000 0.000000
vn 0.000000 0.000000 0.000000
vn 0.000000 0.000000 0.000000
vn 0.000000 0.000000 0.000000
vn 0.000000 0.000000 0.000000
vn 0.000000 0.000000 0.000000
vn 0.000000 0.000000 0.000000
vn 0.000000 0.000000 0.000000
vn 0.000000 0.000000 0.000000
vn 0.000000 0.000000 0.000000
vn 0.000000 0.000000 0.000000
vn 0.000000 0.000000 0.000000
vn 0.000000 0.000000 0.000000
vn 0.000000 0.000000 0.000000
vn 0.000000 0.000000 0.000000
vn 0.000000 0.000000 0.000000
vn 0.000000 0.000000 0.000000
vn 0.000000 0.000000 0.000000
vn 0.000000 0.000000 0.000000
vn 0.000000 0.000000 0.000000
vn 0.000000 0.000000 0.000000
vn 0.000000 0.000000 0.000000
vn 0.000000 0.000000 0.000000
vn 0.000000 0.000000 0.000000
vn 0.000000 0.000000 0.000000
vn 0.000000 0.000000 0.000000
vn 0.000000 0.000000 0.000000
vn 0.000000 0.000000 0.000000
vn 0.000000 0.000000 0.000000
vn 0.000000 0.000000 0.000000
vn 0.000000 0.000000 0.000000
vn 0.000000 0.000000 0.000000
vn 0.000000 0.000000 0.000000
vn 0.000000 0.000000 0.000000
vn 0.000000 0.000000 0.000000
vn 0.000000 0.000000 0.000000
vn 0.000000 0.000000 0.000000
vn 0.000000 0.000000 0.000000
vn 0.000000 0.000000 0.000000
vn 0.000000 0.000000 0.000000
vn 0.000000 0.000000 0.000000
vn 0.000000 0.000000 0.000000
vn 0.000000 0.000000 0.000000
vn 0.000000 0.000000 0.000000
vn 0.000000 0.000000 0.000000
vn 0.000000 0.000000 0.000000
vn 0.000000 0.000000 0.000000
vn 0.000000 0.000000 0.000000
vn 0.000000 0.000000 0.000000
vn 0.000000 0.000000 0.000000
vn 0.000000 0.000000 0.000000
vn 0.000000 0.000000 0.000000
vn 0.000000 0.000000 0.000000
vn 0.000000 0.000000 0.000000
vn 0.000000 0.000000 0.000000
vn 0.000000 0.000000 0.000000
vn 0.000000 0.000000 0.000000
vn 0.000000 0.000000 0.000000
vn 0.000000 0.000000 0.000000
vn 0.000000 0.000000 0.000000
vn 0.000000 0.000000 0.000000
vn 0.000000 0.000000 0.000000
vn 0.000000 0.000000 0.000000
vn 0.000000 0.000000 0.000000
vn 0.000000 0.000000 0.000000
vn 0.000000 0.000000 0.000000
vn 0.000000 0.000000 0.000000
vn 0.000000 0.000000 0.000000
vn 0.000000 0.000000 0.000000
vn 0.000000 0.000000 0.000000
vn 0.000000 0.000000 0.000000
vn 0.000000 0.000000 0.000000
vn 0.000000 0.000000 0.000000
vn 0.000000 0.000000 0.000000
vn 0.000000 0.000000 0.000000
vn 0.000000 0.000000 0.000000
vn 0.000000 0.000000 0.000000
vn 0.000000 0.000000 0.000000
vn 0.000000 0.000000 0.000000
vn 0.000000 0.000000 0.000000
vn 0.000000 0.000000 0.000000
vn 0.000000 0.000000 0.000000
vn 0.000000 0.000000 0.000000
vn 0.000000 0.000000 0.000000
vn 0.000000 0.000000 0.000000
vn 0.000000 0.000000 0.000000
vn 0.000000 0.000000 0.000000
vn 0.000000 0.000000 0.000000
vn 0.000000 0.000000 0.000000
vn 0.000000 0.000000 0.000000
vn 0.000000 0.000000 0.000000
vn 0.000000 0.000000 0.000000
vn 0.000000 0.000000 0.000000
vn 0.000000 0.000000 0.000000
vn 0.000000 0.000000 0.000000
vn 0.000000 0.000000 0.000000
vn 0.000000 0.000000 0.000000
vn 0.000000 0.000000 0.000000
vn 0.000000 0.000000 0.000000
vn 0.000000 0.000000 0.000000
vn 0.000000 0.000000 0.000000
vn 0.000000 0.000000 0.000000
vn 0.000000 0.000000 0.000000
vn 0.000000 0.000000 0.000000
vn 0.000000 0.000000 0.000000
vn 0.000000 0.000000 0.000000
vn 0.000000 0.000000 0.000000
vn 0.000000 0.000000 0.000000
vn 0.000000 0.000000 0.000000
vn 0.000000 0.000000 0.000000
vn 0.000000 0.000000 0.000000
vn 0.000000 0.000000 0.000000
vn 0.000000 0.000000 0.000000
vn 0.000000 0.000000 0.000000
vn 0.000000 0.000000 0.000000
vn 0.000000 0.000000 0.000000
vn 0.000000 0.000000 0.000000
vn 0.000000 0.000000 0.000000
vn 0.000000 0.000000 0.000000
vn 0.000000 0.000000 0.000000
vn 0.000000 0.000000 0.000000
vn 0.000000 0.000000 0.000000
vn 0.000000 0.000000 0.000000
vn 0.000000 0.000000 0.000000
vn 0.000000 0.000000 0.000000
vn 0.000000 0.000000 0.000000
vn 0.000000 0.000000 0.000000
vn 0.000000 0.000000 0.000000
vn 0.000000 0.000000 0.000000
vn 0.000000 0.000000 0.000000
vn 0.000000 0.000000 0.000000
vn 0.000000 0.000000 0.000000
vn 0.000000 0.000000 0.000000
vn 0.000000 0.000000 0.000000
vn 0.000000 0.000000 0.000000
vn 0.000000 0.000000 0.000000
vn 0.000000 0.000000 0.000000
vn 0.000000 0.000000 0.000000
vn 0.000000 0.000000 0.000000
vn 0.000000 0.000000 0.000000
vn 0.000000 0.000000 0.000000
vn 0.000000 0.000000 0.000000
vn 0.000000 0.000000 0.000000
vn 0.000000 0.000000 0.000000
vn 0.000000 0.000000 0.000000
vn 0.000000 0.000000 0.000000
vn 0.000000 0.000000 0.000000
vn 0.000000 0.000000 0.000000
vn 0.000000 0.000000 0.000000
vn 0.000000 0.000000 0.000000
vn 0.000000 0.000000 0.000000
vn 0.000000 0.000000 0.000000
vn 0.000000 0.000000 0.000000
vn 0.000000 0.000000 0.000000
vn 0.000000 0.000000 0.000000
vn 0.000000 0.000000 0.000000
vn 0.000000 0.000000 0.000000
vn 0.000000 0.000000 0.000000
vn 0.000000 0.000000 0.000000
vn 0.000000 0.000000 0.000000
vn 0.000000 0.000000 0.000000
vn 0.000000 0.000000 0.000000
vn 0.000000 0.000000 0.000000
vn 0.000000 0.000000 0.000000
vn 0.000000 0.000000 0.000000
vn 0.000000 0.000000 0.000000
vn 0.000000 0.000000 0.000000
vn 0.000000 0.000000 0.000000
vn 0.000000 0.000000 0.000000
vn 0.000000 0.000000 0.000000
vn 0.000000 0.000000 0.000000
vn 0.000000 0.000000 0.000000
vn 0.000000 0.000000 0.000000
vn 0.000000 0.000000 0.000000
vn 0.000000 0.000000 0.000000
vn 0.000000 0.000000 0.000000
vn 0.000000 0.000000 0.000000
vn 0.000000 0.000000 0.000000
vn 0.000000 0.000000 0.000000
vn 0.000000 0.000000 0.000000
vn 0.000000 0.000000 0.000000
vn 0.000000 0.000000 0.000000
vn 0.000000 0.000000 0.000000
vn 0.000000 0.000000 0.000000
vn 0.000000 0.000000 0.000000
vn 0.000000 0.000000 0.000000
vn 0.000000 0.000000 0.000000
vn 0.000000 0.000000 0.000000
vn 0.000000 0.000000 0.000000
vn 0.000000 0.000000 0.000000
vn 0.000000 0.000000 0.000000
vn 0.000000 0.000000 0.000000
vn 0.000000 0.000000 0.000000
vn 0.000000 0.000000 0.000000
vn 0.000000 0.000000 0.000000
vn 0.000000 0.000000 0.000000
vn 0.000000 0.000000 0.000000
vn 0.000000 0.000000 0.000000
vn 0.000000 0.000000 0.000000
vn 0.000000 0.000000 0.000000
vn 0.000000 0.000000 0.000000
vn 0.000000 0.000000 0.000000
vn 0.000000 0.000000 0.000000
vn 0.000000 0.000000 0.000000
vn 0.000000 0.000000 0.000000
vn 0.000000 0.000000 0.000000
vn 0.000000 0.000000 0.000000
vn 0.000000 0.000000 0.000000
vn 0.000000 0.000000 0.000000
vn 0.000000 0.000000 0.000000
vn 0.000000 0.000000 0.000000
vn 0.000000 0.000000 0.000000
vn 0.000000 0.000000 0.000000
vn 0.000000 0.000000 0.000000
vn 0.000000 0.000000 0.000000
vn 0.000000 0.000000 0.000000
vn 0.000000 0.000000 0.000000
vn 0.000000 0.000000 0.000000
vn 0.000000 0.000000 0.000000
vn 0.000000 0.000000 0.000000
vn 0.000000 0.000000 0.000000
vn 0.000000 0.000000 0.000000
vn 0.000000 0.000000 0.000000
vn 0.000000 0.000000 0.000000
vn 0.000000 0.000000 0.000000
vn 0.000000 0.000000 0.000000
vn 0.000000 0.000000 0.000000
vn 0.000000 0.000000 0.000000
vn 0.000000 0.000000 0.000000
vn 0.000000 0.000000 0.000000
vn 0.000000 0.000000 0.000000
vn 0.000000 0.000000 0.000000
vn 0.000000 0.000000 0.000000
vn 0.000000 0.000000 0.000000
vn 0.000000 0.000000 0.000000
vn 0.000000 0.000000 0.000000
vn 0.000000 0.000000 0.000000
vn 0.000000 0.000000 0.000000
vn 0.000000 0.000000 0.000000
vn 0.000000 0.000000 0.000000
vn 0.000000 0.000000 0.000000
vn 0.000000 0.000000 0.000000
vn 0.000000 0.000000 0.000000
vn 0.000000 0.000000 0.000000
vn 0.000000 0.000000 0.000000
vn 0.000000 0.000000 0.000000
vn 0.000000 0.000000 0.000000
vn 0.000000 0.000000 0.000000
vn 0.000000 0.000000 0.000000
vn 0.000000 0.000000 0.000000
vn 0.000000 0.000000 0.000000
vn 0.000000 0.000000 0.000000
vn 0.000000 0.000000 0.000000
vn 0.000000 0.000000 0.000000
vn 0.000000 0.000000 0.000000
vn 0.000000 0.000000 0.000000
vn 0.000000 0.000000 0.000000
vn 0.000000 0.000000 0.000000
vn 0.000000 0.000000 0.000000
vn 0.000000 0.000000 0.000000
vn 0.000000 0.000000 0.000000
vn 0.000000 0.000000 0.000000
vn 0.000000 0.000000 0.000000
vn 0.000000 0.000000 0.000000
vn 0.000000 0.000000 0.000000
vn 0.000000 0.000000 0.000000
vn 0.000000 0.000000 0.000000
vn 0.000000 0.000000 0.000000
vn 0.000000 0.000000 0.000000
vn 0.000000 0.000000 0.000000
vn 0.000000 0.000000 0.000000
vn 0.000000 0.000000 0.000000
vn 0.000000 0.000000 0.000000
vn 0.000000 0.000000 0.000000
vn 0.000000 0.000000 0.000000
vn 0.000000 0.000000 0.000000
vn 0.000000 0.000000 0.000000
vn 0.000000 0.000000 0.000000
vn 0.000000 0.000000 0.000000
vn 0.000000 0.000000 0.000000
vn 0.000000 0.000000 0.000000
vn 0.000000 0.000000 0.000000
vn 0.000000 0.000000 0.000000
vn 0.000000 0.000000 0.000000
vn 0.000000 0.000000 0.000000
vn 0.000000 0.000000 0.000000
vn 0.000000 0.000000 0.000000
vn 0.000000 0.000000 0.000000
vn 0.000000 0.000000 0.000000
vn 0.000000 0.000000 0.000000
vn 0.000000 0.000000 0.000000
vn 0.000000 0.000000 0.000000
vn 0.000000 0.000000 0.000000
vn 0.000000 0.000000 0.000000
vn 0.000000 0.000000 0.000000
vn 0.000000 0.000000 0.000000
vn 0.000000 0.000000 0.000000
vn 0.000000 0.000000 0.000000
vn 0.000000 0.000000 0.000000
vn 0.000000 0.000000 0.000000
vn 0.000000 0.000000 0.000000
vn 0.000000 0.000000 0.000000
vn 0.000000 0.000000 0.000000
vn 0.000000 0.000000 0.000000
vn 0.000000 0.000000 0.000000
vn 0.000000 0.000000 0.000000
vn 0.000000 0.000000 0.000000
vn 0.000000 0.000000 0.000000
vn 0.000000 0.000000 0.000000
vn 0.000000 0.000000 0.000000
vn 0.000000 0.000000 0.000000
vn 0.000000 0.000000 0.000000
vn 0.000000 0.000000 0.000000
vn 0.000000 0.000000 0.000000
vn 0.000000 0.000000 0.000000
vn 0.000000 0.000000 0.000000
vn 0.000000 0.000000 0.000000
vn 0.000000 0.000000 0.000000
vn 0.000000 0.000000 0.000000
vn 0.000000 0.000000 0.000000
vn 0.000000 0.000000 0.000000
vn 0.000000 0.000000 0.000000
vn 0.000000 0.000000 0.000000
vn 0.000000 0.000000 0.000000
vn 0.000000 0.000000 0.000000
vn 0.000000 0.000000 0.000000
vn 0.000000 0.000000 0.000000
vn 0.000000 0.000000 0.000000
vn 0.000000 0.000000 0.000000
vn 0.000000 0.000000 0.000000
vn 0.000000 0.000000 0.000000
vn 0.000000 0.000000 0.000000
vn 0.000000 0.000000 0.000000
vn 0.000000 0.000000 0.000000
vn 0.000000 0.000000 0.000000
vn 0.000000 0.000000 0.000000
vn 0.000000 0.000000 0.000000
vn 0.000000 0.000000 0.000000
vn 0.000000 0.000000 0.000000
vn 0.000000 0.000000 0.000000
vn 0.000000 0.000000 0.000000
vn 0.000000 0.000000 0.000000
vn 0.000000 0.000000 0.000000
vn 0.000000 0.000000 0.000000
vn 0.000000 0.000000 0.000000
vn 0.000000 0.000000 0.000000
vn 0.000000 0.000000 0.000000
vn 0.000000 0.000000 0.000000
vn 0.000000 0.000000 0.000000
vn 0.000000 0.000000 0.000000
vn 0.000000 0.000000 0.000000
vn 0.000000 0.000000 0.000000
vn 0.000000 0.000000 0.000000
vn 0.000000 0.000000 0.000000
vn 0.000000 0.000000 0.000000
vn 0.000000 0.000000 0.000000
vn 0.000000 0.000000 0.000000
vn 0.000000 0.000000 0.000000
vn 0.000000 0.000000 0.000000
vn 0.000000 0.000000 0.000000
vn 0.000000 0.000000 0.000000
vn 0.000000 0.000000 0.000000
vn 0.000000 0.000000 0.000000
vn 0.000000 0.000000 0.000000
vn 0.000000 0.000000 0.000000
vn 0.000000 0.000000 0.000000
vn 0.000000 0.000000 0.000000
vn 0.000000 0.000000 0.000000
vn 0.000000 0.000000 0.000000
vn 0.000000 0.000000 0.000000
vn 0.000000 0.000000 0.000000
vn 0.000000 0.000000 0.000000
vn 0.000000 0.000000 0.000000
vn 0.000000 0.000000 0.000000
vn 0.000000 0.000000 0.000000
vn 0.000000 0.000000 0.000000
vn 0.000000 0.000000 0.000000
vn 0.000000 0.000000 0.000000
vn 0.000000 0.000000 0.000000
vn 0.000000 0.000000 0.000000
vn 0.000000 0.000000 0.000000
vn 0.000000 0.000000 0.000000
vn 0.000000 0.000000 0.000000
vn 0.000000 0.000000 0.000000
vn 0.000000 0.000000 0.000000
vn 0.000000 0.000000 0.000000
vn 0.000000 0.000000 0.000000
vn 0.000000 0.000000 0.000000
vn 0.000000 0.000000 0.000000
vn 0.000000 0.000000 0.000000
vn 0.000000 0.000000 0.000000
vn 0.000000 0.000000 0.000000
vn 0.000000 0.000000 0.000000
vn 0.000000 0.000000 0.000000
vn 0.000000 0.000000 0.000000
vn 0.000000 0.000000 0.000000
vn 0.000000 0.000000 0.000000
vn 0.000000 0.000000 0.000000
vn 0.000000 0.000000 0.000000
vn 0.000000 0.000000 0.000000
vn 0.000000 0.000000 0.000000
vn 0.000000 0.000000 0.000000
vn 0.000000 0.000000 0.000000
vn 0.000000 0.000000 0.000000
vn 0.000000 0.000000 0.000000
vn 0.000000 0.000000 0.000000
vn 0.000000 0.000000 0.000000
vn 0.000000 0.000000 0.000000
vn 0.000000 0.000000 0.000000
vn 0.000000 0.000000 0.000000
vn 0.000000 0.000000 0.000000
vn 0.000000 0.000000 0.000000
vn 0.000000 0.000000 0.000000
vn 0.000000 0.000000 0.000000
vn 0.000000 0.000000 0.000000
vn 0.000000 0.000000 0.000000
vn 0.000000 0.000000 0.000000
vn 0.000000 0.000000 0.000000
vn 0.000000 0.000000 0.000000
vn 0.000000 0.000000 0.000000
vn 0.000000 0.000000 0.000000
vn 0.000000 0.000000 0.000000
vn 0.000000 0.000000 0.000000
vn 0.000000 0.000000 0.000000
vn 0.000000 0.000000 0.000000
vn 0.000000 0.000000 0.000000
vn 0.000000 0.000000 0.000000
vn 0.000000 0.000000 0.000000
vn 0.000000 0.000000 0.000000
vn 0.000000 0.000000 0.000000
vn 0.000000 0.000000 0.000000
vn 0.000000 0.000000 0.000000
vn 0.000000 0.000000 0.000000
vn 0.000000 0.000000 0.000000
vn 0.000000 0.000000 0.000000
vn 0.000000 0.000000 0.000000
vn 0.000000 0.000000 0.000000
vn 0.000000 0.000000 0.000000
vn 0.000000 0.000000 0.000000
vn 0.000000 0.000000 0.000000
vn 0.000000 0.000000 0.000000
vn 0.000000 0.000000 0.000000
vn 0.000000 0.000000 0.000000
vn 0.000000 0.000000 0.000000
vn 0.000000 0.000000 0.000000
vn 0.000000 0.000000 0.000000
vn 0.000000 0.000000 0.000000
vn 0.000000 0.000000 0.000000
vn 0.000000 0.000000 0.000000
vn 0.000000 0.000000 0.000000
vn 0.000000 0.000000 0.000000
vn 0.000000 0.000000 0.000000
vn 0.000000 0.000000 0.000000
vn 0.000000 0.000000 0.000000
vn 0.000000 0.000000 0.000000
vn 0.000000 0.000000 0.000000
vn 0.000000 0.000000 0.000000
vn 0.000000 0.000000 0.000000
vn 0.000000 0.000000 0.000000
vn 0.000000 0.000000 0.000000
vn 0.000000 0.000000 0.000000
vn 0.000000 0.000000 0.000000
vn 0.000000 0.000000 0.000000
vn 0.000000 0.000000 0.000000
vn 0.000000 0.000000 0.000000
vn 0.000000 0.000000 0.000000
vn 0.000000 0.000000 0.000000
vn 0.000000 0.000000 0.000000
vn 0.000000 0.000000 0.000000
vn 0.000000 0.000000 0.000000
vn 0.000000 0.000000 0.000000
vn 0.000000 0.000000 0.000000
vn 0.000000 0.000000 0.000000
vn 0.000000 0.000000 0.000000
vn 0.000000 0.000000 0.000000
vn 0.000000 0.000000 0.000000
vn 0.000000 0.000000 0.000000
vn 0.000000 0.000000 0.000000
vn 0.000000 0.000000 0.000000
vn 0.000000 0.000000 0.000000
vn 0.000000 0.000000 0.000000
vn 0.000000 0.000000 0.000000
vn 0.000000 0.000000 0.000000
vn 0.000000 0.000000 0.000000
vn 0.000000 0.000000 0.000000
vn 0.000000 0.000000 0.000000
vn 0.000000 0.000000 0.000000
vn 0.000000 0.000000 0.000000
vn 0.000000 0.000000 0.000000
vn 0.000000 0.000000 0.000000
vn 0.000000 0.000000 0.000000
vn 0.000000 0.000000 0.000000
vn 0.000000 0.000000 0.000000
vn 0.000000 0.000000 0.000000
vn 0.000000 0.000000 0.000000
vn 0.000000 0.000000 0.000000
vn 0.000000 0.000000 0.000000
vn 0.000000 0.000000 0.000000
vn 0.000000 0.000000 0.000000
vn 0.000000 0.000000 0.000000
vn 0.000000 0.000000 0.000000
vn 0.000000 0.000000 0.000000
vn 0.000000 0.000000 0.000000
vn 0.000000 0.000000 0.000000
vn 0.000000 0.000000 0.000000
vn 0.000000 0.000000 0.000000
vn 0.000000 0.000000 0.000000
vn 0.000000 0.000000 0.000000
vn 0.000000 0.000000 0.000000
vn 0.000000 0.000000 0.000000
vn 0.000000 0.000000 0.000000
vn 0.000000 0.000000 0.000000
vn 0.000000 0.000000 0.000000
vn 0.000000 0.000000 0.000000
vn 0.000000 0.000000 0.000000
vn 0.000000 0.000000 0.000000
vn 0.000000 0.000000 0.000000
vn 0.000000 0.000000 0.000000
vn 0.000000 0.000000 0.000000
vn 0.000000 0.000000 0.000000
vn 0.000000 0.000000 0.000000
vn 0.000000 0.000000 0.000000
vn 0.000000 0.000000 0.000000
vn 0.000000 0.000000 0.000000
vn 0.000000 0.000000 0.000000
vn 0.000000 0.000000 0.000000
vn 0.000000 0.000000 0.000000
vn 0.000000 0.000000 0.000000
vn 0.000000 0.000000 0.000000
vn 0.000000 0.000000 0.000000
vn 0.000000 0.000000 0.000000
vn 0.000000 0.000000 0.000000
vn 0.000000 0.000000 0.000000
vn 0.000000 0.000000 0.000000
vn 0.000000 0.000000 0.000000
vn 0.000000 0.000000 0.000000
vn 0.000000 0.000000 0.000000
vn 0.000000 0.000000 0.000000
vn 0.000000 0.000000 0.000000
vn 0.000000 0.000000 0.000000
vn 0.000000 0.000000 0.000000
vn 0.000000 0.000000 0.000000
vn 0.000000 0.000000 0.000000
vn 0.000000 0.000000 0.000000
vn 0.000000 0.000000 0.000000
vn 0.000000 0.000000 0.000000
vn 0.000000 0.000000 0.000000
vn 0.000000 0.000000 0.000000
vn 0.000000 0.000000 0.000000
vn 0.000000 0.000000 0.000000
vn 0.000000 0.000000 0.000000
vn 0.000000 0.000000 0.000000
vn 0.000000 0.000000 0.000000
vn 0.000000 0.000000 0.000000
vn 0.000000 0.000000 0.000000
vn 0.000000 0.000000 0.000000
vn 0.000000 0.000000 0.000000
vn 0.000000 0.000000 0.000000
vn 0.000000 0.000000 0.000000
vn 0.000000 0.000000 0.000000
vn 0.000000 0.000000 0.000000
vn 0.000000 0.000000 0.000000
vn 0.000000 0.000000 0.000000
vn 0.000000 0.000000 0.000000
vn 0.000000 0.000000 0.000000
vn 0.000000 0.000000 0.000000
vn 0.000000 0.000000 0.000000
vn 0.000000 0.000000 0.000000
vn 0.000000 0.000000 0.000000
vn 0.000000 0.000000 0.000000
vn 0.000000 0.000000 0.000000
vn 0.000000 0.000000 0.000000
vn 0.000000 0.000000 0.000000
vn 0.000000 0.000000 0.000000
vn 0.000000 0.000000 0.000000
vn 0.000000 0.000000 0.000000
vn 0.000000 0.000000 0.000000
vn 0.000000 0.000000 0.000000
vn 0.000000 0.000000 0.000000
vn 0.000000 0.000000 0.000000
vn 0.000000 0.000000 0.000000
vn 0.000000 0.000000 0.000000
vn 0.000000 0.000000 0.000000
vn 0.000000 0.000000 0.000000
vn 0.000000 0.000000 0.000000
vn 0.000000 0.000000 0.000000
vn 0.000000 0.000000 0.000000
vn 0.000000 0.000000 0.000000
vn 0.000000 0.000000 0.000000
vn 0.000000 0.000000 0.000000
vn 0.000000 0.000000 0.000000
vn 0.000000 0.000000 0.000000
vn 0.000000 0.000000 0.000000
vn 0.000000 0.000000 0.000000
vn 0.000000 0.000000 0.000000
vn 0.000000 0.000000 0.000000
vn 0.000000 0.000000 0.000000
vn 0.000000 0.000000 0.000000
vn 0.000000 0.000000 0.000000
vn 0.000000 0.000000 0.000000
vn 0.000000 0.000000 0.000000
vn 0.000000 0.000000 0.000000
vn 0.000000 0.000000 0.000000
vn 0.000000 0.000000 0.000000
vn 0.000000 0.000000 0.000000
vn 0.000000 0.000000 0.000000
vn 0.000000 0.000000 0.000000
vn 0.000000 0.000000 0.000000
vn 0.000000 0.000000 0.000000
vn 0.000000 0.000000 0.000000
vn 0.000000 0.000000 0.000000
vn 0.000000 0.000000 0.000000
vn 0.000000 0.000000 0.000000
vn 0.000000 0.000000 0.000000
vn 0.000000 0.000000 0.000000
vn 0.000000 0.000000 0.000000
vn 0.000000 0.000000 0.000000
vn 0.000000 0.000000 0.000000
vn 0.000000 0.000000 0.000000
vn 0.000000 0.000000 0.000000
vn 0.000000 0.000000 0.000000
vn 0.000000 0.000000 0.000000
vn 0.000000 0.000000 0.000000
vn 0.000000 0.000000 0.000000
vn 0.000000 0.000000 0.000000
vn 0.000000 0.000000 0.000000
vn 0.000000 0.000000 0.000000
vn 0.000000 0.000000 0.000000
vn 0.000000 0.000000 0.000000
vn 0.000000 0.000000 0.000000
vn 0.000000 0.000000 0.000000
vn 0.000000 0.000000 0.000000
vn 0.000000 0.000000 0.000000
vn 0.000000 0.000000 0.000000
vn 0.000000 0.000000 0.000000
vn 0.000000 0.000000 0.000000
vn 0.000000 0.000000 0.000000
vn 0.000000 0.000000 0.000000
vn 0.000000 0.000000 0.000000
vn 0.000000 0.000000 0.000000
vn 0.000000 0.000000 0.000000
vn 0.000000 0.000000 0.000000
vn 0.000000 0.000000 0.000000
vn 0.000000 0.000000 0.000000
vn 0.000000 0.000000 0.000000
vn 0.000000 0.000000 0.000000
vn 0.000000 0.000000 0.000000
vn 0.000000 0.000000 0.000000
vn 0.000000 0.000000 0.000000
vn 0.000000 0.000000 0.000000
vn 0.000000 0.000000 0.000000
vn 0.000000 0.000000 0.000000
vn 0.000000 0.000000 0.000000
vn 0.000000 0.000000 0.000000
vn 0.000000 0.000000 0.000000
vn 0.000000 0.000000 0.000000
vn 0.000000 0.000000 0.000000
vn 0.000000 0.000000 0.000000
vn 0.000000 0.000000 0.000000
vn 0.000000 0.000000 0.000000
vn 0.000000 0.000000 0.000000
vn 0.000000 0.000000 0.000000
vn 0.000000 0.000000 0.000000
vn 0.000000 0.000000 0.000000
vn 0.000000 0.000000 0.000000
vn 0.000000 0.000000 0.000000
vn 0.000000 0.000000 0.000000
vn 0.000000 0.000000 0.000000
vn 0.000000 0.000000 0.000000
vn 0.000000 0.000000 0.000000
vn 0.000000 0.000000 0.000000
vn 0.000000 0.000000 0.000000
vn 0.000000 0.000000 0.000000
vn 0.000000 0.000000 0.000000
vn 0.000000 0.000000 0.000000
vn 0.000000 0.000000 0.000000
vn 0.000000 0.000000 0.000000
vn 0.000000 0.000000 0.000000
vn 0.000000 0.000000 0.000000
vn 0.000000 0.000000 0.000000
vn 0.000000 0.000000 0.000000
vn 0.000000 0.000000 0.000000
vn 0.000000 0.000000 0.000000
vn 0.000000 0.000000 0.000000
vn 0.000000 0.000000 0.000000
vn 0.000000 0.000000 0.000000
vn 0.000000 0.000000 0.000000
vn 0.000000 0.000000 0.000000
vn 0.000000 0.000000 0.000000
vn 0.000000 0.000000 0.000000
vn 0.000000 0.000000 0.000000
vn 0.000000 0.000000 0.000000
vn 0.000000 0.000000 0.000000
vn 0.000000 0.000000 0.000000
vn 0.000000 0.000000 0.000000
vn 0.000000 0.000000 0.000000
vn 0.000000 0.000000 0.000000
vn 0.000000 0.000000 0.000000
vn 0.000000 0.000000 0.000000
vn 0.000000 0.000000 0.000000
vn 0.000000 0.000000 0.000000
vn 0.000000 0.000000 0.000000
vn 0.000000 0.000000 0.000000
vn 0.000000 0.000000 0.000000
vn 0.000000 0.000000 0.000000
vn 0.000000 0.000000 0.000000
vn 0.000000 0.000000 0.000000
vn 0.000000 0.000000 0.000000
vn 0.000000 0.000000 0.000000
vn 0.000000 0.000000 0.000000
vn 0.000000 0.000000 0.000000
vn 0.000000 0.000000 0.000000
vn 0.000000 0.000000 0.000000
vn 0.000000 0.000000 0.000000
vn 0.000000 0.000000 0.000000
vn 0.000000 0.000000 0.000000
vn 0.000000 0.000000 0.000000
vn 0.000000 0.000000 0.000000
vn 0.000000 0.000000 0.000000
vn 0.000000 0.000000 0.000000
vn 0.000000 0.000000 0.000000
vn 0.000000 0.000000 0.000000
vn 0.000000 0.000000 0.000000
vn 0.000000 0.000000 0.000000
vn 0.000000 0.000000 0.000000
vn 0.000000 0.000000 0.000000
vn 0.000000 0.000000 0.000000
vn 0.000000 0.000000 0.000000
vn 0.000000 0.000000 0.000000
vn 0.000000 0.000000 0.000000
vn 0.000000 0.000000 0.000000
vn 0.000000 0.000000 0.000000
vn 0.000000 0.000000 0.000000
vn 0.000000 0.000000 0.000000
vn 0.000000 0.000000 0.000000
vn 0.000000 0.000000 0.000000
vn 0.000000 0.000000 0.000000
vn 0.000000 0.000000 0.000000
vn 0.000000 0.000000 0.000000
vn 0.000000 0.000000 0.000000
vn 0.000000 0.000000 0.000000
vn 0.000000 0.000000 0.000000
vn 0.000000 0.000000 0.000000
vn 0.000000 0.000000 0.000000
vn 0.000000 0.000000 0.000000
vn 0.000000 0.000000 0.000000
vn 0.000000 0.000000 0.000000
vn 0.000000 0.000000 0.000000
vn 0.000000 0.000000 0.000000
vn 0.000000 0.000000 0.000000
vn 0.000000 0.000000 0.000000
vn 0.000000 0.000000 0.000000
vn 0.000000 0.000000 0.000000
vn 0.000000 0.000000 0.000000
vn 0.000000 0.000000 0.000000
vn 0.000000 0.000000 0.000000
vn 0.000000 0.000000 0.000000
vn 0.000000 0.000000 0.000000
vn 0.000000 0.000000 0.000000
vn 0.000000 0.000000 0.000000
vn 0.000000 0.000000 0.000000
vn 0.000000 0.000000 0.000000
vn 0.000000 0.000000 0.000000
vn 0.000000 0.000000 0.000000
vn 0.000000 0.000000 0.000000
vn 0.000000 0.000000 0.000000
vn 0.000000 0.000000 0.000000
vn 0.000000 0.000000 0.000000
vn 0.000000 0.000000 0.000000
vn 0.000000 0.000000 0.000000
vn 0.000000 0.000000 0.000000
vn 0.000000 0.000000 0.000000
vn 0.000000 0.000000 0.000000
vn 0.000000 0.000000 0.000000
vn 0.000000 0.000000 0.000000
vn 0.000000 0.000000 0.000000
vn 0.000000 0.000000 0.000000
vn 0.000000 0.000000 0.000000
vn 0.000000 0.000000 0.000000
vn 0.000000 0.000000 0.000000
vn 0.000000 0.000000 0.000000
vn 0.000000 0.000000 0.000000
vn 0.000000 0.000000 0.000000
vn 0.000000 0.000000 0.000000
vn 0.000000 0.000000 0.000000
vn 0.000000 0.000000 0.000000
vn 0.000000 0.000000 0.000000
vn 0.000000 0.000000 0.000000
vn 0.000000 0.000000 0.000000
vn 0.000000 0.000000 0.000000
vn 0.000000 0.000000 0.000000
vn 0.000000 0.000000 0.000000
vn 0.000000 0.000000 0.000000
vn 0.000000 0.000000 0.000000
vn 0.000000 0.000000 0.000000
vn 0.000000 0.000000 0.000000
vn 0.000000 0.000000 0.000000
vn 0.000000 0.000000 0.000000
vn 0.000000 0.000000 0.000000
vn 0.000000 0.000000 0.000000
vn 0.000000 0.000000 0.000000
vn 0.000000 0.000000 0.000000
vn 0.000000 0.000000 0.000000
vn 0.000000 0.000000 0.000000
vn 0.000000 0.000000 0.000000
vn 0.000000 0.000000 0.000000
vn 0.000000 0.000000 0.000000
vn 0.000000 0.000000 0.000000
vn 0.000000 0.000000 0.000000
vn 0.000000 0.000000 0.000000
vn 0.000000 0.000000 0.000000
vn 0.000000 0.000000 0.000000
vn 0.000000 0.000000 0.000000
vn 0.000000 0.000000 0.000000
vn 0.000000 0.000000 0.000000
vn 0.000000 0.000000 0.000000
vn 0.000000 0.000000 0.000000
vn 0.000000 0.000000 0.000000
vn 0.000000 0.000000 0.000000
vn 0.000000 0.000000 0.000000
vn 0.000000 0.000000 0.000000
vn 0.000000 0.000000 0.000000
vn 0.000000 0.000000 0.000000
vn 0.000000 0.000000 0.000000
vn 0.000000 0.000000 0.000000
vn 0.000000 0.000000 0.000000
vn 0.000000 0.000000 0.000000
vn 0.000000 0.000000 0.000000
vn 0.000000 0.000000 0.000000
vn 0.000000 0.000000 0.000000
vn 0.000000 0.000000 0.000000
vn 0.000000 0.000000 0.000000
vn 0.000000 0.000000 0.000000
vn 0.000000 0.000000 0.000000
vn 0.000000 0.000000 0.000000
vn 0.000000 0.000000 0.000000
vn 0.000000 0.000000 0.000000
vn 0.000000 0.000000 0.000000
vn 0.000000 0.000000 0.000000
vn 0.000000 0.000000 0.000000
vn 0.000000 0.000000 0.000000
vn 0.000000 0.000000 0.000000
vn 0.000000 0.000000 0.000000
vn 0.000000 0.000000 0.000000
vn 0.000000 0.000000 0.000000
vn 0.000000 0.000000 0.000000
vn 0.000000 0.000000 0.000000
vn 0.000000 0.000000 0.000000
vn 0.000000 0.000000 0.000000
vn 0.000000 0.000000 0.000000
vn 0.000000 0.000000 0.000000
vn 0.000000 0.000000 0.000000
vn 0.000000 0.000000 0.000000
vn 0.000000 0.000000 0.000000
vn 0.000000 0.000000 0.000000
vn 0.000000 0.000000 0.000000
vn 0.000000 0.000000 0.000000
vn 0.000000 0.000000 0.000000
vn 0.000000 0.000000 0.000000
vn 0.000000 0.000000 0.000000
vn 0.000000 0.000000 0.000000
vn 0.000000 0.000000 0.000000
vn 0.000000 0.000000 0.000000
vn 0.000000 0.000000 0.000000
vn 0.000000 0.000000 0.000000
vn 0.000000 0.000000 0.000000
vn 0.000000 0.000000 0.000000
vn 0.000000 0.000000 0.000000
vn 0.000000 0.000000 0.000000
vn 0.000000 0.000000 0.000000
vn 0.000000 0.000000 0.000000
vn 0.000000 0.000000 0.000000
vn 0.000000 0.000000 0.000000
vn 0.000000 0.000000 0.000000
vn 0.000000 0.000000 0.000000
vn 0.000000 0.000000 0.000000
vn 0.000000 0.000000 0.000000
vn 0.000000 0.000000 0.000000
vn 0.000000 0.000000 0.000000
vn 0.000000 0.000000 0.000000
vn 0.000000 0.000000 0.000000
vn 0.000000 0.000000 0.000000
vn 0.000000 0.000000 0.000000
vn 0.000000 0.000000 0.000000
vn 0.000000 0.000000 0.000000
vn 0.000000 0.000000 0.000000
vn 0.000000 0.000000 0.000000
vn 0.000000 0.000000 0.000000
vn 0.000000 0.000000 0.000000
vn 0.000000 0.000000 0.000000
vn 0.000000 0.000000 0.000000
vn 0.000000 0.000000 0.000000
vn 0.000000 0.000000 0.000000
vn 0.000000 0.000000 0.000000
vn 0.000000 0.000000 0.000000
vn 0.000000 0.000000 0.000000
vn 0.000000 0.000000 0.000000
vn 0.000000 0.000000 0.000000
vn 0.000000 0.000000 0.000000
vn 0.000000 0.000000 0.000000
vn 0.000000 0.000000 0.000000
vn 0.000000 0.000000 0.000000
vn 0.000000 0.000000 0.000000
vn 0.000000 0.000000 0.000000
vn 0.000000 0.000000 0.000000
vn 0.000000 0.000000 0.000000
vn 0.000000 0.000000 0.000000
vn 0.000000 0.000000 0.000000
vn 0.000000 0.000000 0.000000
vn 0.000000 0.000000 0.000000
vn 0.000000 0.000000 0.000000
vn 0.000000 0.000000 0.000000
vn 0.000000 0.000000 0.000000
vn 0.000000 0.000000 0.000000
vn 0.000000 0.000000 0.000000
vn 0.000000 0.000000 0.000000
vn 0.000000 0.000000 0.000000
vn 0.000000 0.000000 0.000000
vn 0.000000 0.000000 0.000000
vn 0.000000 0.000000 0.000000
vn 0.000000 0.000000 0.000000
vn 0.000000 0.000000 0.000000
vn 0.000000 0.000000 0.000000
vn 0.000000 0.000000 0.000000
vn 0.000000 0.000000 0.000000
vn 0.000000 0.000000 0.000000
vn 0.000000 0.000000 0.000000
vn 0.000000 0.000000 0.000000
vn 0.000000 0.000000 0.000000
vn 0.000000 0.000000 0.000000
vn 0.000000 0.000000 0.000000
vn 0.000000 0.000000 0.000000
vn 0.000000 0.000000 0.000000
vn 0.000000 0.000000 0.000000
vn 0.000000 0.000000 0.000000
vn 0.000000 0.000000 0.000000
vn 0.000000 0.000000 0.000000
vn 0.000000 0.000000 0.000000
vn 0.000000 0.000000 0.000000
vn 0.000000 0.000000 0.000000
vn 0.000000 0.000000 0.000000
vn 0.000000 0.000000 0.000000
vn 0.000000 0.000000 0.000000
vn 0.000000 0.000000 0.000000
vn 0.000000 0.000000 0.000000
vn 0.000000 0.000000 0.000000
vn 0.000000 0.000000 0.000000
vn 0.000000 0.000000 0.000000
vn 0.000000 0.000000 0.000000
vn 0.000000 0.000000 0.000000
vn 0.000000 0.000000 0.000000
vn 0.000000 0.000000 0.000000
vn 0.000000 0.000000 0.000000
vn 0.000000 0.000000 0.000000
vn 0.000000 0.000000 0.000000
vn 0.000000 0.000000 0.000000
vn 0.000000 0.000000 0.000000
vn 0.000000 0.000000 0.000000
vn 0.000000 0.000000 0.000000
vn 0.000000 0.000000 0.000000
vn 0.000000 0.000000 0.000000
vn 0.000000 0.000000 0.000000
vn 0.000000 0.000000 0.000000
vn 0.000000 0.000000 0.000000
vn 0.000000 0.000000 0.000000
vn 0.000000 0.000000 0.000000
vn 0.000000 0.000000 0.000000
vn 0.000000 0.000000 0.000000
vn 0.000000 0.000000 0.000000
vn 0.000000 0.000000 0.000000
vn 0.000000 0.000000 0.000000
vn 0.000000 0.000000 0.000000
vn 0.000000 0.000000 0.000000
vn 0.000000 0.000000 0.000000
vn 0.000000 0.000000 0.000000
vn 0.000000 0.000000 0.000000
vn 0.000000 0.000000 0.000000
vn 0.000000 0.000000 0.000000
vn 0.000000 0.000000 0.000000
vn 0.000000 0.000000 0.000000
vn 0.000000 0.000000 0.000000
vn 0.000000 0.000000 0.000000
vn 0.000000 0.000000 0.000000
vn 0.000000 0.000000 0.000000
vn 0.000000 0.000000 0.000000
vn 0.000000 0.000000 0.000000
vn 0.000000 0.000000 0.000000
vn 0.000000 0.000000 0.000000
vn 0.000000 0.000000 0.000000
vn 0.000000 0.000000 0.000000
vn 0.000000 0.000000 0.000000
vn 0.000000 0.000000 0.000000
vn 0.000000 0.000000 0.000000
vn 0.000000 0.000000 0.000000
vn 0.000000 0.000000 0.000000
vn 0.000000 0.000000 0.000000
vn 0.000000 0.000000 0.000000
vn 0.000000 0.000000 0.000000
vn 0.000000 0.000000 0.000000
vn 0.000000 0.000000 0.000000
vn 0.000000 0.000000 0.000000
vn 0.000000 0.000000 0.000000
vn 0.000000 0.000000 0.000000
vn 0.000000 0.000000 0.000000
vn 0.000000 0.000000 0.000000
vn 0.000000 0.000000 0.000000
vn 0.000000 0.000000 0.000000
vn 0.000000 0.000000 0.000000
vn 0.000000 0.000000 0.000000
vn 0.000000 0.000000 0.000000
vn 0.000000 0.000000 0.000000
vn 0.000000 0.000000 0.000000
vn 0.000000 0.000000 0.000000
vn 0.000000 0.000000 0.000000
vn 0.000000 0.000000 0.000000
vn 0.000000 0.000000 0.000000
vn 0.000000 0.000000 0.000000
vn 0.000000 0.000000 0.000000
vn 0.000000 0.000000 0.000000
vn 0.000000 0.000000 0.000000
vn 0.000000 0.000000 0.000000
vn 0.000000 0.000000 0.000000
vn 0.000000 0.000000 0.000000
vn 0.000000 0.000000 0.000000
vn 0.000000 0.000000 0.000000
vn 0.000000 0.000000 0.000000
vn 0.000000 0.000000 0.000000
vn 0.000000 0.000000 0.000000
vn 0.000000 0.000000 0.000000
vn 0.000000 0.000000 0.000000
vn 0.000000 0.000000 0.000000
vn 0.000000 0.000000 0.000000
vn 0.000000 0.000000 0.000000
vn 0.000000 0.000000 0.000000
vn 0.000000 0.000000 0.000000
vn 0.000000 0.000000 0.000000
vn 0.000000 0.000000 0.000000
vn 0.000000 0.000000 0.000000
vn 0.000000 0.000000 0.000000
vn 0.000000 0.000000 0.000000
vn 0.000000 0.000000 0.000000
vn 0.000000 0.000000 0.000000
vn 0.000000 0.000000 0.000000
vn 0.000000 0.000000 0.000000
vn 0.000000 0.000000 0.000000
vn 0.000000 0.000000 0.000000
vn 0.000000 0.000000 0.000000
vn 0.000000 0.000000 0.000000
vn 0.000000 0.000000 0.000000
vn 0.000000 0.000000 0.000000
vn 0.000000 0.000000 0.000000
vn 0.000000 0.000000 0.000000
vn 0.000000 0.000000 0.000000
vn 0.000000 0.000000 0.000000
vn 0.000000 0.000000 0.000000
vn 0.000000 0.000000 0.000000
vn 0.000000 0.000000 0.000000
vn 0.000000 0.000000 0.000000
vn 0.000000 0.000000 0.000000
vn 0.000000 0.000000 0.000000
vn 0.000000 0.000000 0.000000
vn 0.000000 0.000000 0.000000
vn 0.000000 0.000000 0.000000
vn 0.000000 0.000000 0.000000
vn 0.000000 0.000000 0.000000
vn 0.000000 0.000000 0.000000
vn 0.000000 0.000000 0.000000
vn 0.000000 0.000000 0.000000
vn 0.000000 0.000000 0.000000
vn 0.000000 0.000000 0.000000
vn 0.000000 0.000000 0.000000
vn 0.000000 0.000000 0.000000
vn 0.000000 0.000000 0.000000
vn 0.000000 0.000000 0.000000
vn 0.000000 0.000000 0.000000
vn 0.000000 0.000000 0.000000
vn 0.000000 0.000000 0.000000
vn 0.000000 0.000000 0.000000
vn 0.000000 0.000000 0.000000
vn -0.947715 0.302829 0.100653
vn -0.958688 0.068225 0.276156
vn -0.881797 -0.155116 0.445391
vn -0.764072 -0.327666 0.555724
vn -0.654648 -0.456532 0.602506
vn -0.568390 -0.565232 0.597868
vn -0.498212 -0.668719 0.551906
vn -0.428957 -0.766767 0.477561
vn -0.347374 -0.848057 0.400163
vn -0.249263 -0.902551 0.351098
vn -0.138023 -0.928360 0.345105
vn -0.018858 -0.929352 0.368713
vn 0.105452 -0.914127 0.391473
vn 0.237434 -0.892174 0.384252
vn 0.382097 -0.863836 0.328314
vn 0.535656 -0.815205 0.220257
vn 0.676691 -0.731446 0.084112
vn 0.781612 -0.623100 -0.028781
vn 0.848206 -0.524932 -0.070665
vn 0.884178 -0.466805 -0.017949
vn 0.881938 -0.454517 0.124900
vn 0.832745 -0.462512 0.304334
vn 0.771574 -0.455463 0.444101
vn 0.745577 -0.417277 0.519610
vn 0.765752 -0.341715 0.544844
vn 0.817388 -0.219861 0.532483
vn 0.872288 -0.041597 0.487219
vn 0.889622 0.190403 0.415113
vn 0.832115 0.441348 0.335852
vn 0.701883 0.654989 0.279909
vn 0.541968 0.797585 0.264820
vn 0.396151 0.873387 0.283301
vn 0.283920 0.905831 0.314420
vn 0.199272 0.919697 0.338301
vn 0.118403 0.930958 0.345396
vn 0.013374 0.940496 0.339541
vn -0.131065 0.933509 0.333741
vn -0.305220 0.889268 0.340651
vn -0.476513 0.800531 0.363435
vn -0.610498 0.687169 0.393816
vn -0.693019 0.587419 0.417928
vn -0.730590 0.538015 0.420450
vn -0.736082 0.558706 0.382138
vn -0.720860 0.631469 0.285672
vn -0.705252 0.693308 0.148130
vn -0.720477 0.692983 0.026211
vn -0.779939 0.624915 -0.034306
vn -0.868995 0.494680 -0.011793
vn -0.942804 0.301002 0.143242
vn -0.952749 0.057093 0.298346
vn -0.876009 -0.165694 0.452938
vn -0.760355 -0.329054 0.559985
vn -0.654834 -0.442856 0.612431
vn -0.575285 -0.534371 0.619270
vn -0.514344 -0.623938 0.588346
vn -0.454014 -0.717491 0.528278
vn -0.376012 -0.806099 0.456968
vn -0.273176 -0.874193 0.401450
vn -0.152860 -0.911681 0.381407
vn -0.028592 -0.918809 0.393665
vn 0.090556 -0.905088 0.415470
vn 0.206158 -0.883941 0.419699
vn 0.328609 -0.862067 0.385820
vn 0.466582 -0.830641 0.303871
vn 0.612788 -0.768885 0.182503
vn 0.742344 -0.667444 0.058689
vn 0.835724 -0.548878 -0.017271
vn 0.892218 -0.451453 -0.011670
vn 0.911675 -0.402220 0.084072
vn 0.883027 -0.400869 0.244065
vn 0.817529 -0.413867 0.400451
vn 0.764761 -0.403767 0.502108
vn 0.756022 -0.353500 0.550880
vn 0.785877 -0.255367 0.563192
vn 0.830875 -0.101805 0.547068
vn 0.856545 0.109399 0.504343
vn 0.823415 0.357540 0.440627
vn 0.714568 0.590882 0.374500
vn 0.559460 0.760206 0.330290
vn 0.407453 0.855870 0.318542
vn 0.288428 0.898280 0.331516
vn 0.202551 0.913358 0.353199
vn 0.127231 0.920234 0.370111
vn 0.031616 0.925238 0.378068
vn -0.104600 0.918440 0.381481
vn -0.276517 0.879740 0.386776
vn -0.453087 0.798337 0.396699
vn -0.596611 0.690358 0.409219
vn -0.687140 0.593509 0.419029
vn -0.725971 0.546992 0.416852
vn -0.723215 0.572934 0.385625
vn -0.693839 0.651539 0.306732
vn -0.670319 0.716903 0.191631
vn -0.690391 0.718230 0.086630
vn -0.761562 0.647350 0.030988
vn -0.860698 0.506961 0.046797
vn -0.923274 0.235439 0.303534
vn -0.897843 -0.016029 0.440024
vn -0.805560 -0.217934 0.550978
vn -0.700840 -0.352609 0.620072
vn -0.617665 -0.440875 0.651245
vn -0.561674 -0.511071 0.650637
vn -0.520344 -0.584611 0.622473
vn -0.471445 -0.670085 0.573346
vn -0.393769 -0.760015 0.517033
vn -0.280869 -0.835349 0.472552
vn -0.146586 -0.879167 0.453406
vn -0.014530 -0.888871 0.457927
vn 0.099209 -0.876647 0.470794
vn 0.195907 -0.859402 0.472281
vn 0.291664 -0.846189 0.445978
vn 0.405918 -0.829983 0.382569
vn 0.545693 -0.788164 0.284633
vn 0.693758 -0.698741 0.174532
vn 0.818166 -0.567593 0.091887
vn 0.898694 -0.432671 0.071732
vn 0.932399 -0.338020 0.127966
vn 0.917783 -0.309180 0.249163
vn 0.858836 -0.331973 0.390121
vn 0.791897 -0.354847 0.496974
vn 0.758741 -0.335859 0.558131
vn 0.764618 -0.260925 0.589303
vn 0.788994 -0.127487 0.601028
vn 0.802205 0.062105 0.593810
vn 0.772295 0.292130 0.564110
vn 0.679882 0.523252 0.513778
vn 0.539525 0.706932 0.457341
vn 0.392785 0.820823 0.414693
vn 0.273453 0.876374 0.396474
vn 0.187049 0.896990 0.400528
vn 0.113046 0.901439 0.417885
vn 0.020393 0.897829 0.439872
vn -0.111100 0.880629 0.460597
vn -0.276295 0.835558 0.474873
vn -0.446211 0.756498 0.478127
vn -0.586444 0.660163 0.469328
vn -0.677000 0.582165 0.450284
vn -0.714148 0.560712 0.419040
vn -0.700923 0.613365 0.363991
vn -0.655068 0.702847 0.277293
vn -0.628113 0.755810 0.185001
vn -0.663099 0.737719 0.126769
vn -0.754315 0.644700 0.123983
vn -0.861125 0.473312 0.185579
vn -0.878108 0.166258 0.448647
vn -0.831069 -0.074235 0.551192
vn -0.742224 -0.253210 0.620475
vn -0.655817 -0.367316 0.659532
vn -0.593707 -0.438131 0.674946
vn -0.556049 -0.491993 0.669890
vn -0.527205 -0.551229 0.646685
vn -0.483211 -0.627107 0.610936
vn -0.403530 -0.714061 0.572085
vn -0.284005 -0.792189 0.540164
vn -0.142095 -0.841283 0.521586
vn -0.006347 -0.856458 0.516178
vn 0.103057 -0.849812 0.516912
vn 0.186063 -0.838348 0.512400
vn 0.261173 -0.831005 0.491140
vn 0.354244 -0.821991 0.445917
vn 0.482074 -0.791026 0.376673
vn 0.636891 -0.713034 0.293176
vn 0.784399 -0.580871 0.217500
vn 0.887976 -0.424121 0.177819
vn 0.935671 -0.294767 0.193990
vn 0.933998 -0.235104 0.269023
vn 0.889620 -0.251120 0.381464
vn 0.822105 -0.295273 0.486782
vn 0.771148 -0.304312 0.559217
vn 0.754302 -0.251278 0.606538
vn 0.757151 -0.136580 0.638803
vn 0.754383 0.031151 0.655695
vn 0.721613 0.236636 0.650599
vn 0.643052 0.452209 0.618055
vn 0.522857 0.640109 0.562922
vn 0.387789 0.771996 0.503628
vn 0.268169 0.845445 0.461852
vn 0.174872 0.876077 0.449342
vn 0.093796 0.880790 0.464124
vn -0.001116 0.869115 0.494608
vn -0.126878 0.841008 0.525935
vn -0.278914 0.790908 0.544676
vn -0.434384 0.719040 0.542487
vn -0.565926 0.640972 0.518539
vn -0.654121 0.586970 0.477066
vn -0.689170 0.590519 0.419919
vn -0.668556 0.659673 0.343315
vn -0.617790 0.743325 0.256521
vn -0.600041 0.775852 0.194948
vn -0.650672 0.736407 0.185284
vn -0.750189 0.618749 0.233165
vn -0.845694 0.419169 0.330302
vn -0.819163 0.102848 0.564265
vn -0.765974 -0.115470 0.632417
vn -0.690410 -0.273528 0.669714
vn -0.623445 -0.373566 0.686851
vn -0.579119 -0.433211 0.690615
vn -0.554305 -0.475686 0.682985
vn -0.531532 -0.523682 0.665756
vn -0.487466 -0.590192 0.643468
vn -0.404995 -0.671080 0.620991
vn -0.283246 -0.747676 0.600627
vn -0.140675 -0.800189 0.583016
vn -0.005857 -0.822389 0.568895
vn 0.099890 -0.823850 0.557937
vn 0.174597 -0.819069 0.546481
vn 0.236426 -0.815412 0.528400
vn 0.313782 -0.807792 0.499012
vn 0.428196 -0.779646 0.456947
vn 0.578669 -0.708857 0.403317
vn 0.735944 -0.583062 0.344129
vn 0.857845 -0.420869 0.294908
vn 0.921713 -0.271342 0.277161
vn 0.933703 -0.184209 0.307027
vn 0.905713 -0.180400 0.383589
vn 0.847656 -0.228250 0.478938
vn 0.787624 -0.257606 0.559720
vn 0.751228 -0.225557 0.620307
vn 0.733772 -0.130387 0.666767
vn 0.715622 0.014709 0.698333
vn 0.678545 0.193559 0.708599
vn 0.610721 0.386642 0.691034
vn 0.510365 0.568509 0.645232
vn 0.389837 0.712542 0.583362
vn 0.270491 0.804434 0.528887
vn 0.166042 0.848027 0.503269
vn 0.071547 0.855791 0.512350
vn -0.029629 0.838397 0.544254
vn -0.149127 0.801904 0.578543
vn -0.284012 0.749929 0.597448
vn -0.419497 0.688722 0.591341
vn -0.536567 0.632530 0.558571
vn -0.617701 0.605271 0.502087
vn -0.648821 0.631274 0.424881
vn -0.626461 0.704531 0.333440
vn -0.585272 0.769606 0.255272
vn -0.586241 0.777588 0.227330
vn -0.649378 0.713854 0.262148
vn -0.743736 0.569674 0.349755
vn -0.813951 0.351110 0.462822
vn -0.759161 0.050138 0.648969
vn -0.709689 -0.141894 0.690078
vn -0.650183 -0.281552 0.705684
vn -0.600803 -0.371637 0.707758
vn -0.570192 -0.424820 0.703142
vn -0.552853 -0.460805 0.694271
vn -0.530913 -0.501426 0.683157
vn -0.483790 -0.559865 0.672680
vn -0.399266 -0.632919 0.663325
vn -0.279746 -0.704666 0.652064
vn -0.142647 -0.758316 0.636088
vn -0.013072 -0.787342 0.616378
vn 0.089121 -0.797546 0.596638
vn 0.160272 -0.799262 0.579217
vn 0.216182 -0.797508 0.563246
vn 0.284218 -0.787758 0.546496
vn 0.386428 -0.757386 0.526345
vn 0.525252 -0.689736 0.498371
vn 0.679026 -0.573502 0.458278
vn 0.810440 -0.418691 0.409737
vn 0.890888 -0.263524 0.369963
vn 0.918727 -0.156026 0.362763
vn 0.906485 -0.125861 0.403044
vn 0.862151 -0.159758 0.480804
vn 0.801684 -0.197077 0.564326
vn 0.751023 -0.183791 0.634181
vn 0.716238 -0.110089 0.689118
vn 0.685322 0.010659 0.728162
vn 0.644896 0.162292 0.746840
vn 0.585532 0.330411 0.740257
vn 0.501945 0.498976 0.706452
vn 0.395646 0.646941 0.651868
vn 0.277310 0.753847 0.595662
vn 0.160211 0.811340 0.562192
vn 0.049076 0.824748 0.563366
vn -0.060714 0.805182 0.589912
vn -0.174173 0.764636 0.620481
vn -0.290390 0.714612 0.636399
vn -0.402509 0.666252 0.627770
vn -0.499583 0.633017 0.591360
vn -0.567840 0.632241 0.527095
vn -0.593522 0.675069 0.438193
vn -0.577811 0.740889 0.342371
vn -0.559100 0.780284 0.280293
vn -0.583231 0.760923 0.284321
vn -0.652916 0.669727 0.353789
vn -0.730834 0.501716 0.462778
vn -0.771841 0.278731 0.571464
vn -0.705439 0.008735 0.708716
vn -0.663856 -0.156833 0.731231
vn -0.619523 -0.279780 0.733426
vn -0.584685 -0.362055 0.725989
vn -0.563556 -0.412197 0.715890
vn -0.548882 -0.446220 0.706835
vn -0.524040 -0.483412 0.701210
vn -0.472778 -0.535513 0.699791
vn -0.388020 -0.600103 0.699511
vn -0.274611 -0.664971 0.694552
vn -0.147543 -0.717490 0.680764
vn -0.026632 -0.751681 0.658989
vn 0.071643 -0.769578 0.634522
vn 0.142820 -0.776703 0.613461
vn 0.199067 -0.775420 0.599247
vn 0.263620 -0.761854 0.591678
vn 0.355959 -0.727242 0.586866
vn 0.479842 -0.660831 0.577109
vn 0.620961 -0.555119 0.553399
vn 0.751850 -0.415047 0.512306
vn 0.845019 -0.265704 0.464052
vn 0.889687 -0.146247 0.432514
vn 0.892565 -0.089111 0.442026
vn 0.861893 -0.096536 0.497817
vn 0.807006 -0.127437 0.576629
vn 0.748840 -0.127945 0.650284
vn 0.701439 -0.077205 0.708535
vn 0.661451 0.017122 0.749793
vn 0.619566 0.141253 0.772131
vn 0.567222 0.284172 0.772985
vn 0.496659 0.435618 0.750711
vn 0.402222 0.580141 0.708275
vn 0.285375 0.696200 0.658685
vn 0.156743 0.766271 0.623106
vn 0.029151 0.787309 0.615869
vn -0.089849 0.769523 0.632266
vn -0.198220 0.729654 0.654457
vn -0.296267 0.685093 0.665487
vn -0.383485 0.650677 0.655408
vn -0.456133 0.639341 0.619019
vn -0.506477 0.661311 0.553307
vn -0.527139 0.712800 0.462645
vn -0.526863 0.763141 0.374207
vn -0.538178 0.774203 0.333129
vn -0.584772 0.725144 0.363603
vn -0.654081 0.605880 0.452866
vn -0.710169 0.422818 0.562925
vn -0.726725 0.209983 0.654048
vn -0.660032 -0.022803 0.750892
vn -0.627139 -0.163282 0.761601
vn -0.595630 -0.270425 0.756370
vn -0.571934 -0.345809 0.743846
vn -0.556327 -0.395270 0.730933
vn -0.540519 -0.431023 0.722536
vn -0.510644 -0.468145 0.721167
vn -0.455616 -0.515655 0.725613
vn -0.372907 -0.572008 0.730580
vn -0.268571 -0.629092 0.729461
vn -0.154377 -0.678555 0.718144
vn -0.044357 -0.715460 0.697245
vn 0.049467 -0.738832 0.672071
vn 0.122871 -0.749691 0.650281
vn 0.183816 -0.747805 0.637965
vn 0.249249 -0.730073 0.636293
vn 0.334160 -0.691417 0.640530
vn 0.442651 -0.626423 0.641603
vn 0.566735 -0.531501 0.629538
vn 0.689053 -0.408871 0.598356
vn 0.787882 -0.272289 0.552359
vn 0.847106 -0.148776 0.510173
vn 0.864407 -0.068210 0.498145
vn 0.845811 -0.043794 0.531682
vn 0.799076 -0.056089 0.598608
vn 0.740071 -0.062622 0.669606
vn 0.686120 -0.034173 0.726685
vn 0.641409 0.032351 0.766517
vn 0.600224 0.128820 0.789390
vn 0.554031 0.247209 0.794945
vn 0.493064 0.380296 0.782472
vn 0.407346 0.516411 0.753252
vn 0.292112 0.635409 0.714791
vn 0.154892 0.714883 0.681873
vn 0.013837 0.744448 0.667537
vn -0.113386 0.731921 0.671889
vn -0.217922 0.696756 0.683404
vn -0.299600 0.660257 0.688695
vn -0.361955 0.639862 0.677912
vn -0.407717 0.647477 0.643848
vn -0.437861 0.685391 0.581823
vn -0.456205 0.736701 0.499148
vn -0.477125 0.767501 0.428128
vn -0.519228 0.750020 0.409722
vn -0.583554 0.670732 0.457803
vn -0.647153 0.527930 0.549984
vn -0.682923 0.341969 0.645502
vn -0.683480 0.149199 0.714559
vn -0.621912 -0.046287 0.781718
vn -0.596999 -0.163552 0.785393
vn -0.575561 -0.255486 0.776825
vn -0.559667 -0.324347 0.762609
vn -0.546250 -0.374577 0.749202
vn -0.526827 -0.414511 0.742047
vn -0.491263 -0.453885 0.743404
vn -0.433726 -0.498327 0.750701
vn -0.355245 -0.547234 0.757850
vn -0.261898 -0.596447 0.758723
vn -0.161896 -0.641441 0.749896
vn -0.063756 -0.678491 0.731837
vn 0.025197 -0.704624 0.709134
vn 0.101672 -0.717298 0.689309
vn 0.169432 -0.714090 0.679241
vn 0.238240 -0.692722 0.680718
vn 0.317767 -0.651461 0.688929
vn 0.412031 -0.589175 0.695056
vn 0.518194 -0.505107 0.690175
vn 0.627207 -0.399784 0.668420
vn 0.724308 -0.278718 0.630630
vn 0.792791 -0.157295 0.588847
vn 0.822619 -0.059264 0.565497
vn 0.814618 -0.004079 0.579984
vn 0.776340 0.009046 0.630249
vn 0.721496 0.005259 0.692399
vn 0.667292 0.015265 0.744640
vn 0.622437 0.054403 0.780777
vn 0.584122 0.123527 0.802211
vn 0.543593 0.218418 0.810432
vn 0.489499 0.333414 0.805745
vn 0.409599 0.458572 0.788632
vn 0.295989 0.575452 0.762395
vn 0.153952 0.660281 0.735070
vn 0.004119 0.697932 0.716152
vn -0.129074 0.692957 0.709331
vn -0.230748 0.665234 0.710084
vn -0.298414 0.638229 0.709657
vn -0.337334 0.630893 0.698698
vn -0.356420 0.652966 0.668282
vn -0.367839 0.698522 0.613809
vn -0.387644 0.742240 0.546637
vn -0.430558 0.752185 0.498836
vn -0.498353 0.707555 0.501009
vn -0.573728 0.601434 0.555979
vn -0.629747 0.444425 0.637107
vn -0.651230 0.266380 0.710592
vn -0.643828 0.097840 0.758889
vn -0.588758 -0.063211 0.805834
vn -0.570577 -0.159348 0.805636
vn -0.556526 -0.236790 0.796372
vn -0.545440 -0.299386 0.782856
vn -0.531774 -0.351017 0.770716
vn -0.507634 -0.396157 0.765093
vn -0.466901 -0.438901 0.767704
vn -0.408488 -0.481437 0.775472
vn -0.335928 -0.523976 0.782689
vn -0.254470 -0.565757 0.784324
vn -0.168766 -0.605411 0.777815
vn -0.082439 -0.640420 0.763588
vn 0.001452 -0.666713 0.745313
vn 0.080689 -0.679381 0.729336
vn 0.155267 -0.674461 0.721799
vn 0.228110 -0.650481 0.724458
vn 0.303677 -0.608476 0.733169
vn 0.385593 -0.550378 0.740542
vn 0.474949 -0.477000 0.739523
vn 0.568869 -0.387501 0.725418
vn 0.658700 -0.281888 0.697605
vn 0.730091 -0.166485 0.662759
vn 0.768941 -0.057819 0.636700
vn 0.770204 0.022574 0.637399
vn 0.740025 0.061955 0.669720
vn 0.692107 0.068088 0.718577
vn 0.642717 0.066190 0.763239
vn 0.601890 0.080858 0.794475
vn 0.568451 0.123929 0.813330
vn 0.533389 0.196638 0.822697
vn 0.484270 0.294529 0.823854
vn 0.408110 0.407854 0.816763
vn 0.296356 0.519193 0.801631
vn 0.153318 0.605445 0.780980
vn -0.000069 0.649572 0.760300
vn -0.136107 0.652945 0.745076
vn -0.235162 0.633974 0.736733
vn -0.291139 0.616695 0.731386
vn -0.309291 0.620426 0.720701
vn -0.304808 0.651571 0.694656
vn -0.302152 0.697042 0.650259
vn -0.326520 0.728358 0.602395
vn -0.387794 0.717788 0.578269
vn -0.472847 0.649492 0.595463
vn -0.552974 0.524295 0.647560
vn -0.602688 0.363854 0.710195
vn -0.616810 0.200316 0.761196
vn -0.607315 0.055876 0.792494
vn -0.541207 -0.072331 0.837773
vn -0.529092 -0.147419 0.835661
vn -0.520330 -0.209587 0.827847
vn -0.511754 -0.264517 0.817397
vn -0.496717 -0.315778 0.808428
vn -0.468778 -0.364259 0.804713
vn -0.425584 -0.409010 0.807211
vn -0.369735 -0.449193 0.813340
vn -0.306134 -0.485447 0.818916
vn -0.238618 -0.519448 0.820510
vn -0.168513 -0.552187 0.816512
vn -0.095408 -0.582312 0.807347
vn -0.019022 -0.605571 0.795564
vn 0.059239 -0.616114 0.785427
vn 0.136410 -0.609417 0.781027
vn 0.209971 -0.584784 0.783543
vn 0.279980 -0.545117 0.790227
vn 0.349257 -0.494044 0.796203
vn 0.421400 -0.432877 0.796894
vn 0.497791 -0.359628 0.789223
vn 0.574648 -0.270978 0.772238
vn 0.641484 -0.167204 0.748693
vn 0.684114 -0.058067 0.727060
vn 0.693323 0.036612 0.719696
vn 0.672090 0.096655 0.734135
vn 0.633747 0.116033 0.764788
vn 0.593819 0.109958 0.797050
vn 0.561481 0.105673 0.820714
vn 0.535436 0.124850 0.835297
vn 0.506363 0.175548 0.844263
vn 0.461767 0.254912 0.849583
vn 0.389803 0.352782 0.850646
vn 0.283627 0.452708 0.845347
vn 0.147594 0.534330 0.832290
vn 0.000551 0.581734 0.813379
vn -0.130748 0.593596 0.794071
vn -0.224081 0.584552 0.779799
vn -0.269231 0.576683 0.771331
vn -0.270247 0.588014 0.762368
vn -0.248173 0.621362 0.743182
vn -0.237655 0.659601 0.713054
vn -0.266829 0.675614 0.687276
vn -0.337735 0.646635 0.683957
vn -0.427521 0.562459 0.707719
vn -0.504621 0.432128 0.747411
vn -0.549064 0.282350 0.786643
vn -0.561506 0.140866 0.815395
vn -0.554613 0.022138 0.831814
vn -0.428789 -0.065769 0.901007
vn -0.422727 -0.115802 0.898828
vn -0.417479 -0.158222 0.894806
vn -0.409969 -0.199387 0.890039
vn -0.394898 -0.242279 0.886204
vn -0.368449 -0.285471 0.884732
vn -0.331006 -0.325146 0.885842
vn -0.286558 -0.358572 0.888432
vn -0.239534 -0.385983 0.890865
vn -0.191935 -0.409665 0.891816
vn -0.142702 -0.431591 0.890710
vn -0.089182 -0.451450 0.887829
vn -0.029575 -0.466160 0.884206
vn 0.035051 -0.471244 0.881306
vn 0.100608 -0.463464 0.880386
vn 0.162280 -0.442890 0.881767
vn 0.217693 -0.412482 0.884572
vn 0.268295 -0.375402 0.887182
vn 0.317862 -0.332350 0.887979
vn 0.369453 -0.280876 0.885784
vn 0.422585 -0.216982 0.879966
vn 0.471761 -0.138622 0.870761
vn 0.507598 -0.050204 0.860130
vn 0.521728 0.034821 0.852401
vn 0.513397 0.097890 0.852550
vn 0.491386 0.126240 0.861744
vn 0.468057 0.123605 0.875011
vn 0.450468 0.110567 0.885919
vn 0.436116 0.111333 0.892977
vn 0.415725 0.139180 0.898778
vn 0.378845 0.193426 0.905021
vn 0.317899 0.264448 0.910498
vn 0.230542 0.338688 0.912218
vn 0.121626 0.402120 0.907473
vn 0.004277 0.444086 0.895974
vn -0.102114 0.461835 0.881068
vn -0.177651 0.462939 0.868405
vn -0.209417 0.462414 0.861579
vn -0.199479 0.473932 0.857669
vn -0.170960 0.498467 0.849884
vn -0.159251 0.520790 0.838699
vn -0.186352 0.519746 0.833749
vn -0.247339 0.480638 0.841315
vn -0.319851 0.401972 0.857971
vn -0.380854 0.296530 0.875797
vn -0.418532 0.184369 0.889291
vn -0.433785 0.082337 0.897246
vn -0.434372 -0.001229 0.900733
vn -0.339793 -0.057035 0.938769
vn -0.336781 -0.090033 0.937269
vn -0.333187 -0.118791 0.935348
vn -0.326283 -0.149814 0.933325
vn -0.312015 -0.185385 0.931815
vn -0.288316 -0.222838 0.931245
vn -0.256874 -0.257235 0.931582
vn -0.221964 -0.285077 0.932450
vn -0.187402 -0.306191 0.933342
vn -0.154042 -0.322869 0.933824
vn -0.119478 -0.337455 0.933729
vn -0.079972 -0.350251 0.933236
vn -0.033254 -0.359070 0.932718
vn 0.019541 -0.360624 0.932507
vn 0.074039 -0.352775 0.932774
vn 0.124933 -0.336027 0.933530
vn 0.168998 -0.313001 0.934596
vn 0.206713 -0.286214 0.935602
vn 0.241380 -0.255868 0.936091
vn 0.276454 -0.219316 0.935668
vn 0.312855 -0.172565 0.933993
vn 0.347703 -0.113113 0.930757
vn 0.375106 -0.043104 0.925979
vn 0.389106 0.028563 0.920750
vn 0.387948 0.087433 0.917525
vn 0.376654 0.119842 0.918569
vn 0.364376 0.122502 0.923159
vn 0.357070 0.108263 0.927782
vn 0.351971 0.099549 0.930702
vn 0.339657 0.112733 0.933769
vn 0.310686 0.149757 0.938641
vn 0.260147 0.202063 0.944190
vn 0.188567 0.257819 0.947614
vn 0.101323 0.306422 0.946488
vn 0.008352 0.340570 0.940182
vn -0.076088 0.357883 0.930661
vn -0.135552 0.362544 0.922056
vn -0.157565 0.364681 0.917704
vn -0.143751 0.374282 0.916105
vn -0.116612 0.391334 0.912830
vn -0.107522 0.403005 0.908860
vn -0.131942 0.393338 0.909877
vn -0.182197 0.354036 0.917313
vn -0.239787 0.287949 0.927139
vn -0.288650 0.206225 0.934961
vn -0.321053 0.122400 0.939118
vn -0.337067 0.047426 0.940286
vn -0.341344 -0.012619 0.939854
vn -0.323222 -0.057875 0.944552
vn -0.321229 -0.083766 0.943290
vn -0.318120 -0.107250 0.941964
vn -0.310890 -0.135724 0.940705
vn -0.295643 -0.171042 0.939862
vn -0.271041 -0.209269 0.939544
vn -0.239711 -0.244215 0.939626
vn -0.206665 -0.271598 0.939960
vn -0.175943 -0.291063 0.940386
vn -0.147848 -0.305292 0.940711
vn -0.118719 -0.317266 0.940876
vn -0.083513 -0.327736 0.941071
vn -0.039373 -0.334674 0.941511
vn 0.012289 -0.334895 0.942175
vn 0.066341 -0.326472 0.942876
vn 0.116588 -0.310152 0.943511
vn 0.158956 -0.288767 0.944112
vn 0.193390 -0.264966 0.944666
vn 0.223305 -0.238849 0.945032
vn 0.252873 -0.207312 0.945027
vn 0.283949 -0.165720 0.944410
vn 0.314553 -0.110931 0.942736
vn 0.339659 -0.044232 0.939508
vn 0.353868 0.026843 0.934910
vn 0.355054 0.089001 0.930600
vn 0.347063 0.127604 0.929120
vn 0.338337 0.135291 0.931249
vn 0.335235 0.120451 0.934403
vn 0.335150 0.105408 0.936250
vn 0.327625 0.110493 0.938325
vn 0.302225 0.140680 0.942799
vn 0.254278 0.187757 0.948731
vn 0.185417 0.239335 0.953068
vn 0.101872 0.284790 0.953161
vn 0.013484 0.317267 0.948240
vn -0.066231 0.334533 0.940054
vn -0.121335 0.340166 0.932505
vn -0.139466 0.343194 0.928852
vn -0.123060 0.352361 0.927738
vn -0.096152 0.366658 0.925374
vn -0.089617 0.373574 0.923261
vn -0.116006 0.359219 0.926015
vn -0.165821 0.317894 0.933513
vn -0.221410 0.253775 0.941582
vn -0.268663 0.177232 0.946789
vn -0.300888 0.100012 0.948401
vn -0.317864 0.031938 0.947598
vn -0.323493 -0.020960 0.945998
vn -0.340058 -0.063729 0.938243
vn -0.338476 -0.086255 0.937013
vn -0.335383 -0.107775 0.935897
vn -0.327220 -0.137045 0.934958
vn -0.309835 -0.175573 0.934439
vn -0.282296 -0.217962 0.934239
vn -0.248166 -0.256493 0.934144
vn -0.213518 -0.285933 0.934159
vn -0.183020 -0.305796 0.934341
vn -0.156597 -0.319367 0.934603
vn -0.129180 -0.330466 0.934936
vn -0.094147 -0.340299 0.935592
vn -0.047920 -0.346723 0.936743
vn 0.007679 -0.346226 0.938120
vn 0.066424 -0.336749 0.939249
vn 0.120885 -0.319250 0.939929
vn 0.165981 -0.297027 0.940332
vn 0.201225 -0.273183 0.940680
vn 0.230406 -0.247850 0.941001
vn 0.258664 -0.217303 0.941208
vn 0.288771 -0.175917 0.941098
vn 0.319160 -0.119726 0.940108
vn 0.344779 -0.049558 0.937375
vn 0.359981 0.027260 0.932561
vn 0.362241 0.097205 0.927002
vn 0.355093 0.144164 0.923648
vn 0.347363 0.157524 0.924405
vn 0.346462 0.142402 0.927192
vn 0.350019 0.121768 0.928795
vn 0.346037 0.120681 0.930427
vn 0.322194 0.147743 0.935074
vn 0.273088 0.194868 0.942045
vn 0.200897 0.248086 0.947678
vn 0.113012 0.295373 0.948675
vn 0.020448 0.329226 0.944030
vn -0.062246 0.347336 0.935673
vn -0.118257 0.353522 0.927921
vn -0.134973 0.357047 0.924284
vn -0.116256 0.366307 0.923203
vn -0.088998 0.379300 0.920984
vn -0.085289 0.383084 0.919768
vn -0.116125 0.364523 0.923925
vn -0.170243 0.318987 0.932344
vn -0.229439 0.251246 0.940337
vn -0.279718 0.171709 0.944603
vn -0.314405 0.092131 0.944808
vn -0.333116 0.022816 0.942610
vn -0.339749 -0.029448 0.940055
vn -0.367372 -0.070996 0.927360
vn -0.365975 -0.091416 0.926124
vn -0.362683 -0.112108 0.925145
vn -0.353352 -0.143270 0.924455
vn -0.333491 -0.186058 0.924211
vn -0.302457 -0.233586 0.924098
vn -0.264697 -0.276576 0.923819
vn -0.227408 -0.308824 0.923533
vn -0.195993 -0.329720 0.923510
vn -0.170064 -0.343188 0.923743
vn -0.143123 -0.353935 0.924254
vn -0.106930 -0.363636 0.925384
vn -0.057186 -0.369974 0.927280
vn 0.003836 -0.368984 0.929428
vn 0.068762 -0.358356 0.931049
vn 0.128872 -0.339221 0.931838
vn 0.178071 -0.315394 0.932104
vn 0.215464 -0.290518 0.932295
vn 0.245249 -0.264817 0.932590
vn 0.273559 -0.233938 0.932973
vn 0.304061 -0.191211 0.933266
vn 0.335467 -0.131818 0.932784
vn 0.362439 -0.056259 0.930308
vn 0.378828 0.027998 0.925044
vn 0.381690 0.106816 0.918098
vn 0.374517 0.162626 0.912847
vn 0.366847 0.182147 0.912275
vn 0.367351 0.167629 0.914852
vn 0.373981 0.142333 0.916449
vn 0.373180 0.135829 0.917762
vn 0.350538 0.160709 0.922657
vn 0.299542 0.209276 0.930848
vn 0.222560 0.265798 0.937986
vn 0.128161 0.316384 0.939934
vn 0.028988 0.352456 0.935379
vn -0.058782 0.371541 0.926554
vn -0.117136 0.377969 0.918378
vn -0.133368 0.381605 0.914653
vn -0.113103 0.390709 0.913539
vn -0.086149 0.402425 0.911390
vn -0.085780 0.403453 0.910971
vn -0.121799 0.381052 0.916496
vn -0.181494 0.330995 0.926014
vn -0.245880 0.258246 0.934265
vn -0.300546 0.173435 0.937866
vn -0.338492 0.088872 0.936763
vn -0.359172 0.015861 0.933136
vn -0.366704 -0.037785 0.929570
vn -0.381425 -0.075134 0.921341
vn -0.380150 -0.093392 0.920198
vn -0.376674 -0.112968 0.919432
vn -0.366552 -0.144976 0.919033
vn -0.345160 -0.190236 0.919062
vn -0.312081 -0.240831 0.919025
vn -0.272317 -0.286467 0.918575
vn -0.233766 -0.320289 0.918024
vn -0.202313 -0.341559 0.917827
vn -0.177348 -0.354589 0.918049
vn -0.151384 -0.364711 0.918732
vn -0.115073 -0.373983 0.920269
vn -0.063667 -0.380037 0.922777
vn 0.000242 -0.378653 0.925539
vn 0.068563 -0.367369 0.927545
vn 0.131808 -0.347394 0.928410
vn 0.183235 -0.322827 0.928551
vn 0.221605 -0.297649 0.928599
vn 0.251270 -0.272187 0.928858
vn 0.278975 -0.241744 0.929372
vn 0.309038 -0.199013 0.929994
vn 0.340475 -0.138624 0.929978
vn 0.367897 -0.060787 0.927877
vn 0.384927 0.027174 0.922547
vn 0.388310 0.111126 0.914804
vn 0.381301 0.172972 0.908124
vn 0.373675 0.197796 0.906225
vn 0.375021 0.185303 0.908307
vn 0.383936 0.157648 0.909802
vn 0.386052 0.146881 0.910708
vn 0.365440 0.168925 0.915378
vn 0.314659 0.217066 0.924052
vn 0.236075 0.274677 0.932106
vn 0.138999 0.326632 0.934875
vn 0.037145 0.363589 0.930818
vn -0.052357 0.382915 0.922299
vn -0.111064 0.389154 0.914453
vn -0.126787 0.392304 0.911056
vn -0.106677 0.400342 0.910135
vn -0.081771 0.410128 0.908355
vn -0.084752 0.408703 0.908724
vn -0.124107 0.383923 0.914987
vn -0.186625 0.331833 0.924693
vn -0.253474 0.257272 0.932503
vn -0.310391 0.170622 0.935172
vn -0.350235 0.084249 0.932865
vn -0.372224 0.010012 0.928089
vn -0.380448 -0.043533 0.923777
vn -0.355778 -0.070768 0.931887
vn -0.354692 -0.085951 0.931024
vn -0.351362 -0.102909 0.930567
vn -0.341651 -0.132396 0.930455
vn -0.321296 -0.175007 0.930667
vn -0.290045 -0.222957 0.930679
vn -0.252730 -0.266260 0.930179
vn -0.216908 -0.298186 0.929535
vn -0.188252 -0.317848 0.929265
vn -0.166149 -0.329348 0.929475
vn -0.143212 -0.337955 0.930202
vn -0.110236 -0.345840 0.931795
vn -0.062621 -0.350882 0.934324
vn -0.002929 -0.349172 0.937054
vn 0.061091 -0.338446 0.939001
vn 0.120425 -0.319827 0.939792
vn 0.168566 -0.297124 0.939842
vn 0.204088 -0.274107 0.939794
vn 0.230931 -0.251176 0.939990
vn 0.255551 -0.223935 0.940504
vn 0.282322 -0.185406 0.941233
vn 0.310674 -0.130393 0.941530
vn 0.335871 -0.058842 0.940068
vn 0.352134 0.022924 0.935669
vn 0.356243 0.102428 0.928762
vn 0.350613 0.163075 0.922213
vn 0.343871 0.190062 0.919581
vn 0.345427 0.181076 0.920811
vn 0.355041 0.155010 0.921910
vn 0.359353 0.142279 0.922292
vn 0.342426 0.159833 0.925850
vn 0.296657 0.202598 0.933246
vn 0.224444 0.255059 0.940516
vn 0.134917 0.302832 0.943446
vn 0.041080 0.337040 0.940594
vn -0.041156 0.355019 0.933953
vn -0.094849 0.360605 0.927883
vn -0.109234 0.362666 0.925495
vn -0.091791 0.368514 0.925080
vn -0.071161 0.375656 0.924023
vn -0.076185 0.372622 0.924851
vn -0.113725 0.348569 0.930358
vn -0.171721 0.300180 0.938298
vn -0.233541 0.231896 0.944290
vn -0.286651 0.152785 0.945774
vn -0.324524 0.073740 0.942999
vn -0.346022 0.005692 0.938209
vn -0.354474 -0.042984 0.934077
vn -0.278226 -0.055380 0.958918
vn -0.277435 -0.066398 0.958447
vn -0.274805 -0.078784 0.958267
vn -0.267204 -0.101324 0.958298
vn -0.251294 -0.134601 0.958506
vn -0.226874 -0.172460 0.958533
vn -0.197698 -0.206913 0.958177
vn -0.169697 -0.232387 0.957705
vn -0.147458 -0.247888 0.957501
vn -0.130655 -0.256567 0.957655
vn -0.113432 -0.262732 0.958178
vn -0.088331 -0.268291 0.959280
vn -0.051581 -0.271715 0.960994
vn -0.005183 -0.270049 0.962833
vn 0.044788 -0.261584 0.964141
vn 0.091282 -0.247150 0.964668
vn 0.129096 -0.229607 0.964684
vn 0.156856 -0.211888 0.964624
vn 0.177440 -0.194429 0.964734
vn 0.195926 -0.173909 0.965074
vn 0.215973 -0.144861 0.965594
vn 0.237463 -0.103114 0.965908
vn 0.257038 -0.048393 0.965189
vn 0.270421 0.014876 0.962627
vn 0.274936 0.077667 0.958321
vn 0.271762 0.127319 0.953905
vn 0.266913 0.151480 0.951741
vn 0.268009 0.146732 0.952177
vn 0.276093 0.126536 0.952765
vn 0.281149 0.114832 0.952769
vn 0.269680 0.126311 0.954630
vn 0.234998 0.157989 0.959070
vn 0.179279 0.197871 0.963694
vn 0.110085 0.234714 0.965811
vn 0.037511 0.261579 0.964453
vn -0.026346 0.276074 0.960775
vn -0.068401 0.280522 0.957407
vn -0.080240 0.281339 0.956248
vn -0.067778 0.284512 0.956274
vn -0.052956 0.288867 0.955903
vn -0.057505 0.285760 0.956574
vn -0.086572 0.266710 0.959881
vn -0.131104 0.229354 0.964473
vn -0.178790 0.177225 0.967794
vn -0.220431 0.116929 0.968369
vn -0.251003 0.056314 0.966347
vn -0.269129 0.003660 0.963097
vn -0.276762 -0.034147 0.960332
vn -0.166583 -0.032695 0.985485
vn -0.166167 -0.039114 0.985322
vn -0.164716 -0.045831 0.985276
vn -0.160488 -0.058575 0.985298
vn -0.151375 -0.078117 0.985385
vn -0.137069 -0.100929 0.985406
vn -0.119666 -0.122115 0.985276
vn -0.102698 -0.138033 0.985089
vn -0.089125 -0.147740 0.985002
vn -0.079090 -0.152972 0.985061
vn -0.069251 -0.156441 0.985257
vn -0.054969 -0.159532 0.985661
vn -0.033663 -0.161490 0.986300
vn -0.006306 -0.160580 0.987003
vn 0.023553 -0.155725 0.987520
vn 0.051672 -0.147303 0.987741
vn 0.074773 -0.136924 0.987755
vn 0.091748 -0.126381 0.987730
vn 0.104083 -0.116139 0.987764
vn 0.114814 -0.104414 0.987884
vn 0.126358 -0.087948 0.988078
vn 0.138940 -0.064072 0.988226
vn 0.150787 -0.032338 0.988037
vn 0.159439 0.005008 0.987195
vn 0.163141 0.043063 0.985662
vn 0.162094 0.074505 0.983958
vn 0.159331 0.091435 0.982982
vn 0.159530 0.090527 0.983034
vn 0.164360 0.078660 0.983259
vn 0.168544 0.070205 0.983191
vn 0.163386 0.075204 0.983692
vn 0.144007 0.092881 0.985208
vn 0.111550 0.116223 0.986939
vn 0.070679 0.138363 0.987856
vn 0.027354 0.154995 0.987536
vn -0.011430 0.164370 0.986332
vn -0.037844 0.167347 0.985171
vn -0.046376 0.167415 0.984795
vn -0.039844 0.168521 0.984892
vn -0.030875 0.170749 0.984831
vn -0.032686 0.169196 0.985040
vn -0.049044 0.158497 0.986141
vn -0.074989 0.137028 0.987725
vn -0.103351 0.106802 0.988894
vn -0.128711 0.071530 0.989099
vn -0.147967 0.035579 0.988352
vn -0.159946 0.003759 0.987119
vn -0.165360 -0.019535 0.986040
vn -0.072680 -0.013501 0.997264
vn -0.072676 -0.016445 0.997220
vn -0.072381 -0.018675 0.997202
vn -0.071147 -0.023279 0.997194
vn -0.067849 -0.031244 0.997206
vn -0.062049 -0.041293 0.997219
vn -0.054469 -0.051169 0.997204
vn -0.046676 -0.058958 0.997169
vn -0.040256 -0.063882 0.997145
vn -0.035736 -0.066492 0.997147
vn -0.031938 -0.068067 0.997169
vn -0.026641 -0.069490 0.997227
vn -0.018216 -0.070608 0.997338
vn -0.006689 -0.070618 0.997481
vn 0.006495 -0.068891 0.997603
vn 0.019369 -0.065446 0.997668
vn 0.030253 -0.060939 0.997683
vn 0.038341 -0.056269 0.997679
vn 0.044023 -0.051908 0.997681
vn 0.048617 -0.047316 0.997696
vn 0.053430 -0.041047 0.997728
vn 0.058856 -0.031654 0.997764
vn 0.064262 -0.018602 0.997760
vn 0.068548 -0.002577 0.997644
vn 0.070787 0.014569 0.997385
vn 0.070763 0.029853 0.997046
vn 0.069465 0.039574 0.996799
vn 0.069030 0.041188 0.996764
vn 0.071052 0.036316 0.996811
vn 0.074071 0.031080 0.996769
vn 0.073912 0.031288 0.996774
vn 0.067326 0.037899 0.997011
vn 0.054200 0.048004 0.997376
vn 0.036584 0.058195 0.997635
vn 0.017179 0.066234 0.997656
vn -0.001024 0.071099 0.997469
vn -0.014564 0.072864 0.997236
vn -0.020382 0.072857 0.997134
vn -0.018466 0.073111 0.997153
vn -0.013640 0.074402 0.997135
vn -0.012529 0.074861 0.997115
vn -0.018185 0.071608 0.997267
vn -0.029006 0.063331 0.997571
vn -0.041646 0.050717 0.997844
vn -0.053395 0.035415 0.997945
vn -0.062674 0.019331 0.997847
vn -0.068780 0.004551 0.997621
vn -0.071808 -0.006807 0.997395
f 1153//1153 1154//1154 1202//1202
f 1153//1153 1202//1202 1201//1201
f 1154//1154 1155//1155 1203//1203
f 1154//1154 1203//1203 1202//1202
f 1155//1155 1156//1156 1204//1204
f 1155//1155 1204//1204 1203//1203
f 1156//1156 1157//1157 1205//1205
f 1156//1156 1205//1205 1204//1204
f 1157//1157 1158//1158 1206//1206
f 1157//1157 1206//1206 1205//1205
f 1158//1158 1159//1159 1207//1207
f 1158//1158 1207//1207 1206//1206
f 1159//1159 1160//1160 1208//1208
f 1159//1159 1208//1208 1207//1207
f 1160//1160 1161//1161 1209//1209
f 1160//1160 1209//1209 1208//1208
f 1161//1161 1162//1162 1210//1210
f 1161//1161 1210//1210 1209//1209
f 1162//1162 1163//1163 1211//1211
f 1162//1162 1211//1211 1210//1210
f 1163//1163 1164//1164 1212//1212
f 1163//1163 1212//1212 1211//1211
f 1164//1164 1165//1165 1213//1213
f 1164//1164 1213//1213 1212//1212
f 1165//1165 1166//1166 1214//1214
f 1165//1165 1214//1214 1213//1213
f 1166//1166 1167//1167 1215//1215
f 1166//1166 1215//1215 1214//1214
f 1167//1167 1168//1168 1216//1216
f 1167//1167 1216//1216 1215//1215
f 1168//1168 1169//1169 1217//1217
f 1168//1168 1217//1217 1216//1216
f 1169//1169 1170//1170 1218//1218
f 1169//1169 1218//1218 1217//1217
f 1170//1170 1171//1171 1219//1219
f 1170//1170 1219//1219 1218//1218
f 1171//1171 1172//1172 1220//1220
f 1171//1171 1220//1220 1219//1219
f 1172//1172 1173//1173 1221//1221
f 1172//1172 1221//1221 1220//1220
f 1173//1173 1174//1174 1222//1222
f 1173//1173 1222//1222 1221//1221
f 1174//1174 1175//1175 1223//1223
f 1174//1174 1223//1223 1222//1222
f 1175//1175 1176//1176 1224//1224
f 1175//1175 1224//1224 1223//1223
f 1176//1176 1177//1177 1225//1225
f 1176//1176 1225//1225 1224//1224
f 1177//1177 1178//1178 1226//1226
f 1177//1177 1226//1226 1225//1225
f 1178//1178 1179//1179 1227//1227
f 1178//1178 1227//1227 1226//1226
f 1179//1179 1180//1180 1228//1228
f 1179//1179 1228//1228 1227//1227
f 1180//1180 1181//1181 1229//1229
f 1180//1180 1229//1229 1228//1228
f 1181//1181 1182//1182 1230//1230
f 1181//1181 1230//1230 1229//1229
f 1182//1182 1183//1183 1231//1231
f 1182//1182 1231//1231 1230//1230
f 1183//1183 1184//1184 1232//1232
f 1183//1183 1232//1232 1231//1231
f 1184//1184 1185//1185 1233//1233
f 1184//1184 1233//1233 1232//1232
f 1185//1185 1186//1186 1234//1234
f 1185//1185 1234//1234 1233//1233
f 1186//1186 1187//1187 1235//1235
f 1186//1186 1235//1235 1234//1234
f 1187//1187 1188//1188 1236//1236
f 1187//1187 1236//1236 1235//1235
f 1188//1188 1189//1189 1237//1237
f 1188//1188 1237//1237 1236//1236
f 1189//1189 1190//1190 1238//1238
f 1189//1189 1238//1238 1237//1237
f 1190//1190 1191//1191 1239//1239
f 1190//1190 1239//1239 1238//1238
f 1191//1191 1192//1192 1240//1240
f 1191//1191 1240//1240 1239//1239
f 1192//1192 1193//1193 1241//1241
f 1192//1192 1241//1241 1240//1240
f 1193//1193 1194//1194 1242//1242
f 1193//1193 1242//1242 1241//1241
f 1194//1194 1195//1195 1243//1243
f 1194//1194 1243//1243 1242//1242
f 1195//1195 1196//1196 1244//1244
f 1195//1195 1244//1244 1243//1243
f 1196//1196 1197//1197 1245//1245
f 1196//1196 1245//1245 1244//1244
f 1197//1197 1198//1198 1246//1246
f 1197//1197 1246//1246 1245//1245
f 1198//1198 1199//1199 1247//1247
f 1198//1198 1247//1247 1246//1246
f 1199//1199 1200//1200 1248//1248
f 1199//1199 1248//1248 1247//1247
f 1200//1200 1153//1153 1201//1201
f 1200//1200 1201//1201 1248//1248
f 1201//1201 1202//1202 1250//1250
f 1201//1201 1250//1250 1249//1249
f 1202//1202 1203//1203 1251//1251
f 1202//1202 1251//1251 1250//1250
f 1203//1203 1204//1204 1252//1252
f 1203//1203 1252//1252 1251//1251
f 1204//1204 1205//1205 1253//1253
f 1204//1204 1253//1253 1252//1252
f 1205//1205 1206//1206 1254//1254
f 1205//1205 1254//1254 1253//1253
f 1206//1206 1207//1207 1255//1255
f 1206//1206 1255//1255 1254//1254
f 1207//1207 1208//1208 1256//1256
f 1207//1207 1256//1256 1255//1255
f 1208//1208 1209//1209 1257//1257
f 1208//1208 1257//1257 1256//1256
f 1209//1209 1210//1210 1258//1258
f 1209//1209 1258//1258 1257//1257
f 1210//1210 1211//1211 1259//1259
f 1210//1210 1259//1259 1258//1258
f 1211//1211 1212//1212 1260//1260
f 1211//1211 1260//1260 1259//1259
f 1212//1212 1213//1213 1261//1261
f 1212//1212 1261//1261 1260//1260
f 1213//1213 1214//1214 1262//1262
f 1213//1213 1262//1262 1261//1261
f 1214//1214 1215//1215 1263//1263
f 1214//1214 1263//1263 1262//1262
f 1215//1215 1216//1216 1264//1264
f 1215//1215 1264//1264 1263//1263
f 1216//1216 1217//1217 1265//1265
f 1216//1216 1265//1265 1264//1264
f 1217//1217 1218//1218 1266//1266
f 1217//1217 1266//1266 1265//1265
f 1218//1218 1219//1219 1267//1267
f 1218//1218 1267//1267 1266//1266
f 1219//1219 1220//1220 1268//1268
f 1219//1219 1268//1268 1267//1267
f 1220//1220 1221//1221 1269//1269
f 1220//1220 1269//1269 1268//1268
f 1221//1221 1222//1222 1270//1270
f 1221//1221 1270//1270 1269//1269
f 1222//1222 1223//1223 1271//1271
f 1222//1222 1271//1271 1270//1270
f 1223//1223 1224//1224 1272//1272
f 1223//1223 1272//1272 1271//1271
f 1224//1224 1225//1225 1273//1273
f 1224//1224 1273//1273 1272//1272
f 1225//1225 1226//1226 1274//1274
f 1225//1225 1274//1274 1273//1273
f 1226//1226 1227//1227 1275//1275
f 1226//1226 1275//1275 1274//1274
f 1227//1227 1228//1228 1276//1276
f 1227//1227 1276//1276 1275//1275
f 1228//1228 1229//1229 1277//1277
f 1228//1228 1277//1277 1276//1276
f 1229//1229 1230//1230 1278//1278
f 1229//1229 1278//1278 1277//1277
f 1230//1230 1231//1231 1279//1279
f 1230//1230 1279//1279 1278//1278
f 1231//1231 1232//1232 1280//1280
f 1231//1231 1280//1280 1279//1279
f 1232//1232 1233//1233 1281//1281
f 1232//1232 1281//1281 1280//1280
f 1233//1233 1234//1234 1282//1282
f 1233//1233 1282//1282 1281//1281
f 1234//1234 1235//1235 1283//1283
f 1234//1234 1283//1283 1282//1282
f 1235//1235 1236//1236 1284//1284
f 1235//1235 1284//1284 1283//1283
f 1236//1236 1237//1237 1285//1285
f 1236//1236 1285//1285 1284//1284
f 1237//1237 1238//1238 1286//1286
f 1237//1237 1286//1286 1285//1285
f 1238//1238 1239//1239 1287//1287
f 1238//1238 1287//1287 1286//1286
f 1239//1239 1240//1240 1288//1288
f 1239//1239 1288//1288 1287//1287
f 1240//1240 1241//1241 1289//1289
f 1240//1240 1289//1289 1288//1288
f 1241//1241 1242//1242 1290//1290
f 1241//1241 1290//1290 1289//1289
f 1242//1242 1243//1243 1291//1291
f 1242//1242 1291//1291 1290//1290
f 1243//1243 1244//1244 1292//1292
f 1243//1243 1292//1292 1291//1291
f 1244//1244 1245//1245 1293//1293
f 1244//1244 1293//1293 1292//1292
f 1245//1245 1246//1246 1294//1294
f 1245//1245 1294//1294 1293//1293
f 1246//1246 1247//1247 1295//1295
f 1246//1246 1295//1295 1294//1294
f 1247//1247 1248//1248 1296//1296
f 1247//1247 1296//1296 1295//1295
f 1248//1248 1201//1201 1249//1249
f 1248//1248 1249//1249 1296//1296
f 1249//1249 1250//1250 1298//1298
f 1249//1249 1298//1298 1297//1297
f 1250//1250 1251//1251 1299//1299
f 1250//1250 1299//1299 1298//1298
f 1251//1251 1252//1252 1300//1300
f 1251//1251 1300//1300 1299//1299
f 1252//1252 1253//1253 1301//1301
f 1252//1252 1301//1301 1300//1300
f 1253//1253 1254//1254 1302//1302
f 1253//1253 1302//1302 1301//1301
f 1254//1254 1255//1255 1303//1303
f 1254//1254 1303//1303 1302//1302
f 1255//1255 1256//1256 1304//1304
f 1255//1255 1304//1304 1303//1303
f 1256//1256 1257//1257 1305//1305
f 1256//1256 1305//1305 1304//1304
f 1257//1257 1258//1258 1306//1306
f 1257//1257 1306//1306 1305//1305
f 1258//1258 1259//1259 1307//1307
f 1258//1258 1307//1307 1306//1306
f 1259//1259 1260//1260 1308//1308
f 1259//1259 1308//1308 1307//1307
f 1260//1260 1261//1261 1309//1309
f 1260//1260 1309//1309 1308//1308
f 1261//1261 1262//1262 1310//1310
f 1261//1261 1310//1310 1309//1309
f 1262//1262 1263//1263 1311//1311
f 1262//1262 1311//1311 1310//1310
f 1263//1263 1264//1264 1312//1312
f 1263//1263 1312//1312 1311//1311
f 1264//1264 1265//1265 1313//1313
f 1264//1264 1313//1313 1312//1312
f 1265//1265 1266//1266 1314//1314
f 1265//1265 1314//1314 1313//1313
f 1266//1266 1267//1267 1315//1315
f 1266//1266 1315//1315 1314//1314
f 1267//1267 1268//1268 1316//1316
f 1267//1267 1316//1316 1315//1315
f 1268//1268 1269//1269 1317//1317
f 1268//1268 1317//1317 1316//1316
f 1269//1269 1270//1270 1318//1318
f 1269//1269 1318//1318 1317//1317
f 1270//1270 1271//1271 1319//1319
f 1270//1270 1319//1319 1318//1318
f 1271//1271 1272//1272 1320//1320
f 1271//1271 1320//1320 1319//1319
f 1272//1272 1273//1273 1321//1321
f 1272//1272 1321//1321 1320//1320
f 1273//1273 1274//1274 1322//1322
f 1273//1273 1322//1322 1321//1321
f 1274//1274 1275//1275 1323//1323
f 1274//1274 1323//1323 1322//1322
f 1275//1275 1276//1276 1324//1324
f 1275//1275 1324//1324 1323//1323
f 1276//1276 1277//1277 1325//1325
f 1276//1276 1325//1325 1324//1324
f 1277//1277 1278//1278 1326//1326
f 1277//1277 1326//1326 1325//1325
f 1278//1278 1279//1279 1327//1327
f 1278//1278 1327//1327 1326//1326
f 1279//1279 1280//1280 1328//1328
f 1279//1279 1328//1328 1327//1327
f 1280//1280 1281//1281 1329//1329
f 1280//1280 1329//1329 1328//1328
f 1281//1281 1282//1282 1330//1330
f 1281//1281 1330//1330 1329//1329
f 1282//1282 1283//1283 1331//1331
f 1282//1282 1331//1331 1330//1330
f 1283//1283 1284//1284 1332//1332
f 1283//1283 1332//1332 1331//1331
f 1284//1284 1285//1285 1333//1333
f 1284//1284 1333//1333 1332//1332
f 1285//1285 1286//1286 1334//1334
f 1285//1285 1334//1334 1333//1333
f 1286//1286 1287//1287 1335//1335
f 1286//1286 1335//1335 1334//1334
f 1287//1287 1288//1288 1336//1336
f 1287//1287 1336//1336 1335//1335
f 1288//1288 1289//1289 1337//1337
f 1288//1288 1337//1337 1336//1336
f 1289//1289 1290//1290 1338//1338
f 1289//1289 1338//1338 1337//1337
f 1290//1290 1291//1291 1339//1339
f 1290//1290 1339//1339 1338//1338
f 1291//1291 1292//1292 1340//1340
f 1291//1291 1340//1340 1339//1339
f 1292//1292 1293//1293 1341//1341
f 1292//1292 1341//1341 1340//1340
f 1293//1293 1294//1294 1342//1342
f 1293//1293 1342//1342 1341//1341
f 1294//1294 1295//1295 1343//1343
f 1294//1294 1343//1343 1342//1342
f 1295//1295 1296//1296 1344//1344
f 1295//1295 1344//1344 1343//1343
f 1296//1296 1249//1249 1297//1297
f 1296//1296 1297//1297 1344//1344
f 1297//1297 1298//1298 1346//1346
f 1297//1297 1346//1346 1345//1345
f 1298//1298 1299//1299 1347//1347
f 1298//1298 1347//1347 1346//1346
f 1299//1299 1300//1300 1348//1348
f 1299//1299 1348//1348 1347//1347
f 1300//1300 1301//1301 1349//1349
f 1300//1300 1349//1349 1348//1348
f 1301//1301 1302//1302 1350//1350
f 1301//1301 1350//1350 1349//1349
f 1302//1302 1303//1303 1351//1351
f 1302//1302 1351//1351 1350//1350
f 1303//1303 1304//1304 1352//1352
f 1303//1303 1352//1352 1351//1351
f 1304//1304 1305//1305 1353//1353
f 1304//1304 1353//1353 1352//1352
f 1305//1305 1306//1306 1354//1354
f 1305//1305 1354//1354 1353//1353
f 1306//1306 1307//1307 1355//1355
f 1306//1306 1355//1355 1354//1354
f 1307//1307 1308//1308 1356//1356
f 1307//1307 1356//1356 1355//1355
f 1308//1308 1309//1309 1357//1357
f 1308//1308 1357//1357 1356//1356
f 1309//1309 1310//1310 1358//1358
f 1309//1309 1358//1358 1357//1357
f 1310//1310 1311//1311 1359//1359
f 1310//1310 1359//1359 1358//1358
f 1311//1311 1312//1312 1360//1360
f 1311//1311 1360//1360 1359//1359
f 1312//1312 1313//1313 1361//1361
f 1312//1312 1361//1361 1360//1360
f 1313//1313 1314//1314 1362//1362
f 1313//1313 1362//1362 1361//1361
f 1314//1314 1315//1315 1363//1363
f 1314//1314 1363//1363 1362//1362
f 1315//1315 1316//1316 1364//1364
f 1315//1315 1364//1364 1363//1363
f 1316//1316 1317//1317 1365//1365
f 1316//1316 1365//1365 1364//1364
f 1317//1317 1318//1318 1366//1366
f 1317//1317 1366//1366 1365//1365
f 1318//1318 1319//1319 1367//1367
f 1318//1318 1367//1367 1366//1366
f 1319//1319 1320//1320 1368//1368
f 1319//1319 1368//1368 1367//1367
f 1320//1320 1321//1321 1369//1369
f 1320//1320 1369//1369 1368//1368
f 1321//1321 1322//1322 1370//1370
f 1321//1321 1370//1370 1369//1369
f 1322//1322 1323//1323 1371//1371
f 1322//1322 1371//1371 1370//1370
f 1323//1323 1324//1324 1372//1372
f 1323//1323 1372//1372 1371//1371
f 1324//1324 1325//1325 1373//1373
f 1324//1324 1373//1373 1372//1372
f 1325//1325 1326//1326 1374//1374
f 1325//1325 1374//1374 1373//1373
f 1326//1326 1327//1327 1375//1375
f 1326//1326 1375//1375 1374//1374
f 1327//1327 1328//1328 1376//1376
f 1327//1327 1376//1376 1375//1375
f 1328//1328 1329//1329 1377//1377
f 1328//1328 1377//1377 1376//1376
f 1329//1329 1330//1330 1378//1378
f 1329//1329 1378//1378 1377//1377
f 1330//1330 1331//1331 1379//1379
f 1330//1330 1379//1379 1378//1378
f 1331//1331 1332//1332 1380//1380
f 1331//1331 1380//1380 1379//1379
f 1332//1332 1333//1333 1381//1381
f 1332//1332 1381//1381 1380//1380
f 1333//1333 1334//1334 1382//1382
f 1333//1333 1382//1382 1381//1381
f 1334//1334 1335//1335 1383//1383
f 1334//1334 1383//1383 1382//1382
f 1335//1335 1336//1336 1384//1384
f 1335//1335 1384//1384 1383//1383
f 1336//1336 1337//1337 1385//1385
f 1336//1336 1385//1385 1384//1384
f 1337//1337 1338//1338 1386//1386
f 1337//1337 1386//1386 1385//1385
f 1338//1338 1339//1339 1387//1387
f 1338//1338 1387//1387 1386//1386
f 1339//1339 1340//1340 1388//1388
f 1339//1339 1388//1388 1387//1387
f 1340//1340 1341//1341 1389//1389
f 1340//1340 1389//1389 1388//1388
f 1341//1341 1342//1342 1390//1390
f 1341//1341 1390//1390 1389//1389
f 1342//1342 1343//1343 1391//1391
f 1342//1342 1391//1391 1390//1390
f 1343//1343 1344//1344 1392//1392
f 1343//1343 1392//1392 1391//1391
f 1344//1344 1297//1297 1345//1345
f 1344//1344 1345//1345 1392//1392
f 1345//1345 1346//1346 1394//1394
f 1345//1345 1394//1394 1393//1393
f 1346//1346 1347//1347 1395//1395
f 1346//1346 1395//1395 1394//1394
f 1347//1347 1348//1348 1396//1396
f 1347//1347 1396//1396 1395//1395
f 1348//1348 1349//1349 1397//1397
f 1348//1348 1397//1397 1396//1396
f 1349//1349 1350//1350 1398//1398
f 1349//1349 1398//1398 1397//1397
f 1350//1350 1351//1351 1399//1399
f 1350//1350 1399//1399 1398//1398
f 1351//1351 1352//1352 1400//1400
f 1351//1351 1400//1400 1399//1399
f 1352//1352 1353//1353 1401//1401
f 1352//1352 1401//1401 1400//1400
f 1353//1353 1354//1354 1402//1402
f 1353//1353 1402//1402 1401//1401
f 1354//1354 1355//1355 1403//1403
f 1354//1354 1403//1403 1402//1402
f 1355//1355 1356//1356 1404//1404
f 1355//1355 1404//1404 1403//1403
f 1356//1356 1357//1357 1405//1405
f 1356//1356 1405//1405 1404//1404
f 1357//1357 1358//1358 1406//1406
f 1357//1357 1406//1406 1405//1405
f 1358//1358 1359//1359 1407//1407
f 1358//1358 1407//1407 1406//1406
f 1359//1359 1360//1360 1408//1408
f 1359//1359 1408//1408 1407//1407
f 1360//1360 1361//1361 1409//1409
f 1360//1360 1409//1409 1408//1408
f 1361//1361 1362//1362 1410//1410
f 1361//1361 1410//1410 1409//1409
f 1362//1362 1363//1363 1411//1411
f 1362//1362 1411//1411 1410//1410
f 1363//1363 1364//1364 1412//1412
f 1363//1363 1412//1412 1411//1411
f 1364//1364 1365//1365 1413//1413
f 1364//1364 1413//1413 1412//1412
f 1365//1365 1366//1366 1414//1414
f 1365//1365 1414//1414 1413//1413
f 1366//1366 1367//1367 1415//1415
f 1366//1366 1415//1415 1414//1414
f 1367//1367 1368//1368 1416//1416
f 1367//1367 1416//1416 1415//1415
f 1368//1368 1369//1369 1417//1417
f 1368//1368 1417//1417 1416//1416
f 1369//1369 1370//1370 1418//1418
f 1369//1369 1418//1418 1417//1417
f 1370//1370 1371//1371 1419//1419
f 1370//1370 1419//1419 1418//1418
f 1371//1371 1372//1372 1420//1420
f 1371//1371 1420//1420 1419//1419
f 1372//1372 1373//1373 1421//1421
f 1372//1372 1421//1421 1420//1420
f 1373//1373 1374//1374 1422//1422
f 1373//1373 1422//1422 1421//1421
f 1374//1374 1375//1375 1423//1423
f 1374//1374 1423//1423 1422//1422
f 1375//1375 1376//1376 1424//1424
f 1375//1375 1424//1424 1423//1423
f 1376//1376 1377//1377 1425//1425
f 1376//1376 1425//1425 1424//1424
f 1377//1377 1378//1378 1426//1426
f 1377//1377 1426//1426 1425//1425
f 1378//1378 1379//1379 1427//1427
f 1378//1378 1427//1427 1426//1426
f 1379//1379 1380//1380 1428//1428
f 1379//1379 1428//1428 1427//1427
f 1380//1380 1381//1381 1429//1429
f 1380//1380 1429//1429 1428//1428
f 1381//1381 1382//1382 1430//1430
f 1381//1381 1430//1430 1429//1429
f 1382//1382 1383//1383 1431//1431
f 1382//1382 1431//1431 1430//1430
f 1383//1383 1384//1384 1432//1432
f 1383//1383 1432//1432 1431//1431
f 1384//1384 1385//1385 1433//1433
f 1384//1384 1433//1433 1432//1432
f 1385//1385 1386//1386 1434//1434
f 1385//1385 1434//1434 1433//1433
f 1386//1386 1387//1387 1435//1435
f 1386//1386 1435//1435 1434//1434
f 1387//1387 1388//1388 1436//1436
f 1387//1387 1436//1436 1435//1435
f 1388//1388 1389//1389 1437//1437
f 1388//1388 1437//1437 1436//1436
f 1389//1389 1390//1390 1438//1438
f 1389//1389 1438//1438 1437//1437
f 1390//1390 1391//1391 1439//1439
f 1390//1390 1439//1439 1438//1438
f 1391//1391 1392//1392 1440//1440
f 1391//1391 1440//1440 1439//1439
f 1392//1392 1345//1345 1393//1393
f 1392//1392 1393//1393 1440//1440
f 1393//1393 1394//1394 1442//1442
f 1393//1393 1442//1442 1441//1441
f 1394//1394 1395//1395 1443//1443
f 1394//1394 1443//1443 1442//1442
f 1395//1395 1396//1396 1444//1444
f 1395//1395 1444//1444 1443//1443
f 1396//1396 1397//1397 1445//1445
f 1396//1396 1445//1445 1444//1444
f 1397//1397 1398//1398 1446//1446
f 1397//1397 1446//1446 1445//1445
f 1398//1398 1399//1399 1447//1447
f 1398//1398 1447//1447 1446//1446
f 1399//1399 1400//1400 1448//1448
f 1399//1399 1448//1448 1447//1447
f 1400//1400 1401//1401 1449//1449
f 1400//1400 1449//1449 1448//1448
f 1401//1401 1402//1402 1450//1450
f 1401//1401 1450//1450 1449//1449
f 1402//1402 1403//1403 1451//1451
f 1402//1402 1451//1451 1450//1450
f 1403//1403 1404//1404 1452//1452
f 1403//1403 1452//1452 1451//1451
f 1404//1404 1405//1405 1453//1453
f 1404//1404 1453//1453 1452//1452
f 1405//1405 1406//1406 1454//1454
f 1405//1405 1454//1454 1453//1453
f 1406//1406 1407//1407 1455//1455
f 1406//1406 1455//1455 1454//1454
f 1407//1407 1408//1408 1456//1456
f 1407//1407 1456//1456 1455//1455
f 1408//1408 1409//1409 1457//1457
f 1408//1408 1457//1457 1456//1456
f 1409//1409 1410//1410 1458//1458
f 1409//1409 1458//1458 1457//1457
f 1410//1410 1411//1411 1459//1459
f 1410//1410 1459//1459 1458//1458
f 1411//1411 1412//1412 1460//1460
f 1411//1411 1460//1460 1459//1459
f 1412//1412 1413//1413 1461//1461
f 1412//1412 1461//1461 1460//1460
f 1413//1413 1414//1414 1462//1462
f 1413//1413 1462//1462 1461//1461
f 1414//1414 1415//1415 1463//1463
f 1414//1414 1463//1463 1462//1462
f 1415//1415 1416//1416 1464//1464
f 1415//1415 1464//1464 1463//1463
f 1416//1416 1417//1417 1465//1465
f 1416//1416 1465//1465 1464//1464
f 1417//1417 1418//1418 1466//1466
f 1417//1417 1466//1466 1465//1465
f 1418//1418 1419//1419 1467//1467
f 1418//1418 1467//1467 1466//1466
f 1419//1419 1420//1420 1468//1468
f 1419//1419 1468//1468 1467//1467
f 1420//1420 1421//1421 1469//1469
f 1420//1420 1469//1469 1468//1468
f 1421//1421 1422//1422 1470//1470
f 1421//1421 1470//1470 1469//1469
f 1422//1422 1423//1423 1471//1471
f 1422//1422 1471//1471 1470//1470
f 1423//1423 1424//1424 1472//1472
f 1423//1423 1472//1472 1471//1471
f 1424//1424 1425//1425 1473//1473
f 1424//1424 1473//1473 1472//1472
f 1425//1425 1426//1426 1474//1474
f 1425//1425 1474//1474 1473//1473
f 1426//1426 1427//1427 1475//1475
f 1426//1426 1475//1475 1474//1474
f 1427//1427 1428//1428 1476//1476
f 1427//1427 1476//1476 1475//1475
f 1428//1428 1429//1429 1477//1477
f 1428//1428 1477//1477 1476//1476
f 1429//1429 1430//1430 1478//1478
f 1429//1429 1478//1478 1477//1477
f 1430//1430 1431//1431 1479//1479
f 1430//1430 1479//1479 1478//1478
f 1431//1431 1432//1432 1480//1480
f 1431//1431 1480//1480 1479//1479
f 1432//1432 1433//1433 1481//1481
f 1432//1432 1481//1481 1480//1480
f 1433//1433 1434//1434 1482//1482
f 1433//1433 1482//1482 1481//1481
f 1434//1434 1435//1435 1483//1483
f 1434//1434 1483//1483 1482//1482
f 1435//1435 1436//1436 1484//1484
f 1435//1435 1484//1484 1483//1483
f 1436//1436 1437//1437 1485//1485
f 1436//1436 1485//1485 1484//1484
f 1437//1437 1438//1438 1486//1486
f 1437//1437 1486//1486 1485//1485
f 1438//1438 1439//1439 1487//1487
f 1438//1438 1487//1487 1486//1486
f 1439//1439 1440//1440 1488//1488
f 1439//1439 1488//1488 1487//1487
f 1440//1440 1393//1393 1441//1441
f 1440//1440 1441//1441 1488//1488
f 1441//1441 1442//1442 1490//1490
f 1441//1441 1490//1490 1489//1489
f 1442//1442 1443//1443 1491//1491
f 1442//1442 1491//1491 1490//1490
f 1443//1443 1444//1444 1492//1492
f 1443//1443 1492//1492 1491//1491
f 1444//1444 1445//1445 1493//1493
f 1444//1444 1493//1493 1492//1492
f 1445//1445 1446//1446 1494//1494
f 1445//1445 1494//1494 1493//1493
f 1446//1446 1447//1447 1495//1495
f 1446//1446 1495//1495 1494//1494
f 1447//1447 1448//1448 1496//1496
f 1447//1447 1496//1496 1495//1495
f 1448//1448 1449//1449 1497//1497
f 1448//1448 1497//1497 1496//1496
f 1449//1449 1450//1450 1498//1498
f 1449//1449 1498//1498 1497//1497
f 1450//1450 1451//1451 1499//1499
f 1450//1450 1499//1499 1498//1498
f 1451//1451 1452//1452 1500//1500
f 1451//1451 1500//1500 1499//1499
f 1452//1452 1453//1453 1501//1501
f 1452//1452 1501//1501 1500//1500
f 1453//1453 1454//1454 1502//1502
f 1453//1453 1502//1502 1501//1501
f 1454//1454 1455//1455 1503//1503
f 1454//1454 1503//1503 1502//1502
f 1455//1455 1456//1456 1504//1504
f 1455//1455 1504//1504 1503//1503
f 1456//1456 1457//1457 1505//1505
f 1456//1456 1505//1505 1504//1504
f 1457//1457 1458//1458 1506//1506
f 1457//1457 1506//1506 1505//1505
f 1458//1458 1459//1459 1507//1507
f 1458//1458 1507//1507 1506//1506
f 1459//1459 1460//1460 1508//1508
f 1459//1459 1508//1508 1507//1507
f 1460//1460 1461//1461 1509//1509
f 1460//1460 1509//1509 1508//1508
f 1461//1461 1462//1462 1510//1510
f 1461//1461 1510//1510 1509//1509
f 1462//1462 1463//1463 1511//1511
f 1462//1462 1511//1511 1510//1510
f 1463//1463 1464//1464 1512//1512
f 1463//1463 1512//1512 1511//1511
f 1464//1464 1465//1465 1513//1513
f 1464//1464 1513//1513 1512//1512
f 1465//1465 1466//1466 1514//1514
f 1465//1465 1514//1514 1513//1513
f 1466//1466 1467//1467 1515//1515
f 1466//1466 1515//1515 1514//1514
f 1467//1467 1468//1468 1516//1516
f 1467//1467 1516//1516 1515//1515
f 1468//1468 1469//1469 1517//1517
f 1468//1468 1517//1517 1516//1516
f 1469//1469 1470//1470 1518//1518
f 1469//1469 1518//1518 1517//1517
f 1470//1470 1471//1471 1519//1519
f 1470//1470 1519//1519 1518//1518
f 1471//1471 1472//1472 1520//1520
f 1471//1471 1520//1520 1519//1519
f 1472//1472 1473//1473 1521//1521
f 1472//1472 1521//1521 1520//1520
f 1473//1473 1474//1474 1522//1522
f 1473//1473 1522//1522 1521//1521
f 1474//1474 1475//1475 1523//1523
f 1474//1474 1523//1523 1522//1522
f 1475//1475 1476//1476 1524//1524
f 1475//1475 1524//1524 1523//1523
f 1476//1476 1477//1477 1525//1525
f 1476//1476 1525//1525 1524//1524
f 1477//1477 1478//1478 1526//1526
f 1477//1477 1526//1526 1525//1525
f 1478//1478 1479//1479 1527//1527
f 1478//1478 1527//1527 1526//1526
f 1479//1479 1480//1480 1528//1528
f 1479//1479 1528//1528 1527//1527
f 1480//1480 1481//1481 1529//1529
f 1480//1480 1529//1529 1528//1528
f 1481//1481 1482//1482 1530//1530
f 1481//1481 1530//1530 1529//1529
f 1482//1482 1483//1483 1531//1531
f 1482//1482 1531//1531 1530//1530
f 1483//1483 1484//1484 1532//1532
f 1483//1483 1532//1532 1531//1531
f 1484//1484 1485//1485 1533//1533
f 1484//1484 1533//1533 1532//1532
f 1485//1485 1486//1486 1534//1534
f 1485//1485 1534//1534 1533//1533
f 1486//1486 1487//1487 1535//1535
f 1486//1486 1535//1535 1534//1534
f 1487//1487 1488//1488 1536//1536
f 1487//1487 1536//1536 1535//1535
f 1488//1488 1441//1441 1489//1489
f 1488//1488 1489//1489 1536//1536
f 1489//1489 1490//1490 1538//1538
f 1489//1489 1538//1538 1537//1537
f 1490//1490 1491//1491 1539//1539
f 1490//1490 1539//1539 1538//1538
f 1491//1491 1492//1492 1540//1540
f 1491//1491 1540//1540 1539//1539
f 1492//1492 1493//1493 1541//1541
f 1492//1492 1541//1541 1540//1540
f 1493//1493 1494//1494 1542//1542
f 1493//1493 1542//1542 1541//1541
f 1494//1494 1495//1495 1543//1543
f 1494//1494 1543//1543 1542//1542
f 1495//1495 1496//1496 1544//1544
f 1495//1495 1544//1544 1543//1543
f 1496//1496 1497//1497 1545//1545
f 1496//1496 1545//1545 1544//1544
f 1497//1497 1498//1498 1546//1546
f 1497//1497 1546//1546 1545//1545
f 1498//1498 1499//1499 1547//1547
f 1498//1498 1547//1547 1546//1546
f 1499//1499 1500//1500 1548//1548
f 1499//1499 1548//1548 1547//1547
f 1500//1500 1501//1501 1549//1549
f 1500//1500 1549//1549 1548//1548
f 1501//1501 1502//1502 1550//1550
f 1501//1501 1550//1550 1549//1549
f 1502//1502 1503//1503 1551//1551
f 1502//1502 1551//1551 1550//1550
f 1503//1503 1504//1504 1552//1552
f 1503//1503 1552//1552 1551//1551
f 1504//1504 1505//1505 1553//1553
f 1504//1504 1553//1553 1552//1552
f 1505//1505 1506//1506 1554//1554
f 1505//1505 1554//1554 1553//1553
f 1506//1506 1507//1507 1555//1555
f 1506//1506 1555//1555 1554//1554
f 1507//1507 1508//1508 1556//1556
f 1507//1507 1556//1556 1555//1555
f 1508//1508 1509//1509 1557//1557
f 1508//1508 1557//1557 1556//1556
f 1509//1509 1510//1510 1558//1558
f 1509//1509 1558//1558 1557//1557
f 1510//1510 1511//1511 1559//1559
f 1510//1510 1559//1559 1558//1558
f 1511//1511 1512//1512 1560//1560
f 1511//1511 1560//1560 1559//1559
f 1512//1512 1513//1513 1561//1561
f 1512//1512 1561//1561 1560//1560
f 1513//1513 1514//1514 1562//1562
f 1513//1513 1562//1562 1561//1561
f 1514//1514 1515//1515 1563//1563
f 1514//1514 1563//1563 1562//1562
f 1515//1515 1516//1516 1564//1564
f 1515//1515 1564//1564 1563//1563
f 1516//1516 1517//1517 1565//1565
f 1516//1516 1565//1565 1564//1564
f 1517//1517 1518//1518 1566//1566
f 1517//1517 1566//1566 1565//1565
f 1518//1518 1519//1519 1567//1567
f 1518//1518 1567//1567 1566//1566
f 1519//1519 1520//1520 1568//1568
f 1519//1519 1568//1568 1567//1567
f 1520//1520 1521//1521 1569//1569
f 1520//1520 1569//1569 1568//1568
f 1521//1521 1522//1522 1570//1570
f 1521//1521 1570//1570 1569//1569
f 1522//1522 1523//1523 1571//1571
f 1522//1522 1571//1571 1570//1570
f 1523//1523 1524//1524 1572//1572
f 1523//1523 1572//1572 1571//1571
f 1524//1524 1525//1525 1573//1573
f 1524//1524 1573//1573 1572//1572
f 1525//1525 1526//1526 1574//1574
f 1525//1525 1574//1574 1573//1573
f 1526//1526 1527//1527 1575//1575
f 1526//1526 1575//1575 1574//1574
f 1527//1527 1528//1528 1576//1576
f 1527//1527 1576//1576 1575//1575
f 1528//1528 1529//1529 1577//1577
f 1528//1528 1577//1577 1576//1576
f 1529//1529 1530//1530 1578//1578
f 1529//1529 1578//1578 1577//1577
f 1530//1530 1531//1531 1579//1579
f 1530//1530 1579//1579 1578//1578
f 1531//1531 1532//1532 1580//1580
f 1531//1531 1580//1580 1579//1579
f 1532//1532 1533//1533 1581//1581
f 1532//1532 1581//1581 1580//1580
f 1533//1533 1534//1534 1582//1582
f 1533//1533 1582//1582 1581//1581
f 1534//1534 1535//1535 1583//1583
f 1534//1534 1583//1583 1582//1582
f 1535//1535 1536//1536 1584//1584
f 1535//1535 1584//1584 1583//1583
f 1536//1536 1489//1489 1537//1537
f 1536//1536 1537//1537 1584//1584
f 1537//1537 1538//1538 1586//1586
f 1537//1537 1586//1586 1585//1585
f 1538//1538 1539//1539 1587//1587
f 1538//1538 1587//1587 1586//1586
f 1539//1539 1540//1540 1588//1588
f 1539//1539 1588//1588 1587//1587
f 1540//1540 1541//1541 1589//1589
f 1540//1540 1589//1589 1588//1588
f 1541//1541 1542//1542 1590//1590
f 1541//1541 1590//1590 1589//1589
f 1542//1542 1543//1543 1591//1591
f 1542//1542 1591//1591 1590//1590
f 1543//1543 1544//1544 1592//1592
f 1543//1543 1592//1592 1591//1591
f 1544//1544 1545//1545 1593//1593
f 1544//1544 1593//1593 1592//1592
f 1545//1545 1546//1546 1594//1594
f 1545//1545 1594//1594 1593//1593
f 1546//1546 1547//1547 1595//1595
f 1546//1546 1595//1595 1594//1594
f 1547//1547 1548//1548 1596//1596
f 1547//1547 1596//1596 1595//1595
f 1548//1548 1549//1549 1597//1597
f 1548//1548 1597//1597 1596//1596
f 1549//1549 1550//1550 1598//1598
f 1549//1549 1598//1598 1597//1597
f 1550//1550 1551//1551 1599//1599
f 1550//1550 1599//1599 1598//1598
f 1551//1551 1552//1552 1600//1600
f 1551//1551 1600//1600 1599//1599
f 1552//1552 1553//1553 1601//1601
f 1552//1552 1601//1601 1600//1600
f 1553//1553 1554//1554 1602//1602
f 1553//1553 1602//1602 1601//1601
f 1554//1554 1555//1555 1603//1603
f 1554//1554 1603//1603 1602//1602
f 1555//1555 1556//1556 1604//1604
f 1555//1555 1604//1604 1603//1603
f 1556//1556 1557//1557 1605//1605
f 1556//1556 1605//1605 1604//1604
f 1557//1557 1558//1558 1606//1606
f 1557//1557 1606//1606 1605//1605
f 1558//1558 1559//1559 1607//1607
f 1558//1558 1607//1607 1606//1606
f 1559//1559 1560//1560 1608//1608
f 1559//1559 1608//1608 1607//1607
f 1560//1560 1561//1561 1609//1609
f 1560//1560 1609//1609 1608//1608
f 1561//1561 1562//1562 1610//1610
f 1561//1561 1610//1610 1609//1609
f 1562//1562 1563//1563 1611//1611
f 1562//1562 1611//1611 1610//1610
f 1563//1563 1564//1564 1612//1612
f 1563//1563 1612//1612 1611//1611
f 1564//1564 1565//1565 1613//1613
f 1564//1564 1613//1613 1612//1612
f 1565//1565 1566//1566 1614//1614
f 1565//1565 1614//1614 1613//1613
f 1566//1566 1567//1567 1615//1615
f 1566//1566 1615//1615 1614//1614
f 1567//1567 1568//1568 1616//1616
f 1567//1567 1616//1616 1615//1615
f 1568//1568 1569//1569 1617//1617
f 1568//1568 1617//1617 1616//1616
f 1569//1569 1570//1570 1618//1618
f 1569//1569 1618//1618 1617//1617
f 1570//1570 1571//1571 1619//1619
f 1570//1570 1619//1619 1618//1618
f 1571//1571 1572//1572 1620//1620
f 1571//1571 1620//1620 1619//1619
f 1572//1572 1573//1573 1621//1621
f 1572//1572 1621//1621 1620//1620
f 1573//1573 1574//1574 1622//1622
f 1573//1573 1622//1622 1621//1621
f 1574//1574 1575//1575 1623//1623
f 1574//1574 1623//1623 1622//1622
f 1575//1575 1576//1576 1624//1624
f 1575//1575 1624//1624 1623//1623
f 1576//1576 1577//1577 1625//1625
f 1576//1576 1625//1625 1624//1624
f 1577//1577 1578//1578 1626//1626
f 1577//1577 1626//1626 1625//1625
f 1578//1578 1579//1579 1627//1627
f 1578//1578 1627//1627 1626//1626
f 1579//1579 1580//1580 1628//1628
f 1579//1579 1628//1628 1627//1627
f 1580//1580 1581//1581 1629//1629
f 1580//1580 1629//1629 1628//1628
f 1581//1581 1582//1582 1630//1630
f 1581//1581 1630//1630 1629//1629
f 1582//1582 1583//1583 1631//1631
f 1582//1582 1631//1631 1630//1630
f 1583//1583 1584//1584 1632//1632
f 1583//1583 1632//1632 1631//1631
f 1584//1584 1537//1537 1585//1585
f 1584//1584 1585//1585 1632//1632
f 1585//1585 1586//1586 1634//1634
f 1585//1585 1634//1634 1633//1633
f 1586//1586 1587//1587 1635//1635
f 1586//1586 1635//1635 1634//1634
f 1587//1587 1588//1588 1636//1636
f 1587//1587 1636//1636 1635//1635
f 1588//1588 1589//1589 1637//1637
f 1588//1588 1637//1637 1636//1636
f 1589//1589 1590//1590 1638//1638
f 1589//1589 1638//1638 1637//1637
f 1590//1590 1591//1591 1639//1639
f 1590//1590 1639//1639 1638//1638
f 1591//1591 1592//1592 1640//1640
f 1591//1591 1640//1640 1639//1639
f 1592//1592 1593//1593 1641//1641
f 1592//1592 1641//1641 1640//1640
f 1593//1593 1594//1594 1642//1642
f 1593//1593 1642//1642 1641//1641
f 1594//1594 1595//1595 1643//1643
f 1594//1594 1643//1643 1642//1642
f 1595//1595 1596//1596 1644//1644
f 1595//1595 1644//1644 1643//1643
f 1596//1596 1597//1597 1645//1645
f 1596//1596 1645//1645 1644//1644
f 1597//1597 1598//1598 1646//1646
f 1597//1597 1646//1646 1645//1645
f 1598//1598 1599//1599 1647//1647
f 1598//1598 1647//1647 1646//1646
f 1599//1599 1600//1600 1648//1648
f 1599//1599 1648//1648 1647//1647
f 1600//1600 1601//1601 1649//1649
f 1600//1600 1649//1649 1648//1648
f 1601//1601 1602//1602 1650//1650
f 1601//1601 1650//1650 1649//1649
f 1602//1602 1603//1603 1651//1651
f 1602//1602 1651//1651 1650//1650
f 1603//1603 1604//1604 1652//1652
f 1603//1603 1652//1652 1651//1651
f 1604//1604 1605//1605 1653//1653
f 1604//1604 1653//1653 1652//1652
f 1605//1605 1606//1606 1654//1654
f 1605//1605 1654//1654 1653//1653
f 1606//1606 1607//1607 1655//1655
f 1606//1606 1655//1655 1654//1654
f 1607//1607 1608//1608 1656//1656
f 1607//1607 1656//1656 1655//1655
f 1608//1608 1609//1609 1657//1657
f 1608//1608 1657//1657 1656//1656
f 1609//1609 1610//1610 1658//1658
f 1609//1609 1658//1658 1657//1657
f 1610//1610 1611//1611 1659//1659
f 1610//1610 1659//1659 1658//1658
f 1611//1611 1612//1612 1660//1660
f 1611//1611 1660//1660 1659//1659
f 1612//1612 1613//1613 1661//1661
f 1612//1612 1661//1661 1660//1660
f 1613//1613 1614//1614 1662//1662
f 1613//1613 1662//1662 1661//1661
f 1614//1614 1615//1615 1663//1663
f 1614//1614 1663//1663 1662//1662
f 1615//1615 1616//1616 1664//1664
f 1615//1615 1664//1664 1663//1663
f 1616//1616 1617//1617 1665//1665
f 1616//1616 1665//1665 1664//1664
f 1617//1617 1618//1618 1666//1666
f 1617//1617 1666//1666 1665//1665
f 1618//1618 1619//1619 1667//1667
f 1618//1618 1667//1667 1666//1666
f 1619//1619 1620//1620 1668//1668
f 1619//1619 1668//1668 1667//1667
f 1620//1620 1621//1621 1669//1669
f 1620//1620 1669//1669 1668//1668
f 1621//1621 1622//1622 1670//1670
f 1621//1621 1670//1670 1669//1669
f 1622//1622 1623//1623 1671//1671
f 1622//1622 1671//1671 1670//1670
f 1623//1623 1624//1624 1672//1672
f 1623//1623 1672//1672 1671//1671
f 1624//1624 1625//1625 1673//1673
f 1624//1624 1673//1673 1672//1672
f 1625//1625 1626//1626 1674//1674
f 1625//1625 1674//1674 1673//1673
f 1626//1626 1627//1627 1675//1675
f 1626//1626 1675//1675 1674//1674
f 1627//1627 1628//1628 1676//1676
f 1627//1627 1676//1676 1675//1675
f 1628//1628 1629//1629 1677//1677
f 1628//1628 1677//1677 1676//1676
f 1629//1629 1630//1630 1678//1678
f 1629//1629 1678//1678 1677//1677
f 1630//1630 1631//1631 1679//1679
f 1630//1630 1679//1679 1678//1678
f 1631//1631 1632//1632 1680//1680
f 1631//1631 1680//1680 1679//1679
f 1632//1632 1585//1585 1633//1633
f 1632//1632 1633//1633 1680//1680
f 1633//1633 1634//1634 1682//1682
f 1633//1633 1682//1682 1681//1681
f 1634//1634 1635//1635 1683//1683
f 1634//1634 1683//1683 1682//1682
f 1635//1635 1636//1636 1684//1684
f 1635//1635 1684//1684 1683//1683
f 1636//1636 1637//1637 1685//1685
f 1636//1636 1685//1685 1684//1684
f 1637//1637 1638//1638 1686//1686
f 1637//1637 1686//1686 1685//1685
f 1638//1638 1639//1639 1687//1687
f 1638//1638 1687//1687 1686//1686
f 1639//1639 1640//1640 1688//1688
f 1639//1639 1688//1688 1687//1687
f 1640//1640 1641//1641 1689//1689
f 1640//1640 1689//1689 1688//1688
f 1641//1641 1642//1642 1690//1690
f 1641//1641 1690//1690 1689//1689
f 1642//1642 1643//1643 1691//1691
f 1642//1642 1691//1691 1690//1690
f 1643//1643 1644//1644 1692//1692
f 1643//1643 1692//1692 1691//1691
f 1644//1644 1645//1645 1693//1693
f 1644//1644 1693//1693 1692//1692
f 1645//1645 1646//1646 1694//1694
f 1645//1645 1694//1694 1693//1693
f 1646//1646 1647//1647 1695//1695
f 1646//1646 1695//1695 1694//1694
f 1647//1647 1648//1648 1696//1696
f 1647//1647 1696//1696 1695//1695
f 1648//1648 1649//1649 1697//1697
f 1648//1648 1697//1697 1696//1696
f 1649//1649 1650//1650 1698//1698
f 1649//1649 1698//1698 1697//1697
f 1650//1650 1651//1651 1699//1699
f 1650//1650 1699//1699 1698//1698
f 1651//1651 1652//1652 1700//1700
f 1651//1651 1700//1700 1699//1699
f 1652//1652 1653//1653 1701//1701
f 1652//1652 1701//1701 1700//1700
f 1653//1653 1654//1654 1702//1702
f 1653//1653 1702//1702 1701//1701
f 1654//1654 1655//1655 1703//1703
f 1654//1654 1703//1703 1702//1702
f 1655//1655 1656//1656 1704//1704
f 1655//1655 1704//1704 1703//1703
f 1656//1656 1657//1657 1705//1705
f 1656//1656 1705//1705 1704//1704
f 1657//1657 1658//1658 1706//1706
f 1657//1657 1706//1706 1705//1705
f 1658//1658 1659//1659 1707//1707
f 1658//1658 1707//1707 1706//1706
f 1659//1659 1660//1660 1708//1708
f 1659//1659 1708//1708 1707//1707
f 1660//1660 1661//1661 1709//1709
f 1660//1660 1709//1709 1708//1708
f 1661//1661 1662//1662 1710//1710
f 1661//1661 1710//1710 1709//1709
f 1662//1662 1663//1663 1711//1711
f 1662//1662 1711//1711 1710//1710
f 1663//1663 1664//1664 1712//1712
f 1663//1663 1712//1712 1711//1711
f 1664//1664 1665//1665 1713//1713
f 1664//1664 1713//1713 1712//1712
f 1665//1665 1666//1666 1714//1714
f 1665//1665 1714//1714 1713//1713
f 1666//1666 1667//1667 1715//1715
f 1666//1666 1715//1715 1714//1714
f 1667//1667 1668//1668 1716//1716
f 1667//1667 1716//1716 1715//1715
f 1668//1668 1669//1669 1717//1717
f 1668//1668 1717//1717 1716//1716
f 1669//1669 1670//1670 1718//1718
f 1669//1669 1718//1718 1717//1717
f 1670//1670 1671//1671 1719//1719
f 1670//1670 1719//1719 1718//1718
f 1671//1671 1672//1672 1720//1720
f 1671//1671 1720//1720 1719//1719
f 1672//1672 1673//1673 1721//1721
f 1672//1672 1721//1721 1720//1720
f 1673//1673 1674//1674 1722//1722
f 1673//1673 1722//1722 1721//1721
f 1674//1674 1675//1675 1723//1723
f 1674//1674 1723//1723 1722//1722
f 1675//1675 1676//1676 1724//1724
f 1675//1675 1724//1724 1723//1723
f 1676//1676 1677//1677 1725//1725
f 1676//1676 1725//1725 1724//1724
f 1677//1677 1678//1678 1726//1726
f 1677//1677 1726//1726 1725//1725
f 1678//1678 1679//1679 1727//1727
f 1678//1678 1727//1727 1726//1726
f 1679//1679 1680//1680 1728//1728
f 1679//1679 1728//1728 1727//1727
f 1680//1680 1633//1633 1681//1681
f 1680//1680 1681//1681 1728//1728
f 1681//1681 1682//1682 1730//1730
f 1681//1681 1730//1730 1729//1729
f 1682//1682 1683//1683 1731//1731
f 1682//1682 1731//1731 1730//1730
f 1683//1683 1684//1684 1732//1732
f 1683//1683 1732//1732 1731//1731
f 1684//1684 1685//1685 1733//1733
f 1684//1684 1733//1733 1732//1732
f 1685//1685 1686//1686 1734//1734
f 1685//1685 1734//1734 1733//1733
f 1686//1686 1687//1687 1735//1735
f 1686//1686 1735//1735 1734//1734
f 1687//1687 1688//1688 1736//1736
f 1687//1687 1736//1736 1735//1735
f 1688//1688 1689//1689 1737//1737
f 1688//1688 1737//1737 1736//1736
f 1689//1689 1690//1690 1738//1738
f 1689//1689 1738//1738 1737//1737
f 1690//1690 1691//1691 1739//1739
f 1690//1690 1739//1739 1738//1738
f 1691//1691 1692//1692 1740//1740
f 1691//1691 1740//1740 1739//1739
f 1692//1692 1693//1693 1741//1741
f 1692//1692 1741//1741 1740//1740
f 1693//1693 1694//1694 1742//1742
f 1693//1693 1742//1742 1741//1741
f 1694//1694 1695//1695 1743//1743
f 1694//1694 1743//1743 1742//1742
f 1695//1695 1696//1696 1744//1744
f 1695//1695 1744//1744 1743//1743
f 1696//1696 1697//1697 1745//1745
f 1696//1696 1745//1745 1744//1744
f 1697//1697 1698//1698 1746//1746
f 1697//1697 1746//1746 1745//1745
f 1698//1698 1699//1699 1747//1747
f 1698//1698 1747//1747 1746//1746
f 1699//1699 1700//1700 1748//1748
f 1699//1699 1748//1748 1747//1747
f 1700//1700 1701//1701 1749//1749
f 1700//1700 1749//1749 1748//1748
f 1701//1701 1702//1702 1750//1750
f 1701//1701 1750//1750 1749//1749
f 1702//1702 1703//1703 1751//1751
f 1702//1702 1751//1751 1750//1750
f 1703//1703 1704//1704 1752//1752
f 1703//1703 1752//1752 1751//1751
f 1704//1704 1705//1705 1753//1753
f 1704//1704 1753//1753 1752//1752
f 1705//1705 1706//1706 1754//1754
f 1705//1705 1754//1754 1753//1753
f 1706//1706 1707//1707 1755//1755
f 1706//1706 1755//1755 1754//1754
f 1707//1707 1708//1708 1756//1756
f 1707//1707 1756//1756 1755//1755
f 1708//1708 1709//1709 1757//1757
f 1708//1708 1757//1757 1756//1756
f 1709//1709 1710//1710 1758//1758
f 1709//1709 1758//1758 1757//1757
f 1710//1710 1711//1711 1759//1759
f 1710//1710 1759//1759 1758//1758
f 1711//1711 1712//1712 1760//1760
f 1711//1711 1760//1760 1759//1759
f 1712//1712 1713//1713 1761//1761
f 1712//1712 1761//1761 1760//1760
f 1713//1713 1714//1714 1762//1762
f 1713//1713 1762//1762 1761//1761
f 1714//1714 1715//1715 1763//1763
f 1714//1714 1763//1763 1762//1762
f 1715//1715 1716//1716 1764//1764
f 1715//1715 1764//1764 1763//1763
f 1716//1716 1717//1717 1765//1765
f 1716//1716 1765//1765 1764//1764
f 1717//1717 1718//1718 1766//1766
f 1717//1717 1766//1766 1765//1765
f 1718//1718 1719//1719 1767//1767
f 1718//1718 1767//1767 1766//1766
f 1719//1719 1720//1720 1768//1768
f 1719//1719 1768//1768 1767//1767
f 1720//1720 1721//1721 1769//1769
f 1720//1720 1769//1769 1768//1768
f 1721//1721 1722//1722 1770//1770
f 1721//1721 1770//1770 1769//1769
f 1722//1722 1723//1723 1771//1771
f 1722//1722 1771//1771 1770//1770
f 1723//1723 1724//1724 1772//1772
f 1723//1723 1772//1772 1771//1771
f 1724//1724 1725//1725 1773//1773
f 1724//1724 1773//1773 1772//1772
f 1725//1725 1726//1726 1774//1774
f 1725//1725 1774//1774 1773//1773
f 1726//1726 1727//1727 1775//1775
f 1726//1726 1775//1775 1774//1774
f 1727//1727 1728//1728 1776//1776
f 1727//1727 1776//1776 1775//1775
f 1728//1728 1681//1681 1729//1729
f 1728//1728 1729//1729 1776//1776
f 1729//1729 1730//1730 1778//1778
f 1729//1729 1778//1778 1777//1777
f 1730//1730 1731//1731 1779//1779
f 1730//1730 1779//1779 1778//1778
f 1731//1731 1732//1732 1780//1780
f 1731//1731 1780//1780 1779//1779
f 1732//1732 1733//1733 1781//1781
f 1732//1732 1781//1781 1780//1780
f 1733//1733 1734//1734 1782//1782
f 1733//1733 1782//1782 1781//1781
f 1734//1734 1735//1735 1783//1783
f 1734//1734 1783//1783 1782//1782
f 1735//1735 1736//1736 1784//1784
f 1735//1735 1784//1784 1783//1783
f 1736//1736 1737//1737 1785//1785
f 1736//1736 1785//1785 1784//1784
f 1737//1737 1738//1738 1786//1786
f 1737//1737 1786//1786 1785//1785
f 1738//1738 1739//1739 1787//1787
f 1738//1738 1787//1787 1786//1786
f 1739//1739 1740//1740 1788//1788
f 1739//1739 1788//1788 1787//1787
f 1740//1740 1741//1741 1789//1789
f 1740//1740 1789//1789 1788//1788
f 1741//1741 1742//1742 1790//1790
f 1741//1741 1790//1790 1789//1789
f 1742//1742 1743//1743 1791//1791
f 1742//1742 1791//1791 1790//1790
f 1743//1743 1744//1744 1792//1792
f 1743//1743 1792//1792 1791//1791
f 1744//1744 1745//1745 1793//1793
f 1744//1744 1793//1793 1792//1792
f 1745//1745 1746//1746 1794//1794
f 1745//1745 1794//1794 1793//1793
f 1746//1746 1747//1747 1795//1795
f 1746//1746 1795//1795 1794//1794
f 1747//1747 1748//1748 1796//1796
f 1747//1747 1796//1796 1795//1795
f 1748//1748 1749//1749 1797//1797
f 1748//1748 1797//1797 1796//1796
f 1749//1749 1750//1750 1798//1798
f 1749//1749 1798//1798 1797//1797
f 1750//1750 1751//1751 1799//1799
f 1750//1750 1799//1799 1798//1798
f 1751//1751 1752//1752 1800//1800
f 1751//1751 1800//1800 1799//1799
f 1752//1752 1753//1753 1801//1801
f 1752//1752 1801//1801 1800//1800
f 1753//1753 1754//1754 1802//1802
f 1753//1753 1802//1802 1801//1801
f 1754//1754 1755//1755 1803//1803
f 1754//1754 1803//1803 1802//1802
f 1755//1755 1756//1756 1804//1804
f 1755//1755 1804//1804 1803//1803
f 1756//1756 1757//1757 1805//1805
f 1756//1756 1805//1805 1804//1804
f 1757//1757 1758//1758 1806//1806
f 1757//1757 1806//1806 1805//1805
f 1758//1758 1759//1759 1807//1807
f 1758//1758 1807//1807 1806//1806
f 1759//1759 1760//1760 1808//1808
f 1759//1759 1808//1808 1807//1807
f 1760//1760 1761//1761 1809//1809
f 1760//1760 1809//1809 1808//1808
f 1761//1761 1762//1762 1810//1810
f 1761//1761 1810//1810 1809//1809
f 1762//1762 1763//1763 1811//1811
f 1762//1762 1811//1811 1810//1810
f 1763//1763 1764//1764 1812//1812
f 1763//1763 1812//1812 1811//1811
f 1764//1764 1765//1765 1813//1813
f 1764//1764 1813//1813 1812//1812
f 1765//1765 1766//1766 1814//1814
f 1765//1765 1814//1814 1813//1813
f 1766//1766 1767//1767 1815//1815
f 1766//1766 1815//1815 1814//1814
f 1767//1767 1768//1768 1816//1816
f 1767//1767 1816//1816 1815//1815
f 1768//1768 1769//1769 1817//1817
f 1768//1768 1817//1817 1816//1816
f 1769//1769 1770//1770 1818//1818
f 1769//1769 1818//1818 1817//1817
f 1770//1770 1771//1771 1819//1819
f 1770//1770 1819//1819 1818//1818
f 1771//1771 1772//1772 1820//1820
f 1771//1771 1820//1820 1819//1819
f 1772//1772 1773//1773 1821//1821
f 1772//1772 1821//1821 1820//1820
f 1773//1773 1774//1774 1822//1822
f 1773//1773 1822//1822 1821//1821
f 1774//1774 1775//1775 1823//1823
f 1774//1774 1823//1823 1822//1822
f 1775//1775 1776//1776 1824//1824
f 1775//1775 1824//1824 1823//1823
f 1776//1776 1729//1729 1777//1777
f 1776//1776 1777//1777 1824//1824
f 1777//1777 1778//1778 1826//1826
f 1777//1777 1826//1826 1825//1825
f 1778//1778 1779//1779 1827//1827
f 1778//1778 1827//1827 1826//1826
f 1779//1779 1780//1780 1828//1828
f 1779//1779 1828//1828 1827//1827
f 1780//1780 1781//1781 1829//1829
f 1780//1780 1829//1829 1828//1828
f 1781//1781 1782//1782 1830//1830
f 1781//1781 1830//1830 1829//1829
f 1782//1782 1783//1783 1831//1831
f 1782//1782 1831//1831 1830//1830
f 1783//1783 1784//1784 1832//1832
f 1783//1783 1832//1832 1831//1831
f 1784//1784 1785//1785 1833//1833
f 1784//1784 1833//1833 1832//1832
f 1785//1785 1786//1786 1834//1834
f 1785//1785 1834//1834 1833//1833
f 1786//1786 1787//1787 1835//1835
f 1786//1786 1835//1835 1834//1834
f 1787//1787 1788//1788 1836//1836
f 1787//1787 1836//1836 1835//1835
f 1788//1788 1789//1789 1837//1837
f 1788//1788 1837//1837 1836//1836
f 1789//1789 1790//1790 1838//1838
f 1789//1789 1838//1838 1837//1837
f 1790//1790 1791//1791 1839//1839
f 1790//1790 1839//1839 1838//1838
f 1791//1791 1792//1792 1840//1840
f 1791//1791 1840//1840 1839//1839
f 1792//1792 1793//1793 1841//1841
f 1792//1792 1841//1841 1840//1840
f 1793//1793 1794//1794 1842//1842
f 1793//1793 1842//1842 1841//1841
f 1794//1794 1795//1795 1843//1843
f 1794//1794 1843//1843 1842//1842
f 1795//1795 1796//1796 1844//1844
f 1795//1795 1844//1844 1843//1843
f 1796//1796 1797//1797 1845//1845
f 1796//1796 1845//1845 1844//1844
f 1797//1797 1798//1798 1846//1846
f 1797//1797 1846//1846 1845//1845
f 1798//1798 1799//1799 1847//1847
f 1798//1798 1847//1847 1846//1846
f 1799//1799 1800//1800 1848//1848
f 1799//1799 1848//1848 1847//1847
f 1800//1800 1801//1801 1849//1849
f 1800//1800 1849//1849 1848//1848
f 1801//1801 1802//1802 1850//1850
f 1801//1801 1850//1850 1849//1849
f 1802//1802 1803//1803 1851//1851
f 1802//1802 1851//1851 1850//1850
f 1803//1803 1804//1804 1852//1852
f 1803//1803 1852//1852 1851//1851
f 1804//1804 1805//1805 1853//1853
f 1804//1804 1853//1853 1852//1852
f 1805//1805 1806//1806 1854//1854
f 1805//1805 1854//1854 1853//1853
f 1806//1806 1807//1807 1855//1855
f 1806//1806 1855//1855 1854//1854
f 1807//1807 1808//1808 1856//1856
f 1807//1807 1856//1856 1855//1855
f 1808//1808 1809//1809 1857//1857
f 1808//1808 1857//1857 1856//1856
f 1809//1809 1810//1810 1858//1858
f 1809//1809 1858//1858 1857//1857
f 1810//1810 1811//1811 1859//1859
f 1810//1810 1859//1859 1858//1858
f 1811//1811 1812//1812 1860//1860
f 1811//1811 1860//1860 1859//1859
f 1812//1812 1813//1813 1861//1861
f 1812//1812 1861//1861 1860//1860
f 1813//1813 1814//1814 1862//1862
f 1813//1813 1862//1862 1861//1861
f 1814//1814 1815//1815 1863//1863
f 1814//1814 1863//1863 1862//1862
f 1815//1815 1816//1816 1864//1864
f 1815//1815 1864//1864 1863//1863
f 1816//1816 1817//1817 1865//1865
f 1816//1816 1865//1865 1864//1864
f 1817//1817 1818//1818 1866//1866
f 1817//1817 1866//1866 1865//1865
f 1818//1818 1819//1819 1867//1867
f 1818//1818 1867//1867 1866//1866
f 1819//1819 1820//1820 1868//1868
f 1819//1819 1868//1868 1867//1867
f 1820//1820 1821//1821 1869//1869
f 1820//1820 1869//1869 1868//1868
f 1821//1821 1822//1822 1870//1870
f 1821//1821 1870//1870 1869//1869
f 1822//1822 1823//1823 1871//1871
f 1822//1822 1871//1871 1870//1870
f 1823//1823 1824//1824 1872//1872
f 1823//1823 1872//1872 1871//1871
f 1824//1824 1777//1777 1825//1825
f 1824//1824 1825//1825 1872//1872
f 1825//1825 1826//1826 1874//1874
f 1825//1825 1874//1874 1873//1873
f 1826//1826 1827//1827 1875//1875
f 1826//1826 1875//1875 1874//1874
f 1827//1827 1828//1828 1876//1876
f 1827//1827 1876//1876 1875//1875
f 1828//1828 1829//1829 1877//1877
f 1828//1828 1877//1877 1876//1876
f 1829//1829 1830//1830 1878//1878
f 1829//1829 1878//1878 1877//1877
f 1830//1830 1831//1831 1879//1879
f 1830//1830 1879//1879 1878//1878
f 1831//1831 1832//1832 1880//1880
f 1831//1831 1880//1880 1879//1879
f 1832//1832 1833//1833 1881//1881
f 1832//1832 1881//1881 1880//1880
f 1833//1833 1834//1834 1882//1882
f 1833//1833 1882//1882 1881//1881
f 1834//1834 1835//1835 1883//1883
f 1834//1834 1883//1883 1882//1882
f 1835//1835 1836//1836 1884//1884
f 1835//1835 1884//1884 1883//1883
f 1836//1836 1837//1837 1885//1885
f 1836//1836 1885//1885 1884//1884
f 1837//1837 1838//1838 1886//1886
f 1837//1837 1886//1886 1885//1885
f 1838//1838 1839//1839 1887//1887
f 1838//1838 1887//1887 1886//1886
f 1839//1839 1840//1840 1888//1888
f 1839//1839 1888//1888 1887//1887
f 1840//1840 1841//1841 1889//1889
f 1840//1840 1889//1889 1888//1888
f 1841//1841 1842//1842 1890//1890
f 1841//1841 1890//1890 1889//1889
f 1842//1842 1843//1843 1891//1891
f 1842//1842 1891//1891 1890//1890
f 1843//1843 1844//1844 1892//1892
f 1843//1843 1892//1892 1891//1891
f 1844//1844 1845//1845 1893//1893
f 1844//1844 1893//1893 1892//1892
f 1845//1845 1846//1846 1894//1894
f 1845//1845 1894//1894 1893//1893
f 1846//1846 1847//1847 1895//1895
f 1846//1846 1895//1895 1894//1894
f 1847//1847 1848//1848 1896//1896
f 1847//1847 1896//1896 1895//1895
f 1848//1848 1849//1849 1897//1897
f 1848//1848 1897//1897 1896//1896
f 1849//1849 1850//1850 1898//1898
f 1849//1849 1898//1898 1897//1897
f 1850//1850 1851//1851 1899//1899
f 1850//1850 1899//1899 1898//1898
f 1851//1851 1852//1852 1900//1900
f 1851//1851 1900//1900 1899//1899
f 1852//1852 1853//1853 1901//1901
f 1852//1852 1901//1901 1900//1900
f 1853//1853 1854//1854 1902//1902
f 1853//1853 1902//1902 1901//1901
f 1854//1854 1855//1855 1903//1903
f 1854//1854 1903//1903 1902//1902
f 1855//1855 1856//1856 1904//1904
f 1855//1855 1904//1904 1903//1903
f 1856//1856 1857//1857 1905//1905
f 1856//1856 1905//1905 1904//1904
f 1857//1857 1858//1858 1906//1906
f 1857//1857 1906//1906 1905//1905
f 1858//1858 1859//1859 1907//1907
f 1858//1858 1907//1907 1906//1906
f 1859//1859 1860//1860 1908//1908
f 1859//1859 1908//1908 1907//1907
f 1860//1860 1861//1861 1909//1909
f 1860//1860 1909//1909 1908//1908
f 1861//1861 1862//1862 1910//1910
f 1861//1861 1910//1910 1909//1909
f 1862//1862 1863//1863 1911//1911
f 1862//1862 1911//1911 1910//1910
f 1863//1863 1864//1864 1912//1912
f 1863//1863 1912//1912 1911//1911
f 1864//1864 1865//1865 1913//1913
f 1864//1864 1913//1913 1912//1912
f 1865//1865 1866//1866 1914//1914
f 1865//1865 1914//1914 1913//1913
f 1866//1866 1867//1867 1915//1915
f 1866//1866 1915//1915 1914//1914
f 1867//1867 1868//1868 1916//1916
f 1867//1867 1916//1916 1915//1915
f 1868//1868 1869//1869 1917//1917
f 1868//1868 1917//1917 1916//1916
f 1869//1869 1870//1870 1918//1918
f 1869//1869 1918//1918 1917//1917
f 1870//1870 1871//1871 1919//1919
f 1870//1870 1919//1919 1918//1918
f 1871//1871 1872//1872 1920//1920
f 1871//1871 1920//1920 1919//1919
f 1872//1872 1825//1825 1873//1873
f 1872//1872 1873//1873 1920//1920
f 1873//1873 1874//1874 1922//1922
f 1873//1873 1922//1922 1921//1921
f 1874//1874 1875//1875 1923//1923
f 1874//1874 1923//1923 1922//1922
f 1875//1875 1876//1876 1924//1924
f 1875//1875 1924//1924 1923//1923
f 1876//1876 1877//1877 1925//1925
f 1876//1876 1925//1925 1924//1924
f 1877//1877 1878//1878 1926//1926
f 1877//1877 1926//1926 1925//1925
f 1878//1878 1879//1879 1927//1927
f 1878//1878 1927//1927 1926//1926
f 1879//1879 1880//1880 1928//1928
f 1879//1879 1928//1928 1927//1927
f 1880//1880 1881//1881 1929//1929
f 1880//1880 1929//1929 1928//1928
f 1881//1881 1882//1882 1930//1930
f 1881//1881 1930//1930 1929//1929
f 1882//1882 1883//1883 1931//1931
f 1882//1882 1931//1931 1930//1930
f 1883//1883 1884//1884 1932//1932
f 1883//1883 1932//1932 1931//1931
f 1884//1884 1885//1885 1933//1933
f 1884//1884 1933//1933 1932//1932
f 1885//1885 1886//1886 1934//1934
f 1885//1885 1934//1934 1933//1933
f 1886//1886 1887//1887 1935//1935
f 1886//1886 1935//1935 1934//1934
f 1887//1887 1888//1888 1936//1936
f 1887//1887 1936//1936 1935//1935
f 1888//1888 1889//1889 1937//1937
f 1888//1888 1937//1937 1936//1936
f 1889//1889 1890//1890 1938//1938
f 1889//1889 1938//1938 1937//1937
f 1890//1890 1891//1891 1939//1939
f 1890//1890 1939//1939 1938//1938
f 1891//1891 1892//1892 1940//1940
f 1891//1891 1940//1940 1939//1939
f 1892//1892 1893//1893 1941//1941
f 1892//1892 1941//1941 1940//1940
f 1893//1893 1894//1894 1942//1942
f 1893//1893 1942//1942 1941//1941
f 1894//1894 1895//1895 1943//1943
f 1894//1894 1943//1943 1942//1942
f 1895//1895 1896//1896 1944//1944
f 1895//1895 1944//1944 1943//1943
f 1896//1896 1897//1897 1945//1945
f 1896//1896 1945//1945 1944//1944
f 1897//1897 1898//1898 1946//1946
f 1897//1897 1946//1946 1945//1945
f 1898//1898 1899//1899 1947//1947
f 1898//1898 1947//1947 1946//1946
f 1899//1899 1900//1900 1948//1948
f 1899//1899 1948//1948 1947//1947
f 1900//1900 1901//1901 1949//1949
f 1900//1900 1949//1949 1948//1948
f 1901//1901 1902//1902 1950//1950
f 1901//1901 1950//1950 1949//1949
f 1902//1902 1903//1903 1951//1951
f 1902//1902 1951//1951 1950//1950
f 1903//1903 1904//1904 1952//1952
f 1903//1903 1952//1952 1951//1951
f 1904//1904 1905//1905 1953//1953
f 1904//1904 1953//1953 1952//1952
f 1905//1905 1906//1906 1954//1954
f 1905//1905 1954//1954 1953//1953
f 1906//1906 1907//1907 1955//1955
f 1906//1906 1955//1955 1954//1954
f 1907//1907 1908//1908 1956//1956
f 1907//1907 1956//1956 1955//1955
f 1908//1908 1909//1909 1957//1957
f 1908//1908 1957//1957 1956//1956
f 1909//1909 1910//1910 1958//1958
f 1909//1909 1958//1958 1957//1957
f 1910//1910 1911//1911 1959//1959
f 1910//1910 1959//1959 1958//1958
f 1911//1911 1912//1912 1960//1960
f 1911//1911 1960//1960 1959//1959
f 1912//1912 1913//1913 1961//1961
f 1912//1912 1961//1961 1960//1960
f 1913//1913 1914//1914 1962//1962
f 1913//1913 1962//1962 1961//1961
f 1914//1914 1915//1915 1963//1963
f 1914//1914 1963//1963 1962//1962
f 1915//1915 1916//1916 1964//1964
f 1915//1915 1964//1964 1963//1963
f 1916//1916 1917//1917 1965//1965
f 1916//1916 1965//1965 1964//1964
f 1917//1917 1918//1918 1966//1966
f 1917//1917 1966//1966 1965//1965
f 1918//1918 1919//1919 1967//1967
f 1918//1918 1967//1967 1966//1966
f 1919//1919 1920//1920 1968//1968
f 1919//1919 1968//1968 1967//1967
f 1920//1920 1873//1873 1921//1921
f 1920//1920 1921//1921 1968//1968
f 1921//1921 1922//1922 1970//1970
f 1921//1921 1970//1970 1969//1969
f 1922//1922 1923//1923 1971//1971
f 1922//1922 1971//1971 1970//1970
f 1923//1923 1924//1924 1972//1972
f 1923//1923 1972//1972 1971//1971
f 1924//1924 1925//1925 1973//1973
f 1924//1924 1973//1973 1972//1972
f 1925//1925 1926//1926 1974//1974
f 1925//1925 1974//1974 1973//1973
f 1926//1926 1927//1927 1975//1975
f 1926//1926 1975//1975 1974//1974
f 1927//1927 1928//1928 1976//1976
f 1927//1927 1976//1976 1975//1975
f 1928//1928 1929//1929 1977//1977
f 1928//1928 1977//1977 1976//1976
f 1929//1929 1930//1930 1978//1978
f 1929//1929 1978//1978 1977//1977
f 1930//1930 1931//1931 1979//1979
f 1930//1930 1979//1979 1978//1978
f 1931//1931 1932//1932 1980//1980
f 1931//1931 1980//1980 1979//1979
f 1932//1932 1933//1933 1981//1981
f 1932//1932 1981//1981 1980//1980
f 1933//1933 1934//1934 1982//1982
f 1933//1933 1982//1982 1981//1981
f 1934//1934 1935//1935 1983//1983
f 1934//1934 1983//1983 1982//1982
f 1935//1935 1936//1936 1984//1984
f 1935//1935 1984//1984 1983//1983
f 1936//1936 1937//1937 1985//1985
f 1936//1936 1985//1985 1984//1984
f 1937//1937 1938//1938 1986//1986
f 1937//1937 1986//1986 1985//1985
f 1938//1938 1939//1939 1987//1987
f 1938//1938 1987//1987 1986//1986
f 1939//1939 1940//1940 1988//1988
f 1939//1939 1988//1988 1987//1987
f 1940//1940 1941//1941 1989//1989
f 1940//1940 1989//1989 1988//1988
f 1941//1941 1942//1942 1990//1990
f 1941//1941 1990//1990 1989//1989
f 1942//1942 1943//1943 1991//1991
f 1942//1942 1991//1991 1990//1990
f 1943//1943 1944//1944 1992//1992
f 1943//1943 1992//1992 1991//1991
f 1944//1944 1945//1945 1993//1993
f 1944//1944 1993//1993 1992//1992
f 1945//1945 1946//1946 1994//1994
f 1945//1945 1994//1994 1993//1993
f 1946//1946 1947//1947 1995//1995
f 1946//1946 1995//1995 1994//1994
f 1947//1947 1948//1948 1996//1996
f 1947//1947 1996//1996 1995//1995
f 1948//1948 1949//1949 1997//1997
f 1948//1948 1997//1997 1996//1996
f 1949//1949 1950//1950 1998//1998
f 1949//1949 1998//1998 1997//1997
f 1950//1950 1951//1951 1999//1999
f 1950//1950 1999//1999 1998//1998
f 1951//1951 1952//1952 2000//2000
f 1951//1951 2000//2000 1999//1999
f 1952//1952 1953//1953 2001//2001
f 1952//1952 2001//2001 2000//2000
f 1953//1953 1954//1954 2002//2002
f 1953//1953 2002//2002 2001//2001
f 1954//1954 1955//1955 2003//2003
f 1954//1954 2003//2003 2002//2002
f 1955//1955 1956//1956 2004//2004
f 1955//1955 2004//2004 2003//2003
f 1956//1956 1957//1957 2005//2005
f 1956//1956 2005//2005 2004//2004
f 1957//1957 1958//1958 2006//2006
f 1957//1957 2006//2006 2005//2005
f 1958//1958 1959//1959 2007//2007
f 1958//1958 2007//2007 2006//2006
f 1959//1959 1960//1960 2008//2008
f 1959//1959 2008//2008 2007//2007
f 1960//1960 1961//1961 2009//2009
f 1960//1960 2009//2009 2008//2008
f 1961//1961 1962//1962 2010//2010
f 1961//1961 2010//2010 2009//2009
f 1962//1962 1963//1963 2011//2011
f 1962//1962 2011//2011 2010//2010
f 1963//1963 1964//1964 2012//2012
f 1963//1963 2012//2012 2011//2011
f 1964//1964 1965//1965 2013//2013
f 1964//1964 2013//2013 2012//2012
f 1965//1965 1966//1966 2014//2014
f 1965//1965 2014//2014 2013//2013
f 1966//1966 1967//1967 2015//2015
f 1966//1966 2015//2015 2014//2014
f 1967//1967 1968//1968 2016//2016
f 1967//1967 2016//2016 2015//2015
f 1968//1968 1921//1921 1969//1969
f 1968//1968 1969//1969 2016//2016
f 1969//1969 1970//1970 2018//2018
f 1969//1969 2018//2018 2017//2017
f 1970//1970 1971//1971 2019//2019
f 1970//1970 2019//2019 2018//2018
f 1971//1971 1972//1972 2020//2020
f 1971//1971 2020//2020 2019//2019
f 1972//1972 1973//1973 2021//2021
f 1972//1972 2021//2021 2020//2020
f 1973//1973 1974//1974 2022//2022
f 1973//1973 2022//2022 2021//2021
f 1974//1974 1975//1975 2023//2023
f 1974//1974 2023//2023 2022//2022
f 1975//1975 1976//1976 2024//2024
f 1975//1975 2024//2024 2023//2023
f 1976//1976 1977//1977 2025//2025
f 1976//1976 2025//2025 2024//2024
f 1977//1977 1978//1978 2026//2026
f 1977//1977 2026//2026 2025//2025
f 1978//1978 1979//1979 2027//2027
f 1978//1978 2027//2027 2026//2026
f 1979//1979 1980//1980 2028//2028
f 1979//1979 2028//2028 2027//2027
f 1980//1980 1981//1981 2029//2029
f 1980//1980 2029//2029 2028//2028
f 1981//1981 1982//1982 2030//2030
f 1981//1981 2030//2030 2029//2029
f 1982//1982 1983//1983 2031//2031
f 1982//1982 2031//2031 2030//2030
f 1983//1983 1984//1984 2032//2032
f 1983//1983 2032//2032 2031//2031
f 1984//1984 1985//1985 2033//2033
f 1984//1984 2033//2033 2032//2032
f 1985//1985 1986//1986 2034//2034
f 1985//1985 2034//2034 2033//2033
f 1986//1986 1987//1987 2035//2035
f 1986//1986 2035//2035 2034//2034
f 1987//1987 1988//1988 2036//2036
f 1987//1987 2036//2036 2035//2035
f 1988//1988 1989//1989 2037//2037
f 1988//1988 2037//2037 2036//2036
f 1989//1989 1990//1990 2038//2038
f 1989//1989 2038//2038 2037//2037
f 1990//1990 1991//1991 2039//2039
f 1990//1990 2039//2039 2038//2038
f 1991//1991 1992//1992 2040//2040
f 1991//1991 2040//2040 2039//2039
f 1992//1992 1993//1993 2041//2041
f 1992//1992 2041//2041 2040//2040
f 1993//1993 1994//1994 2042//2042
f 1993//1993 2042//2042 2041//2041
f 1994//1994 1995//1995 2043//2043
f 1994//1994 2043//2043 2042//2042
f 1995//1995 1996//1996 2044//2044
f 1995//1995 2044//2044 2043//2043
f 1996//1996 1997//1997 2045//2045
f 1996//1996 2045//2045 2044//2044
f 1997//1997 1998//1998 2046//2046
f 1997//1997 2046//2046 2045//2045
f 1998//1998 1999//1999 2047//2047
f 1998//1998 2047//2047 2046//2046
f 1999//1999 2000//2000 2048//2048
f 1999//1999 2048//2048 2047//2047
f 2000//2000 2001//2001 2049//2049
f 2000//2000 2049//2049 2048//2048
f 2001//2001 2002//2002 2050//2050
f 2001//2001 2050//2050 2049//2049
f 2002//2002 2003//2003 2051//2051
f 2002//2002 2051//2051 2050//2050
f 2003//2003 2004//2004 2052//2052
f 2003//2003 2052//2052 2051//2051
f 2004//2004 2005//2005 2053//2053
f 2004//2004 2053//2053 2052//2052
f 2005//2005 2006//2006 2054//2054
f 2005//2005 2054//2054 2053//2053
f 2006//2006 2007//2007 2055//2055
f 2006//2006 2055//2055 2054//2054
f 2007//2007 2008//2008 2056//2056
f 2007//2007 2056//2056 2055//2055
f 2008//2008 2009//2009 2057//2057
f 2008//2008 2057//2057 2056//2056
f 2009//2009 2010//2010 2058//2058
f 2009//2009 2058//2058 2057//2057
f 2010//2010 2011//2011 2059//2059
f 2010//2010 2059//2059 2058//2058
f 2011//2011 2012//2012 2060//2060
f 2011//2011 2060//2060 2059//2059
f 2012//2012 2013//2013 2061//2061
f 2012//2012 2061//2061 2060//2060
f 2013//2013 2014//2014 2062//2062
f 2013//2013 2062//2062 2061//2061
f 2014//2014 2015//2015 2063//2063
f 2014//2014 2063//2063 2062//2062
f 2015//2015 2016//2016 2064//2064
f 2015//2015 2064//2064 2063//2063
f 2016//2016 1969//1969 2017//2017
f 2016//2016 2017//2017 2064//2064
f 2017//2017 2018//2018 2066//2066
f 2017//2017 2066//2066 2065//2065
f 2018//2018 2019//2019 2067//2067
f 2018//2018 2067//2067 2066//2066
f 2019//2019 2020//2020 2068//2068
f 2019//2019 2068//2068 2067//2067
f 2020//2020 2021//2021 2069//2069
f 2020//2020 2069//2069 2068//2068
f 2021//2021 2022//2022 2070//2070
f 2021//2021 2070//2070 2069//2069
f 2022//2022 2023//2023 2071//2071
f 2022//2022 2071//2071 2070//2070
f 2023//2023 2024//2024 2072//2072
f 2023//2023 2072//2072 2071//2071
f 2024//2024 2025//2025 2073//2073
f 2024//2024 2073//2073 2072//2072
f 2025//2025 2026//2026 2074//2074
f 2025//2025 2074//2074 2073//2073
f 2026//2026 2027//2027 2075//2075
f 2026//2026 2075//2075 2074//2074
f 2027//2027 2028//2028 2076//2076
f 2027//2027 2076//2076 2075//2075
f 2028//2028 2029//2029 2077//2077
f 2028//2028 2077//2077 2076//2076
f 2029//2029 2030//2030 2078//2078
f 2029//2029 2078//2078 2077//2077
f 2030//2030 2031//2031 2079//2079
f 2030//2030 2079//2079 2078//2078
f 2031//2031 2032//2032 2080//2080
f 2031//2031 2080//2080 2079//2079
f 2032//2032 2033//2033 2081//2081
f 2032//2032 2081//2081 2080//2080
f 2033//2033 2034//2034 2082//2082
f 2033//2033 2082//2082 2081//2081
f 2034//2034 2035//2035 2083//2083
f 2034//2034 2083//2083 2082//2082
f 2035//2035 2036//2036 2084//2084
f 2035//2035 2084//2084 2083//2083
f 2036//2036 2037//2037 2085//2085
f 2036//2036 2085//2085 2084//2084
f 2037//2037 2038//2038 2086//2086
f 2037//2037 2086//2086 2085//2085
f 2038//2038 2039//2039 2087//2087
f 2038//2038 2087//2087 2086//2086
f 2039//2039 2040//2040 2088//2088
f 2039//2039 2088//2088 2087//2087
f 2040//2040 2041//2041 2089//2089
f 2040//2040 2089//2089 2088//2088
f 2041//2041 2042//2042 2090//2090
f 2041//2041 2090//2090 2089//2089
f 2042//2042 2043//2043 2091//2091
f 2042//2042 2091//2091 2090//2090
f 2043//2043 2044//2044 2092//2092
f 2043//2043 2092//2092 2091//2091
f 2044//2044 2045//2045 2093//2093
f 2044//2044 2093//2093 2092//2092
f 2045//2045 2046//2046 2094//2094
f 2045//2045 2094//2094 2093//2093
f 2046//2046 2047//2047 2095//2095
f 2046//2046 2095//2095 2094//2094
f 2047//2047 2048//2048 2096//2096
f 2047//2047 2096//2096 2095//2095
f 2048//2048 2049//2049 2097//2097
f 2048//2048 2097//2097 2096//2096
f 2049//2049 2050//2050 2098//2098
f 2049//2049 2098//2098 2097//2097
f 2050//2050 2051//2051 2099//2099
f 2050//2050 2099//2099 2098//2098
f 2051//2051 2052//2052 2100//2100
f 2051//2051 2100//2100 2099//2099
f 2052//2052 2053//2053 2101//2101
f 2052//2052 2101//2101 2100//2100
f 2053//2053 2054//2054 2102//2102
f 2053//2053 2102//2102 2101//2101
f 2054//2054 2055//2055 2103//2103
f 2054//2054 2103//2103 2102//2102
f 2055//2055 2056//2056 2104//2104
f 2055//2055 2104//2104 2103//2103
f 2056//2056 2057//2057 2105//2105
f 2056//2056 2105//2105 2104//2104
f 2057//2057 2058//2058 2106//2106
f 2057//2057 2106//2106 2105//2105
f 2058//2058 2059//2059 2107//2107
f 2058//2058 2107//2107 2106//2106
f 2059//2059 2060//2060 2108//2108
f 2059//2059 2108//2108 2107//2107
f 2060//2060 2061//2061 2109//2109
f 2060//2060 2109//2109 2108//2108
f 2061//2061 2062//2062 2110//2110
f 2061//2061 2110//2110 2109//2109
f 2062//2062 2063//2063 2111//2111
f 2062//2062 2111//2111 2110//2110
f 2063//2063 2064//2064 2112//2112
f 2063//2063 2112//2112 2111//2111
f 2064//2064 2017//2017 2065//2065
f 2064//2064 2065//2065 2112//2112
f 2065//2065 2066//2066 2114//2114
f 2065//2065 2114//2114 2113//2113
f 2066//2066 2067//2067 2115//2115
f 2066//2066 2115//2115 2114//2114
f 2067//2067 2068//2068 2116//2116
f 2067//2067 2116//2116 2115//2115
f 2068//2068 2069//2069 2117//2117
f 2068//2068 2117//2117 2116//2116
f 2069//2069 2070//2070 2118//2118
f 2069//2069 2118//2118 2117//2117
f 2070//2070 2071//2071 2119//2119
f 2070//2070 2119//2119 2118//2118
f 2071//2071 2072//2072 2120//2120
f 2071//2071 2120//2120 2119//2119
f 2072//2072 2073//2073 2121//2121
f 2072//2072 2121//2121 2120//2120
f 2073//2073 2074//2074 2122//2122
f 2073//2073 2122//2122 2121//2121
f 2074//2074 2075//2075 2123//2123
f 2074//2074 2123//2123 2122//2122
f 2075//2075 2076//2076 2124//2124
f 2075//2075 2124//2124 2123//2123
f 2076//2076 2077//2077 2125//2125
f 2076//2076 2125//2125 2124//2124
f 2077//2077 2078//2078 2126//2126
f 2077//2077 2126//2126 2125//2125
f 2078//2078 2079//2079 2127//2127
f 2078//2078 2127//2127 2126//2126
f 2079//2079 2080//2080 2128//2128
f 2079//2079 2128//2128 2127//2127
f 2080//2080 2081//2081 2129//2129
f 2080//2080 2129//2129 2128//2128
f 2081//2081 2082//2082 2130//2130
f 2081//2081 2130//2130 2129//2129
f 2082//2082 2083//2083 2131//2131
f 2082//2082 2131//2131 2130//2130
f 2083//2083 2084//2084 2132//2132
f 2083//2083 2132//2132 2131//2131
f 2084//2084 2085//2085 2133//2133
f 2084//2084 2133//2133 2132//2132
f 2085//2085 2086//2086 2134//2134
f 2085//2085 2134//2134 2133//2133
f 2086//2086 2087//2087 2135//2135
f 2086//2086 2135//2135 2134//2134
f 2087//2087 2088//2088 2136//2136
f 2087//2087 2136//2136 2135//2135
f 2088//2088 2089//2089 2137//2137
f 2088//2088 2137//2137 2136//2136
f 2089//2089 2090//2090 2138//2138
f 2089//2089 2138//2138 2137//2137
f 2090//2090 2091//2091 2139//2139
f 2090//2090 2139//2139 2138//2138
f 2091//2091 2092//2092 2140//2140
f 2091//2091 2140//2140 2139//2139
f 2092//2092 2093//2093 2141//2141
f 2092//2092 2141//2141 2140//2140
f 2093//2093 2094//2094 2142//2142
f 2093//2093 2142//2142 2141//2141
f 2094//2094 2095//2095 2143//2143
f 2094//2094 2143//2143 2142//2142
f 2095//2095 2096//2096 2144//2144
f 2095//2095 2144//2144 2143//2143
f 2096//2096 2097//2097 2145//2145
f 2096//2096 2145//2145 2144//2144
f 2097//2097 2098//2098 2146//2146
f 2097//2097 2146//2146 2145//2145
f 2098//2098 2099//2099 2147//2147
f 2098//2098 2147//2147 2146//2146
f 2099//2099 2100//2100 2148//2148
f 2099//2099 2148//2148 2147//2147
f 2100//2100 2101//2101 2149//2149
f 2100//2100 2149//2149 2148//2148
f 2101//2101 2102//2102 2150//2150
f 2101//2101 2150//2150 2149//2149
f 2102//2102 2103//2103 2151//2151
f 2102//2102 2151//2151 2150//2150
f 2103//2103 2104//2104 2152//2152
f 2103//2103 2152//2152 2151//2151
f 2104//2104 2105//2105 2153//2153
f 2104//2104 2153//2153 2152//2152
f 2105//2105 2106//2106 2154//2154
f 2105//2105 2154//2154 2153//2153
f 2106//2106 2107//2107 2155//2155
f 2106//2106 2155//2155 2154//2154
f 2107//2107 2108//2108 2156//2156
f 2107//2107 2156//2156 2155//2155
f 2108//2108 2109//2109 2157//2157
f 2108//2108 2157//2157 2156//2156
f 2109//2109 2110//2110 2158//2158
f 2109//2109 2158//2158 2157//2157
f 2110//2110 2111//2111 2159//2159
f 2110//2110 2159//2159 2158//2158
f 2111//2111 2112//2112 2160//2160
f 2111//2111 2160//2160 2159//2159
f 2112//2112 2065//2065 2113//2113
f 2112//2112 2113//2113 2160//2160
